east_km,north_km,truth_dbm,satebeam_dbm,omp_dbm,error_reduction_db,is_measurement,scene_id,snapshot
-100.0,-100.0,-104.40000924220628,-104.36100302585713,-103.94601417402575,0.41498885183138157,0,0,0
-93.54838709677419,-100.0,-104.34175609741472,-104.30729748915968,-103.91834453299197,0.38895295616771364,0,0,0
-87.09677419354838,-100.0,-104.28374421703688,-104.25396218010295,-103.8793808685999,0.3745813115030501,0,0,0
-80.64516129032259,-100.0,-104.22180449489318,-104.19667198723359,-103.82544131052173,0.3712306767118605,0,0,0
-74.19354838709677,-100.0,-104.15148838575539,-104.13085756990009,-103.75336743975015,0.37749013014993693,0,0,0
-67.74193548387098,-100.0,-104.06842697931589,-104.05206122653239,-103.66073567199008,0.39132555454230555,0,0,0
-61.29032258064517,-100.0,-103.96869592994635,-103.95629844124223,-103.54601631679436,0.4102821244478605,0,0,0
-54.83870967741936,-100.0,-103.84915129099774,-103.8403901780744,-103.4086585736134,0.43173160446100667,0,0,0
-48.38709677419355,-100.0,-103.70769560512166,-103.70222512949192,-103.24909011068642,0.4531350188054972,0,0,0
-41.935483870967744,-100.0,-103.54343776150118,-103.54091534229988,-103.06863374895654,0.4722815933433395,1,0,0
-35.483870967741936,-100.0,-103.35672523421457,-103.3568239394204,-102.86935716060853,0.48726936840020585,1,0,0
-29.032258064516128,-100.0,-103.14904975333181,-103.15146629549373,-102.65388062176116,0.4927525894087239,0,0,0
-22.580645161290334,-100.0,-102.92285014228987,-102.92730880705221,-102.4251707104307,0.4932207670968296,0,0,0
-16.129032258064527,-100.0,-102.68125172763203,-102.68750502286451,-102.18634471029281,0.48865372210673286,1,0,0
-9.677419354838719,-100.0,-102.42778635819843,-102.43561336733343,-101.94050342227071,0.4794559267927241,0,0,0
-3.225806451612911,-100.0,-102.16613121752219,-102.17533463708884,-101.69060174647397,0.46632605148157324,0,0,0
3.225806451612897,-100.0,-101.89989226512778,-101.91029494458422,-101.43935896058761,0.45013062508371604,0,0,0
9.677419354838705,-100.0,-101.63244425012742,-101.64388581150001,-101.18920529059751,0.43179739815731466,0,0,0
16.129032258064512,-100.0,-101.36682759809723,-101.37916146977331,-100.94225839428317,0.4122353321379819,0,0,0
22.58064516129032,-100.0,-101.10569485163333,-101.11878585356445,-100.70032237954862,0.39228147015359127,0,0,0
29.032258064516128,-100.0,-100.85129576055397,-100.86501824478576,-100.46490232704043,0.3726709492817406,0,0,0
35.48387096774192,-100.0,-100.60548959849973,-100.61972607498055,-100.23722836265179,0.3540247593671211,1,0,0
41.935483870967744,-100.0,-100.36977460213333,-100.3844147503736,-100.01828465975228,0.3368497941407895,0,0,0
48.38709677419354,-100.0,-100.14532654640166,-100.16026651226386,-99.80884004632678,0.3215465342126862,0,0,0
54.83870967741933,-100.0,-99.93304068644142,-99.94818257662541,-99.60947799778364,0.3084207984737759,0,0,0
61.29032258064515,-100.0,-99.73357323899666,-99.74882474438259,-99.4206246615017,0.29769707210901686,0,0,0
67.74193548387095,-100.0,-99.5473801019145,-99.56265419946264,-99.24257419206523,0.2895318123011208,0,0,0
74.19354838709677,-100.0,-99.37475161549929,-99.38996631429615,-99.0755111117796,0.2840258049228339,0,0,0
80.64516129032256,-100.0,-99.21584291571284,-99.23092102516974,-98.91952969269168,0.28123511356426434,0,0,0
87.09677419354838,-100.0,-99.07069989801607,-99.08556880528758,-98.77465052491206,0.2811804658325059,0,0,0
93.54838709677418,-100.0,-98.9392810798894,-98.95387252980419,-98.64083452577677,0.28385510419784055,0,0,0
100.0,-100.0,-98.82147578401631,-98.83572565884684,-98.51799468181773,0.28923122736806306,1,0,0
-100.0,-93.54838709677419,-104.20867761209125,-104.18238514705575,-103.91390104274471,0.2684841043110424,0,0,0
-93.54838709677419,-93.54838709677419,-104.15842289240646,-104.13666945245984,-103.87746683681462,0.25920261564522207,0,0,0
-87.09677419354838,-93.54838709677419,-104.10428466226078,-104.08669601673924,-103.8225604596503,0.26413555708893455,0,0,0
-80.64516129032259,-93.54838709677419,-104.04075932466903,-104.02688231284053,-103.74573861314893,0.28114369969159725,1,0,0
-74.19354838709677,-93.54838709677419,-103.96253245158607,-103.95188237893059,-103.64454599756479,0.30733638136580055,0,0,0
-67.74193548387098,-93.54838709677419,-103.86492594418763,-103.85702794395227,-103.51768168054696,0.3393462634053179,1,0,0
-61.29032258064517,-93.54838709677419,-103.74430401588911,-103.73872625877851,-103.36505829222915,0.3736679665493625,0,0,0
-54.83870967741936,-93.54838709677419,-103.59838182763636,-103.5947584704864,-103.18774618363608,0.40701228685031765,0,0,0
-48.38709677419355,-93.54838709677419,-103.42638837771798,-103.42443101006397,-102.98781566758841,0.43661534247556233,0,0,0
-41.935483870967744,-93.54838709677419,-103.22905944842978,-103.22855735910773,-102.76810761184272,0.46044974726500243,0,0,0
-35.483870967741936,-93.54838709677419,-103.0084699783422,-103.00928127627483,-102.53197108921424,0.47568759119533865,0,0,0
-29.032258064516128,-93.54838709677419,-102.76774630588123,-102.76978315095297,-102.28300535532512,0.48270410548437326,0,0,0
-22.580645161290334,-93.54838709677419,-102.51071674201657,-102.51392828221111,-102.02483453448144,0.48267066734058517,1,0,0
-16.129032258064527,-93.54838709677419,-102.24155973402397,-102.24591582419734,-101.76093123348448,0.4762724103661071,0,0,0
-9.677419354838719,-93.54838709677419,-101.96449568646426,-101.96997342277788,-101.49449376875586,0.46452418139477913,0,0,0
-3.225806451612911,-93.54838709677419,-101.68354873383144,-101.69012270374837,-101.2283731541477,0.4486016097668113,1,0,0
3.225806451612897,-93.54838709677419,-101.4023857383762,-101.41002197462917,-100.96504113120122,0.4297083709220004,0,0,0
9.677419354838705,-93.54838709677419,-101.1242259794102,-101.132879046735,-100.70658882674084,0.40898408534455655,0,0,0
16.129032258064512,-93.54838709677419,-100.85180757392834,-100.86141998743406,-100.45474608480754,0.3874490756150806,1,0,0
22.58064516129032,-93.54838709677419,-100.58739456221345,-100.59789773892936,-100.21091312893203,0.3659782565654979,1,0,0
29.032258064516128,-93.54838709677419,-100.33280989498577,-100.34412596837828,-99.97619820036057,0.34529562123269386,0,0,0
35.48387096774192,-93.54838709677419,-100.08948247573842,-100.10152647420102,-99.75145671830545,0.3259817589703715,0,0,0
41.935483870967744,-93.54838709677419,-99.85849968118643,-99.87118173565494,-99.53732909413914,0.30848853257877806,0,0,0
48.38709677419354,-93.54838709677419,-99.64065970554009,-99.65388708546263,-99.33427553934493,0.2931567862726183,0,0,0
54.83870967741933,-93.54838709677419,-99.43652037344243,-99.45019924873678,-99.1426070627,0.2802344354480937,0,0,0
61.29032258064515,-93.54838709677419,-99.24644271667094,-99.26047960947028,-98.96251241901766,0.26989340485394564,0,0,0
67.74193548387095,-93.54838709677419,-99.0706287053454,-99.08493163610514,-98.79408112080738,0.2622446537782821,0,0,0
74.19354838709677,-93.54838709677419,-98.90915319610464,-98.92363255114535,-98.6373228190527,0.2573510220112354,0,0,0
80.64516129032256,-93.54838709677419,-98.76199053195285,-98.7765596898063,-98.49218345088026,0.2552379232191271,1,0,0
87.09677419354838,-93.54838709677419,-98.62903640249208,-98.6436121590897,-98.35855857808477,0.2559020678096857,0,0,0
93.54838709677418,-93.54838709677419,-98.51012562409952,-98.52462845514204,-98.23630432790361,0.25931846515338464,0,0,0
100.0,-93.54838709677419,-98.40504647938346,-98.41940067429177,-98.12524631401836,0.2654459704567955,0,0,0
-100.0,-87.09677419354838,-104.06326415161891,-104.04828033881051,-103.88920155515373,0.1590787836567813,0,0,0
-93.54838709677419,-87.09677419354838,-104.0189334580804,-104.00692956692025,-103.8296187937698,0.1773107731504524,0,0,0
-87.09677419354838,-87.09677419354838,-103.96291117355494,-103.95311696328234,-103.74344758709277,0.2096693761895665,0,0,0
-80.64516129032259,-87.09677419354838,-103.88882939385601,-103.88053210385884,-103.62842409312124,0.2521080107376008,0,0,0
-74.19354838709677,-87.09677419354838,-103.79126131265856,-103.78386414892583,-103.48377176669301,0.300092382232819,0,0,0
-67.74193548387098,-87.09677419354838,-103.66621391416876,-103.65927721003332,-103.3101966637618,0.34908054627152296,0,0,0
-61.29032258064517,-87.09677419354838,-103.51147308575855,-103.50473302886886,-103.10973201031004,0.39500101855881553,0,0,0
-54.83870967741936,-87.09677419354838,-103.32673816019923,-103.32010156848395,-102.8854665463005,0.43463502218344274,0,0,0
-48.38709677419355,-87.09677419354838,-103.11352520461675,-103.10704356534868,-102.641209736412,0.465833828936681,1,0,0
-41.935483870967744,-87.09677419354838,-102.8748700017681,-102.8686999525078,-102.38114967633257,0.4875502761752273,0,0,0
-35.483870967741936,-87.09677419354838,-102.61490237823743,-102.60926148676185,-102.10954866347251,0.4997128232893431,0,0,0
-29.032258064516128,-87.09677419354838,-102.33837924420772,-102.33350501408404,-101.83050348378538,0.5030015302986612,0,0,0
-22.580645161290334,-87.09677419354838,-102.05025325048274,-102.04637058441783,-101.54777940743276,0.49859117698507305,0,0,0
-16.129032258064527,-87.09677419354838,-101.75532705496094,-101.75262626599165,-101.26471321667948,0.4879130493121693,0,0,0
-9.677419354838719,-87.09677419354838,-101.45801289542923,-101.45663781594942,-100.98417279428384,0.4724650216655846,0,0,0
-3.225806451612911,-87.09677419354838,-101.16219314931132,-101.16223739873254,-100.70855815020579,0.45359074968430946,0,0,0
3.225806451612897,-87.09677419354838,-100.87116358915651,-100.87267255503693,-100.4398295679641,0.4298250553119942,1,0,0
9.677419354838705,-87.09677419354838,-100.58763621044048,-100.59061245543231,-100.17955110986273,0.40510885558592236,0,0,0
16.129032258064512,-87.09677419354838,-100.31377978474939,-100.31819007038942,-99.92894077927339,0.3804287198359617,0,0,0
22.58064516129032,-87.09677419354838,-100.05128055246873,-100.05706322096262,-99.68892146738216,0.3565764165926737,0,0,0
29.032258064516128,-87.09677419354838,-99.80141045949908,-99.80848239907856,-99.4601690928354,0.3341694270842055,0,0,0
35.48387096774192,-87.09677419354838,-99.56509481506927,-99.57335760223485,-99.24315601554983,0.31367601235386644,0,0,0
41.935483870967744,-87.09677419354838,-99.34297471866346,-99.35231978086635,-99.03818894089227,0.2954407155682901,0,0,0
48.38709677419354,-87.09677419354838,-99.1354620381098,-99.14577483446021,-98.84544124407375,0.2797079976856196,0,0,0
54.83870967741933,-87.09677419354838,-98.9427862859246,-98.95394958776149,-98.66498005441278,0.26664292967493,0,0,0
61.29032258064515,-87.09677419354838,-98.76503365950191,-98.77693005064081,-98.49678864369623,0.2563486246667708,0,0,0
67.74193548387095,-87.09677419354838,-98.60217898705076,-98.61469271324616,-98.34078473707045,0.2488805237849192,0,0,0
74.19354838709677,-87.09677419354838,-98.45411151588229,-98.46712980702522,-98.19683536165064,0.24425786308871977,0,0,0
80.64516129032256,-87.09677419354838,-98.32065550757636,-98.33406948249026,-98.06476880284934,0.24247272981311596,0,0,0
87.09677419354838,-87.09677419354838,-98.20158654239054,-98.21529178970525,-97.94438417390194,0.24349712117390254,0,0,0
93.54838709677418,-87.09677419354838,-98.09664433135052,-98.11054124357122,-97.83545903387014,0.24728838525967944,0,0,0
100.0,-87.09677419354838,-98.0055427174932,-98.01953664044127,-97.73775542129266,0.25379337325246354,0,0,0
-100.0,-80.64516129032259,-103.96462629657321,-103.95487846106582,-103.83831056365904,0.11656789740678164,0,0,0
-93.54838709677419,-80.64516129032259,-103.91421481576546,-103.9043734420348,-103.73638439338978,0.16798904864501196,0,0,0
-87.09677419354838,-80.64516129032259,-103.8405889689572,-103.82976837755714,-103.60057235349134,0.22919602406579997,0,0,0
-80.64516129032259,-80.64516129032259,-103.7377011388183,-103.72529189717437,-103.43105721579087,0.2942346813835002,1,0,0
-74.19354838709677,-80.64516129032259,-103.6015257734208,-103.58723796257448,-103.22977800118565,0.35745996138882674,0,0,0
-67.74193548387098,-80.64516129032259,-103.4304080655919,-103.4142696727727,-103.00011158565839,0.41415808711431623,0,0,0
-61.29032258064517,-80.64516129032259,-103.2250967644166,-103.20740896631827,-102.74644199013974,0.46096697617852556,0,0,0
-54.83870967741936,-80.64516129032259,-102.98846427108346,-102.9697257386057,-102.47370145159805,0.496024287007657,1,0,0
-48.38709677419355,-80.64516129032259,-102.72499441726872,-102.7058128130449,-102.18695484165775,0.5188579713871491,1,0,0
-41.935483870967744,-80.64516129032259,-102.44016317452119,-102.42117165872699,-101.89107209404925,0.5300995646777409,0,0,0
-35.483870967741936,-80.64516129032259,-102.13983686192279,-102.12162800219956,-101.59050444713108,0.5311235550684756,0,0,0
-29.032258064516128,-80.64516129032259,-101.82977668323633,-101.81285893372672,-101.289158159981,0.5237007737457162,0,0,0
-22.580645161290334,-80.64516129032259,-101.5152901436652,-101.50006596655263,-100.99034694039076,0.5097190261618607,0,0,0
-16.129032258064527,-80.64516129032259,-101.20102870706344,-101.18778985118271,-100.69680043552032,0.49098941566239773,0,0,0
-9.677419354838719,-80.64516129032259,-100.89090610860431,-100.8798404462435,-100.41070779913227,0.4691326471112376,1,0,0
-3.225806451612911,-80.64516129032259,-100.58810264960923,-100.57930747475838,-100.13377962919839,0.4455278455599938,0,0,0
3.225806451612897,-80.64516129032259,-100.29512246114126,-100.28862037660633,-99.86731640046393,0.4213039761423971,0,0,0
9.677419354838705,-80.64516129032259,-100.01387753923714,-100.009632380277,-99.61227578160765,0.39735659866934725,1,0,0
16.129032258064512,-80.64516129032259,-99.74578031258562,-99.74371165563505,-99.36933451068467,0.37437714495038676,1,0,0
22.58064516129032,-80.64516129032259,-99.4918334702404,-99.49182906410948,-99.13894279507056,0.35288626903891895,0,0,0
29.032258064516128,-80.64516129032259,-99.25271100720738,-99.25463696613394,-98.92137067201907,0.3294143762617523,0,0,0
35.48387096774192,-80.64516129032259,-99.02882796489253,-99.0325368461521,-98.71674662672774,0.308372456905218,0,0,0
41.935483870967744,-80.64516129032259,-98.82039849153081,-98.825735515686,-98.52508920994703,0.28997225742858745,0,0,0
48.38709677419354,-80.64516129032259,-98.62748302156578,-98.63429073787637,-98.34633257775073,0.274342727504461,0,0,0
54.83870967741933,-80.64516129032259,-98.4500259128451,-98.45814760615893,-98.18034689989531,0.26155731963596907,0,0,0
61.29032258064515,-80.64516129032259,-98.28788503918346,-98.29716714376679,-98.02695452214918,0.2516484124509617,0,0,0
67.74193548387095,-80.64516129032259,-98.14085478475066,-98.15114853048439,-97.88594266745798,0.24461837155894273,0,0,0
74.19354838709677,-80.64516129032259,-98.00868373428114,-98.01984620998013,-97.75707334783428,0.24044791074786076,0,0,0
80.64516129032256,-80.64516129032259,-97.89108816362402,-97.90298294511516,-97.64009104843011,0.23910233370277467,1,0,0
87.09677419354838,-80.64516129032259,-97.78776224418866,-97.80025970287352,-97.53472864485845,0.24053614064534656,0,0,0
93.54838709677418,-80.64516129032259,-97.69838570008709,-97.71136308131847,-97.44071192748551,0.24469639137019783,0,0,0
100.0,-80.64516129032259,-97.62262950547579,-97.63597084479598,-97.35776303259573,0.2515251335598663,0,0,0
-100.0,-74.19354838709677,-103.88393329846393,-103.86868044877836,-103.71217876400807,0.1565016847702907,0,0,0
-93.54838709677419,-74.19354838709677,-103.80310092159135,-103.78369946393977,-103.54711570008716,0.23658376385260738,0,0,0
-87.09677419354838,-74.19354838709677,-103.68537328974037,-103.66140460576182,-103.34458913341675,0.3168154723450698,0,0,0
-80.64516129032259,-74.19354838709677,-103.52733826440831,-103.49891741706605,-103.1082944164347,0.3906230006313507,0,0,0
-74.19354838709677,-74.19354838709677,-103.32873007716881,-103.29644683216742,-102.84333882933245,0.45310800283496633,0,0,0
-67.74193548387098,-74.19354838709677,-103.09221038728977,-103.0570048987498,-102.55561644785661,0.5013884508931881,0,0,0
-61.29032258064517,-74.19354838709677,-102.82275328247323,-102.78575961476534,-102.25123092724832,0.5345286875170245,0,0,0
-54.83870967741936,-74.19354838709677,-102.52681214186865,-102.48920605923195,-101.93604095849841,0.553165100733537,0,0,0
-48.38709677419355,-74.19354838709677,-102.21146989123076,-102.1743478343123,-101.61535579891277,0.5589920353995268,0,0,0
-41.935483870967744,-74.19354838709677,-101.88372709339063,-101.84802810521283,-101.29377151642457,0.5542565887882631,0,0,0
-35.483870967741936,-74.19354838709677,-101.5500033135939,-101.51647234681312,-100.97511853436815,0.5413538124449673,0,0,0
-29.032258064516128,-74.19354838709677,-101.2158558146777,-101.1850391426442,-100.6624855658757,0.5225535767685017,0,0,0
-22.580645161290334,-74.19354838709677,-100.8858760752801,-100.85813736846205,-100.35828857904079,0.49984878942126443,0,0,0
-16.129032258064527,-74.19354838709677,-100.56370937040789,-100.5392563733813,-100.06436082163624,0.4748955517450639,0,0,0
-9.677419354838719,-74.19354838709677,-100.2521462241853,-100.23106075182199,-99.78204771196786,0.44901303985412255,0,0,0
-3.225806451612911,-74.19354838709677,-99.95324651639058,-99.9355132838918,-99.51229689290342,0.4232163909883724,0,0,0
3.225806451612897,-74.19354838709677,-99.66847024451974,-99.65400223221127,-99.25573847201122,0.3982637602000523,1,0,0
9.677419354838705,-74.19354838709677,-99.39879993704645,-99.3874594519177,-99.01275357540837,0.3747058765093385,0,0,0
16.129032258064512,-74.19354838709677,-99.14484752702722,-99.13646297778739,-98.78353119486957,0.3529317829178211,1,0,0
22.58064516129032,-74.19354838709677,-98.90694343462329,-98.90132226560692,-98.56811429059624,0.33320797501068,0,0,0
29.032258064516128,-74.19354838709677,-98.68520839698759,-98.68214678918916,-98.36643653999406,0.3157102491951065,0,0,0
35.48387096774192,-74.19354838709677,-98.4796099437588,-98.4788999058391,-98.17835122298048,0.3005486828586186,0,0,0
41.935483870967744,-74.19354838709677,-98.29000590851248,-98.29144032264637,-98.00365365797235,0.284917836406251,0,0,0
48.38709677419354,-74.19354838709677,-98.11617737813722,-98.11955347977337,-97.84209844390936,0.27070283259170935,1,0,0
54.83870967741933,-74.19354838709677,-97.95785325788394,-97.96297493891487,-97.69341257756545,0.25931899928755797,0,0,0
61.29032258064515,-74.19354838709677,-97.8147283135118,-97.82140755650595,-97.55730533186929,0.2507437386483531,1,0,0
67.74193548387095,-74.19354838709677,-97.6864762219492,-97.69453390335815,-97.43347561450739,0.24494292603287704,0,0,0
74.19354838709677,-74.19354838709677,-97.57275885692201,-97.58202510022605,-97.32161738236965,0.241875231248315,0,0,0
80.64516129032256,-74.19354838709677,-97.47323277192444,-97.48354698647779,-97.22142356713265,0.24149499023845067,0,0,0
87.09677419354838,-74.19354838709677,-97.38755362336573,-97.39876432952174,-97.13258886881034,0.24375404839938142,0,0,0
93.54838709677418,-74.19354838709677,-97.3153790991374,-97.32734361327081,-97.0548116947189,0.24860289028509897,0,0,0
100.0,-74.19354838709677,-97.2563707771137,-97.26895480973896,-96.98779545806215,0.2559912864262941,0,0,0
-100.0,-67.74193548387098,-103.75421762551112,-103.71978922664064,-103.45423226711993,0.26555695952070835,0,0,0
-93.54838709677419,-67.74193548387098,-103.60760927043177,-103.56555429608072,-103.21024651452757,0.3553077815531509,1,0,0
-87.09677419354838,-67.74193548387098,-103.4130326952011,-103.36423391090176,-102.93192013328078,0.4323137776209762,0,0,0
-80.64516129032259,-67.74193548387098,-103.17284434391617,-103.1187711907636,-102.62638643933764,0.49238475142595917,0,0,0
-74.19354838709677,-67.74193548387098,-102.89271385816053,-102.83516639739936,-102.3011146990924,0.5340516983069676,1,0,0
-67.74193548387098,-67.74193548387098,-102.58048185329685,-102.52133206612478,-101.96326372018413,0.5580683459406544,0,0,0
-61.29032258064517,-67.74193548387098,-102.24493317400984,-102.18591848771565,-101.61925703502911,0.5666614526865459,0,0,0
-54.83870967741936,-67.74193548387098,-101.89475661152143,-101.83735034775412,-101.27456613475802,0.5627842129961067,1,0,0
-48.38709677419355,-67.74193548387098,-101.53782797862833,-101.48318380757651,-100.93365463511972,0.5495291724567863,0,0,0
-41.935483870967744,-67.74193548387098,-101.18082629264654,-101.12977824807736,-100.60002834261132,0.5297499054660335,0,0,0
-35.483870967741936,-67.74193548387098,-100.82911648513594,-100.78221252901821,-100.27634345328586,0.505869075732349,0,0,0
-29.032258064516128,-67.74193548387098,-100.48680816428552,-100.4443588815162,-99.96453801841129,0.479820863104905,0,0,0
-22.580645161290334,-67.74193548387098,-100.15690925061509,-100.11903921602205,-99.66596448880713,0.4530747272149114,0,0,0
-16.129032258064527,-67.74193548387098,-99.84151558532264,-99.808210419678,-99.38151110382898,0.4266993158490209,0,0,0
-9.677419354838719,-67.74193548387098,-99.54200011081001,-99.51314618448205,-99.11170669526223,0.4014394892198254,1,0,0
-3.225806451612911,-67.74193548387098,-99.25918260561347,-99.23459875250185,-98.85680763747372,0.37779111502813123,0,0,0
3.225806451612897,-67.74193548387098,-98.99347241551027,-98.97293426967208,-98.61686794113318,0.3560663285389012,0,0,0
9.677419354838705,-67.74193548387098,-98.74498327245264,-98.72824135425657,-98.3917945313626,0.33644682289396144,1,0,0
16.129032258064512,-67.74193548387098,-98.51362264892413,-98.50041543031017,-98.18139007337663,0.31902535693353684,0,0,0
22.58064516129032,-67.74193548387098,-98.29915944122666,-98.28922252209685,-97.98538564391917,0.3038368781776768,0,0,0
29.032258064516128,-67.74193548387098,-98.10127401251987,-98.09434636541923,-97.80346530104367,0.2908810643755544,0,0,0
35.48387096774192,-67.74193548387098,-97.91959432059707,-97.91542237303457,-97.63528429610108,0.2801380769334969,0,0,0
41.935483870967744,-67.74193548387098,-97.7537213319633,-97.75206148452341,-97.48048236267378,0.2715791218496264,0,0,0
48.38709677419354,-67.74193548387098,-97.60324635543654,-97.60386638984043,-97.3386932370664,0.2639330839662506,1,0,0
54.83870967741933,-67.74193548387098,-97.46776239776295,-97.47044211347637,-97.20955132473904,0.25553135731050247,0,0,0
61.29032258064515,-67.74193548387098,-97.34687118356914,-97.3514025115224,-97.09269622796455,0.24964362765132364,1,0,0
67.74193548387095,-67.74193548387098,-97.24018709974328,-97.24637387303964,-96.98777568863471,0.2462246378122046,1,0,0
74.19354838709677,-67.74193548387098,-97.1473390155336,-97.15499652540356,-96.89444737142318,0.24523413424046225,0,0,0
80.64516129032256,-67.74193548387098,-97.06797068500506,-97.076925111962,-96.81237981098589,0.24663644706224375,0,0,0
87.09677419354838,-67.74193548387098,-97.00174024763585,-97.01182802969585,-96.74125276751772,0.250399698058132,0,0,0
93.54838709677418,-67.74193548387098,-96.94831919592458,-96.95938637537478,-96.68075717340133,0.2564948430730567,0,0,0
100.0,-67.74193548387098,-96.90739106725609,-96.91929264286331,-96.63059480619621,0.2648946854526457,0,0,0
-100.0,-61.29032258064517,-103.47465049825095,-103.40961976833196,-103.0182120160568,0.3914077522751711,0,0,0
-93.54838709677419,-61.29032258064517,-103.22650506964351,-103.15347213143477,-102.69216344812263,0.46130868331214003,0,0,0
-87.09677419354838,-61.29032258064517,-102.92977783927113,-102.85134051387034,-102.34239742618567,0.5089430876846706,0,0,0
-80.64516129032259,-61.29032258064517,-102.59419781949109,-102.51307884131377,-101.97780806226304,0.5352707790507338,0,0,0
-74.19354838709677,-61.29032258064517,-102.23093247151175,-102.1496424600317,-101.60631293180002,0.5433295282316806,0,0,0
-67.74193548387098,-61.29032258064517,-101.85103011436817,-101.77166290601599,-101.23455024386027,0.537112662155721,0,0,0
-61.29032258064517,-61.29032258064517,-101.46436476363365,-101.388519765173,-100.867815504888,0.5207042602850009,0,0,0
-54.83870967741936,-61.29032258064517,-101.07910470275107,-101.00790073401689,-100.51014959655298,0.49775113746390787,0,0,0
-48.38709677419355,-61.29032258064517,-100.70158853804065,-100.63572848742135,-100.16450399894848,0.47122448847287046,0,0,0
-41.935483870967744,-61.29032258064517,-100.33645544301193,-100.27630974861822,-99.83293139780574,0.44337835081248045,0,0,0
-35.483870967741936,-61.29032258064517,-99.98689893771937,-99.93258803054755,-99.5167707842335,0.4158172463140488,0,0,0
-29.032258064516128,-61.29032258064517,-99.65495558023838,-99.60642150752429,-99.21681159181752,0.38960991570677095,1,0,0
-22.580645161290334,-61.29032258064517,-99.34177846864281,-99.29884249433289,-98.93343128432764,0.3654112100052487,0,0,0
-16.129032258064527,-61.29032258064517,-99.04787275074258,-99.01027929656354,-98.66670637072728,0.34357292583625565,0,0,0
-9.677419354838719,-61.29032258064517,-98.77328674449133,-98.74073559153067,-98.41649952576346,0.3242360657672094,0,0,0
-3.225806451612911,-61.29032258064517,-98.51776077157567,-98.48992986160006,-98.18252649093218,0.3074033706678847,0,0,0
3.225806451612897,-61.29032258064517,-98.28083941721788,-98.25740046178126,-97.96440651081205,0.2929939509692048,0,0,0
9.677419354838705,-61.29032258064517,-98.06195386494322,-98.04258262704069,-97.7616997082786,0.2808829187620887,0,0,0
16.129032258064512,-61.29032258064517,-97.8604806035616,-97.84486333314342,-97.57393429258522,0.270929040558201,0,0,0
22.58064516129032,-61.29032258064517,-97.6757819440887,-97.66361910044667,-97.40062596816328,0.26299313228338406,0,0,0
29.032258064516128,-61.29032258064517,-97.50723281287318,-97.49824091863304,-97.24129143399668,0.25694948463636536,1,0,0
35.48387096774192,-61.29032258064517,-97.35423738162976,-97.34814962622869,-97.0954574566643,0.25269216956438356,0,0,0
41.935483870967744,-61.29032258064517,-97.21623831921983,-97.21280435650115,-96.96266666692495,0.2501376895762064,0,0,0
48.38709677419354,-61.29032258064517,-97.09272081331855,-97.091706068041,-96.84248096308784,0.24922510495316885,0,0,0
54.83870967741933,-61.29032258064517,-96.98321299954162,-96.9843977015662,-96.73448319426217,0.247545103254879,0,0,0
61.29032258064515,-61.29032258064517,-96.88728403130148,-96.89046212592565,-96.63827763257692,0.24582830410038525,0,0,0
67.74193548387095,-61.29032258064517,-96.80454070587484,-96.80951873785453,-96.55348961635441,0.24607305754074105,0,0,0
74.19354838709677,-61.29032258064517,-96.73462331377542,-96.74121934612536,-96.47976464820874,0.2482626332167257,0,0,0
80.64516129032256,-61.29032258064517,-96.67720118557385,-96.68524378854435,-96.4167671567931,0.2523914258102451,0,0,0
87.09677419354838,-61.29032258064517,-96.63196826163826,-96.64129558954633,-96.36417907340297,0.2584618603272304,1,0,0
93.54838709677418,-61.29032258064517,-96.59863889703146,-96.60909785875062,-96.32169833089337,0.2664816044189422,0,0,0
100.0,-61.29032258064517,-96.57694402885835,-96.58838955016039,-96.28903735929755,0.2764611482587611,0,0,0
-100.0,-54.83870967741936,-102.94473485312194,-102.84759294874065,-102.38909377910892,0.458499169631736,0,0,0
-93.54838709677419,-54.83870967741936,-102.57906441478285,-102.47812266510175,-101.99356762162321,0.4845550434785366,0,0,0
-87.09677419354838,-54.83870967741936,-102.17976307001462,-102.07845088014354,-101.58976405261006,0.4886868275334706,0,0,0
-80.64516129032259,-54.83870967741936,-101.7611353660291,-101.66225895591947,-101.18593862046764,0.47632033545183106,0,0,0
-74.19354838709677,-54.83870967741936,-101.33585186114942,-101.24148588789411,-100.78855039152644,0.4529354963676724,1,0,0
-67.74193548387098,-54.83870967741936,-100.91417015303661,-100.82569694524294,-100.40239673528448,0.4233002099584553,1,0,0
-61.29032258064517,-54.83870967741936,-100.5037939138596,-100.42201762461637,-100.03085683377391,0.3911607908424628,0,0,0
-54.83870967741936,-54.83870967741936,-100.1101087334696,-100.03539056549036,-99.67616453719536,0.35922602829499795,0,0,0
-48.38709677419355,-54.83870967741936,-99.7365817132472,-99.6689657895574,-99.33966599759314,0.3292997919642602,0,0,0
-41.935483870967744,-54.83870967741936,-99.3851899395193,-99.32450713704996,-99.02204196487843,0.30246517217153723,0,0,0
-35.483870967741936,-54.83870967741936,-99.05680892292509,-99.00275639274054,-98.723489273067,0.2792671196735341,1,0,0
-29.032258064516128,-54.83870967741936,-98.75153494295205,-98.70373391710234,-98.4438636117156,0.25987030538674105,0,0,0
-22.580645161290334,-54.83870967741936,-98.46893845590346,-98.42697454787267,-98.1827888690696,0.24418567880307762,1,0,0
-16.129032258064527,-54.83870967741936,-98.20825612259779,-98.1717063292197,-97.93973912647215,0.23196720274755478,0,0,0
-9.677419354838719,-54.83870967741936,-97.96853229685794,-97.9369822815059,-97.71409902121056,0.22288326029534744,1,0,0
-3.225806451612911,-54.83870967741936,-97.74872069128152,-97.72177516090815,-97.50520737982112,0.21656778108703634,0,0,0
3.225806451612897,-54.83870967741936,-97.54775547667376,-97.52504376604054,-97.31238811596279,0.21265565007774967,0,0,0
9.677419354838705,-54.83870967741936,-97.36459930466077,-97.34577771420214,-97.13497154930562,0.2108061648965247,0,0,0
16.129032258064512,-54.83870967741936,-97.19827411157631,-97.18302611205614,-96.97230859298273,0.21071751907341252,0,0,0
22.58064516129032,-54.83870967741936,-97.04787921050567,-97.0359143066774,-96.82377968481573,0.2121346218616651,0,0,0
29.032258064516128,-54.83870967741936,-96.91260011712197,-96.90365192849046,-96.68879988792817,0.2148520405622918,0,0,0
35.48387096774192,-54.83870967741936,-96.791710741918,-96.78553468888664,-96.56682123879021,0.2187134500964305,0,0,0
41.935483870967744,-54.83870967741936,-96.68457096307377,-96.68094182356441,-96.45733315444775,0.22360866911665767,0,0,0
48.38709677419354,-54.83870967741936,-96.59062112160584,-96.58933063368012,-96.35986150752863,0.22946912615148563,0,0,0
54.83870967741933,-54.83870967741936,-96.50937461485094,-96.51022923570724,-96.27396682287595,0.23455317111869078,0,0,0
61.29032258064515,-54.83870967741936,-96.44040947726427,-96.44322836176586,-96.19924193177314,0.23834866098953,0,0,0
67.74193548387095,-54.83870967741936,-96.38335960910456,-96.38797283717894,-96.13530932985267,0.24343705117750858,0,0,0
74.19354838709677,-54.83870967741936,-96.33790613039915,-96.34415318897072,-96.08181841627768,0.24984065554988888,0,0,0
80.64516129032256,-54.83870967741936,-96.30376919053718,-96.31149769971925,-96.03844273957696,0.257597941778144,0,0,0
87.09677419354838,-54.83870967741936,-96.28070044666293,-96.28976510989034,-96.00487733587121,0.2667584475643139,0,0,0
93.54838709677418,-54.83870967741936,-96.26847633205708,-96.27873808424012,-95.98083621525305,0.2773783646209864,0,0,0
100.0,-54.83870967741936,-96.266892165156,-96.2782174906022,-95.96605002962406,0.28951681008572905,1,0,0
-100.0,-48.38709677419355,-102.1233100489311,-102.00579288131985,-101.59196554047598,0.4138273408438664,0,0,0
-93.54838709677419,-48.38709677419355,-101.65758193025596,-101.5431556251373,-101.15053085876214,0.39262476637516386,0,0,0
-87.09677419354838,-48.38709677419355,-101.18398538643945,-101.07528311489631,-100.71660290662543,0.35868020827088287,0,0,0
-80.64516129032259,-48.38709677419355,-100.7157919099329,-100.61447542948807,-100.2961208469383,0.3183545825497731,0,0,0
-74.19354838709677,-48.38709677419355,-100.26275192856548,-100.1696950981125,-99.89314874888598,0.2765463492265212,0,0,0
-67.74193548387098,-48.38709677419355,-99.83145553614216,-99.74695206654636,-99.51026080211649,0.2366912644298651,0,0,0
-61.29032258064517,-48.38709677419355,-99.42592895974336,-99.34987737781435,-99.1488993144079,0.20097806340645263,0,0,0
-54.83870967741936,-48.38709677419355,-99.04825362825834,-98.98030315177135,-98.80967717166641,0.17062598010494412,0,0,0
-48.38709677419355,-48.38709677419355,-98.69910863663935,-98.6387659609293,-98.49261921496631,0.14614674596299437,0,0,0
-41.935483870967744,-48.38709677419355,-98.37820633222262,-98.3249098030832,-98.19734783015569,0.12756197292750926,0,0,0
-35.483870967741936,-48.38709677419355,-98.0846245747604,-98.0377935147863,-97.92322195819176,0.11457155659454088,0,0,0
-29.032258064516128,-48.38709677419355,-97.81705204857639,-97.77611812565556,-97.66943914341013,0.10667898224542682,0,0,0
-22.580645161290334,-48.38709677419355,-97.57396532119355,-97.53839135925828,-97.4351091481619,0.10328221109638491,0,0,0
-16.129032258064527,-48.38709677419355,-97.35375429883042,-97.32304450211716,-97.2193061216317,0.10373838048545281,0,0,0
-9.677419354838719,-48.38709677419355,-97.15480942514887,-97.12851383543878,-97.02110480142284,0.10740903401594437,0,0,0
-3.225806451612911,-48.38709677419355,-96.97558075647338,-96.95329590872602,-96.83960493352004,0.11369097520598359,0,0,0
3.225806451612897,-48.38709677419355,-96.81461639344471,-96.79598353022746,-96.6739470604496,0.12203646977785354,0,0,0
9.677419354838705,-48.38709677419355,-96.67058572803089,-96.65528751498975,-96.52332202844869,0.13196548654106266,0,0,0
16.129032258064512,-48.38709677419355,-96.5422914953873,-96.53004789371863,-96.38697596148154,0.14307193223709191,0,0,0
22.58064516129032,-48.38709677419355,-96.42867358044828,-96.41923733556332,-96.26421200034295,0.15502533522037254,0,0,0
29.032258064516128,-48.38709677419355,-96.32880680255495,-96.3219588706596,-96.15438977167048,0.16756909898911942,0,0,0
35.48387096774192,-48.38709677419355,-96.2418943918292,-96.23743952748866,-96.05692330452094,0.18051622296772507,1,0,0
41.935483870967744,-48.38709677419355,-96.16725850574646,-96.1650211604391,-95.97127792837226,0.1937432320668364,1,0,0
48.38709677419354,-48.38709677419355,-96.10432886188866,-96.10414948786122,-95.89696654895255,0.207182938908673,0,0,0
54.83870967741933,-48.38709677419355,-96.05263034872571,-96.05436215925667,-95.83354559474668,0.21735294344807699,0,0,0
61.29032258064515,-48.38709677419355,-96.01177029909051,-96.01527650269998,-95.78061084844339,0.2276532470376651,0,0,0
67.74193548387095,-48.38709677419355,-95.98142595863031,-95.98657745915219,-95.73779331753306,0.23848114057537373,0,0,0
74.19354838709677,-48.38709677419355,-95.96133254796266,-95.96800608360907,-95.70475525215697,0.2499037601592704,1,0,0
80.64516129032256,-48.38709677419355,-95.95127220020495,-95.9593488818973,-95.68118638283622,0.2620091356763936,0,0,0
87.09677419354838,-48.38709677419355,-95.95106395446845,-95.9604281559541,-95.66680042347188,0.2748993295109159,0,0,0
93.54838709677418,-48.38709677419355,-95.96055490088963,-95.97109344964274,-95.66133186421436,0.2886844879221684,0,0,0
100.0,-48.38709677419355,-95.97961250373793,-95.99121412148376,-95.66453306312064,0.303477822871443,0,0,0
-100.0,-41.935483870967744,-101.06081673775611,-100.94159403108746,-100.68113135585531,0.26046267523214794,1,0,0
-93.54838709677419,-41.935483870967744,-100.53613502088972,-100.42597613689438,-100.21946733370173,0.20650880319264786,0,0,0
-87.09677419354838,-41.935483870967744,-100.02930510870075,-99.92920629917376,-99.77810439517495,0.15110190399880707,0,0,0
-80.64516129032259,-41.935483870967744,-99.54893763894287,-99.45912578916827,-99.36025923424185,0.09886655492641694,0,0,0
-74.19354838709677,-41.935483870967744,-99.10018085730175,-99.0203795525939,-98.96766210433888,0.05271744825500946,0,0,0
-67.74193548387098,-41.935483870967744,-98.68559777019303,-98.61523023205122,-98.60097288985554,0.01425734219567687,0,0,0
-61.29032258064517,-41.935483870967744,-98.30592139257789,-98.24425335427173,-98.2601072544378,-0.01585390016606425,1,0,0
-54.83870967741936,-41.935483870967744,-97.96064570815281,-97.90688058998144,-97.9444823757866,-0.03760178580516538,0,0,0
-48.38709677419355,-41.935483870967744,-97.64846380646574,-97.60180330057123,-97.65319722494982,-0.0419270874104285,0,0,0
-41.935483870967744,-41.935483870967744,-97.36758247793817,-97.32726332695307,-97.38516227256244,-0.022739356360830243,0,0,0
-35.483870967741936,-41.935483870967744,-97.11594372845242,-97.0812586324079,-97.13919131081495,-0.011437513681997302,0,0,0
-29.032258064516128,-41.935483870967744,-96.89137879229963,-96.86168694033812,-96.91406542358793,-0.007005220673221402,0,0,0
-22.580645161290334,-41.935483870967744,-96.69171414647695,-96.6664450505449,-96.70857671062478,-0.008406531784231674,0,0,0
-16.129032258064527,-41.935483870967744,-96.51484363314731,-96.49349667649187,-96.52155739293788,-0.014633196864863862,0,0,0
-9.677419354838719,-41.935483870967744,-96.35877658148908,-96.34091785373889,-96.35189840551654,-0.010980551777649339,0,0,0
-3.225806451612911,-41.935483870967744,-96.22166874255728,-96.20692619024432,-96.19856045301275,0.008365737231571302,0,0,0
3.225806451612897,-41.935483870967744,-96.10184069969279,-96.08989827808816,-96.06057968083479,0.029318597253364942,1,0,0
9.677419354838705,-41.935483870967744,-95.99778696306745,-95.98837826128829,-95.93706952136942,0.05130873991886631,0,0,0
16.129032258064512,-41.935483870967744,-95.90817800312806,-95.90107968078291,-95.82721985064886,0.0738598301340545,0,0,0
22.58064516129032,-41.935483870967744,-95.83185686932862,-95.82688215696828,-95.73029428700355,0.09658786996473623,0,0,0
29.032258064516128,-41.935483870967744,-95.7678316613412,-95.76482411772174,-95.64562624496764,0.11919787275409988,0,0,0
35.48387096774192,-41.935483870967744,-95.71526488485856,-95.71409255875166,-95.57261419957536,0.14147835917630402,0,0,0
41.935483870967744,-41.935483870967744,-95.67346057284824,-95.67401067870092,-95.51071650028126,0.1621939667142982,0,0,0
48.38709677419354,-41.935483870967744,-95.64184994464532,-95.6440241264433,-95.45944598749686,0.1802297753504689,0,0,0
54.83870967741933,-41.935483870967744,-95.61997628366291,-95.62368650889891,-95.41836459950406,0.19790145892284272,1,0,0
61.29032258064515,-41.935483870967744,-95.60747962533328,-95.61264472134253,-95.38707810735156,0.2152364219724774,0,0,0
67.74193548387095,-41.935483870967744,-95.60408175411041,-95.61062457307685,-95.36523107620303,0.23230785894094197,1,0,0
74.19354838709677,-41.935483870967744,-95.6095719115998,-95.61741708912976,-95.35250212076133,0.2492246133085132,0,0,0
80.64516129032256,-41.935483870967744,-95.62379352001243,-95.63286577590557,-95.3485994979402,0.2661217661790829,1,0,0
87.09677419354838,-41.935483870967744,-95.64663213045608,-95.65685504932917,-95.35325706058158,0.283152151001417,0,0,0
93.54838709677418,-41.935483870967744,-95.67800471842192,-95.68929994190657,-95.36623058080468,0.300478914132583,0,0,0
100.0,-41.935483870967744,-95.71785037262224,-95.73013713335243,-95.3872944397704,0.31826917212164574,0,0,0
-100.0,-35.483870967741936,-99.86733079601179,-99.76237897023492,-99.71915050760556,0.04322846262935798,0,0,0
-93.54838709677419,-35.483870967741936,-99.32592406844921,-99.23326189307075,-99.2582632960497,-0.025001402978958254,0,0,0
-87.09677419354838,-35.483870967741936,-98.82104649778022,-98.74026396973349,-98.82643665198299,-0.07539237384395392,0,0,0
-80.64516129032259,-35.483870967741936,-98.3564192098334,-98.28671645634833,-98.42460203380122,-0.0015199295172578786,1,0,0
-74.19354838709677,-35.483870967741936,-97.93328597533802,-97.87366953328211,-98.05270431539586,0.05980189800192193,0,0,0
-67.74193548387098,-35.483870967741936,-97.55123412307405,-97.50064301947965,-97.71003670842616,0.10821148175770645,0,0,0
-61.29032258064517,-35.483870967741936,-97.2087905290273,-97.16617326266416,-97.39548190801338,0.14407411262294545,1,0,0
-54.83870967741936,-35.483870967741936,-96.90383852140812,-96.86819769549157,-97.10768223791572,0.1682028905910613,0,0,0
-48.38709677419355,-35.483870967741936,-96.63390327950162,-96.60431970722783,-96.84515784045152,0.1816709886761032,0,0,0
-41.935483870967744,-35.483870967741936,-96.39634486088353,-96.37198896728151,-96.60638760627266,0.18568685178711064,0,0,0
-35.483870967741936,-35.483870967741936,-96.18848795288473,-96.1686234465802,-96.38986369284183,0.1815112336525715,0,0,0
-29.032258064516128,-35.483870967741936,-96.00770883172714,-95.99169172114601,-96.19412743841332,0.1704014961050433,0,0,0
-22.580645161290334,-35.483870967741936,-95.85149347145553,-95.83876828653273,-96.01779220678083,0.15357355040249843,0,0,0
-16.129032258064527,-35.483870967741936,-95.71747606993212,-95.70757039972875,-95.8595570570141,0.13217531687861594,0,0,0
-9.677419354838719,-35.483870967741936,-95.60346403672733,-95.59598204383829,-95.71821397033447,0.10726794071810275,0,0,0
-3.225806451612911,-35.483870967741936,-95.50745332507203,-95.50206863932159,-95.5926505534677,0.07981254264522875,0,0,0
3.225806451612897,-35.483870967741936,-95.42763657704909,-95.42408483081127,-95.48184957344654,0.050661250159635074,0,0,0
9.677419354838705,-35.483870967741936,-95.36240565970813,-95.36047685735826,-95.38488628834017,0.02055182628217267,0,0,0
16.129032258064512,-35.483870967741936,-95.31034963605991,-95.30988051911577,-95.30092426822358,0.008956250892182993,0,0,0
22.58064516129032,-35.483870967741936,-95.2702489212655,-95.27111547816585,-95.22921021301121,0.04017215135394281,0,0,0
29.032258064516128,-35.483870967741936,-95.24106623514115,-95.24317649735634,-95.16906814224832,0.06988783067762938,0,0,0
35.48387096774192,-35.483870967741936,-95.2219349143492,-95.22522217099315,-95.11989323837625,0.09875441932901197,0,0,0
41.935483870967744,-35.483870967741936,-95.21214514519846,-95.21656169290415,-95.08114555698653,0.12658304050624736,0,0,0
48.38709677419354,-35.483870967741936,-95.21112868823056,-95.21664021101427,-95.05234376679795,0.15327339864890632,0,0,0
54.83870967741933,-35.483870967741936,-95.21844266748099,-95.2250233138968,-95.03305904299617,0.17880297806900103,0,0,0
61.29032258064515,-35.483870967741936,-95.23375297878131,-95.24138117321557,-95.02290920655884,0.20321557778821386,1,0,0
67.74193548387095,-35.483870967741936,-95.25681782886487,-95.26547282311896,-95.02155317695333,0.22660965765744834,0,0,0
74.19354838709677,-35.483870967741936,-95.28747185224633,-95.29713099519712,-95.02868578470043,0.2491269245951031,1,0,0
80.64516129032256,-35.483870967741936,-95.32561117154378,-95.33624785070984,-95.0440329728486,0.27094151952913137,0,0,0
87.09677419354838,-35.483870967741936,-95.3711796765821,-95.38276186712737,-95.0673474018605,0.2922500841763309,0,0,0
93.54838709677418,-35.483870967741936,-95.4241567058966,-95.43664605049047,-95.09840446040458,0.31326290089816666,1,0,0
100.0,-35.483870967741936,-95.48454622783865,-95.4978975646525,-95.13699867481051,0.33419621621428064,0,0,0
-100.0,-29.032258064516128,-98.65498380404163,-98.57319269268812,-98.76050263614889,0.0237277207537403,0,0,0
-93.54838709677419,-29.032258064516128,-98.12649193753404,-98.0578261329079,-98.3144038135282,0.11924607136802479,0,0,0
-87.09677419354838,-29.032258064516128,-97.64546365062222,-97.58869194969867,-97.9026044952588,0.20036914371303283,0,0,0
-80.64516129032259,-29.032258064516128,-97.21210196830259,-97.16589517222415,-97.52443265946854,0.2661238950875173,1,0,0
-74.19354838709677,-29.032258064516128,-96.82511546971426,-96.78815189099237,-97.17864976837959,0.316570719943428,0,0,0
-67.74193548387098,-29.032258064516128,-96.4823039902079,-96.45332807363229,-96.86368418211683,0.35240427533332763,0,0,0
-61.29032258064517,-29.032258064516128,-96.18095038353613,-96.15880273496111,-96.57779031876666,0.3746922866555167,0,0,0
-54.83870967741936,-29.032258064516128,-95.91807810124249,-95.90170871101574,-96.31915567557581,0.3847081841065858,0,0,0
-48.38709677419355,-29.032258064516128,-95.69061892643535,-95.67909083085839,-96.08597175475433,0.38382473274201345,0,0,0
-41.935483870967744,-29.032258064516128,-95.49552174549007,-95.48800942244186,-95.87648019688224,0.3734461283439714,0,0,0
-35.483870967741936,-29.032258064516128,-95.32982310593597,-95.32560806769703,-95.68900194961665,0.35496380544174144,0,0,0
-29.032258064516128,-29.032258064516128,-95.19069316762732,-95.18915810644936,-95.52195483918929,0.3297266103840144,0,0,0
-22.580645161290334,-29.032258064516128,-95.07546579180145,-95.0760879829508,-95.37386320620607,0.2977752232552717,0,0,0
-16.129032258064527,-29.032258064516128,-94.98165826398426,-94.98400256296176,-95.24336209937809,0.25935953641632636,0,0,0
-9.677419354838719,-29.032258064516128,-94.9069840053971,-94.91069558189199,-95.12919772799096,0.21850214609897023,1,0,0
-3.225806451612911,-29.032258064516128,-94.84936023872751,-94.85415710179252,-95.03022533890316,0.17606823711064123,0,0,0
3.225806451612897,-29.032258064516128,-94.80691169835966,-94.81257704257547,-94.94540532439844,0.1328282818229667,1,0,0
9.677419354838705,-29.032258064516128,-94.77797095240071,-94.78434536562835,-94.87379812642271,0.08945276079435871,0,0,0
16.129032258064512,-29.032258064516128,-94.76107562520163,-94.76804922613175,-94.8145583415444,0.046509115412646906,0,0,0
22.58064516129032,-29.032258064516128,-94.75496269756204,-94.762467302635,-94.76692832271992,0.004461020084917777,1,0,0
29.032258064516128,-29.032258064516128,-94.75856005978173,-94.76656150528599,-94.7302315004714,0.020327113806061448,0,0,0
35.48387096774192,-29.032258064516128,-94.77097555508125,-94.7794663157666,-94.70386559514819,0.058619199247715414,1,0,0
41.935483870967744,-29.032258064516128,-94.79148384166294,-94.8004760893671,-94.68729585538355,0.095195738575228,1,0,0
48.38709677419354,-29.032258064516128,-94.81951149283509,-94.829030727287,-94.68004843030471,0.12994382807846705,0,0,0
54.83870967741933,-29.032258064516128,-94.85462082606135,-94.86470018705974,-94.68170396110615,0.1628375039568084,0,0,0
61.29032258064515,-29.032258064516128,-94.89649299123752,-94.90716833009044,-94.69189145917986,0.1939261932047458,0,0,0
67.74193548387095,-29.032258064516128,-94.94491085103112,-94.95621660343298,-94.71028252190618,0.22332257672309197,0,0,0
74.19354838709677,-29.032258064516128,-94.99974215313637,-95.01170801952003,-94.73658592284642,0.25119036390628935,0,0,0
80.64516129032256,-29.032258064516128,-95.06092343190014,-95.07357183815209,-94.77054260016894,0.27773242547924326,0,0,0
87.09677419354838,-29.032258064516128,-95.12844499382574,-95.14178927761625,-94.8119210556216,0.3031796544136256,0,0,0
93.54838709677418,-29.032258064516128,-95.2023372478267,-95.2163804951603,-94.86051316625307,0.3277808342400448,0,0,0
100.0,-29.032258064516128,-95.28265854602084,-95.29739298941507,-94.9161304024264,0.3517937002002043,0,0,0
-100.0,-22.580645161290334,-97.50573801634206,-97.44980455458898,-97.84523205012991,0.2835605720347587,0,0,0
-93.54838709677419,-22.580645161290334,-97.00602016521715,-96.96269739789366,-97.42167655802852,0.37233362548788307,0,0,0
-87.09677419354838,-22.580645161290334,-96.55910730596068,-96.52680194831731,-97.03515191466578,0.4437392510617286,0,0,0
-80.64516129032259,-22.580645161290334,-96.1630995812284,-96.14028339165871,-96.68397934909436,0.4980635782962821,0,0,0
-74.19354838709677,-22.580645161290334,-95.81528930399355,-95.80054255777543,-96.36620884651941,0.5361727963077385,0,0,0
-67.74193548387098,-22.580645161290334,-95.51253748093754,-95.50456723114786,-96.07976943602709,0.5592617052998747,0,0,0
-61.29032258064517,-22.580645161290334,-95.25151303714615,-95.24915768050747,-95.8225671359731,0.5686987421882606,0,0,0
-54.83870967741936,-22.580645161290334,-95.02884305580554,-95.03106988975908,-95.59254772366523,0.561477833906153,0,0,0
-48.38709677419355,-22.580645161290334,-94.84120641352929,-94.84710592100724,-95.38773601715933,0.5406300961520856,0,0,0
-41.935483870967744,-22.580645161290334,-94.68539194777048,-94.6941707995871,-95.20625952778866,0.5120887282015616,0,0,0
-35.483870967741936,-22.580645161290334,-94.55833470977255,-94.56930846312483,-95.04636172785851,0.4770532647336836,0,0,0
-29.032258064516128,-22.580645161290334,-94.45713885145204,-94.46972475102945,-94.90640841747008,0.4366836664406293,1,0,0
-22.580645161290334,-22.580645161290334,-94.37909242023903,-94.39280239743879,-94.78488949889845,0.39208710145966563,0,0,0
-16.129032258064527,-22.580645161290334,-94.32167720010182,-94.33611101062189,-94.68041768669639,0.3443066760744955,0,0,0
-9.677419354838719,-22.580645161290334,-94.28257534852744,-94.29741372749136,-94.59172516661954,0.2943114391281796,0,0,0
-3.225806451612911,-22.580645161290334,-94.25967368740322,-94.2746713975198,-94.51765887849831,0.2429874809785133,1,0,0
3.225806451612897,-22.580645161290334,-94.25106595218648,-94.26604463141328,-94.45717487804535,0.19113024663207057,1,0,0
9.677419354838705,-22.580645161290334,-94.25505298774314,-94.26989375311818,-94.40933209045836,0.13943833734018085,0,0,0
16.129032258064512,-22.580645161290334,-94.2701407343395,-94.28477655658898,-94.37328567773362,0.08850912114463938,0,0,0
22.58064516129032,-22.580645161290334,-94.29503582603765,-94.30944374618576,-94.34828018375286,0.03883643756709887,1,0,0
29.032258064516128,-22.580645161290334,-94.32863868868664,-94.34283199593892,-94.33364258431466,-0.009189411624262789,0,0,0
35.48387096774192,-22.580645161290334,-94.37003414332383,-94.38405466767635,-94.32877534514704,0.027238273824281123,0,0,0
41.935483870967744,-22.580645161290334,-94.41847966413796,-94.43239035435836,-94.33314957425851,0.07141939965904953,0,0,0
48.38709677419354,-22.580645161290334,-94.47339158278689,-94.48726953984871,-94.34629834226307,0.11321528346199727,0,0,0
54.83870967741933,-22.580645161290334,-94.53432965230321,-94.54825977147685,-94.36781023349118,0.15258929963839307,0,0,0
61.29032258064515,-22.580645161290334,-94.60098046968774,-94.61504981455843,-94.3973231805883,0.18958794422874803,1,0,0
67.74193548387095,-22.580645161290334,-94.67314029899362,-94.68743329213568,-94.43451862535926,0.2243286804922917,0,0,0
74.19354838709677,-22.580645161290334,-94.75069783538973,-94.76529230812639,-94.479116038704,0.2569873239490619,0,0,0
80.64516129032256,-22.580645161290334,-94.83361741011544,-94.8485815123076,-94.53086782270549,0.2877854852177819,0,0,0
87.09677419354838,-22.580645161290334,-94.92192306514417,-94.93731299901044,-94.58955460848128,0.3169785227966173,0,0,0
93.54838709677418,-22.580645161290334,-95.01568383556538,-95.03154234769318,-94.65498095456735,0.34484436887024117,0,0,0
100.0,-22.580645161290334,-95.11500047813857,-95.131356022437,-94.72697144257752,0.3716734912626123,0,0,0
-100.0,-16.129032258064527,-96.46868546286784,-96.43755723984879,-96.99959474169098,0.4997810558040925,0,0,0
-93.54838709677419,-16.129032258064527,-96.00388505798888,-95.98431137899487,-96.60184519142112,0.5783864544382311,0,0,0
-87.09677419354838,-16.129032258064527,-95.59388485583492,-95.5841664832708,-96.24227048546452,0.6386672570654923,0,0,0
-80.64516129032259,-16.129032258064527,-95.2356637696186,-95.23424157890022,-95.9186097666784,0.6815238063414313,0,0,0
-74.19354838709677,-16.129032258064527,-94.92580805073158,-94.93127269103593,-95.6285200115253,0.6972473204893674,0,0,0
-67.74193548387098,-16.129032258064527,-94.66074667171667,-94.67183653957693,-95.36966821886168,0.6978316792847465,0,0,0
-61.29032258064517,-16.129032258064527,-94.43689465939025,-94.45248862127423,-95.13978850547603,0.6872998842018063,1,0,0
-54.83870967741936,-16.129032258064527,-94.25073903473998,-94.26984732000001,-94.93671635291494,0.6668690329149314,0,0,0
-48.38709677419355,-16.129032258064527,-94.09888958926643,-94.1206445568726,-94.75840805001211,0.6377634931395022,0,0,0
-41.935483870967744,-16.129032258064527,-93.97810856453762,-94.00175608694715,-94.60295058260041,0.6011944956532602,0,0,0
-35.483870967741936,-16.129032258064527,-93.88532802746661,-93.91021970961306,-94.46856538203954,0.5583456724264835,0,0,0
-29.032258064516128,-16.129032258064527,-93.81766034056858,-93.84324651444624,-94.35360813883784,0.5103616243916065,0,0,0
-22.580645161290334,-16.129032258064527,-93.77240493631223,-93.79822823654068,-94.25656610126234,0.4583378647216563,0,0,0
-16.129032258064527,-16.129032258064527,-93.74705318172559,-93.77274245616323,-94.17605376818017,0.4033113120169389,0,0,0
-9.677419354838719,-16.129032258064527,-93.73929219106806,-93.7645565005282,-94.1108075560953,0.34625105556709457,0,0,0
-3.225806451612911,-16.129032258064527,-93.74700784373603,-93.77163033761053,-94.05967981031134,0.2880494727008056,0,0,0
3.225806451612897,-16.129032258064527,-93.76828689072299,-93.79211839931885,-94.02163239837483,0.2295139990559818,0,0,0
9.677419354838705,-16.129032258064527,-93.80141782468635,-93.8243700758268,-93.99573004323216,0.1713599674053512,0,0,0
16.129032258064512,-16.129032258064527,-93.84489010691398,-93.86692854644666,-93.9811335056818,0.1142049592351384,0,0,0
22.58064516129032,-16.129032258064527,-93.8973913610973,-93.91852762732918,-93.9770926985237,0.058565071194522034,0,0,0
29.032258064516128,-16.129032258064527,-93.95780223471134,-93.97808639882187,-93.98293980007003,0.0048534012481553646,0,0,0
35.48387096774192,-16.129032258064527,-94.02518877044308,-94.0447015029606,-93.9980824268941,0.0075936110314529515,0,0,0
41.935483870967744,-16.129032258064527,-94.09879229863016,-94.11763715202488,-94.02199692125266,0.05795052398276823,0,0,0
48.38709677419354,-16.129032258064527,-94.1780170336591,-94.19631304113544,-94.05422180524224,0.10549922094052988,1,0,0
54.83870967741933,-16.129032258064527,-94.2624157117595,-94.2802904928805,-94.09435145009775,0.1501894805407602,0,0,0
61.29032258064515,-16.129032258064527,-94.35167372808544,-94.36925726562163,-94.14203000448276,0.19206018606649877,0,0,0
67.74193548387095,-16.129032258064527,-94.4455923069156,-94.46301152062978,-94.1969456199119,0.23122747328952187,0,0,0
74.19354838709677,-16.129032258064527,-94.54407126646942,-94.5614454637004,-94.25882500472527,0.26787206451317047,0,0,0
80.64516129032256,-16.129032258064527,-94.64709192178539,-94.6645291570404,-94.32742833056425,0.3022263559661269,0,0,0
87.09677419354838,-16.129032258064527,-94.75470061287905,-94.77229494391268,-94.40254450744212,0.3345617744032978,0,0,0
93.54838709677418,-16.129032258064527,-94.86699326167624,-94.884822851338,-94.483986835666,0.36517683634848197,0,0,0
100.0,-16.129032258064527,-94.98410126183293,-95.00222724551784,-94.57158903535954,0.3943862427884852,0,0,0
-100.0,-9.677419354838719,-95.56911517131128,-95.55992361188902,-96.23933956623011,0.6610328354965702,0,0,0
-93.54838709677419,-9.677419354838719,-95.13978354977891,-95.14099192915918,-95.86781758519885,0.7268256560396651,0,0,0
-87.09677419354838,-9.677419354838719,-94.765435864597,-94.77535630049744,-95.53468716088508,0.7593308603876494,0,0,0
-80.64516129032259,-9.677419354838719,-94.44251612561706,-94.45962903223892,-95.23737847667029,0.7777494444313646,1,0,0
-74.19354838709677,-9.677419354838719,-94.16730899565884,-94.19025637717233,-94.97335404450078,0.7830976673284482,0,0,0
-67.74193548387098,-9.677419354838719,-93.93608942847382,-93.9636637849913,-94.74016319825296,0.7764994132616607,1,0,0
-61.29032258064517,-9.677419354838719,-93.7452099645501,-93.77634224293686,-94.53547341538551,0.7591311724486474,0,0,0
-54.83870967741936,-9.677419354838719,-93.59115020756668,-93.62489842290726,-94.35708697725985,0.7321885543525894,0,0,0
-48.38709677419355,-9.677419354838719,-93.4705438964944,-93.50608306996344,-94.2029484280753,0.6968653581118645,0,0,0
-41.935483870967744,-9.677419354838719,-93.38019317768126,-93.41680671610501,-94.07114631684614,0.6543396007411246,0,0,0
-35.483870967741936,-9.677419354838719,-93.31707598942329,-93.3541483641551,-93.95991143187571,0.6057630677206163,1,0,0
-29.032258064516128,-9.677419354838719,-93.27835011511903,-93.31536056931188,-93.86761291643307,0.5522523471211969,0,0,0
-22.580645161290334,-9.677419354838719,-93.26135594050142,-93.29787290336364,-93.7927531278223,0.49488022445865454,1,0,0
-16.129032258064527,-9.677419354838719,-93.26361895514522,-93.2992948372876,-93.733961766496,0.43466692920839023,0,0,0
-9.677419354838719,-9.677419354838719,-93.28285237959321,-93.31741844865374,-93.68998959056627,0.3725711419125304,0,0,0
-3.225806451612911,-9.677419354838719,-93.3169598647998,-93.35022094641296,-93.65970190071751,0.30948095430454714,1,0,0
3.225806451612897,-9.677419354838719,-93.36403793503239,-93.39586674545936,-93.64207190284279,0.24620515738342874,0,0,0
9.677419354838705,-9.677419354838719,-93.42237769153729,-93.45270868019401,-93.63617401198684,0.18346533179283142,0,0,0
16.129032258064512,-9.677419354838719,-93.49046523968693,-93.51928789726749,-93.64117713895939,0.1218892416919033,0,0,0
22.58064516129032,-9.677419354838719,-93.56698033072446,-93.59433199572939,-93.65633799182862,0.06200599609923074,0,0,0
29.032258064516128,-9.677419354838719,-93.6507928052645,-93.67675107213942,-93.68099442277982,0.004243350640393828,0,0,0
35.48387096774192,-9.677419354838719,-93.74095657206426,-93.76563146178371,-93.71455885265975,0.001722829685064653,0,0,0
41.935483870967744,-9.677419354838719,-93.83670103231995,-93.86022712617724,-93.75651180843228,0.05666313003038681,0,0,0
48.38709677419354,-9.677419354838719,-93.93742004535056,-93.9599488019597,-93.80639561114022,0.10849567760121204,0,0,0
54.83870967741933,-9.677419354838719,-94.04265870500772,-94.06435117850494,-93.86380825291944,0.15715797859107283,0,0,0
61.29032258064515,-9.677419354838719,-94.15209833953669,-94.17311849555364,-93.92839750074971,0.20268068277003692,0,0,0
67.74193548387095,-9.677419354838719,-94.26554024807791,-94.28604903719881,-93.99985526190628,0.24517619705073912,0,0,0
74.19354838709677,-9.677419354838719,-94.38288873817112,-94.40303903956938,-94.07791224171953,0.28482619505332707,0,0,0
80.64516129032256,-9.677419354838719,-94.50413403071846,-94.52406652730657,-94.16233291860038,0.32186861552996504,0,0,0
87.09677419354838,-9.677419354838719,-94.629335557782,-94.64917555391644,-94.25291085477474,0.3565847068728232,0,0,0
93.54838709677418,-9.677419354838719,-94.75860610424348,-94.77846125226023,-94.3494643542445,0.38928660198223497,0,0,0
100.0,-9.677419354838719,-94.89209714864421,-94.91205601427909,-94.4518324725322,0.42030581047713156,0,0,0
-100.0,-3.225806451612911,-94.81777879757864,-94.82695208716339,-95.5730753685338,0.7461232813704015,1,0,0
-93.54838709677419,-3.225806451612911,-94.42164349786204,-94.44016153937285,-95.22656203372576,0.7864004943529039,0,0,0
-87.09677419354838,-3.225806451612911,-94.07975301709696,-94.10598302516087,-94.91815205571284,0.8121690305519706,0,0,0
-80.64516129032259,-3.225806451612911,-93.78834622841012,-93.82083002247674,-94.64513312667124,0.8243031041944988,1,0,0
-74.19354838709677,-3.225806451612911,-93.5436260289242,-93.58106617526973,-94.40489160082342,0.823825425553693,1,0,0
-67.74193548387098,-3.225806451612911,-93.34185959169189,-93.38310482031687,-94.19494347381368,0.8118386534968067,0,0,0
-61.29032258064517,-3.225806451612911,-93.17943436124379,-93.22346606701046,-94.01294995846372,0.7894838914532585,0,0,0
-54.83870967741936,-3.225806451612911,-93.0528877412817,-93.09880827060906,-93.85672360779411,0.7579153371850538,0,0,0
-48.38709677419355,-3.225806451612911,-92.95892167155317,-93.00594452035074,-93.724228734157,0.7182842138062568,0,0,0
-41.935483870967744,-3.225806451612911,-92.89440902629556,-92.9418507852909,-93.61357846875472,0.6717276834638284,0,0,0
-35.483870967741936,-3.225806451612911,-92.85639606698724,-92.90366981316517,-93.52302991097235,0.6193600978071885,0,0,0
-29.032258064516128,-3.225806451612911,-92.84210345603931,-92.8887132325153,-93.45097824806082,0.5622650155455204,0,0,0
-22.580645161290334,-3.225806451612911,-92.84892721585302,-92.89446323070194,-93.39595036582668,0.5014871351247336,0,0,0
-16.129032258064527,-3.225806451612911,-92.87444027290589,-92.91857446254784,-93.35659824574094,0.43802378319310264,0,0,0
-9.677419354838719,-3.225806451612911,-92.91639472345372,-92.95887636006411,-93.33169230567577,0.37281594561166287,0,0,0
-3.225806451612911,-3.225806451612911,-92.97272461717655,-93.01337568858065,-93.32011475970843,0.30673907112777954,0,0,0
3.225806451612897,-3.225806451612911,-93.04154883367116,-93.08025898603091,-93.3208530271226,0.2405940410916827,0,0,0
9.677419354838705,-3.225806451612911,-93.12117350061774,-93.15789440627903,-93.3329931987497,0.17509879247067772,0,0,0
16.129032258064512,-3.225806451612911,-93.21009335874376,-93.24483245005445,-93.35571356132235,0.11088111126790068,0,0,0
22.58064516129032,-3.225806451612911,-93.3069915081615,-93.33980509769503,-93.38827818158352,0.04847308388848148,0,0,0
29.032258064516128,-3.225806451612911,-93.41073706329362,-93.44172294557526,-93.43003055744263,-0.011692388132630072,1,0,0
35.48387096774192,-3.225806451612911,-93.52038038622084,-93.549670079447,-93.48038735070767,0.01070334228700176,0,0,0
41.935483870967744,-3.225806451612911,-93.63514574393511,-93.66289657677922,-93.53883222301212,0.06856268807888455,0,0,0
48.38709677419354,-3.225806451612911,-93.75442142382708,-93.7808086984598,-93.60490980231873,0.12312434687564178,1,0,0
54.83870967741933,-3.225806451612911,-93.87774752332692,-93.90295698979331,-93.67821981118709,0.17431824567343313,0,0,0
61.29032258064515,-3.225806451612911,-94.0048017853389,-94.02902264556931,-93.75841138955965,0.22216953554882934,0,0,0
67.74193548387095,-3.225806451612911,-94.13538396676869,-94.15880259218973,-93.84517764420103,0.26678769714661144,0,0,0
74.19354838709677,-3.225806451612911,-94.26939929476293,-94.29219379485139,-93.93825045433798,0.308354340336507,0,0,0
80.64516129032256,-3.225806451612911,-94.4068415826409,-94.42917730874454,-94.03739555886816,0.3471102976690901,0,0,0
87.09677419354838,-3.225806451612911,-94.54777654919995,-94.56980256437504,-94.14240794515837,0.38334258886649764,0,0,0
93.54838709677418,-3.225806451612911,-94.69232582004418,-94.71417231650952,-94.25310755340165,0.4173717701771835,0,0,0
100.0,-3.225806451612911,-94.84065199929566,-94.86242860402612,-94.36933530415246,0.44954009041273935,1,0,0
-100.0,3.225806451612897,-94.21718044618885,-94.24098812150586,-95.00485459394082,0.7638664724349553,0,0,0
-93.54838709677419,3.225806451612897,-93.85073620960381,-93.8830038015785,-94.68126653360004,0.7982627320215414,0,0,0
-87.09677419354838,3.225806451612897,-93.53734377749582,-93.57650329024501,-94.39524155094563,0.8187382607006128,0,0,0
-80.64516129032259,3.225806451612897,-93.27322060821665,-93.3178758645164,-94.14402346559156,0.8261476010751636,0,0,0
-74.19354838709677,3.225806451612897,-93.05460649144946,-93.10351669187813,-93.9249910856837,0.8214743938055733,0,0,0
-67.74193548387098,3.225806451612897,-92.87783691556794,-92.92990118332284,-93.73567492922193,0.8057737458990886,0,0,0
-61.29032258064517,3.225806451612897,-92.73938270718311,-92.79362659505777,-93.57376344670766,0.7801368516498854,0,0,0
-54.83870967741936,3.225806451612897,-92.63586985560146,-92.691434064007,-93.43710302029439,0.745668956287389,0,0,0
-48.38709677419355,3.225806451612897,-92.56408820919184,-92.62021940024972,-93.32369439233324,0.7034749920835139,0,0,0
-41.935483870967744,3.225806451612897,-92.52099442610694,-92.57703784582287,-93.23168715052222,0.6546493046993476,0,0,0
-35.483870967741936,3.225806451612897,-92.50371246048832,-92.55910600671733,-93.15937324884962,0.6002672421322899,1,0,0
-29.032258064516128,3.225806451612897,-92.50953351107466,-92.56380286185838,-93.10518013536858,0.5413772735102071,0,0,0
-22.580645161290334,3.225806451612897,-92.53591646816847,-92.58867088981006,-93.06766380271988,0.47899291290981694,0,0,0
-16.129032258064527,3.225806451612897,-92.58048929389568,-92.63141777049333,-93.04550192040729,0.41408414991396114,0,0,0
-9.677419354838719,3.225806451612897,-92.64105135632006,-92.68991871852961,-93.03748711422685,0.3475683956972375,0,0,0
-3.225806451612911,3.225806451612897,-92.71557645121135,-92.76221923057005,-93.0425204055453,0.28030117497525,0,0,0
3.225806451612897,3.225806451612897,-92.80221605427616,-92.84653784977166,-93.05960479678,0.21306694700832907,0,0,0
9.677419354838705,3.225806451612897,-92.89930223563317,-92.94126844968659,-93.08783897979112,0.14657053010452614,0,0,0
16.129032258064512,3.225806451612897,-93.00534962940063,-93.04498150792037,-93.12641114454387,0.081429636623497,0,0,0
22.58064516129032,3.225806451612897,-93.1190558789969,-93.15642386984112,-93.17459287186864,0.01816900202751981,0,0,0
29.032258064516128,3.225806451612897,-93.2393000661145,-93.27451658622925,-93.23173310343128,-0.027649557431544736,0,0,0
35.48387096774192,3.225806451612897,-93.36513876759105,-93.39835053488899,-93.2972521919895,0.03467480830360614,0,0,0
41.935483870967744,3.225806451612897,-93.49579955458012,-93.52717969052945,-93.37063604424253,0.09378337438825213,0,0,0
48.38709677419354,3.225806451612897,-93.63067193416883,-93.66041207284295,-93.45143037617625,0.14950141931846872,0,0,0
54.83870967741933,3.225806451612897,-93.76929591522043,-93.79759856228057,-93.53923510624341,0.2017581619168709,0,0,0
61.29032258064515,3.225806451612897,-93.91134853929658,-93.93841991066805,-93.63369891481716,0.25057825310796034,0,0,0
67.74193548387095,3.225806451612897,-94.05662883936796,-94.08267237726947,-93.73451399915481,0.29607130231163126,1,0,0
74.19354838709677,3.225806451612897,-94.20504176447895,-94.23025248285954,-93.8414110518346,0.33841999426375935,0,0,0
80.64516129032256,3.225806451612897,-94.35658163483231,-94.38114139303737,-93.95415448761702,0.377867389010234,0,0,0
87.09677419354838,3.225806451612897,-94.511315672098,-94.53538942068364,-94.0725379393561,0.41470398415624743,0,0,0
93.54838709677418,3.225806451612897,-94.66936809209506,-94.69310108338904,-94.19638003835942,0.4492550624416509,0,0,0
100.0,3.225806451612897,-94.83090516224955,-94.85442107448031,-94.32552048890011,0.48186876111867605,0,0,0
-100.0,9.677419354838705,-93.76515583830013,-93.79994651737545,-94.53591350005652,0.7359669826810773,0,0,0
-93.54838709677419,9.677419354838705,-93.42452452053175,-93.46707435101762,-94.23277510068091,0.7657007496632957,0,0,0
-87.09677419354838,9.677419354838705,-93.13552212393036,-93.18432381682628,-93.96655105973245,0.7822272429061741,0,0,0
-80.64516129032259,9.677419354838705,-92.8944516971042,-92.94816380258877,-93.73449917021216,0.7863353676233942,0,0,0
-74.19354838709677,9.677419354838705,-92.69765719984052,-92.75508732541496,-93.53402996635361,0.7789426409386522,0,0,0
-67.74193548387098,9.677419354838705,-92.54158404010292,-92.60167372416484,-93.36271512072962,0.761041396564778,0,0,0
-61.29032258064517,9.677419354838705,-92.42281163243962,-92.48462345584886,-93.21828835719737,0.7336649013485044,1,0,0
-54.83870967741936,9.677419354838705,-92.33806951180668,-92.40077649774379,-93.09864208679912,0.6978655890553256,0,0,0
-48.38709677419355,9.677419354838705,-92.28424426008745,-92.34712135237523,-93.00182173359543,0.6547003812202092,0,0,0
-41.935483870967744,9.677419354838705,-92.25838177382208,-92.32079906505233,-92.92601893666179,0.6052198716094637,0,0,0
-35.483870967741936,9.677419354838705,-92.25768764818908,-92.31910498231,-92.86956432349061,0.5504593411806127,1,0,0
-29.032258064516128,9.677419354838705,-92.27952730841307,-92.33948987277478,-92.83092024267981,0.4914303699050322,1,0,0
-22.580645161290334,9.677419354838705,-92.32142675661595,-92.37956128924706,-92.80867365344042,0.4291123641933581,0,0,0
-16.129032258064527,9.677419354838705,-92.38107427924909,-92.43708554154823,-92.80152925411464,0.3644437125664126,1,0,0
-9.677419354838719,9.677419354838705,-92.45632309394567,-92.50999029502165,-92.80830286488786,0.29831256986621213,0,0,0
-3.225806451612911,9.677419354838705,-92.54519465726466,-92.59636756367078,-92.82791504407297,0.23154748040218465,0,0,0
3.225806451612897,9.677419354838705,-92.64588218126269,-92.694476704647,-92.85938490161135,0.16490819696434755,0,0,0
9.677419354838705,9.677419354838705,-92.75675380508099,-92.80274692902702,-92.90182407037527,0.0990771413482463,0,0,0
16.129032258064512,9.677419354838705,-92.87635483229201,-92.91977881541627,-92.9544308005071,0.03465198509083223,0,0,0
22.58064516129032,9.677419354838705,-93.00340847156674,-93.04434434218649,-93.01648415095023,-0.027860191236257492,0,0,0
29.032258064516128,9.677419354838705,-93.1368146014893,-93.17538503407077,-93.08733826312132,0.01090590578651529,0,0,0
35.48387096774192,9.677419354838705,-93.27564621043626,-93.31200793931006,-93.1664167126691,0.07286776889336011,0,0,0
41.935483870967744,9.677419354838705,-93.41914332545807,-93.4534793012281,-93.25320694531155,0.1316004043764849,0,0,0
48.38709677419354,9.677419354838705,-93.56670442281278,-93.59921594722312,-93.34725481109133,0.1869380873111055,0,0,0
54.83870967741933,9.677419354838705,-93.71787548848916,-93.74877457218639,-93.44815921761881,0.23881718717311173,0,0,0
61.29032258064515,9.677419354838705,-93.8723370520164,-93.90183922711697,-93.5555669268193,0.28726795009654893,0,0,0
67.74193548387095,9.677419354838705,-94.02988963680428,-94.05820742526984,-93.66916752139721,0.3324043269415142,0,0,0
74.19354838709677,9.677419354838705,-94.19043814606702,-94.21777534031344,-93.78868856687956,0.3744123849410528,0,0,0
80.64516129032256,9.677419354838705,-94.35397573198308,-94.38052259160251,-93.91389099299958,0.41353787936407116,0,0,0
87.09677419354838,9.677419354838705,-94.52056767978968,-94.54649709364546,-94.04456471471164,0.45007355122226045,0,0,0
93.54838709677418,9.677419354838705,-94.6903357853381,-94.7158003968172,-94.18052450866614,0.4843466651928736,0,0,0
100.0,9.677419354838705,-94.86344362448769,-94.88857387339579,-94.32160615593483,0.5167072196447577,0,0,0
-100.0,16.129032258064512,-93.45662610521626,-93.49892406358201,-94.16575577481113,0.666831711229122,1,0,0
-93.54838709677419,16.129032258064512,-93.13802565921392,-93.18755641126508,-93.88047888000315,0.6929224687380753,0,0,0
-87.09677419354838,16.129032258064512,-92.86948480208714,-92.9247937653484,-93.6314353914467,0.7066416260983033,0,0,0
-80.64516129032259,16.129032258064512,-92.64746310368749,-92.707254736927,-93.41593153638857,0.7086767994615712,1,0,0
-74.19354838709677,16.129032258064512,-92.46845328078236,-92.53157513870238,-93.2314323083217,0.699857169619321,0,0,0
-67.74193548387098,16.129032258064512,-92.32903816887975,-92.39446668919696,-93.07556538857627,0.6810986993793051,0,0,0
-61.29032258064517,16.129032258064512,-92.22592237429282,-92.29275083982613,-92.94611935420261,0.6533685143764814,0,0,0
-54.83870967741936,16.129032258064512,-92.15594882596204,-92.22337749811152,-92.84103871833804,0.6176612202265233,0,0,0
-48.38709677419355,16.129032258064512,-92.1161067449279,-92.18343494561127,-92.75841735478708,0.5749824091758171,0,0,0
-41.935483870967744,16.129032258064512,-92.10353515063707,-92.17015496927395,-92.69649123244528,0.5263362631713306,0,0,0
-35.483870967741936,16.129032258064512,-92.11552445805849,-92.1809157210991,-92.65363099173359,0.47271527063449525,1,0,0
-29.032258064516128,16.129032258064512,-92.14951768297351,-92.21324381650034,-92.62833464937435,0.4150908328740144,0,0,0
-22.580645161290334,16.129032258064512,-92.20311207116441,-92.26481649852666,-92.61922056625173,0.3544040677250706,0,0,0
-16.129032258064527,16.129032258064512,-92.27406148046134,-92.333464221199,-92.62502072207353,0.29155650087453466,0,0,0
-9.677419354838719,16.129032258064512,-92.36027950043768,-92.41717367240275,-92.6445742885786,0.22740061617584217,0,0,0
-3.225806451612911,16.129032258064512,-92.45984305164268,-92.51409102509362,-92.67682146636629,0.16273044127267156,0,0,0
3.225806451612897,16.129032258064512,-92.57099604263593,-92.62252505288016,-92.72079754000163,0.09827248712146286,0,0,0
9.677419354838705,16.129032258064512,-92.69215256812862,-92.74094966055816,-92.77562710592142,0.034677445363257675,0,0,0
16.129032258064512,16.129032258064512,-92.82189910000001,-92.86800535510203,-92.84051843374885,-0.02748692135317299,1,0,0
22.58064516129032,16.129032258064512,-92.95899515074977,-93.00249921230679,-92.9147579311155,0.0007331580772529378,0,0,0
29.032258064516128,16.129032258064512,-93.10237197002937,-93.14340297159231,-92.99770469299102,0.06363627547540318,0,0,0
35.48387096774192,16.129032258064512,-93.25112895967476,-93.28984900650124,-93.08878512745254,0.12362378539573626,0,0,0
41.935483870967744,16.129032258064512,-93.40452764766059,-93.4411240582534,-93.18748765979358,0.1804435772742039,0,0,0
48.38709677419354,16.129032258064512,-93.56198323014881,-93.59666076936458,-93.29335752524904,0.2339481656840121,1,0,0
54.83870967741933,16.129032258064512,-93.72305385567526,-93.75602719830516,-93.40599166701764,0.2840888460277142,0,0,0
61.29032258064515,16.129032258064512,-93.88742797004475,-93.9189146203796,-93.52503376054713,0.3309075591627817,1,0,0
67.74193548387095,16.129032258064512,-94.05491015149525,-94.08512401352053,-93.65016938722948,0.3745269022404898,0,0,0
74.19354838709677,16.129032258064512,-94.22540593489096,-94.2545516839875,-93.78112138089863,0.4151388048957898,0,0,0
80.64516129032256,16.129032258064512,-94.39890614849317,-94.42717450432609,-93.91764536909618,0.4529924235640692,0,0,0
87.09677419354838,16.129032258064512,-94.5754712699133,-94.60303521722,-94.059525528281,0.4883817943255906,0,0,0
93.54838709677418,16.129032258064512,-94.75521625618144,-94.78222821037066,-94.20657056839046,0.5216337336017602,0,0,0
100.0,16.129032258064512,-94.93829622607677,-94.9648860977567,-94.35860995773203,0.553096396664813,0,0,0
-100.0,22.58064516129032,-93.28421676915914,-93.33076985770904,-93.89278142036022,0.562011562651179,0,0,0
-93.54838709677419,22.58064516129032,-92.98424751273627,-93.03766232019653,-93.62283220743898,0.5851698872424436,0,0,0
-87.09677419354838,22.58064516129032,-92.7326208023817,-92.79148853091392,-93.38843794552973,0.596949414615807,0,0,0
-80.64516129032259,22.58064516129032,-92.52601150479634,-92.58907533587454,-93.18697523799004,0.5978999021155005,0,0,0
-74.19354838709677,22.58064516129032,-92.36109998427808,-92.42724074387014,-93.01597766347747,0.588736919607328,1,0,0
-67.74193548387098,22.58064516129032,-92.23463215000226,-92.30285538791509,-92.87313781732904,0.5702824294139504,0,0,0
-61.29032258064517,22.58064516129032,-92.14345475768877,-92.21287970724742,-92.75630457094758,0.5434248637001531,1,0,0
-54.83870967741936,22.58064516129032,-92.08453555039043,-92.15438600555557,-92.66347770940422,0.5090917038486538,0,0,0
-48.38709677419355,22.58064516129032,-92.05497446747802,-92.12457139582341,-92.59280126563655,0.4682298698131433,0,0,0
-41.935483870967744,22.58064516129032,-92.05200992841736,-92.12076553317098,-92.5425563372923,0.421790804121315,0,0,0
-35.483870967741936,22.58064516129032,-92.07302271882111,-92.14043561869241,-92.5111538363504,0.37071821765799484,0,0,0
-29.032258064516128,22.58064516129032,-92.11553900942658,-92.18119019376488,-92.49712741106171,0.31593721729683466,0,0,0
-22.580645161290334,22.58064516129032,-92.17723335442318,-92.240782580042,-92.49912664955798,0.2583440695159851,0,0,0
-16.129032258064527,22.58064516129032,-92.25593203653388,-92.31711435555397,-92.51591059619783,0.19879624064385837,0,0,0
-9.677419354838719,22.58064516129032,-92.34961678674028,-92.40823893000507,-92.54634156710023,0.1381026370951588,0,0,0
-3.225806451612911,22.58064516129032,-92.45642866811366,-92.51236505538623,-92.58937922856941,0.07701417318318704,1,0,0
3.225806451612897,22.58064516129032,-92.57467175473755,-92.62785996007639,-92.64407489350549,0.0162149334290973,0,0,0
9.677419354838705,22.58064516129032,-92.70281614713254,-92.75325171363498,-92.70956599126193,-0.04368572237305557,0,0,0
16.129032258064512,22.58064516129032,-92.83949983858561,-92.88723040773607,-92.78507067222236,0.006698597212789537,0,0,0
22.58064516129032,22.58064516129032,-92.98352897689585,-93.02864776944116,-92.86988251719022,0.06852766716032477,0,0,0
29.032258064516128,22.58064516129032,-93.13387614604247,-93.1765148981533,-92.96336533177063,0.12787206216100344,0,0,0
35.48387096774192,22.58064516129032,-93.28967641183948,-93.32999792675813,-93.06494801603945,0.18440688088138302,1,0,0
41.935483870967744,22.58064516129032,-93.45022102119673,-93.48841153777072,-93.17411950908615,0.23791099553658057,0,0,0
48.38709677419354,22.58064516129032,-93.61494880034286,-93.65121040252917,-93.29042381589846,0.28826338225808,0,0,0
54.83870967741933,22.58064516129032,-93.78343544692919,-93.81797874125569,-93.41345513019087,0.33543702241182416,1,0,0
61.29032258064515,22.58064516129032,-93.95538103947598,-93.98841831156975,-93.54285307101152,0.379490696370695,1,0,0
67.74193548387095,22.58064516129032,-94.13059618371476,-94.16233521332836,-93.6782980532984,0.4205591008027483,0,0,0
74.19354838709677,22.58064516129032,-94.30898727225262,-94.33962594321687,-93.81950681312219,0.4588417881661826,0,0,0
80.64516129032256,22.58064516129032,-94.49054135003108,-94.52026314245009,-93.96622810737779,0.49459145023428164,0,0,0
87.09677419354838,22.58064516129032,-94.67531105642726,-94.70428145839205,-94.11823860543548,0.5281020490269981,0,0,0
93.54838709677418,22.58064516129032,-94.86340006237614,-94.89176389202095,-94.275338987061,0.5596972456703355,0,0,0
100.0,22.58064516129032,-95.05494934662799,-95.08282893587611,-94.43735025706566,0.5897195003142173,0,0,0
-100.0,29.032258064516128,-93.23816854487544,-93.28599992048682,-93.71461419658405,0.42861427609723535,0,0,0
-93.54838709677419,29.032258064516128,-92.95403533711954,-93.00848772330725,-93.45761895553659,0.44913123222933393,0,0,0
-87.09677419354838,29.032258064516128,-92.71632254795968,-92.77603013023553,-93.23551106899879,0.4594809387632637,0,0,0
-80.64516129032259,29.032258064516128,-92.52198148075037,-92.58572261052407,-93.04575378728583,0.46003117676175975,0,0,0
-74.19354838709677,29.032258064516128,-92.36792403747361,-92.43460923207138,-92.8859597951346,0.4513505630632153,1,0,0
-67.74193548387098,29.032258064516128,-92.25109099059908,-92.31975170051912,-92.75389324615473,0.4341415456356117,0,0,0
-61.29032258064517,29.032258064516128,-92.16849465442493,-92.23827340926223,-92.64746735405294,0.4091939447907009,0,0,0
-54.83870967741936,29.032258064516128,-92.11724530790377,-92.18738739393301,-92.56473950598576,0.37735211205274766,1,0,0
-48.38709677419355,29.032258064516128,-92.09456759509635,-92.16441417079096,-92.50390511022451,0.3394909394335457,0,0,0
-41.935483870967744,29.032258064516128,-92.09781099774729,-92.16679342618514,-92.46329090972989,0.2964974835447549,0,0,0
-35.483870967741936,29.032258064516128,-92.12445702035895,-92.19209213740463,-92.4413481872015,0.24925604979686966,1,0,0
-29.032258064516128,29.032258064516128,-92.17212472838982,-92.23801074441253,-92.4366460934946,0.1986353490820676,1,0,0
-22.580645161290334,29.032258064516128,-92.23857558412845,-92.30238832018203,-92.44786521029178,0.14547689010974807,0,0,0
-16.129032258064527,29.032258064516128,-92.32171803417452,-92.38320721392716,-92.47379138424222,0.09058417031505428,0,0,0
-9.677419354838719,29.032258064516128,-92.41961195536317,-92.47859730826677,-92.51330982700085,0.03471251873408221,0,0,0
-3.225806451612911,29.032258064516128,-92.53047282488515,-92.58683980222077,-92.56539945308184,-0.021440349138927672,0,0,0
3.225806451612897,29.032258064516128,-92.65267532336439,-92.70637028498071,-92.62912741809174,-0.030147056343665213,0,0,0
9.677419354838705,29.032258064516128,-92.78475599396694,-92.83578078704602,-92.70364381902446,0.03008738186339599,0,0,0
16.129032258064512,29.032258064516128,-92.92541455769404,-92.97382047595693,-92.78817652260898,0.08883211682217507,0,0,0
22.58064516129032,29.032258064516128,-93.07351351716702,-93.11939469488422,-92.88202609496193,0.14560624448787962,0,0,0
29.032258064516128,29.032258064516128,-93.2280757593469,-93.27156211416269,-92.98456081438155,0.2000285901495431,0,0,0
35.48387096774192,29.032258064516128,-93.38827998026588,-93.42952986724887,-93.09521175790053,0.2518183353823531,0,0,0
41.935483870967744,29.032258064516128,-93.55345388816897,-93.59264666066694,-93.21346796037936,0.3007931552916432,0,0,0
48.38709677419354,29.032258064516128,-93.72306528038729,-93.76039396877674,-93.33887165192996,0.3468649400678743,1,0,0
54.83870967741933,29.032258064516128,-93.89671121898698,-93.93237553578399,-93.47101358498172,0.39003331720824974,0,0,0
61.29032258064515,29.032258064516128,-94.0741056379687,-94.10830549852147,-93.60952846618369,0.43037731123223466,0,0,0
67.74193548387095,29.032258064516128,-94.2550657913077,-94.28799550660113,-93.75409051055932,0.46804556545494336,0,0,0
74.19354838709677,29.032258064516128,-94.43949799154242,-94.47134124785477,-93.90440913599227,0.5032455992378146,0,0,0
80.64516129032256,29.032258064516128,-94.62738309271543,-94.6583087867746,-94.06022481540624,0.5362325832500261,0,0,0
87.09677419354838,29.032258064516128,-94.81876214298453,-94.84892109548412,-94.22130510213469,0.5672980883502419,0,0,0
93.54838709677418,29.032258064516128,-95.0137225779064,-95.04324510662867,-94.3874408412472,0.596759207936941,0,0,0
100.0,29.032258064516128,-95.21238525358321,-95.24137955273146,-94.55844257625193,0.6249483781830207,0,0,0
-100.0,35.48387096774192,-93.30580812227169,-93.35230458290553,-93.62823013256755,0.2759255496620199,0,0,0
-93.54838709677419,35.48387096774192,-93.03554124811812,-93.0885160374998,-93.38205225854941,0.29353622104960664,0,0,0
-87.09677419354838,35.48387096774192,-92.80947021354046,-92.86760424731762,-93.1700952793349,0.30249103201728644,1,0,0
-80.64516129032259,35.48387096774192,-92.62489469036174,-92.68700330810128,-92.98992417342924,0.3029208653279625,0,0,0
-74.19354838709677,35.48387096774192,-92.47901379675321,-92.5440379566293,-92.83924095802311,0.2952030013938156,0,0,0
-67.74193548387098,35.48387096774192,-92.36900660696512,-92.4360038808846,-92.71588820028632,0.27988431940171665,0,0,0
-61.29032258064517,35.48387096774192,-92.29208534791107,-92.36022157209668,-92.61784797715083,0.2576264050541539,0,0,0
-54.83870967741936,35.48387096774192,-92.24553054457466,-92.31407246292419,-92.54323819228468,0.2291657293604885,0,0,0
-48.38709677419355,35.48387096774192,-92.22671447324143,-92.29502341497826,-92.49030744981782,0.1952840348395597,0,0,0
-41.935483870967744,35.48387096774192,-92.23311722082586,-92.30064369031047,-92.45742922576461,0.15678553545414786,1,0,0
-35.483870967741936,35.48387096774192,-92.26233819731272,-92.32861716894719,-92.44309578198772,0.1144786130405322,0,0,0
-29.032258064516128,35.48387096774192,-92.31210492590805,-92.3767516001132,-92.4459120773337,0.06916047722050678,1,0,0
-22.580645161290334,35.48387096774192,-92.3802802119632,-92.4429859820742,-92.46458980966739,0.021603827593182245,0,0,0
-16.129032258064527,35.48387096774192,-92.46486827798533,-92.52539667325003,-92.49794164722536,-0.027455026024668427,0,0,0
-9.677419354838719,35.48387096774192,-92.56402008946097,-92.6222024908196,-92.5448756625423,-0.03903797443996382,0,0,0
-3.225806451612911,35.48387096774192,-92.67603784725281,-92.73176881669961,-92.60438995696731,0.01591692083870555,0,0,0
3.225806451612897,35.48387096774192,-92.79937846338731,-92.85261058125951,-92.67556745168427,0.0705788938308416,1,0,0
9.677419354838705,35.48387096774192,-92.93265575272275,-92.98339391663552,-92.75757081759393,0.12434677121605375,0,0,0
16.129032258064512,35.48387096774192,-93.07464105180367,-93.12293625194782,-92.8496375182157,0.17670833344381265,0,0,0
22.58064516129032,35.48387096774192,-93.2242620077376,-93.27020465120215,-92.9510749447335,0.2272444195395309,0,0,0
29.032258064516128,35.48387096774192,-93.38059935292792,-93.42431225991703,-93.0612556288514,0.27563081708740356,0,0,0
35.48387096774192,35.48387096774192,-93.54288158327574,-93.58451281643356,-93.17961252613446,0.3216378239834654,0,0,0
41.935483870967744,35.48387096774192,-93.71047757415056,-93.7501932857219,-93.30563436919233,0.3651274933868791,1,0,0
48.38709677419354,35.48387096774192,-93.88288728597306,-93.92086477479076,-93.43886109589877,0.4060487012565801,0,0,0
54.83870967741933,35.48387096774192,-94.05973081674931,-94.0961519784203,-93.57887936248,0.44443029259832656,0,0,0
61.29032258064515,35.48387096774192,-94.2407361419818,-94.27578147312916,-93.72531815459112,0.4803726562433184,0,0,0
67.74193548387095,35.48387096774192,-94.42572593624313,-94.45956922057692,-93.87784451139689,0.5140381405124401,1,0,0
74.19354838709677,35.48387096774192,-94.61460389254268,-94.64740765692355,-94.03615937823604,0.5456407499257665,0,0,0
80.64516129032256,35.48387096774192,-94.80734094653823,-94.8392527333288,-94.19999360282645,0.5754355569212066,0,0,0
87.09677419354838,35.48387096774192,-95.00396177696098,-95.03511123869559,-94.36910408836168,0.6037082268646827,0,0,0
93.54838709677418,35.48387096774192,-95.20453189778857,-95.23502868464661,-94.54327011447005,0.6307649964604849,0,0,0
100.0,35.48387096774192,-95.40914558920093,-95.43907797104838,-94.72228983411318,0.6569233732403035,0,0,0
-100.0,41.935483870967744,-93.47081506482432,-93.51387179869057,-93.62995247275192,0.11608067406135092,1,0,0
-93.54838709677419,41.935483870967744,-93.2135096202137,-93.26295632409477,-93.39276053164873,0.12980420755395983,1,0,0
-87.09677419354838,41.935483870967744,-92.99775099510455,-93.05232771239842,-93.18910056956733,0.13677285716890708,0,0,0
-80.64516129032259,41.935483870967744,-92.82127237482703,-92.87984031153957,-93.01665628530962,0.13681597377005517,0,0,0
-74.19354838709677,41.935483870967744,-92.68163045969337,-92.74316740800009,-92.87323131017432,0.13006390217422847,1,0,0
-67.74193548387098,41.935483870967744,-92.57630070977301,-92.63989500228396,-92.75675549169101,0.11686048940704552,0,0,0
-61.29032258064517,41.935483870967744,-92.50274343215395,-92.56758759218121,-92.66528615838313,0.0976985662019132,0,0,0
-54.83870967741936,41.935483870967744,-92.45844971117762,-92.52383437903661,-92.59700632033402,0.07317194129740301,1,0,0
-48.38709677419355,41.935483870967744,-92.440973620958,-92.50628198064277,-92.5502210645344,0.04393908389162959,0,0,0
-41.935483870967744,41.935483870967744,-92.44795522886804,-92.5126579495747,-92.5233529460734,0.010694996498699538,1,0,0
-35.483870967741936,41.935483870967744,-92.47713747677528,-92.5407880659643,-92.51493687530095,-0.025851190663360057,0,0,0
-29.032258064516128,41.935483870967744,-92.5263789915352,-92.58860939732843,-92.52361480403692,-0.059466218294957685,0,0,0
-22.580645161290334,41.935483870967744,-92.59366412715316,-92.65418040776535,-92.54813038587235,-0.014982539331384714,1,0,0
-16.129032258064527,41.935483870967744,-92.67711100283053,-92.7356888872989,-92.58732370362766,0.031209414734490792,0,0,0
-9.677419354838719,41.935483870967744,-92.7749779204282,-92.83145811044987,-92.64012610588037,0.07837162452615587,0,0,0
-3.225806451612911,41.935483870967744,-92.88566828501249,-92.93995138674013,-92.70555516399514,0.12583001928969395,0,0,0
3.225806451612897,41.935483870967744,-93.00773398782924,-93.05977501037779,-92.78270974443204,0.17298322084864992,0,0,0
9.677419354838705,41.935483870967744,-93.13987712411155,-93.18967953380124,-92.87076518357486,0.21930953084699922,1,0,0
16.129032258064512,41.935483870967744,-93.28094989403587,-93.32855926549757,-92.96896855069528,0.2643719718788873,0,0,0
22.58064516129032,41.935483870967744,-93.42995256072207,-93.47544991343744,-93.0766339866448,0.3078212213619054,0,0,0
29.032258064516128,41.935483870967744,-93.5860294012391,-93.62952434887566,-93.1931381098555,0.34939634374704553,0,0,0
35.48387096774192,41.935483870967744,-93.74846267163497,-93.79008653848514,-93.31791548606951,0.3889233187152854,0,0,0
41.935483870967744,41.935483870967744,-93.91666470154891,-93.95656377363083,-93.45045416310376,0.4263114663632308,0,0,0
48.38709677419354,41.935483870967744,-94.09016832542716,-94.12849740290633,-93.59029127633953,0.4615479716084536,0,0,0
54.83870967741933,41.935483870967744,-94.26861593507668,-94.30553233871203,-93.73700873416729,0.4946907972740462,1,0,0
61.29032258064515,41.935483870967744,-94.45174749445208,-94.48740565409595,-93.89022899509041,0.525860339717795,0,0,0
67.74193548387095,41.935483870967744,-94.63938788778945,-94.67393460878269,-94.04961094958986,0.5552302172063577,0,0,0
74.19354838709677,41.935483870967744,-94.83143397552739,-94.86500444277601,-94.21484592014379,0.5830175881349788,0,0,0
80.64516129032256,41.935483870967744,-95.02784171110143,-95.06055625420967,-94.38565379213485,0.609473375858343,0,0,0
87.09677419354838,41.935483870967744,-95.22861363015662,-95.26057523929882,-94.56177928690349,0.6348727341109281,1,0,0
93.54838709677418,41.935483870967744,-95.43378696793917,-95.46507952145312,-94.74298838609526,0.6595060283299574,0,0,0
100.0,41.935483870967744,-95.643422596947,-95.67410973937585,-94.92906491392476,0.6836705405933969,0,0,0
-100.0,48.38709677419354,-93.71261245601613,-93.75083477363765,-93.71535596639701,-0.035478807240636456,0,0,0
-93.54838709677419,48.38709677419354,-93.46865704179953,-93.51317737485694,-93.48569452651908,-0.027482848337854193,0,0,0
-87.09677419354838,48.38709677419354,-93.26305428921194,-93.31269388690721,-93.28881824718846,-0.02387563971875295,0,0,0
-80.64516129032259,48.38709677419354,-93.0940630628625,-93.14774606142878,-93.12255067477398,-0.0251953866548007,0,0,0
-74.19354838709677,48.38709677419354,-92.95967957824531,-93.01643369108673,-92.9848131576923,-0.03162053339443105,0,0,0
-67.74193548387098,48.38709677419354,-92.85774721268407,-92.91670148507964,-92.87363511489971,-0.04306637017992898,0,0,0
-61.29032258064517,48.38709677419354,-92.7860362620687,-92.84641736459916,-92.78715852065659,-0.059258843942572526,0,0,0
-54.83870967741936,48.38709677419354,-92.74230180573234,-92.80342971487588,-92.7236386804581,-0.04246478386929198,0,0,0
-48.38709677419355,48.38709677419354,-92.72432588161288,-92.78560938897283,-92.6814426719489,-0.018400297695961854,0,0,0
-41.935483870967744,48.38709677419354,-92.72994853092538,-92.79088076648597,-92.65904635334263,0.009969942022166833,0,0,0
-35.483870967741936,48.38709677419354,-92.7570909712534,-92.81724497196386,-92.65503052553152,0.04190644501143481,0,0,0
-29.032258064516128,48.38709677419354,-92.80377316105769,-92.86279743059137,-92.66807662236651,0.07667226915749836,0,0,0
-22.580645161290334,48.38709677419354,-92.86812727242742,-92.9257412390679,-92.69696216261684,0.11355114317008486,0,0,0
-16.129032258064527,48.38709677419354,-92.948408040783,-93.00439731346918,-92.74055610418,0.15186266391680192,1,0,0
-9.677419354838719,48.38709677419354,-93.04300056776154,-93.09721190534363,-92.79781418081271,0.1909750493667417,0,0,0
-3.225806451612911,48.38709677419354,-93.15042588383241,-93.20276182219456,-92.86777426360152,0.23031568186874551,1,0,0
3.225806451612897,48.38709677419354,-93.26934440517063,-93.31975752504837,-92.94955176644376,0.2693795188491208,1,0,0
9.677419354838705,48.38709677419354,-93.39855732502326,-93.44704418488766,-93.04233510204571,0.30773536311315297,0,0,0
16.129032258064512,48.38709677419354,-93.53700594646682,-93.58360074504142,-93.14538118892449,0.3450299589677286,0,0,0
22.58064516129032,48.38709677419354,-93.68376897588034,-93.72853704364736,-93.25801100820259,0.3809898999107304,0,0,0
29.032258064516128,48.38709677419354,-93.83805784030137,-93.88108908547719,-93.3796052098742,0.4154213852513635,0,0,0
35.48387096774192,48.38709677419354,-93.9992101535257,-94.0406126032859,-93.50959977048805,0.4482079332774447,0,0,0
41.935483870967744,48.38709677419354,-94.16668152285212,-94.2065751041485,-93.64748170695462,0.4793062346011112,1,0,0
48.38709677419354,48.38709677419354,-94.34003595010041,-94.37854664661485,-93.79278485386705,0.5087403997189313,0,0,0
54.83870967741933,48.38709677419354,-94.51893512865637,-94.55618963279991,-93.94508571392586,0.5365949105869561,1,0,0
61.29032258064515,48.38709677419354,-94.70312696745387,-94.7392479212502,-94.10399939255998,0.5630066210975571,1,0,0
67.74193548387095,48.38709677419354,-94.89243368067478,-94.92753556974675,-94.26917562854254,0.5881561630602761,0,0,0
74.19354838709677,48.38709677419354,-95.08673976896888,-95.12092550268491,-94.44029493229927,0.6122591029535869,0,0,0
80.64516129032256,48.38709677419354,-95.28598018696573,-95.31933836782022,-94.617064842775,0.6355571633362445,0,0,0
87.09677419354838,48.38709677419354,-95.49012894703351,-95.52273180574718,-94.799216312276,0.6583097760438363,0,0,0
93.54838709677418,48.38709677419354,-95.69918835571403,-95.73109030687985,-94.98650022678524,0.6807861777629682,0,0,0
100.0,48.38709677419354,-95.91317902208831,-95.94441577927452,-95.17868406703171,0.7032581978703973,0,0,0
-100.0,54.83870967741933,-94.00639649067008,-94.03932176503844,-93.87911359325174,0.09435762304998718,0,0,0
-93.54838709677419,54.83870967741933,-93.77759791389822,-93.81665710828828,-93.6559822325824,0.08255648692575335,0,0,0
-87.09677419354838,54.83870967741933,-93.58333982974523,-93.62746522439984,-93.46478529090888,0.0744291441817353,0,0,0
-80.64516129032259,54.83870967741933,-93.42248724768659,-93.47069030281824,-93.30351290030586,0.07077129224907708,0,0,0
-74.19354838709677,54.83870967741933,-93.29355663851882,-93.34493452378958,-93.17022533341331,0.071953419834756,1,0,0
-67.74193548387098,54.83870967741933,-93.19483577026804,-93.2485735782427,-93.06306840172533,0.07802956056805499,0,0,0
-61.29032258064517,54.83870967741933,-93.12447499277211,-93.17984529495538,-92.98028207339422,0.08882261719460871,1,0,0
-54.83870967741936,54.83870967741933,-93.08055628871104,-93.136917103066,-92.92020454807246,0.10399092628361473,0,0,0
-48.38709677419355,54.83870967741933,-93.06114541097726,-93.11793723186739,-92.88127331467294,0.1230802754141962,0,0,0
-41.935483870967744,54.83870967741933,-93.06433132410592,-93.1210735824928,-92.86202422712333,0.14556483859571756,0,0,0
-35.483870967741936,54.83870967741933,-93.08825615624218,-93.1445432949051,-92.86108929564278,0.1708797219364726,1,0,0
-29.032258064516128,54.83870967741933,-93.13113801823346,-93.18663525577294,-92.87719365959344,0.19844712110052853,1,0,0
-22.580645161290334,54.83870967741933,-93.19128836880525,-93.24572716623466,-92.90915204982369,0.22769752155214462,0,0,0
-16.129032258064527,54.83870967741933,-93.26712508537673,-93.32029830479983,-92.95586494108488,0.2580869248687492,0,0,0
-9.677419354838719,54.83870967741933,-93.35718201676406,-93.40893876162212,-93.0163145229332,0.28911074897278866,0,0,0
-3.225806451612911,54.83870967741933,-93.46011552396672,-93.51035566593332,-93.08956056977443,0.32031481222568914,0,0,0
3.225806451612897,54.83870967741933,-93.57470833733224,-93.62337675926318,-93.17473625981583,0.3513036555854683,0,0,0
9.677419354838705,54.83870967741933,-93.69987095380112,-93.74695156558408,-93.27104397341859,0.381746368599579,0,0,0
16.129032258064512,54.83870967741933,-93.83464074961744,-93.88015035973399,-93.37775108996067,0.4113800495402131,0,0,0
22.58064516129032,54.83870967741933,-93.97817897634712,-94.02216112290373,-93.4941857961885,0.4400110336020191,1,0,0
29.032258064516128,54.83870967741933,-94.12976582709648,-94.17228468552074,-93.61973291626255,0.46751405240966903,0,0,0
35.48387096774192,54.83870967741933,-94.28879379281894,-94.32992828203734,-93.75382977294697,0.4938295306535565,0,0,0
41.935483870967744,54.83870967741933,-94.4547595647252,-94.49459776922606,-93.89596208968592,0.518959270538403,0,0,0
48.38709677419354,54.83870967741933,-94.6272547695323,-94.66588878212528,-94.04565994401673,0.5429608129225869,1,0,0
54.83870967741933,54.83870967741933,-94.80595584357376,-94.84347711450589,-94.20249378340607,0.5659407892355546,1,0,0
61.29032258064515,54.83870967741933,-94.99061335633832,-95.02710861087994,-94.36607051493905,0.5880475868576411,1,0,0
67.74193548387095,54.83870967741933,-95.1810410828995,-95.21658884393118,-94.53602968015687,0.6094636417109456,0,0,0
74.19354838709677,54.83870967741933,-95.37710509921314,-95.41177282598248,-94.71203972570552,0.6303976467382739,0,0,0
80.64516129032256,54.83870967741933,-95.57871313712796,-95.61255496813911,-94.89379437934623,0.6510769267705854,0,0,0
87.09677419354838,54.83870967741933,-95.78580439085981,-95.81885945924313,-95.08100913936774,0.6717401831087528,0,0,0
93.54838709677418,54.83870967741933,-95.99833991755659,-96.0306311921444,-95.27341788363877,0.6926307593300152,0,0,0
100.0,54.83870967741933,-96.21629372517634,-96.24782732023748,-95.47076960258387,0.7139905275313367,0,0,0
-100.0,61.29032258064515,-94.32448475745488,-94.35273060993482,-94.1148199688159,0.18141893615904792,0,0,0
-93.54838709677419,61.29032258064515,-94.11393313047652,-94.14801379560916,-93.89775949843532,0.18209296690857002,0,0,0
-87.09677419354838,61.29032258064515,-93.93353462985971,-93.97252373717663,-93.71162414558603,0.18292137695675592,0,0,0
-80.64516129032259,61.29032258064515,-93.78279685292097,-93.82582004155806,-93.55460348748294,0.18517017680093772,0,0,0
-74.19354838709677,61.29032258064515,-93.66081119417026,-93.70705788322013,-93.42492367297135,0.18964083214905259,0,0,0
-67.74193548387098,61.29032258064515,-93.56637249367837,-93.61510250810812,-93.32086894219199,0.1967735370566288,0,0,0
-61.29032258064517,61.29032258064515,-93.49807542428671,-93.5486220445725,-93.2407952372476,0.20673356675332855,0,0,0
-54.83870967741936,61.29032258064515,-93.45439088371947,-93.50616145033297,-93.18313830265991,0.21948201444605786,0,0,0
-48.38709677419355,61.29032258064515,-93.43372592776353,-93.48620077754535,-93.14641796423054,0.2348331137511792,0,0,0
-41.935483870967744,61.29032258064515,-93.43447049360476,-93.48720073957602,-93.12923976928309,0.252500478350413,0,0,0
-35.483870967741936,61.29032258064515,-93.45503365360699,-93.50763813243239,-93.13029481332197,0.2721343614596208,0,0,0
-29.032258064516128,61.29032258064515,-93.49387158929301,-93.54603317621081,-93.14835832584428,0.29335167653091787,0,0,0
-22.580645161290334,61.29032258064515,-93.54950897055659,-93.60097038519777,-93.182287410919,0.31576014499640337,1,0,0
-16.129032258064527,61.29032258064515,-93.62055500207434,-93.67111418728109,-93.23101821439003,0.3389776024775557,0,0,0
-9.677419354838719,61.29032258064515,-93.70571506610851,-93.75522020501678,-93.29356270361833,0.36264722358190227,0,0,0
-3.225806451612911,61.29032258064515,-93.80379864359405,-93.85214287928648,-93.36900518650876,0.38644922139286564,0,0,0
3.225806451612897,61.29032258064515,-93.9137240226101,-93.96083995269714,-93.45649865630499,0.4101094362180646,0,0,0
9.677419354838705,61.29032258064515,-94.03452019172938,-94.08037422184321,-93.55526102166903,0.4334051399465295,0,0,0
16.129032258064512,61.29032258064515,-94.16532625146166,-94.20991290268407,-93.6645712638587,0.4561683363805571,0,0,0
22.58064516129032,61.29032258064515,-94.3053886467427,-94.34872491947195,-93.78376555149585,0.4782868225176031,1,0,0
29.032258064516128,61.29032258064515,-94.45405651497097,-94.49617641383966,-93.91223333637316,0.4997032797291183,0,0,0
35.48387096774192,61.29032258064515,-94.61077544690207,-94.65172476733241,-94.04941344950575,0.5204126769659752,0,0,0
41.935483870967744,61.29032258064515,-94.77507996319531,-94.81491143018603,-94.19479021408407,0.5404582821205253,0,0,0
48.38709677419354,61.29032258064515,-94.94658501122485,-94.98535384593944,-94.34788959041173,0.5599265860985412,0,0,0
54.83870967741933,61.29032258064515,-95.1249767808423,-95.16273675193305,-94.50827536677332,0.578941442978234,0,0,0
61.29032258064515,61.29032258064515,-95.31000312221002,-95.34680311826759,-94.67554540914233,0.5976577170101223,1,0,0
67.74193548387095,61.29032258064515,-95.50146382356584,-95.53734496234847,-94.8493279815358,0.6162547032474208,0,0,0
74.19354838709677,61.29032258064515,-95.69920097320833,-95.73419424390237,-95.02927814751403,0.6349295550002694,0,0,0
80.64516129032256,61.29032258064515,-95.90308959041673,-95.93721400834697,-95.21507426184031,0.6538909106461688,0,0,0
87.09677419354838,61.29032258064515,-96.11302866721817,-96.1462899069776,-95.40641455965707,0.6733528678016825,0,0,0
93.54838709677418,61.29032258064515,-96.32893271966095,-96.36132218299765,-95.60301384879907,0.6935294075251903,0,0,0
100.0,61.29032258064515,-96.55072390605652,-96.58221817511085,-95.80460030913576,0.7146293278664189,0,0,0
-100.0,67.74193548387095,-94.63952611655564,-94.66472221064492,-94.41483659322907,0.19949342923729318,0,0,0
-93.54838709677419,67.74193548387095,-94.45104591539034,-94.48161525907827,-94.2040135880755,0.2164629836269114,0,0,0
-87.09677419354838,67.74193548387095,-94.28798023581267,-94.32315574601078,-94.02288880991485,0.22991591569970637,0,0,0
-80.64516129032259,67.74193548387095,-94.15043469537409,-94.1894756581778,-93.86988925676887,0.2415044758015057,0,0,0
-74.19354838709677,67.74193548387095,-94.03807142007324,-94.08027823232186,-93.74343922303724,0.2524253847873723,0,0,0
-67.74193548387098,67.74193548387095,-93.95021360661977,-93.99493755119975,-93.64198856700014,0.2635010950396435,1,0,0
-61.29032258064517,67.74193548387095,-93.88593618878349,-93.93258537445661,-93.56403197766669,0.2752550254436841,0,0,0
-54.83870967741936,67.74193548387095,-93.84414203278823,-93.89218444505826,-93.50812173544983,0.28797788506835786,0,0,0
-48.38709677419355,67.74193548387095,-93.82362460004087,-93.8725890020531,-93.47287578718695,0.30178441084169094,0,0,0
-41.935483870967744,67.74193548387095,-93.82311866584239,-93.87259390058378,-93.4569824553396,0.31666097576139407,0,0,0
-35.483870967741936,67.74193548387095,-93.84134083520586,-93.89097392888135,-93.45920273355027,0.33250500798008886,0,0,0
-29.032258064516128,67.74193548387095,-93.87702149209348,-93.92651484587591,-93.47837085291061,0.34915728540042323,0,0,0
-22.580645161290334,67.74193548387095,-93.92892960365386,-93.97803748283367,-93.51339360941421,0.36642811505983275,0,0,0
-16.129032258064527,67.74193548387095,-93.99589156043294,-94.04441603960967,-93.56324880342812,0.3841182778280796,0,0,0
-9.677419354838719,67.74193548387095,-94.07680501074213,-94.12459150400176,-93.62698304195663,0.40203547552587793,0,0,0
-3.225806451612911,67.74193548387095,-94.17064846159845,-94.21758095106726,-93.70370908317929,0.4200068889503399,1,0,0
3.225806451612897,67.74193548387095,-94.2764872748919,-94.3224833440616,-93.7926028522352,0.4378883534870113,0,0,0
9.677419354838705,67.74193548387095,-94.39347658285301,-94.43848235816927,-93.89290022173361,0.45557058580314447,0,0,0
16.129032258064512,67.74193548387095,-94.52086157478658,-94.56484667679128,-94.00389362566841,0.47298284711347094,0,0,0
22.58064516129032,67.74193548387095,-94.65797555917761,-94.7009281607285,-94.1249285582459,0.4900943993808369,0,0,0
29.032258064516128,67.74193548387095,-94.80423617350115,-94.84615825592847,-94.25539999726495,0.5069140938088879,0,0,0
35.48387096774192,67.74193548387095,-94.95914009105422,-95.000042979122,-94.39474878349692,0.5234884194895244,1,0,0
41.935483870967744,67.74193548387095,-95.12225655405389,-95.16215679751367,-94.54245798175938,0.5398983288347239,1,0,0
48.38709677419354,67.74193548387095,-95.29322004094139,-95.33213569504281,-94.69804924522869,0.5562551416112882,0,0,0
54.83870967741933,67.74193548387095,-95.471722350793,-95.50966969139878,-94.86107920137016,0.5726958088170591,1,0,0
61.29032258064515,67.74193548387095,-95.65750435803152,-95.69449505012727,-95.03113587529072,0.5893777906450453,0,0,0
67.74193548387095,67.74193548387095,-95.85034765649708,-95.88638637897697,-95.20783516405741,0.6064737699597771,0,0,0
74.19354838709677,67.74193548387095,-96.0500662745256,-96.08514879011297,-95.39081737345582,0.6241663854824253,1,0,0
80.64516129032256,67.74193548387095,-96.25649860365431,-96.29061025133151,-95.57974382669303,0.6426431292840675,0,0,0
87.09677419354838,67.74193548387095,-96.46949964474898,-96.50261422354018,-95.77429355269217,0.662091513265608,0,0,0
93.54838709677418,67.74193548387095,-96.68893363850222,-96.7210126459999,-95.97416005991091,0.6826945710936201,0,0,0
100.0,67.74193548387095,-96.91466711387612,-96.94565930044169,-96.17904820010544,0.7046267272051097,0,0,0
-100.0,74.19354838709677,-94.9293517422889,-94.95373932436756,-94.77022249463107,0.13474166557917044,0,0,0
-93.54838709677419,74.19354838709677,-94.76653180897151,-94.79570546450519,-94.56649305924404,0.17086509419378615,0,0,0
-87.09677419354838,74.19354838709677,-94.62445085654407,-94.65779507263213,-94.39096213563985,0.20014450481616564,0,0,0
-80.64516129032259,74.19354838709677,-94.50366787033528,-94.54057585526392,-94.2423339122273,0.22442597317933632,0,0,0
-74.19354838709677,74.19354838709677,-94.40432776252096,-94.44421565458049,-94.11926625519729,0.24517361526415016,0,0,0
-67.74193548387098,74.19354838709677,-94.32623600045964,-94.36855335025666,-94.02040563862573,0.2635130120368956,0,0,0
-61.29032258064517,74.19354838709677,-94.26893093566234,-94.31316793871453,-93.94441228153134,0.2802816510788091,0,0,0
-54.83870967741936,74.19354838709677,-94.23174979663541,-94.27744182233212,-93.8899779303305,0.2960798406082006,0,0,0
-48.38709677419355,74.19354838709677,-94.2138865215744,-94.26061645804157,-93.8558381481891,0.3113184369181283,0,0,0
-41.935483870967744,74.19354838709677,-94.21444097866554,-94.26183984457279,-93.84078051588776,0.32626159687052336,1,0,0
-35.483870967741936,74.19354838709677,-94.23245989486766,-94.28020609069627,-93.84364979555843,0.34106390348061666,0,0,0
-29.032258064516128,74.19354838709677,-94.2669701943735,-94.31478769357504,-93.86335083992991,0.3558018552420492,0,0,0
-22.580645161290334,74.19354838709677,-94.31700558964486,-94.3646613111474,-93.89884982758966,0.3705000405526704,0,0,0
-16.129032258064527,74.19354838709677,-94.38162727702425,-94.42892783577199,-93.94917425402836,0.38515246424815075,0,0,0
-9.677419354838719,74.19354838709677,-94.45993953344623,-94.5067275333394,-94.01341199653886,0.39973953701419873,0,0,0
-3.225806451612911,74.19354838709677,-94.55110093133115,-94.59725094214107,-94.09070968873408,0.41424123178714467,0,0,0
3.225806451612897,74.19354838709677,-94.65433180738658,-94.69974615085853,-94.180270580069,0.4286468838456301,0,0,0
9.677419354838705,74.19354838709677,-94.76891854800186,-94.81352300566421,-94.28135201164714,0.4429620786923749,0,0,0
16.129032258064512,74.19354838709677,-94.89421519227092,-94.93795473626682,-94.39326260744089,0.4572130408341337,0,0,0
22.58064516129032,74.19354838709677,-95.02964280262003,-95.07247743969118,-94.5153592566826,0.47144890886627877,0,0,0
29.032258064516128,74.19354838709677,-95.17468700993403,-95.21658781668134,-94.64704394613749,0.4857422570492389,0,0,0
35.48387096774192,74.19354838709677,-95.32889410196553,-95.3698395164286,-94.78776048849325,0.5001881990092159,0,0,0
41.935483870967744,74.19354838709677,-95.49186598795337,-95.53183840858588,-94.93699118384947,0.5149023834713944,0,0,0
48.38709677419354,74.19354838709677,-95.66325433687119,-95.70223706561154,-95.09425344431966,0.5300181638111781,0,0,0
54.83870967741933,74.19354838709677,-95.84275415046206,-95.88072870247807,-95.25909640636146,0.5456831920845815,0,0,0
61.29032258064515,74.19354838709677,-96.03009699497697,-96.06704078443855,-95.43109755115422,0.5620556543611741,0,0,0
67.74193548387095,74.19354838709677,-96.22504407767116,-96.26092847722175,-95.60985934981879,0.5793003283017697,0,0,0
74.19354838709677,74.19354838709677,-96.4273793164943,-96.46216807839085,-95.7950059473167,0.5975846072810498,0,0,0
80.64516129032256,74.19354838709677,-96.63690251505885,-96.6705505345628,-95.98617989635648,0.6170745991984177,1,0,0
87.09677419354838,74.19354838709677,-96.85342272100677,-96.88587511765704,-96.18303895053536,0.6379313738211323,1,0,0
93.54838709677418,74.19354838709677,-97.0767518153028,-97.10794330517446,-96.38525292422997,0.660307401201166,0,0,0
100.0,74.19354838709677,-97.3066983536028,-97.33655288539686,-96.5925006254845,0.6843431963242352,0,0,0
-100.0,80.64516129032256,-95.18195719551653,-95.20769418024399,-95.17083342170658,-0.014613210917502784,1,0,0
-93.54838709677419,80.64516129032256,-95.04703654829827,-95.07694857496605,-94.97575592962207,0.04136859200841059,0,0,0
-87.09677419354838,80.64516129032256,-94.92875044360619,-94.9623364523153,-94.80706632784788,0.08809810704920551,0,0,0
-80.64516129032259,80.64516129032256,-94.8278892295348,-94.86465135839657,-94.66378116140964,0.12734593926339244,0,0,0
-74.19354838709677,80.64516129032256,-94.74491375970317,-94.78436783814095,-94.54482582901665,0.16063385224873628,0,0,0
-67.74193548387098,80.64516129032256,-94.67999213916193,-94.72167620315565,-94.44907494553512,0.18923312963308092,0,0,0
-61.29032258064517,80.64516129032256,-94.63304438683933,-94.67652512121789,-94.37538276766085,0.21418088479991582,0,0,0
-54.83870967741936,80.64516129032256,-94.60378921133234,-94.64866642902678,-94.32260581923053,0.23630617440737467,0,0,0
-48.38709677419355,80.64516129032256,-94.59178914480015,-94.63769851673126,-94.28961945435466,0.25626031851436437,0,0,0
-41.935483870967744,80.64516129032256,-94.59649183270123,-94.64310612026851,-94.27532974094377,0.27454780419017766,0,0,0
-35.483870967741936,80.64516129032256,-94.61726637016005,-94.6642954129191,-94.27868174757053,0.2915555798304723,0,0,0
-29.032258064516128,80.64516129032256,-94.65343429661138,-94.7006239897455,-94.29866507303134,0.30757953044592057,1,0,0
-22.580645161290334,80.64516129032256,-94.70429530572852,-94.75142577707517,-94.33431726460421,0.3228475697776645,0,0,0
-16.129032258064527,80.64516129032256,-94.76914798242805,-94.81603115343586,-94.384725619997,0.3375391914232466,1,0,0
-9.677419354838719,80.64516129032256,-94.84730600911382,-94.89378270101403,-94.44902775143,0.3518015657836173,0,0,0
-3.225806451612911,80.64516129032256,-94.9381103368272,-94.98404706319876,-94.52641120112426,0.36576240933136717,0,0,0
3.225806451612897,80.64516129032256,-95.04093782560415,-95.08622339506664,-94.61611232964952,0.37953992649212864,0,0,0
9.677419354838705,80.64516129032256,-95.15520684235153,-95.19974887957481,-94.71741464724451,0.39325015788374174,0,0,0
16.129032258064512,80.64516129032256,-95.28038027599109,-95.32410175479544,-94.82964671945565,0.40701207773109616,0,0,0
22.58064516129032,80.64516129032256,-95.4159663950816,-95.45880226355082,-94.95217974917892,0.4209507774334469,0,0,0
29.032258064516128,80.64516129032256,-95.56151793595552,-95.60341189988526,-95.08442491507682,0.4351990569489601,0,0,0
35.48387096774192,80.64516129032256,-95.71662977109185,-95.75753128870637,-95.22583052956206,0.4498977239152566,0,0,0
41.935483870967744,80.64516129032256,-95.88093546862737,-95.92079699647525,-95.3758790667085,0.46519487407098836,0,0,0
48.38709677419354,80.64516129032256,-96.05410301493053,-96.0928775325213,-95.53408410055832,0.4812443967814488,0,0,0
54.83870967741933,80.64516129032256,-96.23582993339016,-96.27346876280576,-95.69998718655867,0.49820391741589276,1,0,0
61.29032258064515,80.64516129032256,-96.42583799447685,-96.46228892124952,-95.87315471275956,0.5162323549446199,0,0,0
67.74193548387095,80.64516129032256,-96.62386767537454,-96.65907336863725,-96.05317474253481,0.5354872395770229,0,0,0
74.19354838709677,80.64516129032256,-96.82967249271648,-96.86356921622937,-96.23965386669725,0.556121902506348,1,0,0
80.64516129032256,80.64516129032256,-97.04301329996612,-97.07552990119169,-96.4322140798042,0.5782826189363561,0,0,0
87.09677419354838,80.64516129032256,-97.2636526124016,-97.29470977434659,-96.63048969309929,0.6021057573573216,0,0,0
93.54838709677418,80.64516129032256,-97.49134899809796,-97.5208587380883,-96.83412429486276,0.6277149632448698,0,0,0
100.0,80.64516129032256,-97.72585155324666,-97.75371695398644,-97.04276776797096,0.6552183845359139,0,0,0
-100.0,87.09677419354838,-95.39825333276269,-95.42667128083158,-95.60568026942704,0.17900898859545578,0,0,0
-93.54838709677419,87.09677419354838,-95.29135088192527,-95.32343411247624,-95.4214389199696,0.09800480749336771,1,0,0
-87.09677419354838,87.09677419354838,-95.19797146129088,-95.23327840792462,-95.26146098342255,0.02818257549793657,0,0,0
-80.64516129032259,87.09677419354838,-95.1189008226153,-95.15699850532383,-95.12509637862746,-0.03190212669636594,0,0,0
-74.19354838709677,87.09677419354838,-95.05471257757655,-95.09518210162372,-95.01156309523829,0.0026799582910967956,0,0,0
-67.74193548387098,87.09677419354838,-95.00576993553497,-95.048211460715,-94.91999025323148,0.04333815712347189,0,0,0
-61.29032258064517,87.09677419354838,-94.97224102954067,-95.01627785519644,-94.84945209245056,0.07875211143434058,0,0,0
-54.83870967741936,87.09677419354838,-94.9541223928135,-94.99940399748267,-94.79899441689822,0.10984637124610686,1,0,0
-48.38709677419355,87.09677419354838,-94.95126638001871,-94.99747038919429,-94.76765487980046,0.1374074910426657,0,0,0
-41.935483870967744,87.09677419354838,-94.96340950163247,-95.0102426422551,-94.7544783066396,0.16209805437024727,0,0,0
-35.483870967741936,87.09677419354838,-94.99019963477878,-95.03739778318,-94.75852805707501,0.1844734293025425,0,0,0
-29.032258064516128,87.09677419354838,-95.0312208535901,-95.07854830632022,-94.77889424455995,0.2049991563000333,0,0,0
-22.580645161290334,87.09677419354838,-95.08601519738241,-95.1332633009896,-94.81469947357924,0.22406762019598148,0,0,0
-16.129032258064527,87.09677419354838,-95.1541010982408,-95.20108637120138,-94.86510262105121,0.24201320422901063,0,0,0
-9.677419354838719,87.09677419354838,-95.23498845883786,-95.281550330797,-94.92930107923209,0.25912550764662967,0,0,0
-3.225806451612911,87.09677419354838,-95.32819054155493,-95.37418882438182,-95.0065317896325,0.2756604690955413,0,0,0
3.225806451612897,87.09677419354838,-95.43323292997462,-95.47854512331101,-95.09607132764806,0.2918494089901742,0,0,0
9.677419354838705,87.09677419354838,-95.54965987558765,-95.59417839729021,-95.1972352426168,0.30790611126829504,0,0,0
16.129032258064512,87.09677419354838,-95.67703836196914,-95.72066778149232,-95.30937681492112,0.32403212752483057,0,0,0
22.58064516129032,87.09677419354838,-95.81496021685945,-95.85761455741398,-95.43188535809675,0.34042051820816255,0,0,0
29.032258064516128,87.09677419354838,-95.96304258705561,-96.00464275048557,-95.56418416763876,0.357258255986892,0,0,0
35.48387096774192,87.09677419354838,-96.12092706689504,-96.16139842384881,-95.70572819768427,0.37472751225699596,0,0,0
41.935483870967744,87.09677419354838,-96.28827774181688,-96.32754791916966,-95.85600153068648,0.393006033777624,0,0,0
48.38709677419354,87.09677419354838,-96.4647783764444,-96.5027752642967,-96.0145146925712,0.41226679602090144,0,0,0
54.83870967741933,87.09677419354838,-96.65012894357957,-96.68677893573343,-96.18080185593143,0.43267709549428446,0,0,0
61.29032258064515,87.09677419354838,-96.84404165778831,-96.87926813258679,-96.35441796597098,0.45439721701885105,0,0,0
67.74193548387095,87.09677419354838,-97.04623664594187,-97.07995868887951,-96.53493581775022,0.47757878525401054,0,0,0
74.19354838709677,87.09677419354838,-97.25643735805386,-97.28856872370588,-96.72194310851734,0.5023628838845013,0,0,0
80.64516129032256,87.09677419354838,-97.47436579572722,-97.50481410432336,-96.91503948532139,0.5288780018097015,1,0,0
87.09677419354838,87.09677419354838,-97.69973761312366,-97.72840377645252,-97.11383360557471,0.5572378442200829,1,0,0
93.54838709677418,87.09677419354838,-97.93225712709781,-97.95903499927658,-97.3179402266962,0.5875390282228494,0,0,0
100.0,87.09677419354838,-98.17161225943948,-98.19638851027783,-97.52697734037882,0.6198586682223208,0,0,0
-100.0,93.54838709677418,-95.59097703622697,-95.62210880132426,-96.06361233048518,0.4415035291609257,0,0,0
-93.54838709677419,93.54838709677418,-95.51003505817654,-95.54451286944584,-95.89281667556088,0.34830380611504097,0,0,0
-87.09677419354838,93.54838709677418,-95.44067830526393,-95.47806756051513,-95.74389685811518,0.2658292976000496,0,0,0
-80.64516129032259,93.54838709677418,-95.38350720035494,-95.42339261862075,-95.61653185967346,0.1931392410527053,0,0,0
-74.19354838709677,93.54838709677418,-95.33902831638412,-95.38101529702197,-95.51023890780357,0.12922361078159383,1,0,0
-67.74193548387098,93.54838709677418,-95.30763236589999,-95.3513485155647,-95.42441499077145,0.07306647520675824,0,0,0
-61.29032258064517,93.54838709677418,-95.28958628761819,-95.33468279616852,-95.35837139204334,0.023688595874816087,0,0,0
-54.83870967741936,93.54838709677418,-95.28503573933972,-95.33118839544858,-95.31136187403482,-0.019826521413762066,0,0,0
-48.38709677419355,93.54838709677418,-95.2940146319702,-95.34092436264622,-95.28260530179183,-0.03550040049765357,1,0,0
-41.935483870967744,93.54838709677418,-95.31645888581932,-95.36385177648776,-95.27130352379474,-0.002237528643874498,0,0,0
-35.483870967741936,93.54838709677418,-95.3522222030111,-95.399849006683,-95.2766552798499,0.027940119489286985,0,0,0
-29.032258064516128,93.54838709677418,-95.40109223253387,-95.44872741090204,-95.29786682379365,0.055590230372047245,0,0,0
-22.580645161290334,93.54838709677418,-95.4628060077229,-95.51024636758598,-95.33415985478571,0.08120579307411901,0,0,0
-16.129032258064527,93.54838709677418,-95.53706394240793,-95.58412694126625,-95.38477725831179,0.10522368523781722,0,0,0
-9.677419354838719,93.54838709677418,-95.6235419833358,-95.67006378134084,-95.44898707329816,0.12803311203259682,0,0,0
-3.225806451612911,93.54838709677418,-95.72190174421677,-95.7677350781895,-95.5260850276587,0.14998338258533295,0,0,0
3.225806451612897,93.54838709677418,-95.83179860576655,-95.87681055639797,-95.61539592169852,0.17139073343660982,0,0,0
9.677419354838705,93.54838709677418,-95.95288787128791,-95.9969575880738,-95.71627408642982,0.19254406807220903,0,0,0
16.129032258064512,93.54838709677418,-96.08482913178925,-96.127845572568,-95.82810310084626,0.2137095901642283,0,0,0
22.58064516129032,93.54838709677418,-96.22728902919715,-96.26914876295459,-95.95029491721309,0.23513437822663263,0,0,0
29.032258064516128,93.54838709677418,-96.37994261939085,-96.42054773273408,-96.08228851512845,0.25704899091915934,0,0,0
35.48387096774192,93.54838709677418,-96.54247353513333,-96.58172967487965,-96.22354818234885,0.2796692130381473,0,0,0
41.935483870967744,93.54838709677418,-96.7145731374015,-96.75238771437593,-96.37356150207039,0.3031970583566874,1,0,0
48.38709677419354,93.54838709677418,-96.89593882586405,-96.93221939849677,-96.53183711174847,0.32782114148285757,0,0,0
54.83870967741933,93.54838709677418,-97.0862716580661,-97.12092450891686,-96.69790228687373,0.3537165203416066,0,0,0
61.29032258064515,93.54838709677418,-97.28527340437347,-97.31820231843346,-96.8713003939215,0.38104409639197456,0,0,0
67.74193548387095,93.54838709677418,-97.49264314350292,-97.52374839410955,-97.05158824952262,0.4099496433736647,0,0,0
74.19354838709677,93.54838709677418,-97.70807348274802,-97.73725102924789,-97.23833341748075,0.4405625187674076,0,0,0
80.64516129032256,93.54838709677418,-97.9312464687927,-97.95838736968021,-97.43111147135812,0.4729940965470547,0,0,0
87.09677419354838,93.54838709677418,-98.16182924009601,-98.18681928617742,-97.62950324783174,0.507335946182863,0,0,0
93.54838709677418,93.54838709677418,-98.39946946091226,-98.42218903499568,-97.8330921147794,0.5436577720494284,0,0,0
100.0,93.54838709677418,-98.64379057072271,-98.6641147432479,-98.04146127803227,0.5820051201652632,0,0,0
-100.0,100.0,-95.78026458456563,-95.81280328489031,-96.53431363604628,0.7215103511559704,0,0,0
-93.54838709677419,100.0,-95.72167346521424,-95.75744896745664,-96.37966251029067,0.6222135428340323,0,0,0
-87.09677419354838,100.0,-95.67381243298863,-95.71236261257054,-96.244351937834,0.5319893252634529,0,0,0
-80.64516129032259,100.0,-95.63700718995604,-95.67789932275944,-96.12835120480702,0.4504518820475738,1,0,0
-74.19354838709677,100.0,-95.61158376124637,-95.6544136481942,-96.03145593193923,0.3770422837450411,0,0,0
-67.74193548387098,100.0,-95.59783604851603,-95.64222735003992,-95.95332295108688,0.3110956010469579,1,0,0
-61.29032258064517,100.0,-95.59600457346664,-95.64160819447223,-95.89350137259666,0.25189317812443335,0,0,0
-54.83870967741936,100.0,-95.60626468186543,-95.65275808414283,-95.85145945711064,0.198701372967804,0,0,0
-48.38709677419355,100.0,-95.62872221820408,-95.67580857671496,-95.82660732413721,0.1507987474222574,0,0,0
-41.935483870967744,100.0,-95.66341470311,-95.71082185917611,-95.81831576998769,0.10749391081158421,0,0,0
-35.483870967741936,100.0,-95.71031624341182,-95.75779543841314,-95.82593158721578,0.06813614880263685,0,0,0
-29.032258064516128,100.0,-95.76934469085688,-95.8166690875858,-95.84878981993924,0.032120732353448034,0,0,0
-22.580645161290334,100.0,-95.84036987674895,-95.88733289229062,-95.88622338526854,-0.0011095070220790149,0,0,0
-16.129032258064527,100.0,-95.92322204599563,-95.969635530798,-95.93757046133298,-0.03206506946501975,1,0,0
-9.677419354838719,100.0,-96.01769987342527,-96.06339217719741,-96.0021800006099,-0.03017243095676747,0,0,0
-3.225806451612911,100.0,-96.12357765890908,-96.16839162624305,-96.07941568165188,-0.0006519900767614217,0,0,0
3.225806451612897,100.0,-96.2406114652987,-96.28440240342974,-96.16865856770785,0.028161959459808372,0,0,0
9.677419354838705,100.0,-96.36854408852335,-96.41117774725612,-96.26930869964912,0.05660173014146608,0,0,0
16.129032258064512,100.0,-96.50710883858325,-96.54845943878506,-96.3807858141673,0.08497242421414342,0,0,0
22.58064516129032,100.0,-96.65603217033498,-96.6959805130802,-96.50252934669155,0.11355448089821607,0,0,0
29.032258064516128,100.0,-96.81503524024544,-96.85346692413535,-96.63399785168934,0.14260570466618105,0,0,0
35.48387096774192,100.0,-96.98383448534116,-97.02063825506313,-96.77466795058746,0.17236276503173542,0,0,0
41.935483870967744,100.0,-97.16214132807069,-97.19720757320515,-96.92403289895181,0.2030421839844223,0,0,0
48.38709677419354,100.0,-97.34966110966,-97.38288052929354,-97.0816008493518,0.23484084067466426,0,0,0
54.83870967741933,100.0,-97.54609134781923,-97.57735379387188,-97.24689287401984,0.2679360277467424,0,0,0
61.29032258064515,100.0,-97.75111940488274,-97.78031291529766,-97.41944080164313,0.30248509282469627,0,0,0
67.74193548387095,100.0,-97.96441964157094,-97.99142967373893,-97.59878491506483,0.33862469433812237,0,0,0
74.19354838709677,100.0,-98.18565012117182,-98.21035899615934,-97.7844715510801,0.37646969510419126,1,0,0
80.64516129032256,100.0,-98.4144489203424,-98.43673548965162,-97.97605063968915,0.4161117113440156,0,0,0
87.09677419354838,100.0,-98.65043009706775,-98.67016964566851,-98.17307321797398,0.4576173304930222,0,0,0
93.54838709677418,100.0,-98.89317936456021,-98.91024376665898,-98.37508895307734,0.5010260093841055,0,0,0
100.0,100.0,-99.1422495229675,-99.1565076701772,-98.58164370948262,0.5463476662751816,0,0,0
