scenario,east_km,north_km,is_measurement,gt_dbm,satebeam_dbm,omp_dbm,deeprm_td_dbm,kriging_dbm
scene_0000,-100.0,-100.0,0,-104.40000924220628,-104.36100302585713,-103.94601417402575,-104.80676,-101.0479365753728
scene_0000,-93.54838709677419,-100.0,0,-104.34175609741472,-104.30729748915968,-103.91834453299197,-104.70666,-101.79039780346498
scene_0000,-87.09677419354838,-100.0,0,-104.28374421703688,-104.25396218010295,-103.8793808685999,-104.59312,-102.45745487729259
scene_0000,-80.64516129032259,-100.0,0,-104.22180449489318,-104.19667198723359,-103.82544131052173,-104.468605,-102.93882632306105
scene_0000,-74.19354838709677,-100.0,0,-104.15148838575539,-104.13085756990009,-103.75336743975015,-104.33484,-103.16352720977449
scene_0000,-67.74193548387098,-100.0,0,-104.06842697931589,-104.05206122653239,-103.66073567199008,-104.19189,-103.22957200193665
scene_0000,-61.29032258064517,-100.0,0,-103.96869592994635,-103.95629844124223,-103.54601631679436,-104.03798,-103.25867983737129
scene_0000,-54.83870967741936,-100.0,0,-103.84915129099774,-103.8403901780744,-103.4086585736134,-103.87018,-103.31858084728307
scene_0000,-48.38709677419355,-100.0,0,-103.70769560512166,-103.70222512949192,-103.24909011068642,-103.68544,-103.40884917606698
scene_0000,-41.935483870967744,-100.0,1,-103.54343776150118,-103.54091534229988,-103.06863374895654,-103.64735,-103.64735126855473
scene_0000,-35.483870967741936,-100.0,1,-103.35672523421457,-103.3568239394204,-102.86935716060853,-103.47866,-103.47866464668914
scene_0000,-29.032258064516128,-100.0,0,-103.14904975333181,-103.15146629549373,-102.65388062176116,-103.01752,-102.87637419441532
scene_0000,-22.580645161290334,-100.0,0,-102.92285014228987,-102.92730880705221,-102.4251707104307,-102.76308,-102.50578831509526
scene_0000,-16.129032258064527,-100.0,1,-102.68125172763203,-102.68750502286451,-102.18634471029281,-102.4076,-102.40759586259657
scene_0000,-9.677419354838719,-100.0,0,-102.42778635819843,-102.43561336733343,-101.94050342227071,-102.23647,-101.92472219691778
scene_0000,-3.225806451612911,-100.0,0,-102.16613121752219,-102.17533463708884,-101.69060174647397,-101.9764,-101.59953363485165
scene_0000,3.225806451612897,-100.0,0,-101.89989226512778,-101.91029494458422,-101.43935896058761,-101.72479,-101.28079948142214
scene_0000,9.677419354838705,-100.0,0,-101.63244425012742,-101.64388581150001,-101.18920529059751,-101.484116,-101.04057434893699
scene_0000,16.129032258064512,-100.0,0,-101.36682759809723,-101.37916146977331,-100.94225839428317,-101.25505,-100.88106530594722
scene_0000,22.58064516129032,-100.0,0,-101.10569485163333,-101.11878585356445,-100.70032237954862,-101.037224,-100.7554262635544
scene_0000,29.032258064516128,-100.0,0,-100.85129576055397,-100.86501824478576,-100.46490232704043,-100.82968,-100.65624474816022
scene_0000,35.48387096774192,-100.0,1,-100.60548959849973,-100.61972607498055,-100.23722836265179,-100.78327,-100.78326801974961
scene_0000,41.935483870967744,-100.0,0,-100.36977460213333,-100.3844147503736,-100.01828465975228,-100.44151,-100.14515463921609
scene_0000,48.38709677419354,-100.0,0,-100.14532654640166,-100.16026651226386,-99.80884004632678,-100.25925,-99.72891394987136
scene_0000,54.83870967741933,-100.0,0,-99.93304068644142,-99.94818257662541,-99.60947799778364,-100.08404,-99.37164175676327
scene_0000,61.29032258064515,-100.0,0,-99.73357323899666,-99.74882474438259,-99.4206246615017,-99.915405,-99.13652782545068
scene_0000,67.74193548387095,-100.0,0,-99.5473801019145,-99.56265419946264,-99.24257419206523,-99.752975,-99.03787348885646
scene_0000,74.19354838709677,-100.0,0,-99.37475161549929,-99.38996631429615,-99.0755111117796,-99.59637,-99.03936545053358
scene_0000,80.64516129032256,-100.0,0,-99.21584291571284,-99.23092102516974,-98.91952969269168,-99.445206,-99.05209463163418
scene_0000,87.09677419354838,-100.0,0,-99.07069989801607,-99.08556880528758,-98.77465052491206,-99.2991,-98.98963741607656
scene_0000,93.54838709677418,-100.0,0,-98.9392810798894,-98.95387252980419,-98.64083452577677,-99.157715,-98.85342127583813
scene_0000,100.0,-100.0,1,-98.82147578401631,-98.83572565884684,-98.51799468181773,-98.78317,-98.78317091531322
scene_0000,-100.0,-93.54838709677419,0,-104.20867761209125,-104.18238514705575,-103.91390104274471,-104.80963,-101.64484849022833
scene_0000,-93.54838709677419,-93.54838709677419,0,-104.15842289240646,-104.13666945245984,-103.87746683681462,-104.66797,-102.43177626879927
scene_0000,-87.09677419354838,-93.54838709677419,0,-104.10428466226078,-104.08669601673924,-103.8225604596503,-104.51059,-103.11932898237811
scene_0000,-80.64516129032259,-93.54838709677419,1,-104.04075932466903,-104.02688231284053,-103.74573861314893,-103.91433,-103.91432707762601
scene_0000,-74.19354838709677,-93.54838709677419,0,-103.96253245158607,-103.95188237893059,-103.64454599756479,-104.16815,-103.71850341502446
scene_0000,-67.74193548387098,-93.54838709677419,1,-103.86492594418763,-103.85702794395227,-103.51768168054696,-103.7209,-103.72090309193965
scene_0000,-61.29032258064517,-93.54838709677419,0,-103.74430401588911,-103.73872625877851,-103.36505829222915,-103.80265,-103.59923000410402
scene_0000,-54.83870967741936,-93.54838709677419,0,-103.59838182763636,-103.5947584704864,-103.18774618363608,-103.606735,-103.54246230477203
scene_0000,-48.38709677419355,-93.54838709677419,0,-103.42638837771798,-103.42443101006397,-102.98781566758841,-103.39692,-103.50136010094135
scene_0000,-41.935483870967744,-93.54838709677419,0,-103.22905944842978,-103.22855735910773,-102.76810761184272,-103.17018,-103.40516879409574
scene_0000,-35.483870967741936,-93.54838709677419,0,-103.0084699783422,-103.00928127627483,-102.53197108921424,-102.92556,-103.15386246485676
scene_0000,-29.032258064516128,-93.54838709677419,0,-102.76774630588123,-102.76978315095297,-102.28300535532512,-102.66463,-102.76540100028316
scene_0000,-22.580645161290334,-93.54838709677419,1,-102.51071674201657,-102.51392828221111,-102.02483453448144,-102.22134,-102.22133256847303
scene_0000,-16.129032258064527,-93.54838709677419,0,-102.24155973402397,-102.24591582419734,-101.76093123348448,-102.11183,-102.14252917736097
scene_0000,-9.677419354838719,-93.54838709677419,0,-101.96449568646426,-101.96997342277788,-101.49449376875586,-101.832535,-101.88752083377437
scene_0000,-3.225806451612911,-93.54838709677419,1,-101.68354873383144,-101.69012270374837,-101.2283731541477,-101.74026,-101.74025272580809
scene_0000,3.225806451612897,-93.54838709677419,0,-101.4023857383762,-101.41002197462917,-100.96504113120122,-101.29788,-101.19569064974861
scene_0000,9.677419354838705,-93.54838709677419,0,-101.1242259794102,-101.132879046735,-100.70658882674084,-101.04966,-100.9208893457479
scene_0000,16.129032258064512,-93.54838709677419,1,-100.85180757392834,-100.86141998743406,-100.45474608480754,-100.938194,-100.9382004352348
scene_0000,22.58064516129032,-93.54838709677419,1,-100.58739456221345,-100.59789773892936,-100.21091312893203,-100.508995,-100.50899521753892
scene_0000,29.032258064516128,-93.54838709677419,0,-100.33280989498577,-100.34412596837828,-99.97619820036057,-100.38783,-100.41616177475422
scene_0000,35.48387096774192,-93.54838709677419,0,-100.08948247573842,-100.10152647420102,-99.75145671830545,-100.19161,-100.2335791494845
scene_0000,41.935483870967744,-93.54838709677419,0,-99.85849968118643,-99.87118173565494,-99.53732909413914,-100.00564,-99.91706532115437
scene_0000,48.38709677419354,-93.54838709677419,0,-99.64065970554009,-99.65388708546263,-99.33427553934493,-99.82894,-99.53206629908998
scene_0000,54.83870967741933,-93.54838709677419,0,-99.43652037344243,-99.45019924873678,-99.1426070627,-99.66068,-99.18923935526647
scene_0000,61.29032258064515,-93.54838709677419,0,-99.24644271667094,-99.26047960947028,-98.96251241901766,-99.50015,-98.96384041918364
scene_0000,67.74193548387095,-93.54838709677419,0,-99.0706287053454,-99.08493163610514,-98.79408112080738,-99.34671,-98.8816306544305
scene_0000,74.19354838709677,-93.54838709677419,0,-98.90915319610464,-98.92363255114535,-98.6373228190527,-99.19974,-98.90878877613093
scene_0000,80.64516129032256,-93.54838709677419,1,-98.76199053195285,-98.7765596898063,-98.49218345088026,-99.157394,-99.15738912046349
scene_0000,87.09677419354838,-93.54838709677419,0,-98.62903640249208,-98.6436121590897,-98.35855857808477,-98.92293,-98.8719216383089
scene_0000,93.54838709677418,-93.54838709677419,0,-98.51012562409952,-98.52462845514204,-98.23630432790361,-98.79196,-98.7185059120442
scene_0000,100.0,-93.54838709677419,0,-98.40504647938346,-98.41940067429177,-98.12524631401836,-98.665245,-98.48833514181977
scene_0000,-100.0,-87.09677419354838,0,-104.06326415161891,-104.04828033881051,-103.88920155515373,-104.77519,-102.14675898807786
scene_0000,-93.54838709677419,-87.09677419354838,0,-104.0189334580804,-104.00692956692025,-103.8296187937698,-104.586075,-102.90524444221509
scene_0000,-87.09677419354838,-87.09677419354838,0,-103.96291117355494,-103.95311696328234,-103.74344758709277,-104.37866,-103.4987864914051
scene_0000,-80.64516129032259,-87.09677419354838,0,-103.88882939385601,-103.88053210385884,-103.62842409312124,-104.16113,-103.83704284872803
scene_0000,-74.19354838709677,-87.09677419354838,0,-103.79126131265856,-103.78386414892583,-103.48377176669301,-103.94031,-103.88516133575585
scene_0000,-67.74193548387098,-87.09677419354838,0,-103.66621391416876,-103.65927721003332,-103.3101966637618,-103.719315,-103.76717988189954
scene_0000,-61.29032258064517,-87.09677419354838,0,-103.51147308575855,-103.50473302886886,-103.10973201031004,-103.49705,-103.60445292733556
scene_0000,-54.83870967741936,-87.09677419354838,0,-103.32673816019923,-103.32010156848395,-102.8854665463005,-103.269485,-103.43428284725796
scene_0000,-48.38709677419355,-87.09677419354838,1,-103.11352520461675,-103.10704356534868,-102.641209736412,-103.23475,-103.23475261006722
scene_0000,-41.935483870967744,-87.09677419354838,0,-102.8748700017681,-102.8686999525078,-102.38114967633257,-102.77945,-103.00988474666073
scene_0000,-35.483870967741936,-87.09677419354838,0,-102.61490237823743,-102.60926148676185,-102.10954866347251,-102.51125,-102.71199296199117
scene_0000,-29.032258064516128,-87.09677419354838,0,-102.33837924420772,-102.33350501408404,-101.83050348378538,-102.2283,-102.36223811600868
scene_0000,-22.580645161290334,-87.09677419354838,0,-102.05025325048274,-102.04637058441783,-101.54777940743276,-101.93471,-102.04864745456602
scene_0000,-16.129032258064527,-87.09677419354838,0,-101.75532705496094,-101.75262626599165,-101.26471321667948,-101.636665,-101.81599419967588
scene_0000,-9.677419354838719,-87.09677419354838,0,-101.45801289542923,-101.45663781594942,-100.98417279428384,-101.34123,-101.57229292186942
scene_0000,-3.225806451612911,-87.09677419354838,0,-101.16219314931132,-101.16223739873254,-100.70855815020579,-101.05491,-101.22483129792742
scene_0000,3.225806451612897,-87.09677419354838,1,-100.87116358915651,-100.87267255503693,-100.4398295679641,-100.627426,-100.62742257103156
scene_0000,9.677419354838705,-87.09677419354838,0,-100.58763621044048,-100.59061245543231,-100.17955110986273,-100.52674,-100.49510763327757
scene_0000,16.129032258064512,-87.09677419354838,0,-100.31377978474939,-100.31819007038942,-99.92894077927339,-100.28815,-100.24289944388289
scene_0000,22.58064516129032,-87.09677419354838,0,-100.05128055246873,-100.05706322096262,-99.68892146738216,-100.0661,-100.0388798301876
scene_0000,29.032258064516128,-87.09677419354838,0,-99.80141045949908,-99.80848239907856,-99.4601690928354,-99.8593,-99.87960273035975
scene_0000,35.48387096774192,-87.09677419354838,0,-99.56509481506927,-99.57335760223485,-99.24315601554983,-99.666275,-99.70345957008186
scene_0000,41.935483870967744,-87.09677419354838,0,-99.34297471866346,-99.35231978086635,-99.03818894089227,-99.48563,-99.44818121368563
scene_0000,48.38709677419354,-87.09677419354838,0,-99.1354620381098,-99.14577483446021,-98.84544124407375,-99.3161,-99.1282313501501
scene_0000,54.83870967741933,-87.09677419354838,0,-98.9427862859246,-98.95394958776149,-98.66498005441278,-99.156586,-98.81775304747414
scene_0000,61.29032258064515,-87.09677419354838,0,-98.76503365950191,-98.77693005064081,-98.49678864369623,-99.00607,-98.60313754945966
scene_0000,67.74193548387095,-87.09677419354838,0,-98.60217898705076,-98.61469271324616,-98.34078473707045,-98.86366,-98.52373282680449
scene_0000,74.19354838709677,-87.09677419354838,0,-98.45411151588229,-98.46712980702522,-98.19683536165064,-98.72845,-98.53699191324498
scene_0000,80.64516129032256,-87.09677419354838,0,-98.32065550757636,-98.33406948249026,-98.06476880284934,-98.59964,-98.55372702495598
scene_0000,87.09677419354838,-87.09677419354838,0,-98.20158654239054,-98.21529178970525,-97.94438417390194,-98.476425,-98.50119401755114
scene_0000,93.54838709677418,-87.09677419354838,0,-98.09664433135052,-98.11054124357122,-97.83545903387014,-98.35808,-98.37027991114621
scene_0000,100.0,-87.09677419354838,0,-98.0055427174932,-98.01953664044127,-97.73775542129266,-98.24388,-98.16451285217295
scene_0000,-100.0,-80.64516129032259,0,-103.96462629657321,-103.95487846106582,-103.83831056365904,-104.6758,-102.5489176935987
scene_0000,-93.54838709677419,-80.64516129032259,0,-103.91421481576546,-103.9043734420348,-103.73638439338978,-104.43641,-103.22985661749226
scene_0000,-87.09677419354838,-80.64516129032259,0,-103.8405889689572,-103.82976837755714,-103.60057235349134,-104.176025,-103.65816283414142
scene_0000,-80.64516129032259,-80.64516129032259,1,-103.7377011388183,-103.72529189717437,-103.43105721579087,-103.81294,-103.81294678965055
scene_0000,-74.19354838709677,-80.64516129032259,0,-103.6015257734208,-103.58723796257448,-103.22977800118565,-103.636536,-103.73485906952197
scene_0000,-67.74193548387098,-80.64516129032259,0,-103.4304080655919,-103.4142696727727,-103.00011158565839,-103.372055,-103.53613535411858
scene_0000,-61.29032258064517,-80.64516129032259,0,-103.2250967644166,-103.20740896631827,-102.74644199013974,-103.11203,-103.30145850653057
scene_0000,-54.83870967741936,-80.64516129032259,1,-102.98846427108346,-102.9697257386057,-102.47370145159805,-103.189804,-103.18979834414432
scene_0000,-48.38709677419355,-80.64516129032259,1,-102.72499441726872,-102.7058128130449,-102.18695484165775,-102.681465,-102.68146296643565
scene_0000,-41.935483870967744,-80.64516129032259,0,-102.44016317452119,-102.42117165872699,-101.89107209404925,-102.307655,-102.4169164825363
scene_0000,-35.483870967741936,-80.64516129032259,0,-102.13983686192279,-102.12162800219956,-101.59050444713108,-102.0161,-102.09753428476063
scene_0000,-29.032258064516128,-80.64516129032259,0,-101.82977668323633,-101.81285893372672,-101.289158159981,-101.71167,-101.78756575316632
scene_0000,-22.580645161290334,-80.64516129032259,0,-101.5152901436652,-101.50006596655263,-100.99034694039076,-101.39853,-101.52679462192583
scene_0000,-16.129032258064527,-80.64516129032259,0,-101.20102870706344,-101.18778985118271,-100.69680043552032,-101.08313,-101.31686098010888
scene_0000,-9.677419354838719,-80.64516129032259,1,-100.89090610860431,-100.8798404462435,-100.41070779913227,-101.17082,-101.17082357722049
scene_0000,-3.225806451612911,-80.64516129032259,0,-100.58810264960923,-100.57930747475838,-100.13377962919839,-100.47455,-100.72269091754266
scene_0000,3.225806451612897,-80.64516129032259,0,-100.29512246114126,-100.28862037660633,-99.86731640046393,-100.193214,-100.30646676054262
scene_0000,9.677419354838705,-80.64516129032259,1,-100.01387753923714,-100.009632380277,-99.61227578160765,-99.98307,-99.98307221961262
scene_0000,16.129032258064512,-80.64516129032259,1,-99.74578031258562,-99.74371165563505,-99.36933451068467,-99.46997,-99.46997002160047
scene_0000,22.58064516129032,-80.64516129032259,0,-99.4918334702404,-99.49182906410948,-99.13894279507056,-99.46803,-99.34846053231797
scene_0000,29.032258064516128,-80.64516129032259,0,-99.25271100720738,-99.25463696613394,-98.92137067201907,-99.26395,-99.19919491231182
scene_0000,35.48387096774192,-80.64516129032259,0,-99.02882796489253,-99.0325368461521,-98.71674662672774,-99.076096,-99.06053973861658
scene_0000,41.935483870967744,-80.64516129032259,0,-98.82039849153081,-98.825735515686,-98.52508920994703,-98.90283,-98.87570097964866
scene_0000,48.38709677419354,-80.64516129032259,0,-98.62748302156578,-98.63429073787637,-98.34633257775073,-98.7426,-98.62167642260006
scene_0000,54.83870967741933,-80.64516129032259,0,-98.4500259128451,-98.45814760615893,-98.18034689989531,-98.59399,-98.33658969450086
scene_0000,61.29032258064515,-80.64516129032259,0,-98.28788503918346,-98.29716714376679,-98.02695452214918,-98.4557,-98.12790895440767
scene_0000,67.74193548387095,-80.64516129032259,0,-98.14085478475066,-98.15114853048439,-97.88594266745798,-98.32654,-98.0593325432132
scene_0000,74.19354838709677,-80.64516129032259,0,-98.00868373428114,-98.01984620998013,-97.75707334783428,-98.20533,-98.0596798407365
scene_0000,80.64516129032256,-80.64516129032259,1,-97.89108816362402,-97.90298294511516,-97.64009104843011,-97.951515,-97.95151301631083
scene_0000,87.09677419354838,-80.64516129032259,0,-97.78776224418866,-97.80025970287352,-97.53472864485845,-97.98252,-98.01951406586282
scene_0000,93.54838709677418,-80.64516129032259,0,-97.69838570008709,-97.71136308131847,-97.44071192748551,-97.87894,-97.92274430194468
scene_0000,100.0,-80.64516129032259,0,-97.62262950547579,-97.63597084479598,-97.35776303259573,-97.77937,-97.75675838061534
scene_0000,-100.0,-74.19354838709677,0,-103.88393329846393,-103.86868044877836,-103.71217876400807,-104.47562,-102.83601590140746
scene_0000,-93.54838709677419,-74.19354838709677,0,-103.80310092159135,-103.78369946393977,-103.54711570008716,-104.18756,-103.42663994308212
scene_0000,-87.09677419354838,-74.19354838709677,0,-103.68537328974037,-103.66140460576182,-103.34458913341675,-103.87604,-103.66359599458606
scene_0000,-80.64516129032259,-74.19354838709677,0,-103.52733826440831,-103.49891741706605,-103.1082944164347,-103.55579,-103.60636849209615
scene_0000,-74.19354838709677,-74.19354838709677,0,-103.32873007716881,-103.29644683216742,-102.84333882933245,-103.23947,-103.37580213050512
scene_0000,-67.74193548387098,-74.19354838709677,0,-103.09221038728977,-103.0570048987498,-102.55561644785661,-102.93372,-103.07390780245257
scene_0000,-61.29032258064517,-74.19354838709677,0,-102.82275328247323,-102.78575961476534,-102.25123092724832,-102.63833,-102.75425322563603
scene_0000,-54.83870967741936,-74.19354838709677,0,-102.52681214186865,-102.48920605923195,-101.93604095849841,-102.348114,-102.42137167572359
scene_0000,-48.38709677419355,-74.19354838709677,0,-102.21146989123076,-102.1743478343123,-101.61535579891277,-102.055984,-102.06757534140436
scene_0000,-41.935483870967744,-74.19354838709677,0,-101.88372709339063,-101.84802810521283,-101.29377151642457,-101.75586,-101.72027548210096
scene_0000,-35.483870967741936,-74.19354838709677,0,-101.5500033135939,-101.51647234681312,-100.97511853436815,-101.444534,-101.39332348384801
scene_0000,-29.032258064516128,-74.19354838709677,0,-101.2158558146777,-101.1850391426442,-100.6624855658757,-101.122574,-101.1019162956988
scene_0000,-22.580645161290334,-74.19354838709677,0,-100.8858760752801,-100.85813736846205,-100.35828857904079,-100.79408,-100.86502547647044
scene_0000,-16.129032258064527,-74.19354838709677,0,-100.56370937040789,-100.5392563733813,-100.06436082163624,-100.46576,-100.66255967309773
scene_0000,-9.677419354838719,-74.19354838709677,0,-100.2521462241853,-100.23106075182199,-99.78204771196786,-100.14517,-100.42198579490429
scene_0000,-3.225806451612911,-74.19354838709677,0,-99.95324651639058,-99.9355132838918,-99.51229689290342,-99.839325,-100.08202572640903
scene_0000,3.225806451612897,-74.19354838709677,1,-99.66847024451974,-99.65400223221127,-99.25573847201122,-99.75346,-99.75346656742599
scene_0000,9.677419354838705,-74.19354838709677,0,-99.39879993704645,-99.3874594519177,-99.01275357540837,-99.28969,-99.25311976516741
scene_0000,16.129032258064512,-74.19354838709677,1,-99.14484752702722,-99.13646297778739,-98.78353119486957,-98.82657,-98.82657090371227
scene_0000,22.58064516129032,-74.19354838709677,0,-98.90694343462329,-98.90132226560692,-98.56811429059624,-98.830505,-98.63450406872431
scene_0000,29.032258064516128,-74.19354838709677,0,-98.68520839698759,-98.68214678918916,-98.36643653999406,-98.63237,-98.4944825143437
scene_0000,35.48387096774192,-74.19354838709677,0,-98.4796099437588,-98.4788999058391,-98.17835122298048,-98.45274,-98.40061960609856
scene_0000,41.935483870967744,-74.19354838709677,0,-98.29000590851248,-98.29144032264637,-98.00365365797235,-98.28972,-98.28660753990701
scene_0000,48.38709677419354,-74.19354838709677,1,-98.11617737813722,-98.11955347977337,-97.84209844390936,-98.15807,-98.15807376475915
scene_0000,54.83870967741933,-74.19354838709677,0,-97.95785325788394,-97.96297493891487,-97.69341257756545,-98.006424,-97.8366697543587
scene_0000,61.29032258064515,-74.19354838709677,1,-97.8147283135118,-97.82140755650595,-97.55730533186929,-97.481155,-97.48115982893886
scene_0000,67.74193548387095,-74.19354838709677,0,-97.6864762219492,-97.69453390335815,-97.43347561450739,-97.76933,-97.61415232125763
scene_0000,74.19354838709677,-74.19354838709677,0,-97.57275885692201,-97.58202510022605,-97.32161738236965,-97.66443,-97.62518922909416
scene_0000,80.64516129032256,-74.19354838709677,0,-97.47323277192444,-97.48354698647779,-97.22142356713265,-97.56677,-97.61071800128589
scene_0000,87.09677419354838,-74.19354838709677,0,-97.38755362336573,-97.39876432952174,-97.13258886881034,-97.475136,-97.56730326255777
scene_0000,93.54838709677418,-74.19354838709677,0,-97.3153790991374,-97.32734361327081,-97.0548116947189,-97.388336,-97.47577481313215
scene_0000,100.0,-74.19354838709677,0,-97.2563707771137,-97.26895480973896,-96.98779545806215,-97.30533,-97.33501316819513
scene_0000,-100.0,-67.74193548387098,0,-103.75421762551112,-103.71978922664064,-103.45423226711993,-104.13514,-102.93400509562636
scene_0000,-93.54838709677419,-67.74193548387098,1,-103.60760927043177,-103.56555429608072,-103.21024651452757,-103.73479,-103.7347887319106
scene_0000,-87.09677419354838,-67.74193548387098,0,-103.4130326952011,-103.36423391090176,-102.93192013328078,-103.44873,-103.47300849927267
scene_0000,-80.64516129032259,-67.74193548387098,0,-103.17284434391617,-103.1187711907636,-102.62638643933764,-103.08504,-103.23513546525328
scene_0000,-74.19354838709677,-67.74193548387098,1,-102.89271385816053,-102.83516639739936,-102.3011146990924,-102.819435,-102.81943524056663
scene_0000,-67.74193548387098,-67.74193548387098,0,-102.58048185329685,-102.52133206612478,-101.96326372018413,-102.38847,-102.46400153126936
scene_0000,-61.29032258064517,-67.74193548387098,0,-102.24493317400984,-102.18591848771565,-101.61925703502911,-102.06414,-102.0660881436921
scene_0000,-54.83870967741936,-67.74193548387098,1,-101.89475661152143,-101.83735034775412,-101.27456613475802,-101.65419,-101.65418664656582
scene_0000,-48.38709677419355,-67.74193548387098,0,-101.53782797862833,-101.48318380757651,-100.93365463511972,-101.4389,-101.31980007604585
scene_0000,-41.935483870967744,-67.74193548387098,0,-101.18082629264654,-101.12977824807736,-100.60002834261132,-101.12314,-100.97582177747911
scene_0000,-35.483870967741936,-67.74193548387098,0,-100.82911648513594,-100.78221252901821,-100.27634345328586,-100.79913,-100.64803270620878
scene_0000,-29.032258064516128,-67.74193548387098,0,-100.48680816428552,-100.4443588815162,-99.96453801841129,-100.46713,-100.35151800996076
scene_0000,-22.580645161290334,-67.74193548387098,0,-100.15690925061509,-100.11903921602205,-99.66596448880713,-100.13114,-100.10729472474895
scene_0000,-16.129032258064527,-67.74193548387098,0,-99.84151558532264,-99.808210419678,-99.38151110382898,-99.79784,-99.8833147103021
scene_0000,-9.677419354838719,-67.74193548387098,1,-99.54200011081001,-99.51314618448205,-99.11170669526223,-99.73488,-99.73487642665154
scene_0000,-3.225806451612911,-67.74193548387098,0,-99.25918260561347,-99.23459875250185,-98.85680763747372,-99.16901,-99.29368955973683
scene_0000,3.225806451612897,-67.74193548387098,0,-98.99347241551027,-98.97293426967208,-98.61686794113318,-98.8853,-98.92135432539487
scene_0000,9.677419354838705,-67.74193548387098,1,-98.74498327245264,-98.72824135425657,-98.3917945313626,-98.5605,-98.56050187684227
scene_0000,16.129032258064512,-67.74193548387098,0,-98.51362264892413,-98.50041543031017,-98.18139007337663,-98.39229,-98.20321839267075
scene_0000,22.58064516129032,-67.74193548387098,0,-98.29915944122666,-98.28922252209685,-97.98538564391917,-98.1824,-97.96333959712442
scene_0000,29.032258064516128,-67.74193548387098,0,-98.10127401251987,-98.09434636541923,-97.80346530104367,-97.99486,-97.83183051665833
scene_0000,35.48387096774192,-67.74193548387098,0,-97.91959432059707,-97.91542237303457,-97.63528429610108,-97.827614,-97.77758711669284
scene_0000,41.935483870967744,-67.74193548387098,0,-97.7537213319633,-97.75206148452341,-97.48048236267378,-97.678604,-97.7175475266811
scene_0000,48.38709677419354,-67.74193548387098,1,-97.60324635543654,-97.60386638984043,-97.3386932370664,-97.64775,-97.64775500479547
scene_0000,54.83870967741933,-67.74193548387098,0,-97.46776239776295,-97.47044211347637,-97.20955132473904,-97.42735,-97.3698235645965
scene_0000,61.29032258064515,-67.74193548387098,1,-97.34687118356914,-97.3514025115224,-97.09269622796455,-97.12241,-97.12241389275114
scene_0000,67.74193548387095,-67.74193548387098,1,-97.24018709974328,-97.24637387303964,-96.98777568863471,-97.39178,-97.39178118876147
scene_0000,74.19354838709677,-67.74193548387098,0,-97.1473390155336,-97.15499652540356,-96.89444737142318,-97.13988,-97.25118512296348
scene_0000,80.64516129032256,-67.74193548387098,0,-97.06797068500506,-97.076925111962,-96.81237981098589,-97.06112,-97.23197376624745
scene_0000,87.09677419354838,-67.74193548387098,0,-97.00174024763585,-97.01182802969585,-96.74125276751772,-96.98838,-97.17281211184789
scene_0000,93.54838709677418,-67.74193548387098,0,-96.94831919592458,-96.95938637537478,-96.68075717340133,-96.9203,-97.06702745685796
scene_0000,100.0,-67.74193548387098,0,-96.90739106725609,-96.91929264286331,-96.63059480619621,-96.85565,-96.93345076693765
scene_0000,-100.0,-61.29032258064517,0,-103.47465049825095,-103.40961976833196,-103.0182120160568,-103.61604,-102.77096292463271
scene_0000,-93.54838709677419,-61.29032258064517,0,-103.22650506964351,-103.15347213143477,-102.69216344812263,-103.25319,-103.088563184653
scene_0000,-87.09677419354838,-61.29032258064517,0,-102.92977783927113,-102.85134051387034,-102.34239742618567,-102.86362,-103.00899727986163
scene_0000,-80.64516129032259,-61.29032258064517,0,-102.59419781949109,-102.51307884131377,-101.97780806226304,-102.46745,-102.66916380069425
scene_0000,-74.19354838709677,-61.29032258064517,0,-102.23093247151175,-102.1496424600317,-101.60631293180002,-102.08215,-102.22135782348059
scene_0000,-67.74193548387098,-61.29032258064517,0,-101.85103011436817,-101.77166290601599,-101.23455024386027,-101.71739,-101.74798488261334
scene_0000,-61.29032258064517,-61.29032258064517,0,-101.46436476363365,-101.388519765173,-100.867815504888,-101.37391,-101.30075509905352
scene_0000,-54.83870967741936,-61.29032258064517,0,-101.07910470275107,-101.00790073401689,-100.51014959655298,-101.04587,-100.89647970793035
scene_0000,-48.38709677419355,-61.29032258064517,0,-100.70158853804065,-100.63572848742135,-100.16450399894848,-100.72479,-100.53719459247071
scene_0000,-41.935483870967744,-61.29032258064517,0,-100.33645544301193,-100.27630974861822,-99.83293139780574,-100.40312,-100.21191398896555
scene_0000,-35.483870967741936,-61.29032258064517,0,-99.98689893771937,-99.93258803054755,-99.5167707842335,-100.07657,-99.89532574300534
scene_0000,-29.032258064516128,-61.29032258064517,1,-99.65495558023838,-99.60642150752429,-99.21681159181752,-99.46571,-99.46571476401388
scene_0000,-22.580645161290334,-61.29032258064517,0,-99.34177846864281,-99.29884249433289,-98.93343128432764,-99.412476,-99.30767031326039
scene_0000,-16.129032258064527,-61.29032258064517,0,-99.04787275074258,-99.01027929656354,-98.66670637072728,-99.08523,-99.02082453341262
scene_0000,-9.677419354838719,-61.29032258064517,0,-98.77328674449133,-98.74073559153067,-98.41649952576346,-98.7706,-98.71286552622334
scene_0000,-3.225806451612911,-61.29032258064517,0,-98.51776077157567,-98.48992986160006,-98.18252649093218,-98.4751,-98.40235290316093
scene_0000,3.225806451612897,-61.29032258064517,0,-98.28083941721788,-98.25740046178126,-97.96440651081205,-98.20327,-98.09835592641011
scene_0000,9.677419354838705,-61.29032258064517,0,-98.06195386494322,-98.04258262704069,-97.7616997082786,-97.957375,-97.80972652597116
scene_0000,16.129032258064512,-61.29032258064517,0,-97.8604806035616,-97.84486333314342,-97.57393429258522,-97.73772,-97.55667662299271
scene_0000,22.58064516129032,-61.29032258064517,0,-97.6757819440887,-97.66361910044667,-97.40062596816328,-97.54327,-97.36565664765632
scene_0000,29.032258064516128,-61.29032258064517,1,-97.50723281287318,-97.49824091863304,-97.24129143399668,-97.13704,-97.13703917688314
scene_0000,35.48387096774192,-61.29032258064517,0,-97.35423738162976,-97.34814962622869,-97.0954574566643,-97.22266,-97.23285159739298
scene_0000,41.935483870967744,-61.29032258064517,0,-97.21623831921983,-97.21280435650115,-96.96266666692495,-97.09229,-97.19104732492481
scene_0000,48.38709677419354,-61.29032258064517,0,-97.09272081331855,-97.091706068041,-96.84248096308784,-96.979034,-97.07139487624316
scene_0000,54.83870967741933,-61.29032258064517,0,-96.98321299954162,-96.9843977015662,-96.73448319426217,-96.88081,-96.91123731495179
scene_0000,61.29032258064515,-61.29032258064517,0,-96.88728403130148,-96.89046212592565,-96.63827763257692,-96.79562,-96.82086658444959
scene_0000,67.74193548387095,-61.29032258064517,0,-96.80454070587484,-96.80951873785453,-96.55348961635441,-96.7215,-96.84008123816169
scene_0000,74.19354838709677,-61.29032258064517,0,-96.73462331377542,-96.74121934612536,-96.47976464820874,-96.65658,-96.87732922553501
scene_0000,80.64516129032256,-61.29032258064517,0,-96.67720118557385,-96.68524378854435,-96.4167671567931,-96.59909,-96.87260086603615
scene_0000,87.09677419354838,-61.29032258064517,1,-96.63196826163826,-96.64129558954633,-96.36417907340297,-96.84885,-96.84885147708029
scene_0000,93.54838709677418,-61.29032258064517,0,-96.59863889703146,-96.60909785875062,-96.32169833089337,-96.49998,-96.6923658720551
scene_0000,100.0,-61.29032258064517,0,-96.57694402885835,-96.58838955016039,-96.28903735929755,-96.45552,-96.561672722398
scene_0000,-100.0,-54.83870967741936,0,-102.94473485312194,-102.84759294874065,-102.38909377910892,-102.88794,-102.40377804722658
scene_0000,-93.54838709677419,-54.83870967741936,0,-102.57906441478285,-102.47812266510175,-101.99356762162321,-102.50516,-102.52561839790772
scene_0000,-87.09677419354838,-54.83870967741936,0,-102.17976307001462,-102.07845088014354,-101.58976405261006,-102.09532,-102.29697611162959
scene_0000,-80.64516129032259,-54.83870967741936,0,-101.7611353660291,-101.66225895591947,-101.18593862046764,-101.68029,-101.87565812226886
scene_0000,-74.19354838709677,-54.83870967741936,1,-101.33585186114942,-101.24148588789411,-100.78855039152644,-101.50882,-101.50881672781284
scene_0000,-67.74193548387098,-54.83870967741936,1,-100.91417015303661,-100.82569694524294,-100.40239673528448,-100.86854,-100.86854217279091
scene_0000,-61.29032258064517,-54.83870967741936,0,-100.5037939138596,-100.42201762461637,-100.03085683377391,-100.55202,-100.45061565509769
scene_0000,-54.83870967741936,-54.83870967741936,0,-100.1101087334696,-100.03539056549036,-99.67616453719536,-100.22142,-100.05248250046606
scene_0000,-48.38709677419355,-54.83870967741936,0,-99.7365817132472,-99.6689657895574,-99.33966599759314,-99.90215,-99.70491218810373
scene_0000,-41.935483870967744,-54.83870967741936,0,-99.3851899395193,-99.32450713704996,-99.02204196487843,-99.586334,-99.40359026043382
scene_0000,-35.483870967741936,-54.83870967741936,1,-99.05680892292509,-99.00275639274054,-98.723489273067,-99.234436,-99.23444152324913
scene_0000,-29.032258064516128,-54.83870967741936,0,-98.75153494295205,-98.70373391710234,-98.4438636117156,-98.95111,-98.80556606995968
scene_0000,-22.580645161290334,-54.83870967741936,1,-98.46893845590346,-98.42697454787267,-98.1827888690696,-98.60856,-98.60856225814716
scene_0000,-16.129032258064527,-54.83870967741936,0,-98.20825612259779,-98.1717063292197,-97.93973912647215,-98.326836,-98.1433942077444
scene_0000,-9.677419354838719,-54.83870967741936,1,-97.96853229685794,-97.9369822815059,-97.71409902121056,-97.66601,-97.6660021450376
scene_0000,-3.225806451612911,-54.83870967741936,0,-97.74872069128152,-97.72177516090815,-97.50520737982112,-97.760475,-97.51193674341044
scene_0000,3.225806451612897,-54.83870967741936,0,-97.54775547667376,-97.52504376604054,-97.31238811596279,-97.511765,-97.28650871769088
scene_0000,9.677419354838705,-54.83870967741936,0,-97.36459930466077,-97.34577771420214,-97.13497154930562,-97.28917,-97.10510542320365
scene_0000,16.129032258064512,-54.83870967741936,0,-97.19827411157631,-97.18302611205614,-96.97230859298273,-97.09281,-96.9638540453594
scene_0000,22.58064516129032,-54.83870967741936,0,-97.04787921050567,-97.0359143066774,-96.82377968481573,-96.921684,-96.86094205437533
scene_0000,29.032258064516128,-54.83870967741936,0,-96.91260011712197,-96.90365192849046,-96.68879988792817,-96.774155,-96.80357802592565
scene_0000,35.48387096774192,-54.83870967741936,0,-96.791710741918,-96.78553468888664,-96.56682123879021,-96.648224,-96.77869956335913
scene_0000,41.935483870967744,-54.83870967741936,0,-96.68457096307377,-96.68094182356441,-96.45733315444775,-96.54181,-96.71082756380531
scene_0000,48.38709677419354,-54.83870967741936,0,-96.59062112160584,-96.58933063368012,-96.35986150752863,-96.45273,-96.564483502798
scene_0000,54.83870967741933,-54.83870967741936,0,-96.50937461485094,-96.51022923570724,-96.27396682287595,-96.37887,-96.41518803734542
scene_0000,61.29032258064515,-54.83870967741936,0,-96.44040947726427,-96.44322836176586,-96.19924193177314,-96.318085,-96.35787233489066
scene_0000,67.74193548387095,-54.83870967741936,0,-96.38335960910456,-96.38797283717894,-96.13530932985267,-96.26831,-96.40728676317038
scene_0000,74.19354838709677,-54.83870967741936,0,-96.33790613039915,-96.34415318897072,-96.08181841627768,-96.22754,-96.48604889217056
scene_0000,80.64516129032256,-54.83870967741936,0,-96.30376919053718,-96.31149769971925,-96.03844273957696,-96.193855,-96.5107283807757
scene_0000,87.09677419354838,-54.83870967741936,0,-96.28070044666293,-96.28976510989034,-96.00487733587121,-96.165504,-96.45941600575837
scene_0000,93.54838709677418,-54.83870967741936,0,-96.26847633205708,-96.27873808424012,-95.98083621525305,-96.14086,-96.34982610035803
scene_0000,100.0,-54.83870967741936,1,-96.266892165156,-96.2782174906022,-95.96605002962406,-96.168655,-96.16865374194214
scene_0000,-100.0,-48.38709677419355,0,-102.1233100489311,-102.00579288131985,-101.59196554047598,-101.941956,-101.87012038870176
scene_0000,-93.54838709677419,-48.38709677419355,0,-101.65758193025596,-101.5431556251373,-101.15053085876214,-101.55246,-101.77877872012012
scene_0000,-87.09677419354838,-48.38709677419355,0,-101.18398538643945,-101.07528311489631,-100.71660290662543,-101.13652,-101.36042961674124
scene_0000,-80.64516129032259,-48.38709677419355,0,-100.7157919099329,-100.61447542948807,-100.2961208469383,-100.71706,-100.83349994608182
scene_0000,-74.19354838709677,-48.38709677419355,0,-100.26275192856548,-100.1696950981125,-99.89314874888598,-100.31412,-100.33017486729122
scene_0000,-67.74193548387098,-48.38709677419355,0,-99.83145553614216,-99.74695206654636,-99.51026080211649,-99.93926,-99.88267718338193
scene_0000,-61.29032258064517,-48.38709677419355,0,-99.42592895974336,-99.34987737781435,-99.1488993144079,-99.594154,-99.48813045792531
scene_0000,-54.83870967741936,-48.38709677419355,0,-99.04825362825834,-98.98030315177135,-98.80967717166641,-99.273224,-99.11889773728704
scene_0000,-48.38709677419355,-48.38709677419355,0,-98.69910863663935,-98.6387659609293,-98.49261921496631,-98.967865,-98.78790908379844
scene_0000,-41.935483870967744,-48.38709677419355,0,-98.37820633222262,-98.3249098030832,-98.19734783015569,-98.67023,-98.50069675450771
scene_0000,-35.483870967741936,-48.38709677419355,0,-98.0846245747604,-98.0377935147863,-97.92322195819176,-98.37572,-98.22880657804009
scene_0000,-29.032258064516128,-48.38709677419355,0,-97.81705204857639,-97.77611812565556,-97.66943914341013,-98.08382,-97.9409935620299
scene_0000,-22.580645161290334,-48.38709677419355,0,-97.57396532119355,-97.53839135925828,-97.4351091481619,-97.79764,-97.63252009922337
scene_0000,-16.129032258064527,-48.38709677419355,0,-97.35375429883042,-97.32304450211716,-97.2193061216317,-97.522385,-97.29331175607263
scene_0000,-9.677419354838719,-48.38709677419355,0,-97.15480942514887,-97.12851383543878,-97.02110480142284,-97.26361,-96.96407243765263
scene_0000,-3.225806451612911,-48.38709677419355,0,-96.97558075647338,-96.95329590872602,-96.83960493352004,-97.02584,-96.70593173047249
scene_0000,3.225806451612897,-48.38709677419355,0,-96.81461639344471,-96.79598353022746,-96.6739470604496,-96.81194,-96.53688015642456
scene_0000,9.677419354838705,-48.38709677419355,0,-96.67058572803089,-96.65528751498975,-96.52332202844869,-96.62314,-96.4550544114496
scene_0000,16.129032258064512,-48.38709677419355,0,-96.5422914953873,-96.53004789371863,-96.38697596148154,-96.45936,-96.4270258413468
scene_0000,22.58064516129032,-48.38709677419355,0,-96.42867358044828,-96.41923733556332,-96.26421200034295,-96.319725,-96.41228652930462
scene_0000,29.032258064516128,-48.38709677419355,0,-96.32880680255495,-96.3219588706596,-96.15438977167048,-96.20278,-96.3883873009079
scene_0000,35.48387096774192,-48.38709677419355,1,-96.2418943918292,-96.23743952748866,-96.05692330452094,-96.37829,-96.37828664603668
scene_0000,41.935483870967744,-48.38709677419355,1,-96.16725850574646,-96.1650211604391,-95.97127792837226,-96.34556,-96.34556189704614
scene_0000,48.38709677419354,-48.38709677419355,0,-96.10432886188866,-96.10414948786122,-95.89696654895255,-95.96959,-96.01837904518405
scene_0000,54.83870967741933,-48.38709677419355,0,-96.05263034872571,-96.05436215925667,-95.83354559474668,-95.92424,-95.85937769815907
scene_0000,61.29032258064515,-48.38709677419355,0,-96.01177029909051,-96.01527650269998,-95.78061084844339,-95.89154,-95.83272478223284
scene_0000,67.74193548387095,-48.38709677419355,0,-95.98142595863031,-95.98657745915219,-95.73779331753306,-95.869354,-95.93726993226579
scene_0000,74.19354838709677,-48.38709677419355,1,-95.96133254796266,-95.96800608360907,-95.70475525215697,-96.14559,-96.14559571004415
scene_0000,80.64516129032256,-48.38709677419355,0,-95.95127220020495,-95.9593488818973,-95.68118638283622,-95.84828,-96.15070837600288
scene_0000,87.09677419354838,-48.38709677419355,0,-95.95106395446845,-95.9604281559541,-95.66680042347188,-95.84557,-96.12937625527778
scene_0000,93.54838709677418,-48.38709677419355,0,-95.96055490088963,-95.97109344964274,-95.66133186421436,-95.84579,-96.05222211400039
scene_0000,100.0,-48.38709677419355,0,-95.97961250373793,-95.99121412148376,-95.66453306312064,-95.84746,-95.97034130385944
scene_0000,-100.0,-41.935483870967744,1,-101.06081673775611,-100.94159403108746,-100.68113135585531,-101.516335,-101.51633652933666
scene_0000,-93.54838709677419,-41.935483870967744,0,-100.53613502088972,-100.42597613689438,-100.21946733370173,-100.42512,-100.78301324785619
scene_0000,-87.09677419354838,-41.935483870967744,0,-100.02930510870075,-99.92920629917376,-99.77810439517495,-100.01587,-100.19687903509077
scene_0000,-80.64516129032259,-41.935483870967744,0,-99.54893763894287,-99.45912578916827,-99.36025923424185,-99.60495,-99.58245408952189
scene_0000,-74.19354838709677,-41.935483870967744,0,-99.10018085730175,-99.0203795525939,-98.96766210433888,-99.21286,-99.08670101085427
scene_0000,-67.74193548387098,-41.935483870967744,0,-98.68559777019303,-98.61523023205122,-98.60097288985554,-98.851585,-98.70947563642832
scene_0000,-61.29032258064517,-41.935483870967744,1,-98.30592139257789,-98.24425335427173,-98.2601072544378,-98.58807,-98.58807306075585
scene_0000,-54.83870967741936,-41.935483870967744,0,-97.96064570815281,-97.90688058998144,-97.9444823757866,-98.22288,-98.0799453550872
scene_0000,-48.38709677419355,-41.935483870967744,0,-97.64846380646574,-97.60180330057123,-97.65319722494982,-97.942116,-97.78669489058174
scene_0000,-41.935483870967744,-41.935483870967744,0,-97.36758247793817,-97.32726332695307,-97.38516227256244,-97.6735,-97.51975926863756
scene_0000,-35.483870967741936,-41.935483870967744,0,-97.11594372845242,-97.0812586324079,-97.13919131081495,-97.41255,-97.26536573255666
scene_0000,-29.032258064516128,-41.935483870967744,0,-96.89137879229963,-96.86168694033812,-96.91406542358793,-97.15859,-97.01165521694
scene_0000,-22.580645161290334,-41.935483870967744,0,-96.69171414647695,-96.6664450505449,-96.70857671062478,-96.9142,-96.75250129464493
scene_0000,-16.129032258064527,-41.935483870967744,0,-96.51484363314731,-96.49349667649187,-96.52155739293788,-96.68359,-96.4822293627418
scene_0000,-9.677419354838719,-41.935483870967744,0,-96.35877658148908,-96.34091785373889,-96.35189840551654,-96.47095,-96.21426762909833
scene_0000,-3.225806451612911,-41.935483870967744,0,-96.22166874255728,-96.20692619024432,-96.19856045301275,-96.27928,-95.98890323568907
scene_0000,3.225806451612897,-41.935483870967744,1,-96.10184069969279,-96.08989827808816,-96.06057968083479,-95.800064,-95.80006584098085
scene_0000,9.677419354838705,-41.935483870967744,0,-95.99778696306745,-95.98837826128829,-95.93706952136942,-95.96416,-95.86120995144151
scene_0000,16.129032258064512,-41.935483870967744,0,-95.90817800312806,-95.90107968078291,-95.82721985064886,-95.840904,-95.92846259154823
scene_0000,22.58064516129032,-41.935483870967744,0,-95.83185686932862,-95.82688215696828,-95.73029428700355,-95.739685,-95.97698522903555
scene_0000,29.032258064516128,-41.935483870967744,0,-95.7678316613412,-95.76482411772174,-95.64562624496764,-95.65935,-95.94741926488156
scene_0000,35.48387096774192,-41.935483870967744,0,-95.71526488485856,-95.71409255875166,-95.57261419957536,-95.59846,-95.82883756641297
scene_0000,41.935483870967744,-41.935483870967744,0,-95.67346057284824,-95.67401067870092,-95.51071650028126,-95.55533,-95.63784342366196
scene_0000,48.38709677419354,-41.935483870967744,0,-95.64184994464532,-95.6440241264433,-95.45944598749686,-95.52806,-95.42469701101446
scene_0000,54.83870967741933,-41.935483870967744,1,-95.61997628366291,-95.62368650889891,-95.41836459950406,-95.223656,-95.22365755643983
scene_0000,61.29032258064515,-41.935483870967744,0,-95.60747962533328,-95.61264472134253,-95.38707810735156,-95.512985,-95.29414348664027
scene_0000,67.74193548387095,-41.935483870967744,1,-95.60408175411041,-95.61062457307685,-95.36523107620303,-95.41477,-95.4147729236781
scene_0000,74.19354838709677,-41.935483870967744,0,-95.6095719115998,-95.61741708912976,-95.35250212076133,-95.53649,-95.67706444149785
scene_0000,80.64516129032256,-41.935483870967744,1,-95.62379352001243,-95.63286577590557,-95.3485994979402,-95.79744,-95.7974408018298
scene_0000,87.09677419354838,-41.935483870967744,0,-95.64663213045608,-95.65685504932917,-95.35325706058158,-95.58226,-95.82167805547259
scene_0000,93.54838709677418,-41.935483870967744,0,-95.67800471842192,-95.68929994190657,-95.36623058080468,-95.60893,-95.78617836980021
scene_0000,100.0,-41.935483870967744,0,-95.71785037262224,-95.73013713335243,-95.3872944397704,-95.63607,-95.74238831420482
scene_0000,-100.0,-35.483870967741936,0,-99.86733079601179,-99.76237897023492,-99.71915050760556,-99.569595,-99.89656618756447
scene_0000,-93.54838709677419,-35.483870967741936,0,-99.32592406844921,-99.23326189307075,-99.2582632960497,-99.19915,-99.51173841545793
scene_0000,-87.09677419354838,-35.483870967741936,0,-98.82104649778022,-98.74026396973349,-98.82643665198299,-98.805786,-98.87298423498925
scene_0000,-80.64516129032259,-35.483870967741936,1,-98.3564192098334,-98.28671645634833,-98.42460203380122,-98.1127,-98.11269909975478
scene_0000,-74.19354838709677,-35.483870967741936,0,-97.93328597533802,-97.87366953328211,-98.05270431539586,-98.040405,-97.79629532705228
scene_0000,-67.74193548387098,-35.483870967741936,0,-97.55123412307405,-97.50064301947965,-97.71003670842616,-97.70114,-97.4818676937218
scene_0000,-61.29032258064517,-35.483870967741936,1,-97.2087905290273,-97.16617326266416,-97.39548190801338,-97.06168,-97.06167975482133
scene_0000,-54.83870967741936,-35.483870967741936,0,-96.90383852140812,-96.86819769549157,-97.10768223791572,-97.12494,-96.99143766630417
scene_0000,-48.38709677419355,-35.483870967741936,0,-96.63390327950162,-96.60431970722783,-96.84515784045152,-96.875916,-96.76052778200635
scene_0000,-41.935483870967744,-35.483870967741936,0,-96.39634486088353,-96.37198896728151,-96.60638760627266,-96.64341,-96.52375698876037
scene_0000,-35.483870967741936,-35.483870967741936,0,-96.18848795288473,-96.1686234465802,-96.38986369284183,-96.423195,-96.29096235915766
scene_0000,-29.032258064516128,-35.483870967741936,0,-96.00770883172714,-95.99169172114601,-96.19412743841332,-96.21451,-96.07803354951321
scene_0000,-22.580645161290334,-35.483870967741936,0,-95.85149347145553,-95.83876828653273,-96.01779220678083,-96.01929,-95.8921843611829
scene_0000,-16.129032258064527,-35.483870967741936,0,-95.71747606993212,-95.70757039972875,-95.8595570570141,-95.84065,-95.71639128340212
scene_0000,-9.677419354838719,-35.483870967741936,0,-95.60346403672733,-95.59598204383829,-95.71821397033447,-95.68119,-95.52743471296756
scene_0000,-3.225806451612911,-35.483870967741936,0,-95.50745332507203,-95.50206863932159,-95.5926505534677,-95.54222,-95.34336830286753
scene_0000,3.225806451612897,-35.483870967741936,0,-95.42763657704909,-95.42408483081127,-95.48184957344654,-95.42395,-95.25392891811362
scene_0000,9.677419354838705,-35.483870967741936,0,-95.36240565970813,-95.36047685735826,-95.38488628834017,-95.326004,-95.30717321616524
scene_0000,16.129032258064512,-35.483870967741936,0,-95.31034963605991,-95.30988051911577,-95.30092426822358,-95.24791,-95.43821976958392
scene_0000,22.58064516129032,-35.483870967741936,0,-95.2702489212655,-95.27111547816585,-95.22921021301121,-95.18907,-95.5284574232667
scene_0000,29.032258064516128,-35.483870967741936,0,-95.24106623514115,-95.24317649735634,-95.16906814224832,-95.148735,-95.47697919499942
scene_0000,35.48387096774192,-35.483870967741936,0,-95.2219349143492,-95.22522217099315,-95.11989323837625,-95.125824,-95.29738710562663
scene_0000,41.935483870967744,-35.483870967741936,0,-95.21214514519846,-95.21656169290415,-95.08114555698653,-95.11897,-95.06242103616188
scene_0000,48.38709677419354,-35.483870967741936,0,-95.21112868823056,-95.21664021101427,-95.05234376679795,-95.12656,-94.88345451723056
scene_0000,54.83870967741933,-35.483870967741936,0,-95.21844266748099,-95.2250233138968,-95.03305904299617,-95.1467,-94.79455905247082
scene_0000,61.29032258064515,-35.483870967741936,1,-95.23375297878131,-95.24138117321557,-95.02290920655884,-94.72757,-94.72757643341751
scene_0000,67.74193548387095,-35.483870967741936,0,-95.25681782886487,-95.26547282311896,-95.02155317695333,-95.21661,-95.05775266310665
scene_0000,74.19354838709677,-35.483870967741936,1,-95.28747185224633,-95.29713099519712,-95.02868578470043,-95.424644,-95.42463874507169
scene_0000,80.64516129032256,-35.483870967741936,0,-95.32561117154378,-95.33624785070984,-95.0440329728486,-95.31241,-95.474230788836
scene_0000,87.09677419354838,-35.483870967741936,0,-95.3711796765821,-95.38276186712737,-95.0673474018605,-95.36508,-95.53008917743736
scene_0000,93.54838709677418,-35.483870967741936,1,-95.4241567058966,-95.43664605049047,-95.09840446040458,-95.5311,-95.5311056607346
scene_0000,100.0,-35.483870967741936,0,-95.48454622783865,-95.4978975646525,-95.13699867481051,-95.47164,-95.5229365987559
scene_0000,-100.0,-29.032258064516128,0,-98.65498380404163,-98.57319269268812,-98.76050263614889,-98.33049,-98.58091000067998
scene_0000,-93.54838709677419,-29.032258064516128,0,-98.12649193753404,-98.0578261329079,-98.3144038135282,-97.9781,-98.15634694579276
scene_0000,-87.09677419354838,-29.032258064516128,0,-97.64546365062222,-97.58869194969867,-97.9026044952588,-97.60509,-97.56003444301214
scene_0000,-80.64516129032259,-29.032258064516128,1,-97.21210196830259,-97.16589517222415,-97.52443265946854,-96.89622,-96.896220284582
scene_0000,-74.19354838709677,-29.032258064516128,0,-96.82511546971426,-96.78815189099237,-97.17864976837959,-96.88588,-96.63312079623408
scene_0000,-67.74193548387098,-29.032258064516128,0,-96.4823039902079,-96.45332807363229,-96.86368418211683,-96.57227,-96.38826139418234
scene_0000,-61.29032258064517,-29.032258064516128,0,-96.18095038353613,-96.15880273496111,-96.57779031876666,-96.29645,-96.18617257690993
scene_0000,-54.83870967741936,-29.032258064516128,0,-95.91807810124249,-95.90170871101574,-96.31915567557581,-96.05452,-96.00190161829246
scene_0000,-48.38709677419355,-29.032258064516128,0,-95.69061892643535,-95.67909083085839,-96.08597175475433,-95.83963,-95.80503079963333
scene_0000,-41.935483870967744,-29.032258064516128,0,-95.49552174549007,-95.48800942244186,-95.87648019688224,-95.645355,-95.58582209212467
scene_0000,-35.483870967741936,-29.032258064516128,0,-95.32982310593597,-95.32560806769703,-95.68900194961665,-95.467804,-95.36531785071448
scene_0000,-29.032258064516128,-29.032258064516128,0,-95.19069316762732,-95.18915810644936,-95.52195483918929,-95.3061,-95.18593652406415
scene_0000,-22.580645161290334,-29.032258064516128,0,-95.07546579180145,-95.0760879829508,-95.37386320620607,-95.161606,-95.0760215612269
scene_0000,-16.129032258064527,-29.032258064516128,0,-94.98165826398426,-94.98400256296176,-95.24336209937809,-95.03628,-94.998021935118
scene_0000,-9.677419354838719,-29.032258064516128,1,-94.9069840053971,-94.91069558189199,-95.12919772799096,-95.01992,-95.01991900565854
scene_0000,-3.225806451612911,-29.032258064516128,0,-94.84936023872751,-94.85415710179252,-95.03022533890316,-94.845764,-94.75150237484382
scene_0000,3.225806451612897,-29.032258064516128,1,-94.80691169835966,-94.81257704257547,-94.94540532439844,-94.63752,-94.63751575905522
scene_0000,9.677419354838705,-29.032258064516128,0,-94.77797095240071,-94.78434536562835,-94.87379812642271,-94.729614,-94.77229051120402
scene_0000,16.129032258064512,-29.032258064516128,0,-94.76107562520163,-94.76804922613175,-94.8145583415444,-94.696945,-94.90774242942835
scene_0000,22.58064516129032,-29.032258064516128,1,-94.75496269756204,-94.762467302635,-94.76692832271992,-95.34352,-95.34352306279555
scene_0000,29.032258064516128,-29.032258064516128,0,-94.75856005978173,-94.76656150528599,-94.7302315004714,-94.68007,-94.96402647256657
scene_0000,35.48387096774192,-29.032258064516128,1,-94.77097555508125,-94.7794663157666,-94.70386559514819,-94.93432,-94.93432006312395
scene_0000,41.935483870967744,-29.032258064516128,1,-94.79148384166294,-94.8004760893671,-94.68729585538355,-94.306404,-94.30640516369021
scene_0000,48.38709677419354,-29.032258064516128,0,-94.81951149283509,-94.829030727287,-94.68004843030471,-94.76553,-94.51794137603498
scene_0000,54.83870967741933,-29.032258064516128,0,-94.85462082606135,-94.86470018705974,-94.68170396110615,-94.81845,-94.49016726114293
scene_0000,61.29032258064515,-29.032258064516128,0,-94.89649299123752,-94.90716833009044,-94.69189145917986,-94.880646,-94.55359055284748
scene_0000,67.74193548387095,-29.032258064516128,0,-94.94491085103112,-94.95621660343298,-94.71028252190618,-94.95014,-94.75748112060768
scene_0000,74.19354838709677,-29.032258064516128,0,-94.99974215313637,-95.01170801952003,-94.73658592284642,-95.02492,-95.00383287561323
scene_0000,80.64516129032256,-29.032258064516128,0,-95.06092343190014,-95.07357183815209,-94.77054260016894,-95.10301,-95.17409716996556
scene_0000,87.09677419354838,-29.032258064516128,0,-95.12844499382574,-95.14178927761625,-94.8119210556216,-95.18259,-95.25421949691926
scene_0000,93.54838709677418,-29.032258064516128,0,-95.2023372478267,-95.2163804951603,-94.86051316625307,-95.26198,-95.28310337110568
scene_0000,100.0,-29.032258064516128,0,-95.28265854602084,-95.29739298941507,-94.9161304024264,-95.33969,-95.301928755549
scene_0000,-100.0,-22.580645161290334,0,-97.50573801634206,-97.44980455458898,-97.84523205012991,-97.190414,-97.34050232714961
scene_0000,-93.54838709677419,-22.580645161290334,0,-97.00602016521715,-96.96269739789366,-97.42167655802852,-96.8564,-96.90284091900136
scene_0000,-87.09677419354838,-22.580645161290334,0,-96.55910730596068,-96.52680194831731,-97.03515191466578,-96.50397,-96.38595930840609
scene_0000,-80.64516129032259,-22.580645161290334,0,-96.1630995812284,-96.14028339165871,-96.68397934909436,-96.15544,-95.94925431226773
scene_0000,-74.19354838709677,-22.580645161290334,0,-95.81528930399355,-95.80054255777543,-96.36620884651941,-95.83078,-95.68038747758328
scene_0000,-67.74193548387098,-22.580645161290334,0,-95.51253748093754,-95.50456723114786,-96.07976943602709,-95.54228,-95.50886410777842
scene_0000,-61.29032258064517,-22.580645161290334,0,-95.25151303714615,-95.24915768050747,-95.8225671359731,-95.293335,-95.3486074772782
scene_0000,-54.83870967741936,-22.580645161290334,0,-95.02884305580554,-95.03106988975908,-95.59254772366523,-95.08065,-95.17758764108513
scene_0000,-48.38709677419355,-22.580645161290334,0,-94.84120641352929,-94.84710592100724,-95.38773601715933,-94.89806,-94.98421865410357
scene_0000,-41.935483870967744,-22.580645161290334,0,-94.68539194777048,-94.6941707995871,-95.20625952778866,-94.73972,-94.76628515998388
scene_0000,-35.483870967741936,-22.580645161290334,0,-94.55833470977255,-94.56930846312483,-95.04636172785851,-94.60204,-94.54960029244137
scene_0000,-29.032258064516128,-22.580645161290334,1,-94.45713885145204,-94.46972475102945,-94.90640841747008,-94.280785,-94.28079047029203
scene_0000,-22.580645161290334,-22.580645161290334,0,-94.37909242023903,-94.39280239743879,-94.78488949889845,-94.386665,-94.34170062603755
scene_0000,-16.129032258064527,-22.580645161290334,0,-94.32167720010182,-94.33611101062189,-94.68041768669639,-94.31067,-94.34219781120554
scene_0000,-9.677419354838719,-22.580645161290334,0,-94.28257534852744,-94.29741372749136,-94.59172516661954,-94.25568,-94.31613806688935
scene_0000,-3.225806451612911,-22.580645161290334,1,-94.25967368740322,-94.2746713975198,-94.51765887849831,-94.07332,-94.07331895191787
scene_0000,3.225806451612897,-22.580645161290334,1,-94.25106595218648,-94.26604463141328,-94.45717487804535,-94.220924,-94.22092773787435
scene_0000,9.677419354838705,-22.580645161290334,0,-94.25505298774314,-94.26989375311818,-94.40933209045836,-94.1958,-94.29668882165561
scene_0000,16.129032258064512,-22.580645161290334,0,-94.2701407343395,-94.28477655658898,-94.37328567773362,-94.20491,-94.3581888676291
scene_0000,22.58064516129032,-22.580645161290334,1,-94.29503582603765,-94.30944374618576,-94.34828018375286,-94.1021,-94.10209591229216
scene_0000,29.032258064516128,-22.580645161290334,0,-94.32863868868664,-94.34283199593892,-94.33364258431466,-94.263626,-94.42563470602701
scene_0000,35.48387096774192,-22.580645161290334,0,-94.37003414332383,-94.38405466767635,-94.32877534514704,-94.31288,-94.40480020682814
scene_0000,41.935483870967744,-22.580645161290334,0,-94.41847966413796,-94.43239035435836,-94.33314957425851,-94.37457,-94.36805427936451
scene_0000,48.38709677419354,-22.580645161290334,0,-94.47339158278689,-94.48726953984871,-94.34629834226307,-94.447556,-94.3728244845799
scene_0000,54.83870967741933,-22.580645161290334,0,-94.53432965230321,-94.54825977147685,-94.36781023349118,-94.530334,-94.36816135445932
scene_0000,61.29032258064515,-22.580645161290334,1,-94.60098046968774,-94.61504981455843,-94.3973231805883,-94.29106,-94.29105654195995
scene_0000,67.74193548387095,-22.580645161290334,0,-94.67314029899362,-94.68743329213568,-94.43451862535926,-94.71814,-94.57524767815279
scene_0000,74.19354838709677,-22.580645161290334,0,-94.75069783538973,-94.76529230812639,-94.479116038704,-94.8193,-94.77840937607502
scene_0000,80.64516129032256,-22.580645161290334,0,-94.83361741011544,-94.8485815123076,-94.53086782270549,-94.92272,-94.92923609553422
scene_0000,87.09677419354838,-22.580645161290334,0,-94.92192306514417,-94.93731299901044,-94.58955460848128,-95.026596,-95.00839392568116
scene_0000,93.54838709677418,-22.580645161290334,0,-95.01568383556538,-95.03154234769318,-94.65498095456735,-95.12927,-95.04526503241496
scene_0000,100.0,-22.580645161290334,0,-95.11500047813857,-95.131356022437,-94.72697144257752,-95.22934,-95.08093147839114
scene_0000,-100.0,-16.129032258064527,0,-96.46868546286784,-96.43755723984879,-96.99959474169098,-96.21019,-96.26853023301855
scene_0000,-93.54838709677419,-16.129032258064527,0,-96.00388505798888,-95.98431137899487,-96.60184519142112,-95.89253,-95.82812869131246
scene_0000,-87.09677419354838,-16.129032258064527,0,-95.59388485583492,-95.5841664832708,-96.24227048546452,-95.558334,-95.38057341996245
scene_0000,-80.64516129032259,-16.129032258064527,0,-95.2356637696186,-95.23424157890022,-95.9186097666784,-95.22954,-95.06131740938451
scene_0000,-74.19354838709677,-16.129032258064527,0,-94.92580805073158,-94.93127269103593,-95.6285200115253,-94.92576,-94.9203818485279
scene_0000,-67.74193548387098,-16.129032258064527,0,-94.66074667171667,-94.67183653957693,-95.36966821886168,-94.65927,-94.82838991950713
scene_0000,-61.29032258064517,-16.129032258064527,1,-94.43689465939025,-94.45248862127423,-95.13978850547603,-94.64674,-94.64674103945667
scene_0000,-54.83870967741936,-16.129032258064527,0,-94.25073903473998,-94.26984732000001,-94.93671635291494,-94.24648,-94.50866343082015
scene_0000,-48.38709677419355,-16.129032258064527,0,-94.09888958926643,-94.1206445568726,-94.75840805001211,-94.09183,-94.30957073336347
scene_0000,-41.935483870967744,-16.129032258064527,0,-93.97810856453762,-94.00175608694715,-94.60295058260041,-93.96447,-94.09202762106888
scene_0000,-35.483870967741936,-16.129032258064527,0,-93.88532802746661,-93.91021970961306,-94.46856538203954,-93.86108,-93.88530665575314
scene_0000,-29.032258064516128,-16.129032258064527,0,-93.81766034056858,-93.84324651444624,-94.35360813883784,-93.780655,-93.74864033910276
scene_0000,-22.580645161290334,-16.129032258064527,0,-93.77240493631223,-93.79822823654068,-94.25656610126234,-93.72356,-93.72187041394362
scene_0000,-16.129032258064527,-16.129032258064527,0,-93.74705318172559,-93.77274245616323,-94.17605376818017,-93.68979,-93.77791606025697
scene_0000,-9.677419354838719,-16.129032258064527,0,-93.73929219106806,-93.7645565005282,-94.1108075560953,-93.67772,-93.85668927671222
scene_0000,-3.225806451612911,-16.129032258064527,0,-93.74700784373603,-93.77163033761053,-94.05967981031134,-93.68413,-93.90939993066107
scene_0000,3.225806451612897,-16.129032258064527,0,-93.76828689072299,-93.79211839931885,-94.02163239837483,-93.705444,-93.92852451057628
scene_0000,9.677419354838705,-16.129032258064527,0,-93.80141782468635,-93.8243700758268,-93.99573004323216,-93.73913,-93.93573796884225
scene_0000,16.129032258064512,-16.129032258064527,0,-93.84489010691398,-93.86692854644666,-93.9811335056818,-93.78409,-93.93491225087095
scene_0000,22.58064516129032,-16.129032258064527,0,-93.8973913610973,-93.91852762732918,-93.9770926985237,-93.84022,-93.94335537679922
scene_0000,29.032258064516128,-16.129032258064527,0,-93.95780223471134,-93.97808639882187,-93.98293980007003,-93.907745,-93.99702076012642
scene_0000,35.48387096774192,-16.129032258064527,0,-94.02518877044308,-94.0447015029606,-93.9980824268941,-93.98666,-94.07646985962262
scene_0000,41.935483870967744,-16.129032258064527,0,-94.09879229863016,-94.11763715202488,-94.02199692125266,-94.07649,-94.17970482366292
scene_0000,48.38709677419354,-16.129032258064527,1,-94.1780170336591,-94.19631304113544,-94.05422180524224,-94.57719,-94.57719097740184
scene_0000,54.83870967741933,-16.129032258064527,0,-94.2624157117595,-94.2802904928805,-94.09435145009775,-94.28476,-94.31810864015127
scene_0000,61.29032258064515,-16.129032258064527,0,-94.35167372808544,-94.36925726562163,-94.14203000448276,-94.40018,-94.37218174839066
scene_0000,67.74193548387095,-16.129032258064527,0,-94.4455923069156,-94.46301152062978,-94.1969456199119,-94.52074,-94.50315187697063
scene_0000,74.19354838709677,-16.129032258064527,0,-94.54407126646942,-94.5614454637004,-94.25882500472527,-94.64455,-94.6534905452063
scene_0000,80.64516129032256,-16.129032258064527,0,-94.64709192178539,-94.6645291570404,-94.32742833056425,-94.769684,-94.76039965480285
scene_0000,87.09677419354838,-16.129032258064527,0,-94.75470061287905,-94.77229494391268,-94.40254450744212,-94.894394,-94.81081928116507
scene_0000,93.54838709677418,-16.129032258064527,0,-94.86699326167624,-94.884822851338,-94.483986835666,-95.01703,-94.83268419918657
scene_0000,100.0,-16.129032258064527,0,-94.98410126183293,-95.00222724551784,-94.57158903535954,-95.13623,-94.8714071045856
scene_0000,-100.0,-9.677419354838719,0,-95.56911517131128,-95.55992361188902,-96.23933956623011,-95.41093,-95.40108046275547
scene_0000,-93.54838709677419,-9.677419354838719,0,-95.13978354977891,-95.14099192915918,-95.86781758519885,-95.106804,-94.96339281741831
scene_0000,-87.09677419354838,-9.677419354838719,0,-94.765435864597,-94.77535630049744,-95.53468716088508,-94.787704,-94.56431604251996
scene_0000,-80.64516129032259,-9.677419354838719,1,-94.44251612561706,-94.45962903223892,-95.23737847667029,-94.140396,-94.14039234311333
scene_0000,-74.19354838709677,-9.677419354838719,0,-94.16730899565884,-94.19025637717233,-94.97335404450078,-94.18862,-94.32099223205259
scene_0000,-67.74193548387098,-9.677419354838719,1,-93.93608942847382,-93.9636637849913,-94.74016319825296,-94.376785,-94.3767815334118
scene_0000,-61.29032258064517,-9.677419354838719,0,-93.7452099645501,-93.77634224293686,-94.53547341538551,-93.73395,-94.1376449965789
scene_0000,-54.83870967741936,-9.677419354838719,0,-93.59115020756668,-93.62489842290726,-94.35708697725985,-93.56743,-93.95027126009515
scene_0000,-48.38709677419355,-9.677419354838719,0,-93.4705438964944,-93.50608306996344,-94.2029484280753,-93.43556,-93.75627755633231
scene_0000,-41.935483870967744,-9.677419354838719,0,-93.38019317768126,-93.41680671610501,-94.07114631684614,-93.333405,-93.55424544882976
scene_0000,-35.483870967741936,-9.677419354838719,1,-93.31707598942329,-93.3541483641551,-93.95991143187571,-93.30865,-93.30864705459788
scene_0000,-29.032258064516128,-9.677419354838719,0,-93.27835011511903,-93.31536056931188,-93.86761291643307,-93.20792,-93.22498923763327
scene_0000,-22.580645161290334,-9.677419354838719,1,-93.26135594050142,-93.29787290336364,-93.7927531278223,-93.16484,-93.16484474849439
scene_0000,-16.129032258064527,-9.677419354838719,0,-93.26361895514522,-93.2992948372876,-93.733961766496,-93.18397,-93.26176213470387
scene_0000,-9.677419354838719,-9.677419354838719,0,-93.28285237959321,-93.31741844865374,-93.68998959056627,-93.206696,-93.42635328103732
scene_0000,-3.225806451612911,-9.677419354838719,1,-93.3169598647998,-93.35022094641296,-93.65970190071751,-93.81236,-93.81236205620895
scene_0000,3.225806451612897,-9.677419354838719,0,-93.36403793503239,-93.39586674545936,-93.64207190284279,-93.30177,-93.6498969879878
scene_0000,9.677419354838705,-9.677419354838719,0,-93.42237769153729,-93.45270868019401,-93.63617401198684,-93.36667,-93.65303377159987
scene_0000,16.129032258064512,-9.677419354838719,0,-93.49046523968693,-93.51928789726749,-93.64117713895939,-93.44087,-93.64120599156689
scene_0000,22.58064516129032,-9.677419354838719,0,-93.56698033072446,-93.59433199572939,-93.65633799182862,-93.52441,-93.64175781696511
scene_0000,29.032258064516128,-9.677419354838719,0,-93.6507928052645,-93.67675107213942,-93.68099442277982,-93.61769,-93.68822392966514
scene_0000,35.48387096774192,-9.677419354838719,0,-93.74095657206426,-93.76563146178371,-93.71455885265975,-93.72093,-93.79036917449254
scene_0000,41.935483870967744,-9.677419354838719,0,-93.83670103231995,-93.86022712617724,-93.75651180843228,-93.83388,-93.92701949188205
scene_0000,48.38709677419354,-9.677419354838719,0,-93.93742004535056,-93.9599488019597,-93.80639561114022,-93.95575,-94.07128775531795
scene_0000,54.83870967741933,-9.677419354838719,0,-94.04265870500772,-94.06435117850494,-93.86380825291944,-94.08527,-94.20428021192849
scene_0000,61.29032258064515,-9.677419354838719,0,-94.15209833953669,-94.17311849555364,-93.92839750074971,-94.2209,-94.34276038689114
scene_0000,67.74193548387095,-9.677419354838719,0,-94.26554024807791,-94.28604903719881,-93.99985526190628,-94.36087,-94.48760010064518
scene_0000,74.19354838709677,-9.677419354838719,0,-94.38288873817112,-94.40303903956938,-94.07791224171953,-94.503265,-94.60327345467056
scene_0000,80.64516129032256,-9.677419354838719,0,-94.50413403071846,-94.52406652730657,-94.16233291860038,-94.64624,-94.66384236613163
scene_0000,87.09677419354838,-9.677419354838719,0,-94.629335557782,-94.64917555391644,-94.25291085477474,-94.788055,-94.67442926100946
scene_0000,93.54838709677418,-9.677419354838719,0,-94.75860610424348,-94.77846125226023,-94.3494643542445,-94.92708,-94.6671809837652
scene_0000,100.0,-9.677419354838719,0,-94.89209714864421,-94.91205601427909,-94.4518324725322,-95.061966,-94.69741176360202
scene_0000,-100.0,-3.225806451612911,1,-94.81777879757864,-94.82695208716339,-95.5730753685338,-94.71424,-94.71424081705626
scene_0000,-93.54838709677419,-3.225806451612911,0,-94.42164349786204,-94.44016153937285,-95.22656203372576,-94.494286,-94.32380003989125
scene_0000,-87.09677419354838,-3.225806451612911,0,-94.07975301709696,-94.10598302516087,-94.91815205571284,-94.18742,-93.9641167012354
scene_0000,-80.64516129032259,-3.225806451612911,1,-93.78834622841012,-93.82083002247674,-94.64513312667124,-93.589516,-93.58951407152304
scene_0000,-74.19354838709677,-3.225806451612911,1,-93.5436260289242,-93.58106617526973,-94.40489160082342,-94.15508,-94.15508720117408
scene_0000,-67.74193548387098,-3.225806451612911,0,-93.34185959169189,-93.38310482031687,-94.19494347381368,-93.381424,-93.75807831770058
scene_0000,-61.29032258064517,-3.225806451612911,0,-93.17943436124379,-93.22346606701046,-94.01294995846372,-93.190445,-93.60407057557805
scene_0000,-54.83870967741936,-3.225806451612911,0,-93.0528877412817,-93.09880827060906,-93.85672360779411,-93.040375,-93.43772334533443
scene_0000,-48.38709677419355,-3.225806451612911,0,-92.95892167155317,-93.00594452035074,-93.724228734157,-92.926476,-93.28349524426127
scene_0000,-41.935483870967744,-3.225806451612911,0,-92.89440902629556,-92.9418507852909,-93.61357846875472,-92.84415,-93.1260554386504
scene_0000,-35.483870967741936,-3.225806451612911,0,-92.85639606698724,-92.90366981316517,-93.52302991097235,-92.79046,-92.95521309595162
scene_0000,-29.032258064516128,-3.225806451612911,0,-92.84210345603931,-92.8887132325153,-93.45097824806082,-92.76435,-92.78980677387725
scene_0000,-22.580645161290334,-3.225806451612911,0,-92.84892721585302,-92.89446323070194,-93.39595036582668,-92.76552,-92.69194502872358
scene_0000,-16.129032258064527,-3.225806451612911,0,-92.87444027290589,-92.91857446254784,-93.35659824574094,-92.79273,-92.73195840443233
scene_0000,-9.677419354838719,-3.225806451612911,0,-92.91639472345372,-92.95887636006411,-93.33169230567577,-92.84268,-92.9172376533166
scene_0000,-3.225806451612911,-3.225806451612911,0,-92.97272461717655,-93.01337568858065,-93.32011475970843,-92.91031,-93.14711962470665
scene_0000,3.225806451612897,-3.225806451612911,0,-93.04154883367116,-93.08025898603091,-93.3208530271226,-92.990555,-93.3035519664306
scene_0000,9.677419354838705,-3.225806451612911,0,-93.12117350061774,-93.15789440627903,-93.3329931987497,-93.079994,-93.38225318066429
scene_0000,16.129032258064512,-3.225806451612911,0,-93.21009335874376,-93.24483245005445,-93.35571356132235,-93.17726,-93.41537653366575
scene_0000,22.58064516129032,-3.225806451612911,0,-93.3069915081615,-93.33980509769503,-93.38827818158352,-93.28243,-93.4322935767206
scene_0000,29.032258064516128,-3.225806451612911,1,-93.41073706329362,-93.44172294557526,-93.43003055744263,-93.410706,-93.41070075665108
scene_0000,35.48387096774192,-3.225806451612911,0,-93.52038038622084,-93.549670079447,-93.48038735070767,-93.518616,-93.56983446429919
scene_0000,41.935483870967744,-3.225806451612911,0,-93.63514574393511,-93.66289657677922,-93.53883222301212,-93.6499,-93.69814970336535
scene_0000,48.38709677419354,-3.225806451612911,1,-93.75442142382708,-93.7808086984598,-93.60490980231873,-93.656395,-93.65639266012779
scene_0000,54.83870967741933,-3.225806451612911,0,-93.87774752332692,-93.90295698979331,-93.67821981118709,-93.93553,-94.07852227266045
scene_0000,61.29032258064515,-3.225806451612911,0,-94.0048017853389,-94.02902264556931,-93.75841138955965,-94.087204,-94.30680536980516
scene_0000,67.74193548387095,-3.225806451612911,0,-94.13538396676869,-94.15880259218973,-93.84517764420103,-94.24254,-94.48991096200402
scene_0000,74.19354838709677,-3.225806451612911,0,-94.26939929476293,-94.29219379485139,-93.93825045433798,-94.39968,-94.59203126816078
scene_0000,80.64516129032256,-3.225806451612911,0,-94.4068415826409,-94.42917730874454,-94.03739555886816,-94.55679,-94.62236949350034
scene_0000,87.09677419354838,-3.225806451612911,0,-94.54777654919995,-94.56980256437504,-94.14240794515837,-94.71213,-94.60808535815534
scene_0000,93.54838709677418,-3.225806451612911,0,-94.69232582004418,-94.71417231650952,-94.25310755340165,-94.86411,-94.5834959081898
scene_0000,100.0,-3.225806451612911,1,-94.84065199929566,-94.86242860402612,-94.36933530415246,-94.48779,-94.4877908115692
scene_0000,-100.0,3.225806451612897,0,-94.21718044618885,-94.24098812150586,-95.00485459394082,-94.32229,-94.30560205650255
scene_0000,-93.54838709677419,3.225806451612897,0,-93.85073620960381,-93.8830038015785,-94.68126653360004,-94.038284,-93.88695166570994
scene_0000,-87.09677419354838,3.225806451612897,0,-93.53734377749582,-93.57650329024501,-94.39524155094563,-93.74154,-93.54245170081359
scene_0000,-80.64516129032259,3.225806451612897,0,-93.27322060821665,-93.3178758645164,-94.14402346559156,-93.45298,-93.35032812489632
scene_0000,-74.19354838709677,3.225806451612897,0,-93.05460649144946,-93.10351669187813,-93.9249910856837,-93.19151,-93.28881432199663
scene_0000,-67.74193548387098,3.225806451612897,0,-92.87783691556794,-92.92990118332284,-93.73567492922193,-92.969246,-93.19606980419945
scene_0000,-61.29032258064517,3.225806451612897,0,-92.73938270718311,-92.79362659505777,-93.57376344670766,-92.79042,-93.05900949693772
scene_0000,-54.83870967741936,3.225806451612897,0,-92.63586985560146,-92.691434064007,-93.43710302029439,-92.653275,-92.94975056004805
scene_0000,-48.38709677419355,3.225806451612897,0,-92.56408820919184,-92.62021940024972,-93.32369439233324,-92.55339,-92.86645455012592
scene_0000,-41.935483870967744,3.225806451612897,0,-92.52099442610694,-92.57703784582287,-93.23168715052222,-92.486374,-92.7705654453975
scene_0000,-35.483870967741936,3.225806451612897,1,-92.50371246048832,-92.55910600671733,-93.15937324884962,-92.73622,-92.7362267003027
scene_0000,-29.032258064516128,3.225806451612897,0,-92.50953351107466,-92.56380286185838,-93.10518013536858,-92.44165,-92.42857193988863
scene_0000,-22.580645161290334,3.225806451612897,0,-92.53591646816847,-92.58867088981006,-93.06766380271988,-92.46237,-92.24825502734933
scene_0000,-16.129032258064527,3.225806451612897,0,-92.58048929389568,-92.63141777049333,-93.04550192040729,-92.510025,-92.20986290417174
scene_0000,-9.677419354838719,3.225806451612897,0,-92.64105135632006,-92.68991871852961,-93.03748711422685,-92.58076,-92.38646485219776
scene_0000,-3.225806451612911,3.225806451612897,0,-92.71557645121135,-92.76221923057005,-93.0425204055453,-92.66893,-92.67118094675698
scene_0000,3.225806451612897,3.225806451612897,0,-92.80221605427616,-92.84653784977166,-93.05960479678,-92.76902,-92.93358115295959
scene_0000,9.677419354838705,3.225806451612897,0,-92.89930223563317,-92.94126844968659,-93.08783897979112,-92.87728,-93.12328116015956
scene_0000,16.129032258064512,3.225806451612897,0,-93.00534962940063,-93.04498150792037,-93.12641114454387,-92.99226,-93.23811789647135
scene_0000,22.58064516129032,3.225806451612897,0,-93.1190558789969,-93.15642386984112,-93.17459287186864,-93.114105,-93.30013931920777
scene_0000,29.032258064516128,3.225806451612897,0,-93.2393000661145,-93.27451658622925,-93.23173310343128,-93.24347,-93.35720312078368
scene_0000,35.48387096774192,3.225806451612897,0,-93.36513876759105,-93.39835053488899,-93.2972521919895,-93.38086,-93.45487501810673
scene_0000,41.935483870967744,3.225806451612897,0,-93.49579955458012,-93.52717969052945,-93.37063604424253,-93.526276,-93.59913744805269
scene_0000,48.38709677419354,3.225806451612897,0,-93.63067193416883,-93.66041207284295,-93.45143037617625,-93.67911,-93.79198041414483
scene_0000,54.83870967741933,3.225806451612897,0,-93.76929591522043,-93.79759856228057,-93.53923510624341,-93.83826,-94.03379477605519
scene_0000,61.29032258064515,3.225806451612897,0,-93.91134853929658,-93.93841991066805,-93.63369891481716,-94.00226,-94.27838591200907
scene_0000,67.74193548387095,3.225806451612897,1,-94.05662883936796,-94.08267237726947,-93.73451399915481,-94.59107,-94.59107882155358
scene_0000,74.19354838709677,3.225806451612897,0,-94.20504176447895,-94.23025248285954,-93.8414110518346,-94.337814,-94.57844900533044
scene_0000,80.64516129032256,3.225806451612897,0,-94.35658163483231,-94.38114139303737,-93.95415448761702,-94.50572,-94.61014197430542
scene_0000,87.09677419354838,3.225806451612897,0,-94.511315672098,-94.53538942068364,-94.0725379393561,-94.67139,-94.60747883324589
scene_0000,93.54838709677418,3.225806451612897,0,-94.66936809209506,-94.69310108338904,-94.19638003835942,-94.83322,-94.60389055117344
scene_0000,100.0,3.225806451612897,0,-94.83090516224955,-94.85442107448031,-94.32552048890011,-94.989914,-94.64766178582187
scene_0000,-100.0,9.677419354838705,0,-93.76515583830013,-93.79994651737545,-94.53591350005652,-93.99463,-94.01327487263053
scene_0000,-93.54838709677419,9.677419354838705,0,-93.42452452053175,-93.46707435101762,-94.23277510068091,-93.718704,-93.59766567541428
scene_0000,-87.09677419354838,9.677419354838705,0,-93.13552212393036,-93.18432381682628,-93.96655105973245,-93.4308,-93.24022641105415
scene_0000,-80.64516129032259,9.677419354838705,0,-92.8944516971042,-92.94816380258877,-93.73449917021216,-93.151566,-92.99004299524158
scene_0000,-74.19354838709677,9.677419354838705,0,-92.69765719984052,-92.75508732541496,-93.53402996635361,-92.899635,-92.83986803627393
scene_0000,-67.74193548387098,9.677419354838705,0,-92.54158404010292,-92.60167372416484,-93.36271512072962,-92.68706,-92.71396086621557
scene_0000,-61.29032258064517,9.677419354838705,1,-92.42281163243962,-92.48462345584886,-93.21828835719737,-92.454,-92.45400528741555
scene_0000,-54.83870967741936,9.677419354838705,0,-92.33806951180668,-92.40077649774379,-93.09864208679912,-92.39124,-92.53718439000836
scene_0000,-48.38709677419355,9.677419354838705,0,-92.28424426008745,-92.34712135237523,-93.00182173359543,-92.30228,-92.52200083239495
scene_0000,-41.935483870967744,9.677419354838705,0,-92.25838177382208,-92.32079906505233,-92.92601893666179,-92.24707,-92.48872509611495
scene_0000,-35.483870967741936,9.677419354838705,1,-92.25768764818908,-92.31910498231,-92.86956432349061,-92.250374,-92.25037329451935
scene_0000,-29.032258064516128,9.677419354838705,1,-92.27952730841307,-92.33948987277478,-92.83092024267981,-92.18895,-92.18894795344198
scene_0000,-22.580645161290334,9.677419354838705,0,-92.32142675661595,-92.37956128924706,-92.80867365344042,-92.26442,-91.94751943366967
scene_0000,-16.129032258064527,9.677419354838705,1,-92.38107427924909,-92.43708554154823,-92.80152925411464,-91.530045,-91.53004580125432
scene_0000,-9.677419354838719,9.677419354838705,0,-92.45632309394567,-92.50999029502165,-92.80830286488786,-92.41377,-91.98592549464007
scene_0000,-3.225806451612911,9.677419354838705,0,-92.54519465726466,-92.59636756367078,-92.82791504407297,-92.51738,-92.29525233587142
scene_0000,3.225806451612897,9.677419354838705,0,-92.64588218126269,-92.694476704647,-92.85938490161135,-92.63236,-92.62985283432417
scene_0000,9.677419354838705,9.677419354838705,0,-92.75675380508099,-92.80274692902702,-92.90182407037527,-92.75478,-92.91616199370199
scene_0000,16.129032258064512,9.677419354838705,0,-92.87635483229201,-92.91977881541627,-92.9544308005071,-92.8831,-93.11403422647689
scene_0000,22.58064516129032,9.677419354838705,0,-93.00340847156674,-93.04434434218649,-93.01648415095023,-93.01749,-93.22344751593157
scene_0000,29.032258064516128,9.677419354838705,0,-93.1368146014893,-93.17538503407077,-93.08733826312132,-93.158646,-93.29930217529937
scene_0000,35.48387096774192,9.677419354838705,0,-93.27564621043626,-93.31200793931006,-93.1664167126691,-93.3072,-93.40813070021646
scene_0000,41.935483870967744,9.677419354838705,0,-93.41914332545807,-93.4534793012281,-93.25320694531155,-93.463196,-93.58600201573597
scene_0000,48.38709677419354,9.677419354838705,0,-93.56670442281278,-93.59921594722312,-93.34725481109133,-93.62608,-93.81989690355026
scene_0000,54.83870967741933,9.677419354838705,0,-93.71787548848916,-93.74877457218639,-93.44815921761881,-93.79482,-94.04943853559377
scene_0000,61.29032258064515,9.677419354838705,0,-93.8723370520164,-93.90183922711697,-93.5555669268193,-93.96796,-94.23998486348836
scene_0000,67.74193548387095,9.677419354838705,0,-94.02988963680428,-94.05820742526984,-93.66916752139721,-94.14378,-94.41122511272877
scene_0000,74.19354838709677,9.677419354838705,0,-94.19043814606702,-94.21777534031344,-93.78868856687956,-94.32052,-94.53441248002802
scene_0000,80.64516129032256,9.677419354838705,0,-94.35397573198308,-94.38052259160251,-93.91389099299958,-94.49632,-94.60611540619587
scene_0000,87.09677419354838,9.677419354838705,0,-94.52056767978968,-94.54649709364546,-94.04456471471164,-94.66951,-94.64977106477696
scene_0000,93.54838709677418,9.677419354838705,0,-94.6903357853381,-94.7158003968172,-94.18052450866614,-94.8385,-94.69306134410489
scene_0000,100.0,9.677419354838705,0,-94.86344362448769,-94.88857387339579,-94.32160615593483,-95.002,-94.76754975005665
scene_0000,-100.0,16.129032258064512,1,-93.45662610521626,-93.49892406358201,-94.16575577481113,-93.844376,-93.84437581374748
scene_0000,-93.54838709677419,16.129032258064512,0,-93.13802565921392,-93.18755641126508,-93.88047888000315,-93.51607,-93.41804584634721
scene_0000,-87.09677419354838,16.129032258064512,0,-92.86948480208714,-92.9247937653484,-93.6314353914467,-93.2365,-93.06051700486046
scene_0000,-80.64516129032259,16.129032258064512,1,-92.64746310368749,-92.707254736927,-93.41593153638857,-92.71356,-92.7135664587255
scene_0000,-74.19354838709677,16.129032258064512,0,-92.46845328078236,-92.53157513870238,-93.2314323083217,-92.72258,-92.58802771240313
scene_0000,-67.74193548387098,16.129032258064512,0,-92.32903816887975,-92.39446668919696,-93.07556538857627,-92.51848,-92.45044535628381
scene_0000,-61.29032258064517,16.129032258064512,0,-92.22592237429282,-92.29275083982613,-92.94611935420261,-92.3579,-92.32691334969286
scene_0000,-54.83870967741936,16.129032258064512,0,-92.15594882596204,-92.22337749811152,-92.84103871833804,-92.23946,-92.25934202115893
scene_0000,-48.38709677419355,16.129032258064512,0,-92.1161067449279,-92.18343494561127,-92.75841735478708,-92.15919,-92.27491618993534
scene_0000,-41.935483870967744,16.129032258064512,0,-92.10353515063707,-92.17015496927395,-92.69649123244528,-92.11313,-92.31294737820352
scene_0000,-35.483870967741936,16.129032258064512,1,-92.11552445805849,-92.1809157210991,-92.65363099173359,-92.37679,-92.37679594052445
scene_0000,-29.032258064516128,16.129032258064512,0,-92.14951768297351,-92.21324381650034,-92.62833464937435,-92.11521,-92.10693627321382
scene_0000,-22.580645161290334,16.129032258064512,0,-92.20311207116441,-92.26481649852666,-92.61922056625173,-92.161644,-91.87727171838169
scene_0000,-16.129032258064527,16.129032258064512,0,-92.27406148046134,-92.333464221199,-92.62502072207353,-92.23606,-91.74454202658139
scene_0000,-9.677419354838719,16.129032258064512,0,-92.36027950043768,-92.41717367240275,-92.6445742885786,-92.33394,-91.83204782141686
scene_0000,-3.225806451612911,16.129032258064512,0,-92.45984305164268,-92.51409102509362,-92.67682146636629,-92.448944,-92.09670870140222
scene_0000,3.225806451612897,16.129032258064512,0,-92.57099604263593,-92.62252505288016,-92.72079754000163,-92.57492,-92.4489474345984
scene_0000,9.677419354838705,16.129032258064512,0,-92.69215256812862,-92.74094966055816,-92.77562710592142,-92.70778,-92.79096754001445
scene_0000,16.129032258064512,16.129032258064512,1,-92.82189910000001,-92.86800535510203,-92.84051843374885,-93.10239,-93.10238834276994
scene_0000,22.58064516129032,16.129032258064512,0,-92.95899515074977,-93.00249921230679,-92.9147579311155,-92.9895,-93.18258361052781
scene_0000,29.032258064516128,16.129032258064512,0,-93.10237197002937,-93.14340297159231,-92.99770469299102,-93.13931,-93.2612161011019
scene_0000,35.48387096774192,16.129032258064512,0,-93.25112895967476,-93.28984900650124,-93.08878512745254,-93.29598,-93.36650958932879
scene_0000,41.935483870967744,16.129032258064512,0,-93.40452764766059,-93.4411240582534,-93.18748765979358,-93.459625,-93.56572070258562
scene_0000,48.38709677419354,16.129032258064512,1,-93.56198323014881,-93.59666076936458,-93.29335752524904,-93.88641,-93.88641731807655
scene_0000,54.83870967741933,16.129032258064512,0,-93.72305385567526,-93.75602719830516,-93.40599166701764,-93.805305,-94.09236082473099
scene_0000,61.29032258064515,16.129032258064512,1,-93.88742797004475,-93.9189146203796,-93.52503376054713,-94.01633,-94.01632278687033
scene_0000,67.74193548387095,16.129032258064512,0,-94.05491015149525,-94.08512401352053,-93.65016938722948,-94.16681,-94.34628447273656
scene_0000,74.19354838709677,16.129032258064512,0,-94.22540593489096,-94.2545516839875,-93.78112138089863,-94.3493,-94.48928704931403
scene_0000,80.64516129032256,16.129032258064512,0,-94.39890614849317,-94.42717450432609,-93.91764536909618,-94.53055,-94.6127170904567
scene_0000,87.09677419354838,16.129032258064512,0,-94.5754712699133,-94.60303521722,-94.059525528281,-94.70885,-94.71636603083523
scene_0000,93.54838709677418,16.129032258064512,0,-94.75521625618144,-94.78222821037066,-94.20657056839046,-94.88267,-94.81298079037128
scene_0000,100.0,16.129032258064512,0,-94.93829622607677,-94.9648860977567,-94.35860995773203,-95.050705,-94.91949435228233
scene_0000,-100.0,22.58064516129032,0,-93.28421676915914,-93.33076985770904,-93.89278142036022,-93.673676,-93.70411671578891
scene_0000,-93.54838709677419,22.58064516129032,0,-92.98424751273627,-93.03766232019653,-93.62283220743898,-93.41331,-93.32856624763474
scene_0000,-87.09677419354838,22.58064516129032,0,-92.7326208023817,-92.79148853091392,-93.38843794552973,-93.14217,-93.02370559957133
scene_0000,-80.64516129032259,22.58064516129032,0,-92.52601150479634,-92.58907533587454,-93.18697523799004,-92.88013,-92.80543444618901
scene_0000,-74.19354838709677,22.58064516129032,1,-92.36109998427808,-92.42724074387014,-93.01597766347747,-92.24397,-92.24397473331011
scene_0000,-67.74193548387098,22.58064516129032,0,-92.23463215000226,-92.30285538791509,-92.87313781732904,-92.44899,-92.44872791207813
scene_0000,-61.29032258064517,22.58064516129032,1,-92.14345475768877,-92.21287970724742,-92.75630457094758,-92.32647,-92.32647315398171
scene_0000,-54.83870967741936,22.58064516129032,0,-92.08453555039043,-92.15438600555557,-92.66347770940422,-92.18469,-92.09407056174422
scene_0000,-48.38709677419355,22.58064516129032,0,-92.05497446747802,-92.12457139582341,-92.59280126563655,-92.11154,-92.11318642243572
scene_0000,-41.935483870967744,22.58064516129032,0,-92.05200992841736,-92.12076553317098,-92.5425563372923,-92.07274,-92.20866666135885
scene_0000,-35.483870967741936,22.58064516129032,0,-92.07302271882111,-92.14043561869241,-92.5111538363504,-92.0659,-92.23558236295307
scene_0000,-29.032258064516128,22.58064516129032,0,-92.11553900942658,-92.18119019376488,-92.49712741106171,-92.09015,-92.12727381340034
scene_0000,-22.580645161290334,22.58064516129032,0,-92.17723335442318,-92.240782580042,-92.49912664955798,-92.14474,-91.94977772274973
scene_0000,-16.129032258064527,22.58064516129032,0,-92.25593203653388,-92.31711435555397,-92.51591059619783,-92.227516,-91.84424864357052
scene_0000,-9.677419354838719,22.58064516129032,0,-92.34961678674028,-92.40823893000507,-92.54634156710023,-92.33382,-91.89080455549069
scene_0000,-3.225806451612911,22.58064516129032,1,-92.45642866811366,-92.51236505538623,-92.58937922856941,-91.98328,-91.98327990114366
scene_0000,3.225806451612897,22.58064516129032,0,-92.57467175473755,-92.62785996007639,-92.64407489350549,-92.59102,-92.41939549253712
scene_0000,9.677419354838705,22.58064516129032,0,-92.70281614713254,-92.75325171363498,-92.70956599126193,-92.7314,-92.76614323399572
scene_0000,16.129032258064512,22.58064516129032,0,-92.83949983858561,-92.88723040773607,-92.78507067222236,-92.87658,-93.03496319662402
scene_0000,22.58064516129032,22.58064516129032,0,-92.98352897689585,-93.02864776944116,-92.86988251719022,-93.02672,-93.18510308527871
scene_0000,29.032258064516128,22.58064516129032,0,-93.13387614604247,-93.1765148981533,-92.96336533177063,-93.18261,-93.25317139685552
scene_0000,35.48387096774192,22.58064516129032,1,-93.28967641183948,-93.32999792675813,-93.06494801603945,-93.271484,-93.27148635542905
scene_0000,41.935483870967744,22.58064516129032,0,-93.45022102119673,-93.48841153777072,-93.17411950908615,-93.51384,-93.49226852831626
scene_0000,48.38709677419354,22.58064516129032,0,-93.61494880034286,-93.65121040252917,-93.29042381589846,-93.68884,-93.7862826285597
scene_0000,54.83870967741933,22.58064516129032,1,-93.78343544692919,-93.81797874125569,-93.41345513019087,-94.57717,-94.57717153977677
scene_0000,61.29032258064515,22.58064516129032,1,-93.95538103947598,-93.98841831156975,-93.54285307101152,-94.14863,-94.14862648001753
scene_0000,67.74193548387095,22.58064516129032,0,-94.13059618371476,-94.16233521332836,-93.6782980532984,-94.23855,-94.31670490381353
scene_0000,74.19354838709677,22.58064516129032,0,-94.30898727225262,-94.33962594321687,-93.81950681312219,-94.42465,-94.47249177402068
scene_0000,80.64516129032256,22.58064516129032,0,-94.49054135003108,-94.52026314245009,-93.96622810737779,-94.60922,-94.64359595264897
scene_0000,87.09677419354838,22.58064516129032,0,-94.67531105642726,-94.70428145839205,-94.11823860543548,-94.79059,-94.80532140540686
scene_0000,93.54838709677418,22.58064516129032,0,-94.86340006237614,-94.89176389202095,-94.275338987061,-94.967255,-94.95157819608565
scene_0000,100.0,22.58064516129032,0,-95.05494934662799,-95.08282893587611,-94.43735025706566,-95.1379,-95.08734900716601
scene_0000,-100.0,29.032258064516128,0,-93.23816854487544,-93.28599992048682,-93.71461419658405,-93.64809,-93.65198505642171
scene_0000,-93.54838709677419,29.032258064516128,0,-92.95403533711954,-93.00848772330725,-93.45761895553659,-93.39623,-93.31139111091244
scene_0000,-87.09677419354838,29.032258064516128,0,-92.71632254795968,-92.77603013023553,-93.23551106899879,-93.13409,-93.0782541325533
scene_0000,-80.64516129032259,29.032258064516128,0,-92.52198148075037,-92.58572261052407,-93.04575378728583,-92.88103,-92.9865049500715
scene_0000,-74.19354838709677,29.032258064516128,1,-92.36792403747361,-92.43460923207138,-92.8859597951346,-93.43631,-93.436311791215
scene_0000,-67.74193548387098,29.032258064516128,0,-92.25109099059908,-92.31975170051912,-92.75389324615473,-92.466324,-92.6204196993582
scene_0000,-61.29032258064517,29.032258064516128,0,-92.16849465442493,-92.23827340926223,-92.64746735405294,-92.32039,-92.27517239979832
scene_0000,-54.83870967741936,29.032258064516128,1,-92.11724530790377,-92.18738739393301,-92.56473950598576,-91.742065,-91.74206413091065
scene_0000,-48.38709677419355,29.032258064516128,0,-92.09456759509635,-92.16441417079096,-92.50390511022451,-92.14866,-92.05135228609686
scene_0000,-41.935483870967744,29.032258064516128,0,-92.09781099774729,-92.16679342618514,-92.46329090972989,-92.11575,-92.15837499679904
scene_0000,-35.483870967741936,29.032258064516128,1,-92.12445702035895,-92.19209213740463,-92.4413481872015,-92.291245,-92.29124488513304
scene_0000,-29.032258064516128,29.032258064516128,1,-92.17212472838982,-92.23801074441253,-92.4366460934946,-92.384254,-92.38424834654963
scene_0000,-22.580645161290334,29.032258064516128,0,-92.23857558412845,-92.30238832018203,-92.44786521029178,-92.205574,-92.04099543588993
scene_0000,-16.129032258064527,29.032258064516128,0,-92.32171803417452,-92.38320721392716,-92.47379138424222,-92.29442,-92.02663518301688
scene_0000,-9.677419354838719,29.032258064516128,0,-92.41961195536317,-92.47859730826677,-92.51330982700085,-92.40675,-92.10118435011928
scene_0000,-3.225806451612911,29.032258064516128,0,-92.53047282488515,-92.58683980222077,-92.56539945308184,-92.53589,-92.27420538380034
scene_0000,3.225806451612897,29.032258064516128,0,-92.65267532336439,-92.70637028498071,-92.62912741809174,-92.675415,-92.54744184324761
scene_0000,9.677419354838705,29.032258064516128,0,-92.78475599396694,-92.83578078704602,-92.70364381902446,-92.82103,-92.8619663840964
scene_0000,16.129032258064512,29.032258064516128,0,-92.92541455769404,-92.97382047595693,-92.78817652260898,-92.971054,-93.12134828920168
scene_0000,22.58064516129032,29.032258064516128,0,-93.07351351716702,-93.11939469488422,-92.88202609496193,-93.12564,-93.27309056030451
scene_0000,29.032258064516128,29.032258064516128,0,-93.2280757593469,-93.27156211416269,-92.98456081438155,-93.28558,-93.3316859472954
scene_0000,35.48387096774192,29.032258064516128,0,-93.38827998026588,-93.42952986724887,-93.09521175790053,-93.45158,-93.35993332427802
scene_0000,41.935483870967744,29.032258064516128,0,-93.55345388816897,-93.59264666066694,-93.21346796037936,-93.62378,-93.44692568768451
scene_0000,48.38709677419354,29.032258064516128,1,-93.72306528038729,-93.76039396877674,-93.33887165192996,-93.38386,-93.38385408227515
scene_0000,54.83870967741933,29.032258064516128,0,-93.89671121898698,-93.93237553578399,-93.47101358498172,-93.98446,-93.96278251851776
scene_0000,61.29032258064515,29.032258064516128,0,-94.0741056379687,-94.10830549852147,-93.60952846618369,-94.17058,-94.15011489035501
scene_0000,67.74193548387095,29.032258064516128,0,-94.2550657913077,-94.28799550660113,-93.75409051055932,-94.35846,-94.29543045659193
scene_0000,74.19354838709677,29.032258064516128,0,-94.43949799154242,-94.47134124785477,-93.90440913599227,-94.54634,-94.48859813670802
scene_0000,80.64516129032256,29.032258064516128,0,-94.62738309271543,-94.6583087867746,-94.06022481540624,-94.73247,-94.71117736844432
scene_0000,87.09677419354838,29.032258064516128,0,-94.81876214298453,-94.84892109548412,-94.22130510213469,-94.91518,-94.92563562519697
scene_0000,93.54838709677418,29.032258064516128,0,-95.0137225779064,-95.04324510662867,-94.3874408412472,-95.09296,-95.11321961547145
scene_0000,100.0,29.032258064516128,0,-95.21238525358321,-95.24137955273146,-94.55844257625193,-95.26455,-95.27154938694055
scene_0000,-100.0,35.48387096774192,0,-93.30580812227169,-93.35230458290553,-93.62823013256755,-93.695694,-93.68100544966498
scene_0000,-93.54838709677419,35.48387096774192,0,-93.03554124811812,-93.0885160374998,-93.38205225854941,-93.45326,-93.37608363406724
scene_0000,-87.09677419354838,35.48387096774192,1,-92.80947021354046,-92.86760424731762,-93.1700952793349,-92.95973,-92.95972921817153
scene_0000,-80.64516129032259,35.48387096774192,0,-92.62489469036174,-92.68700330810128,-92.98992417342924,-92.95776,-93.12901366907457
scene_0000,-74.19354838709677,35.48387096774192,0,-92.47901379675321,-92.5440379566293,-92.83924095802311,-92.74049,-93.04308623334236
scene_0000,-67.74193548387098,35.48387096774192,0,-92.36900660696512,-92.4360038808846,-92.71588820028632,-92.56038,-92.75980337584079
scene_0000,-61.29032258064517,35.48387096774192,0,-92.29208534791107,-92.36022157209668,-92.61784797715083,-92.42158,-92.39877414437314
scene_0000,-54.83870967741936,35.48387096774192,0,-92.24553054457466,-92.31407246292419,-92.54323819228468,-92.32309,-92.15817268104418
scene_0000,-48.38709677419355,35.48387096774192,0,-92.22671447324143,-92.29502341497826,-92.49030744981782,-92.26157,-92.13112828299646
scene_0000,-41.935483870967744,35.48387096774192,1,-92.23311722082586,-92.30064369031047,-92.45742922576461,-92.27218,-92.2721756059431
scene_0000,-35.483870967741936,35.48387096774192,0,-92.26233819731272,-92.32861716894719,-92.44309578198772,-92.23744,-92.16242977285961
scene_0000,-29.032258064516128,35.48387096774192,1,-92.31210492590805,-92.3767516001132,-92.4459120773337,-91.640945,-91.64095074969217
scene_0000,-22.580645161290334,35.48387096774192,0,-92.3802802119632,-92.4429859820742,-92.46458980966739,-92.33717,-92.16269526048903
scene_0000,-16.129032258064527,35.48387096774192,0,-92.46486827798533,-92.52539667325003,-92.49794164722536,-92.43036,-92.2817119765638
scene_0000,-9.677419354838719,35.48387096774192,0,-92.56402008946097,-92.6222024908196,-92.5448756625423,-92.54688,-92.41722093798508
scene_0000,-3.225806451612911,35.48387096774192,0,-92.67603784725281,-92.73176881669961,-92.60438995696731,-92.680046,-92.57710465847836
scene_0000,3.225806451612897,35.48387096774192,1,-92.79937846338731,-92.85261058125951,-92.67556745168427,-92.72877,-92.72876249163005
scene_0000,9.677419354838705,35.48387096774192,0,-92.93265575272275,-92.98339391663552,-92.75757081759393,-92.97243,-93.06769173918585
scene_0000,16.129032258064512,35.48387096774192,0,-93.07464105180367,-93.12293625194782,-92.8496375182157,-93.12558,-93.31196451664954
scene_0000,22.58064516129032,35.48387096774192,0,-93.2242620077376,-93.27020465120215,-92.9510749447335,-93.28292,-93.46798075147846
scene_0000,29.032258064516128,35.48387096774192,0,-93.38059935292792,-93.42431225991703,-93.0612556288514,-93.445274,-93.53756002926676
scene_0000,35.48387096774192,35.48387096774192,0,-93.54288158327574,-93.58451281643356,-93.17961252613446,-93.61331,-93.55728366133937
scene_0000,41.935483870967744,35.48387096774192,1,-93.71047757415056,-93.7501932857219,-93.30563436919233,-93.453125,-93.45312226795615
scene_0000,48.38709677419354,35.48387096774192,0,-93.88288728597306,-93.92086477479076,-93.43886109589877,-93.96652,-93.74452722133125
scene_0000,54.83870967741933,35.48387096774192,0,-94.05973081674931,-94.0961519784203,-93.57887936248,-94.1503,-93.95235259928154
scene_0000,61.29032258064515,35.48387096774192,0,-94.2407361419818,-94.27578147312916,-93.72531815459112,-94.337166,-94.13287589865743
scene_0000,67.74193548387095,35.48387096774192,1,-94.42572593624313,-94.45956922057692,-93.87784451139689,-94.25404,-94.25404137261566
scene_0000,74.19354838709677,35.48387096774192,0,-94.61460389254268,-94.64740765692355,-94.03615937823604,-94.71365,-94.56026972862864
scene_0000,80.64516129032256,35.48387096774192,0,-94.80734094653823,-94.8392527333288,-94.19999360282645,-94.89981,-94.83380594150071
scene_0000,87.09677419354838,35.48387096774192,0,-95.00396177696098,-95.03511123869559,-94.36910408836168,-95.08233,-95.09170316294347
scene_0000,93.54838709677418,35.48387096774192,0,-95.20453189778857,-95.23502868464661,-94.54327011447005,-95.259766,-95.30881393500891
scene_0000,100.0,35.48387096774192,0,-95.40914558920093,-95.43907797104838,-94.72228983411318,-95.43084,-95.47957665253982
scene_0000,-100.0,41.935483870967744,1,-93.47081506482432,-93.51387179869057,-93.62995247275192,-93.74558,-93.74558787859127
scene_0000,-93.54838709677419,41.935483870967744,1,-93.2135096202137,-93.26295632409477,-93.39276053164873,-93.59794,-93.59793570752029
scene_0000,-87.09677419354838,41.935483870967744,0,-92.99775099510455,-93.05232771239842,-93.18910056956733,-93.3336,-93.37411498409317
scene_0000,-80.64516129032259,41.935483870967744,0,-92.82127237482703,-92.87984031153957,-93.01665628530962,-93.10118,-93.27430873031162
scene_0000,-74.19354838709677,41.935483870967744,1,-92.68163045969337,-92.74316740800009,-92.87323131017432,-93.15178,-93.1517832937231
scene_0000,-67.74193548387098,41.935483870967744,0,-92.57630070977301,-92.63989500228396,-92.75675549169101,-92.7225,-92.85833489434567
scene_0000,-61.29032258064517,41.935483870967744,0,-92.50274343215395,-92.56758759218121,-92.66528615838313,-92.59111,-92.54883083501636
scene_0000,-54.83870967741936,41.935483870967744,1,-92.45844971117762,-92.52383437903661,-92.59700632033402,-92.33566,-92.3356618542313
scene_0000,-48.38709677419355,41.935483870967744,0,-92.440973620958,-92.50628198064277,-92.5502210645344,-92.442505,-92.31527977403846
scene_0000,-41.935483870967744,41.935483870967744,1,-92.44795522886804,-92.5126579495747,-92.5233529460734,-92.328964,-92.32896451309398
scene_0000,-35.483870967741936,41.935483870967744,0,-92.47713747677528,-92.5407880659643,-92.51493687530095,-92.42673,-92.3156188069498
scene_0000,-29.032258064516128,41.935483870967744,0,-92.5263789915352,-92.58860939732843,-92.52361480403692,-92.46495,-92.3164502875247
scene_0000,-22.580645161290334,41.935483870967744,1,-92.59366412715316,-92.65418040776535,-92.54813038587235,-92.52873,-92.52873184487954
scene_0000,-16.129032258064527,41.935483870967744,0,-92.67711100283053,-92.7356888872989,-92.58732370362766,-92.629456,-92.63563265926642
scene_0000,-9.677419354838719,41.935483870967744,0,-92.7749779204282,-92.83145811044987,-92.64012610588037,-92.748795,-92.81257357922334
scene_0000,-3.225806451612911,41.935483870967744,0,-92.88566828501249,-92.93995138674013,-92.70555516399514,-92.88455,-92.95204487624719
scene_0000,3.225806451612897,41.935483870967744,0,-93.00773398782924,-93.05977501037779,-92.78270974443204,-93.0302,-93.09348066807527
scene_0000,9.677419354838705,41.935483870967744,1,-93.13987712411155,-93.18967953380124,-92.87076518357486,-93.44786,-93.44786091814582
scene_0000,16.129032258064512,41.935483870967744,0,-93.28094989403587,-93.32855926549757,-92.96896855069528,-93.33627,-93.56242300865793
scene_0000,22.58064516129032,41.935483870967744,0,-93.42995256072207,-93.47544991343744,-93.0766339866448,-93.49504,-93.73929286271832
scene_0000,29.032258064516128,41.935483870967744,0,-93.5860294012391,-93.62952434887566,-93.1931381098555,-93.65846,-93.85086412408046
scene_0000,35.48387096774192,41.935483870967744,0,-93.74846267163497,-93.79008653848514,-93.31791548606951,-93.82722,-93.92090308791572
scene_0000,41.935483870967744,41.935483870967744,0,-93.91666470154891,-93.95656377363083,-93.45045416310376,-94.00148,-93.98567724011002
scene_0000,48.38709677419354,41.935483870967744,0,-94.09016832542716,-94.12849740290633,-93.59029127633953,-94.180824,-94.06579521298318
scene_0000,54.83870967741933,41.935483870967744,1,-94.26861593507668,-94.30553233871203,-93.73700873416729,-94.16991,-94.16990475085738
scene_0000,61.29032258064515,41.935483870967744,0,-94.45174749445208,-94.48740565409595,-93.89022899509041,-94.5506,-94.26318068451806
scene_0000,67.74193548387095,41.935483870967744,0,-94.63938788778945,-94.67393460878269,-94.04961094958986,-94.73811,-94.45340866613121
scene_0000,74.19354838709677,41.935483870967744,0,-94.83143397552739,-94.86500444277601,-94.21484592014379,-94.92515,-94.72658027843173
scene_0000,80.64516129032256,41.935483870967744,0,-95.02784171110143,-95.06055625420967,-94.38565379213485,-95.11,-95.03104106844515
scene_0000,87.09677419354838,41.935483870967744,1,-95.22861363015662,-95.26057523929882,-94.56177928690349,-95.32337,-95.32337520799598
scene_0000,93.54838709677418,41.935483870967744,0,-95.43378696793917,-95.46507952145312,-94.74298838609526,-95.46683,-95.54833465317458
scene_0000,100.0,41.935483870967744,0,-95.643422596947,-95.67410973937585,-94.92906491392476,-95.63614,-95.71960435576275
scene_0000,-100.0,48.38709677419354,0,-93.71261245601613,-93.75083477363765,-93.71535596639701,-93.972305,-94.01294904718988
scene_0000,-93.54838709677419,48.38709677419354,0,-93.46865704179953,-93.51317737485694,-93.48569452651908,-93.75224,-93.79575585807707
scene_0000,-87.09677419354838,48.38709677419354,0,-93.26305428921194,-93.31269388690721,-93.28881824718846,-93.52337,-93.62279702976737
scene_0000,-80.64516129032259,48.38709677419354,0,-93.0940630628625,-93.14774606142878,-93.12255067477398,-93.30292,-93.46920222090922
scene_0000,-74.19354838709677,48.38709677419354,0,-92.95967957824531,-93.01643369108673,-92.9848131576923,-93.1066,-93.26729510600528
scene_0000,-67.74193548387098,48.38709677419354,0,-92.85774721268407,-92.91670148507964,-92.87363511489971,-92.94468,-92.98480881817846
scene_0000,-61.29032258064517,48.38709677419354,0,-92.7860362620687,-92.84641736459916,-92.78715852065659,-92.82114,-92.7165881030277
scene_0000,-54.83870967741936,48.38709677419354,0,-92.74230180573234,-92.80342971487588,-92.7236386804581,-92.735214,-92.58566001875218
scene_0000,-48.38709677419355,48.38709677419354,0,-92.72432588161288,-92.78560938897283,-92.6814426719489,-92.68398,-92.58526713288387
scene_0000,-41.935483870967744,48.38709677419354,0,-92.72994853092538,-92.79088076648597,-92.65904635334263,-92.66466,-92.62834428992153
scene_0000,-35.483870967741936,48.38709677419354,0,-92.7570909712534,-92.81724497196386,-92.65503052553152,-92.6757,-92.6502900192973
scene_0000,-29.032258064516128,48.38709677419354,0,-92.80377316105769,-92.86279743059137,-92.66807662236651,-92.716736,-92.69421179972703
scene_0000,-22.580645161290334,48.38709677419354,0,-92.86812727242742,-92.9257412390679,-92.69696216261684,-92.78741,-92.85237831871132
scene_0000,-16.129032258064527,48.38709677419354,1,-92.948408040783,-93.00439731346918,-92.74055610418,-93.02682,-93.02681631545025
scene_0000,-9.677419354838719,48.38709677419354,0,-93.04300056776154,-93.09721190534363,-92.79781418081271,-93.00678,-93.24696772427168
scene_0000,-3.225806451612911,48.38709677419354,1,-93.15042588383241,-93.20276182219456,-92.86777426360152,-93.584206,-93.58420572853228
scene_0000,3.225806451612897,48.38709677419354,1,-93.26934440517063,-93.31975752504837,-92.94955176644376,-93.08792,-93.08792389167705
scene_0000,9.677419354838705,48.38709677419354,0,-93.39855732502326,-93.44704418488766,-93.04233510204571,-93.443085,-93.58261108996155
scene_0000,16.129032258064512,48.38709677419354,0,-93.53700594646682,-93.58360074504142,-93.14538118892449,-93.59868,-93.81589249246704
scene_0000,22.58064516129032,48.38709677419354,0,-93.68376897588034,-93.72853704364736,-93.25801100820259,-93.7578,-94.02375558930395
scene_0000,29.032258064516128,48.38709677419354,0,-93.83805784030137,-93.88108908547719,-93.3796052098742,-93.92121,-94.18470079816096
scene_0000,35.48387096774192,48.38709677419354,0,-93.9992101535257,-94.0406126032859,-93.50959977048805,-94.0896,-94.32105138510042
scene_0000,41.935483870967744,48.38709677419354,1,-94.16668152285212,-94.2065751041485,-93.64748170695462,-94.55336,-94.55335409176159
scene_0000,48.38709677419354,48.38709677419354,0,-94.34003595010041,-94.37854664661485,-93.79278485386705,-94.44139,-94.49366721076116
scene_0000,54.83870967741933,48.38709677419354,1,-94.51893512865637,-94.55618963279991,-93.94508571392586,-94.486786,-94.48678842784824
scene_0000,61.29032258064515,48.38709677419354,1,-94.70312696745387,-94.7392479212502,-94.10399939255998,-94.38507,-94.38507112504286
scene_0000,67.74193548387095,48.38709677419354,0,-94.89243368067478,-94.92753556974675,-94.26917562854254,-94.993546,-94.71990745767775
scene_0000,74.19354838709677,48.38709677419354,0,-95.08673976896888,-95.12092550268491,-94.44029493229927,-95.17836,-94.9946747487856
scene_0000,80.64516129032256,48.38709677419354,0,-95.28598018696573,-95.31933836782022,-94.617064842775,-95.360756,-95.30599233399408
scene_0000,87.09677419354838,48.38709677419354,0,-95.49012894703351,-95.52273180574718,-94.799216312276,-95.539185,-95.6007338992954
scene_0000,93.54838709677418,48.38709677419354,0,-95.69918835571403,-95.73109030687985,-94.98650022678524,-95.71222,-95.83688029721351
scene_0000,100.0,48.38709677419354,0,-95.91317902208831,-95.94441577927452,-95.17868406703171,-95.87866,-95.99694474501794
scene_0000,-100.0,54.83870967741933,0,-94.00639649067008,-94.03932176503844,-93.87911359325174,-94.1842,-94.25391841019005
scene_0000,-93.54838709677419,54.83870967741933,0,-93.77759791389822,-93.81665710828828,-93.6559822325824,-93.97719,-94.06309172131171
scene_0000,-87.09677419354838,54.83870967741933,0,-93.58333982974523,-93.62746522439984,-93.46478529090888,-93.76187,-93.89124375014592
scene_0000,-80.64516129032259,54.83870967741933,0,-93.42248724768659,-93.47069030281824,-93.30351290030586,-93.5546,-93.71068879663648
scene_0000,-74.19354838709677,54.83870967741933,1,-93.29355663851882,-93.34493452378958,-93.17022533341331,-93.52273,-93.52273245960212
scene_0000,-67.74193548387098,54.83870967741933,0,-93.19483577026804,-93.2485735782427,-93.06306840172533,-93.218575,-93.19687073785485
scene_0000,-61.29032258064517,54.83870967741933,1,-93.12447499277211,-93.17984529495538,-92.98028207339422,-92.7824,-92.78240493426436
scene_0000,-54.83870967741936,54.83870967741933,0,-93.08055628871104,-93.136917103066,-92.92020454807246,-93.024124,-92.89041407331625
scene_0000,-48.38709677419355,54.83870967741933,0,-93.06114541097726,-93.11793723186739,-92.88127331467294,-92.97804,-92.93719293753867
scene_0000,-41.935483870967744,54.83870967741933,0,-93.06433132410592,-93.1210735824928,-92.86202422712333,-92.96266,-93.01928788141238
scene_0000,-35.483870967741936,54.83870967741933,1,-93.08825615624218,-93.1445432949051,-92.86108929564278,-93.22804,-93.22804617415593
scene_0000,-29.032258064516128,54.83870967741933,1,-93.13113801823346,-93.18663525577294,-92.87719365959344,-92.88916,-92.88915459037334
scene_0000,-22.580645161290334,54.83870967741933,0,-93.19128836880525,-93.24572716623466,-92.90915204982369,-93.09254,-93.32109917118731
scene_0000,-16.129032258064527,54.83870967741933,0,-93.26712508537673,-93.32029830479983,-92.95586494108488,-93.19213,-93.51619896162549
scene_0000,-9.677419354838719,54.83870967741933,0,-93.35718201676406,-93.40893876162212,-93.0163145229332,-93.314224,-93.66611685527764
scene_0000,-3.225806451612911,54.83870967741933,0,-93.46011552396672,-93.51035566593332,-93.08956056977443,-93.45216,-93.7407307919365
scene_0000,3.225806451612897,54.83870967741933,0,-93.57470833733224,-93.62337675926318,-93.17473625981583,-93.59948,-93.76951618865431
scene_0000,9.677419354838705,54.83870967741933,0,-93.69987095380112,-93.74695156558408,-93.27104397341859,-93.75175,-93.87552803489444
scene_0000,16.129032258064512,54.83870967741933,0,-93.83464074961744,-93.88015035973399,-93.37775108996067,-93.907166,-94.05443461493581
scene_0000,22.58064516129032,54.83870967741933,1,-93.97817897634712,-94.02216112290373,-93.4941857961885,-94.41023,-94.41022675426501
scene_0000,29.032258064516128,54.83870967741933,0,-94.12976582709648,-94.17228468552074,-93.61973291626255,-94.22832,-94.44991448296526
scene_0000,35.48387096774192,54.83870967741933,0,-94.28879379281894,-94.32992828203734,-93.75382977294697,-94.395454,-94.62633656623748
scene_0000,41.935483870967744,54.83870967741933,0,-94.4547595647252,-94.49459776922606,-93.89596208968592,-94.567345,-94.77526824970795
scene_0000,48.38709677419354,54.83870967741933,1,-94.6272547695323,-94.66588878212528,-94.04565994401673,-95.02557,-95.0255794478959
scene_0000,54.83870967741933,54.83870967741933,1,-94.80595584357376,-94.84347711450589,-94.20249378340607,-94.91192,-94.91191566989076
scene_0000,61.29032258064515,54.83870967741933,1,-94.99061335633832,-95.02710861087994,-94.36607051493905,-94.947586,-94.94758736956976
scene_0000,67.74193548387095,54.83870967741933,0,-95.1810410828995,-95.21658884393118,-94.53602968015687,-95.287766,-95.0899373176238
scene_0000,74.19354838709677,54.83870967741933,0,-95.37710509921314,-95.41177282598248,-94.71203972570552,-95.46936,-95.3372461569796
scene_0000,80.64516129032256,54.83870967741933,0,-95.57871313712796,-95.61255496813911,-94.89379437934623,-95.64836,-95.6404951856979
scene_0000,87.09677419354838,54.83870967741933,0,-95.78580439085981,-95.81885945924313,-95.08100913936774,-95.82322,-95.94066336961771
scene_0000,93.54838709677418,54.83870967741933,0,-95.99833991755659,-96.0306311921444,-95.27341788363877,-95.99254,-96.17456274194163
scene_0000,100.0,54.83870967741933,0,-96.21629372517634,-96.24782732023748,-95.47076960258387,-96.15515,-96.31150099469613
scene_0000,-100.0,61.29032258064515,0,-94.32448475745488,-94.35273060993482,-94.1148199688159,-94.43352,-94.49804829665156
scene_0000,-93.54838709677419,61.29032258064515,0,-94.11393313047652,-94.14801379560916,-93.89775949843532,-94.240685,-94.33495217102706
scene_0000,-87.09677419354838,61.29032258064515,0,-93.93353462985971,-93.97252373717663,-93.71162414558603,-94.0401,-94.17451699019539
scene_0000,-80.64516129032259,61.29032258064515,0,-93.78279685292097,-93.82582004155806,-93.55460348748294,-93.84711,-93.99280777675754
scene_0000,-74.19354838709677,61.29032258064515,0,-93.66081119417026,-93.70705788322013,-93.42492367297135,-93.675644,-93.77027189822431
scene_0000,-67.74193548387098,61.29032258064515,0,-93.56637249367837,-93.61510250810812,-93.32086894219199,-93.53499,-93.525862162349
scene_0000,-61.29032258064517,61.29032258064515,0,-93.49807542428671,-93.5486220445725,-93.2407952372476,-93.428734,-93.34485156761056
scene_0000,-54.83870967741936,61.29032258064515,0,-93.45439088371947,-93.50616145033297,-93.18313830265991,-93.356384,-93.2989604840028
scene_0000,-48.38709677419355,61.29032258064515,0,-93.43372592776353,-93.48620077754535,-93.14641796423054,-93.31555,-93.35309397314833
scene_0000,-41.935483870967744,61.29032258064515,0,-93.43447049360476,-93.48720073957602,-93.12923976928309,-93.30408,-93.4424230209437
scene_0000,-35.483870967741936,61.29032258064515,0,-93.45503365360699,-93.50763813243239,-93.13029481332197,-93.32099,-93.52734815246134
scene_0000,-29.032258064516128,61.29032258064515,0,-93.49387158929301,-93.54603317621081,-93.14835832584428,-93.366356,-93.62876422701866
scene_0000,-22.580645161290334,61.29032258064515,1,-93.54950897055659,-93.60097038519777,-93.182287410919,-93.965775,-93.96577778488665
scene_0000,-16.129032258064527,61.29032258064515,0,-93.62055500207434,-93.67111418728109,-93.23101821439003,-93.540565,-93.93031871211308
scene_0000,-9.677419354838719,61.29032258064515,0,-93.70571506610851,-93.75522020501678,-93.29356270361833,-93.66307,-94.03719101904102
scene_0000,-3.225806451612911,61.29032258064515,0,-93.80379864359405,-93.85214287928648,-93.36900518650876,-93.8011,-94.10225674697355
scene_0000,3.225806451612897,61.29032258064515,0,-93.9137240226101,-93.96083995269714,-93.45649865630499,-93.9482,-94.13151117816822
scene_0000,9.677419354838705,61.29032258064515,0,-94.03452019172938,-94.08037422184321,-93.55526102166903,-94.099945,-94.18414525118419
scene_0000,16.129032258064512,61.29032258064515,0,-94.16532625146166,-94.20991290268407,-93.6645712638587,-94.25454,-94.28516600161609
scene_0000,22.58064516129032,61.29032258064515,1,-94.3053886467427,-94.34872491947195,-93.78376555149585,-94.22087,-94.22086459256639
scene_0000,29.032258064516128,61.29032258064515,0,-94.45405651497097,-94.49617641383966,-93.91223333637316,-94.57295,-94.65554160369527
scene_0000,35.48387096774192,61.29032258064515,0,-94.61077544690207,-94.65172476733241,-94.04941344950575,-94.73812,-94.84530544769117
scene_0000,41.935483870967744,61.29032258064515,0,-94.77507996319531,-94.81491143018603,-94.19479021408407,-94.907646,-94.98267507122455
scene_0000,48.38709677419354,61.29032258064515,0,-94.94658501122485,-94.98535384593944,-94.34788959041173,-95.08114,-95.12984724432174
scene_0000,54.83870967741933,61.29032258064515,0,-95.1249767808423,-95.16273675193305,-94.50827536677332,-95.25773,-95.24864520003021
scene_0000,61.29032258064515,61.29032258064515,1,-95.31000312221002,-95.34680311826759,-94.67554540914233,-95.36895,-95.36895064698206
scene_0000,67.74193548387095,61.29032258064515,0,-95.50146382356584,-95.53734496234847,-94.8493279815358,-95.61499,-95.478725919895
scene_0000,74.19354838709677,61.29032258064515,0,-95.69920097320833,-95.73419424390237,-95.02927814751403,-95.79258,-95.69587307518019
scene_0000,80.64516129032256,61.29032258064515,0,-95.90308959041673,-95.93721400834697,-95.21507426184031,-95.96738,-95.99518505232095
scene_0000,87.09677419354838,61.29032258064515,0,-96.11302866721817,-96.1462899069776,-95.40641455965707,-96.13785,-96.31760513064813
scene_0000,93.54838709677418,61.29032258064515,0,-96.32893271966095,-96.36132218299765,-95.60301384879907,-96.30266,-96.55224663044345
scene_0000,100.0,61.29032258064515,0,-96.55072390605652,-96.58221817511085,-95.80460030913576,-96.46068,-96.65279787988794
scene_0000,-100.0,67.74193548387095,0,-94.63952611655564,-94.66472221064492,-94.41483659322907,-94.7108,-94.73654257364176
scene_0000,-93.54838709677419,67.74193548387095,0,-94.45104591539034,-94.48161525907827,-94.2040135880755,-94.53308,-94.60781765769451
scene_0000,-87.09677419354838,67.74193548387095,0,-94.28798023581267,-94.32315574601078,-94.02288880991485,-94.34816,-94.4741585900154
scene_0000,-80.64516129032259,67.74193548387095,0,-94.15043469537409,-94.1894756581778,-93.86988925676887,-94.17034,-94.314256976894
scene_0000,-74.19354838709677,67.74193548387095,0,-94.03807142007324,-94.08027823232186,-93.74343922303724,-94.012596,-94.12351669411457
scene_0000,-67.74193548387098,67.74193548387095,1,-93.95021360661977,-93.99493755119975,-93.64198856700014,-93.91254,-93.91253708073575
scene_0000,-61.29032258064517,67.74193548387095,0,-93.88593618878349,-93.93258537445661,-93.56403197766669,-93.78668,-93.80226189504452
scene_0000,-54.83870967741936,67.74193548387095,0,-93.84414203278823,-93.89218444505826,-93.50812173544983,-93.72156,-93.76404924546205
scene_0000,-48.38709677419355,67.74193548387095,0,-93.82362460004087,-93.8725890020531,-93.47287578718695,-93.68614,-93.79813708314414
scene_0000,-41.935483870967744,67.74193548387095,0,-93.82311866584239,-93.87259390058378,-93.4569824553396,-93.678604,-93.863996018671
scene_0000,-35.483870967741936,67.74193548387095,0,-93.84134083520586,-93.89097392888135,-93.45920273355027,-93.69826,-93.93703063127259
scene_0000,-29.032258064516128,67.74193548387095,0,-93.87702149209348,-93.92651484587591,-93.47837085291061,-93.74543,-94.02302370443657
scene_0000,-22.580645161290334,67.74193548387095,0,-93.92892960365386,-93.97803748283367,-93.51339360941421,-93.8203,-94.12569148175234
scene_0000,-16.129032258064527,67.74193548387095,0,-93.99589156043294,-94.04441603960967,-93.56324880342812,-93.92121,-94.22158506035251
scene_0000,-9.677419354838719,67.74193548387095,0,-94.07680501074213,-94.12459150400176,-93.62698304195663,-94.04375,-94.31970886960741
scene_0000,-3.225806451612911,67.74193548387095,1,-94.17064846159845,-94.21758095106726,-93.70370908317929,-94.469406,-94.469400247074
scene_0000,3.225806451612897,67.74193548387095,0,-94.2764872748919,-94.3224833440616,-93.7926028522352,-94.32786,-94.44737077813619
scene_0000,9.677419354838705,67.74193548387095,0,-94.39347658285301,-94.43848235816927,-93.89290022173361,-94.478645,-94.48713636307149
scene_0000,16.129032258064512,67.74193548387095,0,-94.52086157478658,-94.56484667679128,-94.00389362566841,-94.63193,-94.5601037146387
scene_0000,22.58064516129032,67.74193548387095,0,-94.65797555917761,-94.7009281607285,-94.1249285582459,-94.78768,-94.69479911309247
scene_0000,29.032258064516128,67.74193548387095,0,-94.80423617350115,-94.84615825592847,-94.25539999726495,-94.94659,-94.8955229646932
scene_0000,35.48387096774192,67.74193548387095,1,-94.95914009105422,-95.000042979122,-94.39474878349692,-95.27905,-95.27905802896629
scene_0000,41.935483870967744,67.74193548387095,1,-95.12225655405389,-95.16215679751367,-94.54245798175938,-94.86108,-94.86107673775729
scene_0000,48.38709677419354,67.74193548387095,0,-95.29322004094139,-95.33213569504281,-94.69804924522869,-95.44602,-95.37838282570942
scene_0000,54.83870967741933,67.74193548387095,1,-95.471722350793,-95.50966969139878,-94.86107920137016,-95.59308,-95.59307618973074
scene_0000,61.29032258064515,67.74193548387095,0,-95.65750435803152,-95.69449505012727,-95.03113587529072,-95.793274,-95.71290559960781
scene_0000,67.74193548387095,67.74193548387095,0,-95.85034765649708,-95.88638637897697,-95.20783516405741,-95.96772,-95.83174410338346
scene_0000,74.19354838709677,67.74193548387095,1,-96.0500662745256,-96.08514879011297,-95.39081737345582,-96.08483,-96.08483655896538
scene_0000,80.64516129032256,67.74193548387095,0,-96.25649860365431,-96.29061025133151,-95.57974382669303,-96.31067,-96.32294716712126
scene_0000,87.09677419354838,67.74193548387095,0,-96.46949964474898,-96.50261422354018,-95.77429355269217,-96.47615,-96.70770463895477
scene_0000,93.54838709677418,67.74193548387095,0,-96.68893363850222,-96.7210126459999,-95.97416005991091,-96.63583,-96.94521135210263
scene_0000,100.0,67.74193548387095,0,-96.91466711387612,-96.94565930044169,-96.17904820010544,-96.78864,-96.99247372340588
scene_0000,-100.0,74.19354838709677,0,-94.9293517422889,-94.95373932436756,-94.77022249463107,-95.00612,-94.97250978716121
scene_0000,-93.54838709677419,74.19354838709677,0,-94.76653180897151,-94.79570546450519,-94.56649305924404,-94.84415,-94.8866324554719
scene_0000,-87.09677419354838,74.19354838709677,0,-94.62445085654407,-94.65779507263213,-94.39096213563985,-94.67558,-94.7918291129448
scene_0000,-80.64516129032259,74.19354838709677,0,-94.50366787033528,-94.54057585526392,-94.2423339122273,-94.513565,-94.6655821615798
scene_0000,-74.19354838709677,74.19354838709677,0,-94.40432776252096,-94.44421565458049,-94.11926625519729,-94.37008,-94.51233948233055
scene_0000,-67.74193548387098,74.19354838709677,0,-94.32623600045964,-94.36855335025666,-94.02040563862573,-94.25313,-94.36474636162642
scene_0000,-61.29032258064517,74.19354838709677,0,-94.26893093566234,-94.31316793871453,-93.94441228153134,-94.16595,-94.26469602292696
scene_0000,-54.83870967741936,74.19354838709677,0,-94.23174979663541,-94.27744182233212,-93.8899779303305,-94.10829,-94.227350140857
scene_0000,-48.38709677419355,74.19354838709677,0,-94.2138865215744,-94.26061645804157,-93.8558381481891,-94.078415,-94.23645304642953
scene_0000,-41.935483870967744,74.19354838709677,1,-94.21444097866554,-94.26183984457279,-93.84078051588776,-94.26222,-94.26221903033957
scene_0000,-35.483870967741936,74.19354838709677,0,-94.23245989486766,-94.28020609069627,-93.84364979555843,-94.0972,-94.29866725638718
scene_0000,-29.032258064516128,74.19354838709677,0,-94.2669701943735,-94.31478769357504,-93.86335083992991,-94.1461,-94.32933094279348
scene_0000,-22.580645161290334,74.19354838709677,0,-94.31700558964486,-94.3646613111474,-93.89884982758966,-94.22189,-94.36078532831404
scene_0000,-16.129032258064527,74.19354838709677,0,-94.38162727702425,-94.42892783577199,-93.94917425402836,-94.32312,-94.41479357734065
scene_0000,-9.677419354838719,74.19354838709677,0,-94.45993953344623,-94.5067275333394,-94.01341199653886,-94.445465,-94.51882871586673
scene_0000,-3.225806451612911,74.19354838709677,0,-94.55110093133115,-94.59725094214107,-94.09070968873408,-94.58256,-94.63164008783255
scene_0000,3.225806451612897,74.19354838709677,0,-94.65433180738658,-94.69974615085853,-94.180270580069,-94.72804,-94.71103470165984
scene_0000,9.677419354838705,74.19354838709677,0,-94.76891854800186,-94.81352300566421,-94.28135201164714,-94.87755,-94.77421113309941
scene_0000,16.129032258064512,74.19354838709677,0,-94.89421519227092,-94.93795473626682,-94.39326260744089,-95.029205,-94.85755490283161
scene_0000,22.58064516129032,74.19354838709677,0,-95.02964280262003,-95.07247743969118,-94.5153592566826,-95.182945,-94.98850949035024
scene_0000,29.032258064516128,74.19354838709677,0,-95.17468700993403,-95.21658781668134,-94.64704394613749,-95.33942,-95.16315625145332
scene_0000,35.48387096774192,74.19354838709677,0,-95.32889410196553,-95.3698395164286,-94.78776048849325,-95.49921,-95.3329682290611
scene_0000,41.935483870967744,74.19354838709677,0,-95.49186598795337,-95.53183840858588,-94.93699118384947,-95.66249,-95.49568114123632
scene_0000,48.38709677419354,74.19354838709677,0,-95.66325433687119,-95.70223706561154,-95.09425344431966,-95.82892,-95.72631393621324
scene_0000,54.83870967741933,74.19354838709677,0,-95.84275415046206,-95.88072870247807,-95.25909640636146,-95.99765,-95.95577878017842
scene_0000,61.29032258064515,74.19354838709677,0,-96.03009699497697,-96.06704078443855,-95.43109755115422,-96.167534,-96.09438858549862
scene_0000,67.74193548387095,74.19354838709677,0,-96.22504407767116,-96.26092847722175,-95.60985934981879,-96.3372,-96.17903353011947
scene_0000,74.19354838709677,74.19354838709677,0,-96.4273793164943,-96.46216807839085,-95.7950059473167,-96.50512,-96.31566239964047
scene_0000,80.64516129032256,74.19354838709677,1,-96.63690251505885,-96.6705505345628,-95.98617989635648,-96.25202,-96.25202100743805
scene_0000,87.09677419354838,74.19354838709677,1,-96.85342272100677,-96.88587511765704,-96.18303895053536,-97.47945,-97.47944505056117
scene_0000,93.54838709677418,74.19354838709677,0,-97.0767518153028,-97.10794330517446,-96.38525292422997,-96.98401,-97.29400161408446
scene_0000,100.0,74.19354838709677,0,-97.3066983536028,-97.33655288539686,-96.5925006254845,-97.13119,-97.28245178819351
scene_0000,-100.0,80.64516129032256,1,-95.18195719551653,-95.20769418024399,-95.17083342170658,-95.16453,-95.16452869935526
scene_0000,-93.54838709677419,80.64516129032256,0,-95.04703654829827,-95.07694857496605,-94.97575592962207,-95.16369,-95.17934934890724
scene_0000,-87.09677419354838,80.64516129032256,0,-94.92875044360619,-94.9623364523153,-94.80706632784788,-95.011795,-95.12358521503211
scene_0000,-80.64516129032259,80.64516129032256,0,-94.8278892295348,-94.86465135839657,-94.66378116140964,-94.86589,-95.02682496406453
scene_0000,-74.19354838709677,80.64516129032256,0,-94.74491375970317,-94.78436783814095,-94.54482582901665,-94.736946,-94.89826202128347
scene_0000,-67.74193548387098,80.64516129032256,0,-94.67999213916193,-94.72167620315565,-94.44907494553512,-94.6323,-94.77320403471929
scene_0000,-61.29032258064517,80.64516129032256,0,-94.63304438683933,-94.67652512121789,-94.37538276766085,-94.55499,-94.68864847839274
scene_0000,-54.83870967741936,80.64516129032256,0,-94.60378921133234,-94.64866642902678,-94.32260581923053,-94.50492,-94.65209158031027
scene_0000,-48.38709677419355,80.64516129032256,0,-94.59178914480015,-94.63769851673126,-94.28961945435466,-94.48065,-94.64300833908283
scene_0000,-41.935483870967744,80.64516129032256,0,-94.59649183270123,-94.64310612026851,-94.27532974094377,-94.48108,-94.64101094990536
scene_0000,-35.483870967741936,80.64516129032256,0,-94.61726637016005,-94.6642954129191,-94.27868174757053,-94.50616,-94.63460590737637
scene_0000,-29.032258064516128,80.64516129032256,1,-94.65343429661138,-94.7006239897455,-94.29866507303134,-94.61549,-94.6154999263684
scene_0000,-22.580645161290334,80.64516129032256,0,-94.70429530572852,-94.75142577707517,-94.33431726460421,-94.633446,-94.60022495877368
scene_0000,-16.129032258064527,80.64516129032256,1,-94.76914798242805,-94.81603115343586,-94.384725619997,-94.45877,-94.45877234211156
scene_0000,-9.677419354838719,80.64516129032256,0,-94.84730600911382,-94.89378270101403,-94.44902775143,-94.85694,-94.72110637511379
scene_0000,-3.225806451612911,80.64516129032256,0,-94.9381103368272,-94.98404706319876,-94.52641120112426,-94.99332,-94.84831067131998
scene_0000,3.225806451612897,80.64516129032256,0,-95.04093782560415,-95.08622339506664,-94.61611232964952,-95.13771,-94.95279601280087
scene_0000,9.677419354838705,80.64516129032256,0,-95.15520684235153,-95.19974887957481,-94.71741464724451,-95.28578,-95.041007943848
scene_0000,16.129032258064512,80.64516129032256,0,-95.28038027599109,-95.32410175479544,-94.82964671945565,-95.43563,-95.139637921934
scene_0000,22.58064516129032,80.64516129032256,0,-95.4159663950816,-95.45880226355082,-94.95217974917892,-95.58715,-95.27036161245991
scene_0000,29.032258064516128,80.64516129032256,0,-95.56151793595552,-95.60341189988526,-95.08442491507682,-95.74097,-95.43542840348456
scene_0000,35.48387096774192,80.64516129032256,0,-95.71662977109185,-95.75753128870637,-95.22583052956206,-95.89767,-95.62349330972981
scene_0000,41.935483870967744,80.64516129032256,0,-95.88093546862737,-95.92079699647525,-95.3758790667085,-96.057396,-95.84430828731183
scene_0000,48.38709677419354,80.64516129032256,0,-96.05410301493053,-96.0928775325213,-95.53408410055832,-96.219826,-96.11307649006963
scene_0000,54.83870967741933,80.64516129032256,1,-96.23582993339016,-96.27346876280576,-95.69998718655867,-96.48595,-96.48595158565288
scene_0000,61.29032258064515,80.64516129032256,0,-96.42583799447685,-96.46228892124952,-95.87315471275956,-96.54933,-96.51783756246434
scene_0000,67.74193548387095,80.64516129032256,0,-96.62386767537454,-96.65907336863725,-96.05317474253481,-96.713936,-96.59991019645184
scene_0000,74.19354838709677,80.64516129032256,1,-96.82967249271648,-96.86356921622937,-96.23965386669725,-96.568924,-96.56892960192324
scene_0000,80.64516129032256,80.64516129032256,0,-97.04301329996612,-97.07552990119169,-96.4322140798042,-97.03574,-97.00761850999586
scene_0000,87.09677419354838,80.64516129032256,0,-97.2636526124016,-97.29470977434659,-96.63048969309929,-97.190125,-97.37292485869189
scene_0000,93.54838709677418,80.64516129032256,0,-97.49134899809796,-97.5208587380883,-96.83412429486276,-97.33848,-97.54067281809532
scene_0000,100.0,80.64516129032256,0,-97.72585155324666,-97.75371695398644,-97.04276776797096,-97.47978,-97.48619065295252
scene_0000,-100.0,87.09677419354838,0,-95.39825333276269,-95.42667128083158,-95.60568026942704,-95.612015,-95.4789613117052
scene_0000,-93.54838709677419,87.09677419354838,1,-95.29135088192527,-95.32343411247624,-95.4214389199696,-95.502075,-95.50207286858118
scene_0000,-87.09677419354838,87.09677419354838,0,-95.19797146129088,-95.23327840792462,-95.26146098342255,-95.34691,-95.45126318639653
scene_0000,-80.64516129032259,87.09677419354838,0,-95.1189008226153,-95.15699850532383,-95.12509637862746,-95.2171,-95.37266312597802
scene_0000,-74.19354838709677,87.09677419354838,0,-95.05471257757655,-95.09518210162372,-95.01156309523829,-95.10268,-95.24757914703713
scene_0000,-67.74193548387098,87.09677419354838,0,-95.00576993553497,-95.048211460715,-94.91999025323148,-95.010315,-95.12108574680623
scene_0000,-61.29032258064517,87.09677419354838,0,-94.97224102954067,-95.01627785519644,-94.84945209245056,-94.94287,-95.04122582754405
scene_0000,-54.83870967741936,87.09677419354838,1,-94.9541223928135,-94.99940399748267,-94.79899441689822,-95.03146,-95.03146405906789
scene_0000,-48.38709677419355,87.09677419354838,0,-94.95126638001871,-94.99747038919429,-94.76765487980046,-94.88173,-94.99756879384745
scene_0000,-41.935483870967744,87.09677419354838,0,-94.96340950163247,-95.0102426422551,-94.7544783066396,-94.88616,-94.98125162345355
scene_0000,-35.483870967741936,87.09677419354838,0,-94.99019963477878,-95.03739778318,-94.75852805707501,-94.91397,-94.95853229362044
scene_0000,-29.032258064516128,87.09677419354838,0,-95.0312208535901,-95.07854830632022,-94.77889424455995,-94.96628,-94.93189778380712
scene_0000,-22.580645161290334,87.09677419354838,0,-95.08601519738241,-95.1332633009896,-94.81469947357924,-95.04386,-94.91122575863848
scene_0000,-16.129032258064527,87.09677419354838,0,-95.1541010982408,-95.20108637120138,-94.86510262105121,-95.14555,-94.92547095534917
scene_0000,-9.677419354838719,87.09677419354838,0,-95.23498845883786,-95.281550330797,-94.92930107923209,-95.267296,-94.99979859415065
scene_0000,-3.225806451612911,87.09677419354838,0,-95.32819054155493,-95.37418882438182,-95.0065317896325,-95.40292,-95.10104400063162
scene_0000,3.225806451612897,87.09677419354838,0,-95.43323292997462,-95.47854512331101,-95.09607132764806,-95.5462,-95.1980518991394
scene_0000,9.677419354838705,87.09677419354838,0,-95.54965987558765,-95.59417839729021,-95.1972352426168,-95.69278,-95.29071056693527
scene_0000,16.129032258064512,87.09677419354838,0,-95.67703836196914,-95.72066778149232,-95.30937681492112,-95.84076,-95.39464125748465
scene_0000,22.58064516129032,87.09677419354838,0,-95.81496021685945,-95.85761455741398,-95.43188535809675,-95.98999,-95.52550656839497
scene_0000,29.032258064516128,87.09677419354838,0,-95.96304258705561,-96.00464275048557,-95.56418416763876,-96.14107,-95.69124590875666
scene_0000,35.48387096774192,87.09677419354838,0,-96.12092706689504,-96.16139842384881,-95.70572819768427,-96.29457,-95.89611916335014
scene_0000,41.935483870967744,87.09677419354838,0,-96.28827774181688,-96.32754791916966,-95.85600153068648,-96.45066,-96.1490810092047
scene_0000,48.38709677419354,87.09677419354838,0,-96.4647783764444,-96.5027752642967,-96.0145146925712,-96.609024,-96.44571891948144
scene_0000,54.83870967741933,87.09677419354838,0,-96.65012894357957,-96.68677893573343,-96.18080185593143,-96.76889,-96.73353523791862
scene_0000,61.29032258064515,87.09677419354838,0,-96.84404165778831,-96.87926813258679,-96.35441796597098,-96.929214,-96.95187399917204
scene_0000,67.74193548387095,87.09677419354838,0,-97.04623664594187,-97.07995868887951,-96.53493581775022,-97.088684,-97.10969333020246
scene_0000,74.19354838709677,87.09677419354838,0,-97.25643735805386,-97.28856872370588,-96.72194310851734,-97.245926,-97.25851105735573
scene_0000,80.64516129032256,87.09677419354838,1,-97.47436579572722,-97.50481410432336,-96.91503948532139,-97.35001,-97.35001830186246
scene_0000,87.09677419354838,87.09677419354838,1,-97.69973761312366,-97.72840377645252,-97.11383360557471,-97.77496,-97.77496363233706
scene_0000,93.54838709677418,87.09677419354838,0,-97.93225712709781,-97.95903499927658,-97.3179402266962,-97.69066,-97.7210079309298
scene_0000,100.0,87.09677419354838,0,-98.17161225943948,-98.19638851027783,-97.52697734037882,-97.82605,-97.60868686294828
scene_0000,-100.0,93.54838709677418,0,-95.59097703622697,-95.62210880132426,-96.06361233048518,-95.905525,-95.71187029692504
scene_0000,-93.54838709677419,93.54838709677418,0,-95.51003505817654,-95.54451286944584,-95.89281667556088,-95.79138,-95.73872916328281
scene_0000,-87.09677419354838,93.54838709677418,0,-95.44067830526393,-95.47806756051513,-95.74389685811518,-95.67241,-95.73932881147839
scene_0000,-80.64516129032259,93.54838709677418,0,-95.38350720035494,-95.42339261862075,-95.61653185967346,-95.55835,-95.67470239139526
scene_0000,-74.19354838709677,93.54838709677418,1,-95.33902831638412,-95.38101529702197,-95.51023890780357,-95.544426,-95.54442675974032
scene_0000,-67.74193548387098,93.54838709677418,0,-95.30763236589999,-95.3513485155647,-95.42441499077145,-95.37782,-95.38743159172904
scene_0000,-61.29032258064517,93.54838709677418,0,-95.28958628761819,-95.33468279616852,-95.35837139204334,-95.32005,-95.30657132460263
scene_0000,-54.83870967741936,93.54838709677418,0,-95.28503573933972,-95.33118839544858,-95.31136187403482,-95.284996,-95.2853452880758
scene_0000,-48.38709677419355,93.54838709677418,1,-95.2940146319702,-95.34092436264622,-95.28260530179183,-95.30868,-95.30867805245357
scene_0000,-41.935483870967744,93.54838709677418,0,-95.31645888581932,-95.36385177648776,-95.27130352379474,-95.28029,-95.27131882927785
scene_0000,-35.483870967741936,93.54838709677418,0,-95.3522222030111,-95.399849006683,-95.2766552798499,-95.310814,-95.25666669056096
scene_0000,-29.032258064516128,93.54838709677418,0,-95.40109223253387,-95.44872741090204,-95.29786682379365,-95.36485,-95.2479210716161
scene_0000,-22.580645161290334,93.54838709677418,0,-95.4628060077229,-95.51024636758598,-95.33415985478571,-95.44338,-95.25353982070283
scene_0000,-16.129032258064527,93.54838709677418,0,-95.53706394240793,-95.58412694126625,-95.38477725831179,-95.545364,-95.2781524703295
scene_0000,-9.677419354838719,93.54838709677418,0,-95.6235419833358,-95.67006378134084,-95.44898707329816,-95.66688,-95.31851688379042
scene_0000,-3.225806451612911,93.54838709677418,0,-95.72190174421677,-95.7677350781895,-95.5260850276587,-95.801834,-95.37421467558013
scene_0000,3.225806451612897,93.54838709677418,0,-95.83179860576655,-95.87681055639797,-95.61539592169852,-95.94402,-95.44140310956746
scene_0000,9.677419354838705,93.54838709677418,0,-95.95288787128791,-95.9969575880738,-95.71627408642982,-96.08914,-95.52022163916668
scene_0000,16.129032258064512,93.54838709677418,0,-96.08482913178925,-96.127845572568,-95.82810310084626,-96.23527,-95.61829301580657
scene_0000,22.58064516129032,93.54838709677418,0,-96.22728902919715,-96.26914876295459,-95.95029491721309,-96.38223,-95.74575011784907
scene_0000,29.032258064516128,93.54838709677418,0,-96.37994261939085,-96.42054773273408,-96.08228851512845,-96.5306,-95.91133910011084
scene_0000,35.48387096774192,93.54838709677418,0,-96.54247353513333,-96.58172967487965,-96.22354818234885,-96.68092,-96.12285256471748
scene_0000,41.935483870967744,93.54838709677418,1,-96.7145731374015,-96.75238771437593,-96.37356150207039,-96.37117,-96.37117766416497
scene_0000,48.38709677419354,93.54838709677418,0,-96.89593882586405,-96.93221939849677,-96.53183711174847,-96.98772,-96.70281247107106
scene_0000,54.83870967741933,93.54838709677418,0,-97.0862716580661,-97.12092450891686,-96.69790228687373,-97.143166,-97.03171087118005
scene_0000,61.29032258064515,93.54838709677418,0,-97.28527340437347,-97.31820231843346,-96.8713003939215,-97.298706,-97.33836312635704
scene_0000,67.74193548387095,93.54838709677418,0,-97.49264314350292,-97.52374839410955,-97.05158824952262,-97.45312,-97.60476507474206
scene_0000,74.19354838709677,93.54838709677418,0,-97.70807348274802,-97.73725102924789,-97.23833341748075,-97.60504,-97.7998448781591
scene_0000,80.64516129032256,93.54838709677418,0,-97.9312464687927,-97.95838736968021,-97.43111147135812,-97.75313,-97.89568328057186
scene_0000,87.09677419354838,93.54838709677418,0,-98.16182924009601,-98.18681928617742,-97.62950324783174,-97.89612,-97.91802967560754
scene_0000,93.54838709677418,93.54838709677418,0,-98.39946946091226,-98.42218903499568,-97.8330921147794,-98.03287,-97.83874369234839
scene_0000,100.0,93.54838709677418,0,-98.64379057072271,-98.6641147432479,-98.04146127803227,-98.162445,-97.66134511383841
scene_0000,-100.0,100.0,0,-95.78026458456563,-95.81280328489031,-96.53431363604628,-96.18396,-95.88732300341803
scene_0000,-93.54838709677419,100.0,0,-95.72167346521424,-95.75744896745664,-96.37966251029067,-96.08489,-95.92992050123706
scene_0000,-87.09677419354838,100.0,0,-95.67381243298863,-95.71236261257054,-96.244351937834,-95.98156,-95.94808143349248
scene_0000,-80.64516129032259,100.0,1,-95.63700718995604,-95.67789932275944,-96.12835120480702,-96.01158,-96.01157730013665
scene_0000,-74.19354838709677,100.0,0,-95.61158376124637,-95.6544136481942,-96.03145593193923,-95.79608,-95.74383997412735
scene_0000,-67.74193548387098,100.0,1,-95.59783604851603,-95.64222735003992,-95.95332295108688,-95.48587,-95.48586781451499
scene_0000,-61.29032258064517,100.0,0,-95.59600457346664,-95.64160819447223,-95.89350137259666,-95.6789,-95.50426531825485
scene_0000,-54.83870967741936,100.0,0,-95.60626468186543,-95.65275808414283,-95.85145945711064,-95.65105,-95.48897926937721
scene_0000,-48.38709677419355,100.0,0,-95.62872221820408,-95.67580857671496,-95.82660732413721,-95.643295,-95.49466959454872
scene_0000,-41.935483870967744,100.0,0,-95.66341470311,-95.71082185917611,-95.81831576998769,-95.65558,-95.49917851757652
scene_0000,-35.483870967741936,100.0,0,-95.71031624341182,-95.75779543841314,-95.82593158721578,-95.68881,-95.504616768141
scene_0000,-29.032258064516128,100.0,0,-95.76934469085688,-95.8166690875858,-95.84878981993924,-95.74462,-95.52039006014087
scene_0000,-22.580645161290334,100.0,0,-95.84036987674895,-95.88733289229062,-95.88622338526854,-95.82414,-95.55121306680275
scene_0000,-16.129032258064527,100.0,1,-95.92322204599563,-95.969635530798,-95.93757046133298,-95.65739,-95.65738766592887
scene_0000,-9.677419354838719,100.0,0,-96.01769987342527,-96.06339217719741,-96.0021800006099,-96.04787,-95.60158188776558
scene_0000,-3.225806451612911,100.0,0,-96.12357765890908,-96.16839162624305,-96.07941568165188,-96.182236,-95.62108367518022
scene_0000,3.225806451612897,100.0,0,-96.2406114652987,-96.28440240342974,-96.16865856770785,-96.323456,-95.6587509292576
scene_0000,9.677419354838705,100.0,0,-96.36854408852335,-96.41117774725612,-96.26930869964912,-96.467224,-95.71856842882437
scene_0000,16.129032258064512,100.0,0,-96.50710883858325,-96.54845943878506,-96.3807858141673,-96.611595,-95.80517822451853
scene_0000,22.58064516129032,100.0,0,-96.65603217033498,-96.6959805130802,-96.50252934669155,-96.75638,-95.9252531486062
scene_0000,29.032258064516128,100.0,0,-96.81503524024544,-96.85346692413535,-96.63399785168934,-96.902145,-96.08636119912066
scene_0000,35.48387096774192,100.0,0,-96.98383448534116,-97.02063825506313,-96.77466795058746,-97.049416,-96.2963258283642
scene_0000,41.935483870967744,100.0,0,-97.16214132807069,-97.19720757320515,-96.92403289895181,-97.198395,-96.56177304622517
scene_0000,48.38709677419354,100.0,0,-97.34966110966,-97.38288052929354,-97.0816008493518,-97.3488,-96.88029662245363
scene_0000,54.83870967741933,100.0,0,-97.54609134781923,-97.57735379387188,-97.24689287401984,-97.499985,-97.23234133631819
scene_0000,61.29032258064515,100.0,0,-97.75111940488274,-97.78031291529766,-97.41944080164313,-97.65092,-97.59243659671586
scene_0000,67.74193548387095,100.0,0,-97.96441964157094,-97.99142967373893,-97.59878491506483,-97.80044,-97.92697128995255
scene_0000,74.19354838709677,100.0,1,-98.18565012117182,-98.21035899615934,-97.7844715510801,-98.44237,-98.44236543016976
scene_0000,80.64516129032256,100.0,0,-98.4144489203424,-98.43673548965162,-97.97605063968915,-98.09004,-98.1613399314921
scene_0000,87.09677419354838,100.0,0,-98.65043009706775,-98.67016964566851,-98.17307321797398,-98.227585,-98.04844536535248
scene_0000,93.54838709677418,100.0,0,-98.89317936456021,-98.91024376665898,-98.37508895307734,-98.3588,-97.8699563723557
scene_0000,100.0,100.0,0,-99.1422495229675,-99.1565076701772,-98.58164370948262,-98.48279,-97.64451478426525
scene_0004,-100.0,-100.0,0,-97.67022145505467,-97.7783975775759,-97.58328941670491,-97.5245,-97.24094170727591
scene_0004,-93.54838709677419,-100.0,0,-97.57101175501299,-97.67205253126356,-97.58250208188625,-97.47972,-97.31626207852716
scene_0004,-87.09677419354838,-100.0,0,-97.46469287131552,-97.55732448226169,-97.56610121781436,-97.419136,-97.33074832544415
scene_0004,-80.64516129032259,-100.0,1,-97.35227860163968,-97.43554294215527,-97.53049073860397,-97.78256,-97.78256030638323
scene_0004,-74.19354838709677,-100.0,0,-97.23523294727352,-97.30851264861344,-97.47334995410051,-97.246475,-97.18773908444672
scene_0004,-67.74193548387098,-100.0,0,-97.1153453194219,-97.17835932879015,-97.39383408347344,-97.13867,-96.90539462754549
scene_0004,-61.29032258064517,-100.0,0,-96.99462741996037,-97.04740167804927,-97.2926644504486,-97.02203,-96.62279443554972
scene_0004,-54.83870967741936,-100.0,0,-96.87522823439997,-96.91804850431282,-97.1720672787389,-96.90085,-96.38635401456193
scene_0004,-48.38709677419355,-100.0,0,-96.75936225278966,-96.79271700708888,-97.03555747364818,-96.77872,-96.19968871904939
scene_0004,-41.935483870967744,-100.0,0,-96.64924702416837,-96.67376778386685,-96.88760341874675,-96.658745,-96.05852958622114
scene_0004,-35.483870967741936,-100.0,0,-96.54704808586403,-96.56345317784202,-96.73323430709858,-96.543594,-95.9767780920734
scene_0004,-29.032258064516128,-100.0,1,-96.45483109404823,-96.46387692924185,-96.57765529778172,-95.941536,-95.94153125839007
scene_0004,-22.580645161290334,-100.0,0,-96.37452203168289,-96.37696411591256,-96.42592110424744,-96.33775,-96.0682882542834
scene_0004,-16.129032258064527,-100.0,0,-96.30787658169513,-96.3044408445297,-96.28269517854763,-96.252045,-96.19610516835841
scene_0004,-9.677419354838719,-100.0,1,-96.25645933314496,-96.24782315267856,-96.15209920993246,-96.37427,-96.37426231779014
scene_0004,-3.225806451612911,-100.0,0,-96.22163275604862,-96.20841430421407,-96.03764198074161,-96.12663,-96.20893012241967
scene_0004,3.225806451612897,-100.0,0,-96.20455512564652,-96.18730931004343,-95.94220897608709,-96.090706,-96.12358440587352
scene_0004,9.677419354838705,-100.0,0,-96.20618598820938,-96.18540522749831,-95.86809288963757,-96.0744,-96.09530014337815
scene_0004,16.129032258064512,-100.0,1,-96.22729741766273,-96.20341565217687,-95.81704771770688,-96.31514,-96.31513483592013
scene_0004,22.58064516129032,-100.0,0,-96.26848921149991,-96.24188782399753,-95.79035321744797,-96.10419,-96.01137009248446
scene_0004,29.032258064516128,-100.0,0,-96.33020626413622,-96.30122089502302,-95.78888063963942,-96.1519,-95.90261217474621
scene_0004,35.48387096774192,-100.0,0,-96.41275656802989,-96.38168410680265,-95.81315409853491,-96.22278,-95.84035254965951
scene_0004,41.935483870967744,-100.0,0,-96.51632856356517,-96.48343385672646,-95.86340449292003,-96.31791,-95.85385941616964
scene_0004,48.38709677419354,-100.0,0,-96.6410068378058,-96.60652886193273,-95.93961460642109,-96.4384,-95.95342912551358
scene_0004,54.83870967741933,-100.0,0,-96.78678542616152,-96.75094283239318,-96.04155506634449,-96.58511,-96.13895658319615
scene_0004,61.29032258064515,-100.0,0,-96.95357818071344,-96.91657422867527,-96.16881142120407,-96.758286,-96.39868199752391
scene_0004,67.74193548387095,-100.0,0,-97.14122582652752,-97.10325279923039,-96.32080287446074,-96.956985,-96.7101049584183
scene_0004,74.19354838709677,-100.0,1,-97.34949943245509,-97.31074266705369,-96.49679331500218,-97.16697,-97.16696877960649
scene_0004,80.64516129032256,-100.0,0,-97.5781000802899,-97.53874177004043,-96.69589530768374,-97.41652,-97.29865121329516
scene_0004,87.09677419354838,-100.0,0,-97.82665453340513,-97.78687745961062,-96.91706771699148,-97.66323,-97.5607634799214
scene_0004,93.54838709677418,-100.0,0,-98.09470669322928,-98.05469803655282,-97.15910768234608,-97.90785,-97.78663068265357
scene_0004,100.0,-100.0,1,-98.38170460179255,-98.34165996234967,-97.42063778203656,-98.10567,-98.10566596269828
scene_0004,-100.0,-93.54838709677419,1,-97.2998192913616,-97.40967255879417,-97.25582568101885,-97.55584,-97.55583654526104
scene_0004,-93.54838709677419,-93.54838709677419,0,-97.17329551344943,-97.27526557428416,-97.22197925127917,-97.26637,-97.35386372243664
scene_0004,-87.09677419354838,-93.54838709677419,1,-97.0426703470825,-97.13563562819759,-97.17232922655069,-96.67847,-96.67847083273428
scene_0004,-80.64516129032259,-93.54838709677419,0,-96.90917031411468,-96.9923739188396,-97.10406110409515,-97.07384,-97.12782369904646
scene_0004,-74.19354838709677,-93.54838709677419,0,-96.77425908633762,-96.84730757777098,-97.01560960806529,-96.95434,-96.98463055486938
scene_0004,-67.74193548387098,-93.54838709677419,0,-96.6395825800128,-96.70241729389866,-96.90687453610812,-96.824875,-96.74501523859014
scene_0004,-61.29032258064517,-93.54838709677419,0,-96.50693073087977,-96.55977876474331,-96.77928965375501,-96.69046,-96.4999483147997
scene_0004,-54.83870967741936,-93.54838709677419,0,-96.37820324309439,-96.4215163987865,-96.63570952186288,-96.555435,-96.29845172616999
scene_0004,-48.38709677419355,-93.54838709677419,0,-96.25537120375736,-96.28976094402525,-96.48013218077972,-96.42319,-96.13262868836941
scene_0004,-41.935483870967744,-93.54838709677419,0,-96.14043189126575,-96.16660713287317,-96.31731762727875,-96.2964,-95.98608502307667
scene_0004,-35.483870967741936,-93.54838709677419,1,-96.0353585679225,-96.05407127572872,-96.15237857368686,-95.895424,-95.89542621155873
scene_0004,-29.032258064516128,-93.54838709677419,0,-95.94204962957868,-95.95405111413169,-95.9904106655005,-96.068405,-95.86423709515911
scene_0004,-22.580645161290334,-93.54838709677419,0,-95.86228211893715,-95.86829103370295,-95.83620443618913,-95.971436,-95.91933114023081
scene_0004,-16.129032258064527,-93.54838709677419,0,-95.79767377378731,-95.79835530123975,-95.69405369651133,-95.88858,-96.00471873064308
scene_0004,-9.677419354838719,-93.54838709677419,1,-95.74965616390534,-95.74561087954544,-95.56765381020307,-96.17256,-96.17256138896809
scene_0004,-3.225806451612911,-93.54838709677419,0,-95.71945969829684,-95.71122009526272,-95.46007156112762,-95.77286,-95.92885722022166
scene_0004,3.225806451612897,-93.54838709677419,0,-95.70810978493157,-95.6961423371566,-95.37376488622994,-95.743065,-95.81743690586418
scene_0004,9.677419354838705,-93.54838709677419,1,-95.71643239923013,-95.70114321295462,-95.31063264313599,-95.64508,-95.64508364943879
scene_0004,16.129032258064512,-93.54838709677419,0,-95.74506678735959,-95.72680921724623,-95.27207888796097,-95.744995,-95.7821110606349
scene_0004,22.58064516129032,-93.54838709677419,0,-95.79448291104077,-95.77356590039653,-95.25908084314608,-95.778366,-95.74646251842664
scene_0004,29.032258064516128,-93.54838709677419,0,-95.8650014056044,-95.8416976835271,-95.27225378176865,-95.83449,-95.69416461983732
scene_0004,35.48387096774192,-93.54838709677419,0,-95.9568141484754,-95.9313677421401,-95.31190908290105,-95.914375,-95.68533537270841
scene_0004,41.935483870967744,-93.54838709677419,0,-96.07000392197385,-96.04263670371907,-95.37810375104209,-96.019165,-95.7434386354021
scene_0004,48.38709677419354,-93.54838709677419,0,-96.2045620340867,-96.17547921893019,-95.47068093419257,-96.14993,-95.87206308733938
scene_0004,54.83870967741933,-93.54838709677419,0,-96.36040309340999,-96.32979773967386,-95.58930164564845,-96.30749,-96.06976511954176
scene_0004,61.29032258064515,-93.54838709677419,0,-96.53737640065927,-96.50543305461048,-95.7334681928517,-96.49196,-96.32059405235137
scene_0004,67.74193548387095,-93.54838709677419,0,-96.73527361400261,-96.70217128955882,-95.90253989612953,-96.70221,-96.60718246572037
scene_0004,74.19354838709677,-93.54838709677419,0,-96.95383247237464,-96.91974717882225,-96.09574165094318,-96.93513,-96.90120782295298
scene_0004,80.64516129032256,-93.54838709677419,0,-97.19273642782697,-97.15784346031808,-96.31216582548554,-97.18483,-97.18877366316987
scene_0004,87.09677419354838,-93.54838709677419,0,-97.451610054984,-97.416086250646,-96.55076794383015,-97.44255,-97.49327551932015
scene_0004,93.54838709677418,-93.54838709677419,0,-97.73001008443717,-97.69403622562423,-96.81035662184502,-97.69751,-97.75707635837536
scene_0004,100.0,-93.54838709677419,0,-98.0274118606562,-97.99117537872924,-97.08957832983214,-97.93888,-97.84550521601324
scene_0004,-100.0,-87.09677419354838,0,-96.95874909420479,-97.06718848518096,-96.95266050739916,-97.11966,-97.27088844398696
scene_0004,-93.54838709677419,-87.09677419354838,1,-96.80810269797057,-96.90805792411537,-96.887645309298,-97.57971,-97.57971081974986
scene_0004,-87.09677419354838,-87.09677419354838,0,-96.656268537513,-96.74686762367072,-96.80663818674282,-96.902145,-97.01646054006885
scene_0004,-80.64516129032259,-87.09677419354838,0,-96.50435047945423,-96.58511235579837,-96.7072444445175,-96.766624,-96.81810361576385
scene_0004,-74.19354838709677,-87.09677419354838,0,-96.35359294132516,-96.42439825212162,-96.58849534009411,-96.61873,-96.6421019458928
scene_0004,-67.74193548387098,-87.09677419354838,0,-96.20539924259066,-96.26643824650398,-96.45105512452884,-96.46461,-96.43662396302693
scene_0004,-61.29032258064517,-87.09677419354838,1,-96.06134278915,-96.11304900286065,-96.2972014826042,-96.200134,-96.20013211588008
scene_0004,-54.83870967741936,-87.09677419354838,0,-95.92315730360059,-95.9661357079838,-96.13058426499884,-96.159256,-96.06331992314573
scene_0004,-48.38709677419355,-87.09677419354838,1,-95.79270213188579,-95.82765979261197,-95.95582885323664,-96.02872,-96.02872357177336
scene_0004,-41.935483870967744,-87.09677419354838,0,-95.67190670968856,-95.69959183611245,-95.77807948743566,-95.88106,-95.76840227936744
scene_0004,-35.483870967741936,-87.09677419354838,0,-95.5627030813771,-95.58385626761721,-95.6025710540388,-95.75779,-95.66074375824445
scene_0004,-29.032258064516128,-87.09677419354838,0,-95.46695674030289,-95.48227585158989,-95.43428780849516,-95.64746,-95.61224094622204
scene_0004,-22.580645161290334,-87.09677419354838,0,-95.38640474855372,-95.39652300730708,-95.27773198342871,-95.55174,-95.61101535686976
scene_0004,-16.129032258064527,-87.09677419354838,0,-95.32260726699349,-95.32808276954376,-95.13679717936463,-95.47226,-95.61690178852905
scene_0004,-9.677419354838719,-87.09677419354838,0,-95.27691540983041,-95.27822960538678,-95.01472570262783,-95.41048,-95.57096032641346
scene_0004,-3.225806451612911,-87.09677419354838,1,-95.25045553363219,-95.2480180300811,-94.91412423797343,-95.38208,-95.38208165650866
scene_0004,3.225806451612897,-87.09677419354838,0,-95.24412807777651,-95.23828534680646,-94.83701444256891,-95.34492,-95.37979569541483
scene_0004,9.677419354838705,-87.09677419354838,0,-95.25861795725179,-95.24966392986961,-94.7849003366852,-95.343056,-95.35679825646903
scene_0004,16.129032258064512,-87.09677419354838,0,-95.29441313031197,-95.28260016827508,-94.75884010517534,-95.362854,-95.36916594317161
scene_0004,22.58064516129032,-87.09677419354838,1,-95.35182810148349,-95.33737730894035,-94.75951477903286,-95.32383,-95.3238305307587
scene_0004,29.032258064516128,-87.09677419354838,0,-95.43102955606321,-95.41413980804336,-94.78728982087112,-95.47077,-95.3716505899491
scene_0004,35.48387096774192,-87.09677419354838,0,-95.53206188181039,-95.51291727247411,-94.84226796611017,-95.5609,-95.43138274650022
scene_0004,41.935483870967744,-87.09677419354838,0,-95.65487089955953,-95.63364655337806,-94.92433303693704,-95.676636,-95.5563960144288
scene_0004,48.38709677419354,-87.09677419354838,1,-95.79932462930128,-95.77619098300916,-95.03318513700106,-95.62791,-95.62790800031854
scene_0004,54.83870967741933,-87.09677419354838,0,-95.96523033094235,-95.94035609747762,-95.16836789425909,-95.988846,-95.92595925415323
scene_0004,61.29032258064515,-87.09677419354838,0,-96.152347371892,-96.12590145397857,-95.32928842822857,-96.186066,-96.14431703770421
scene_0004,67.74193548387095,-87.09677419354838,0,-96.36039569222545,-96.33254833539132,-95.51523060161156,-96.40937,-96.38661056750524
scene_0004,74.19354838709677,-87.09677419354838,0,-96.58905977369466,-96.55998324667024,-95.72536195857816,-96.65539,-96.64738604397407
scene_0004,80.64516129032256,-87.09677419354838,1,-96.83798808447523,-96.8078571570601,-95.95873460851648,-96.8367,-96.83670400477584
scene_0004,87.09677419354838,-87.09677419354838,0,-97.10678798046159,-97.07578044101909,-96.21428022290587,-97.1881,-97.2754095883048
scene_0004,93.54838709677418,-87.09677419354838,0,-97.3950160091932,-97.36331343004602,-96.49079930299243,-97.45468,-97.56842665538807
scene_0004,100.0,-87.09677419354838,0,-97.70216349766459,-97.6699524192913,-96.78694497229829,-97.706696,-97.68647253545399
scene_0004,-100.0,-80.64516129032259,0,-96.65079669219564,-96.75514808270748,-96.67923420558175,-96.87935,-96.92783513126341
scene_0004,-93.54838709677419,-80.64516129032259,0,-96.47862494621373,-96.5742115440651,-96.58365058720628,-96.748344,-96.88902831126202
scene_0004,-87.09677419354838,-80.64516129032259,0,-96.30755326087385,-96.39382806210925,-96.47096527520098,-96.59607,-96.68156069549048
scene_0004,-80.64516129032259,-80.64516129032259,0,-96.13837325165953,-96.2151791266576,-96.33931422560543,-96.426865,-96.45024431946877
scene_0004,-74.19354838709677,-80.64516129032259,0,-95.97205817046341,-96.03957149219968,-96.18865503846281,-96.24777,-96.2465320935302
scene_0004,-67.74193548387098,-80.64516129032259,0,-95.80983203678578,-95.86848938615844,-96.02082350732196,-96.06653,-96.05199358436545
scene_0004,-61.29032258064517,-80.64516129032259,0,-95.65319651140173,-95.7036142034836,-95.83929428423362,-95.88973,-95.8653957356885
scene_0004,-54.83870967741936,-80.64516129032259,0,-95.50390895318887,-95.54680457767162,-95.6487311953663,-95.721825,-95.69106419183682
scene_0004,-48.38709677419355,-80.64516129032259,0,-95.36391823293107,-95.40004164688456,-95.45445311228521,-95.565575,-95.52828175981473
scene_0004,-41.935483870967744,-80.64516129032259,0,-95.23527313948537,-95.26535177229837,-95.26193144397752,-95.42281,-95.39955829070153
scene_0004,-35.483870967741936,-80.64516129032259,0,-95.12002095810479,-95.14472147320411,-95.0763938532534,-95.29499,-95.31080129210893
scene_0004,-29.032258064516128,-80.64516129032259,0,-95.02011198244718,-95.04001786082135,-94.90256116765222,-95.18342,-95.24595041947867
scene_0004,-22.580645161290334,-80.64516129032259,1,-94.93732117768083,-94.95292402087213,-94.7445084360632,-95.189705,-95.18970097211216
scene_0004,-16.129032258064527,-80.64516129032259,0,-94.87319285566714,-94.88489426543885,-94.60562237039014,-95.013725,-95.12238209555606
scene_0004,-9.677419354838719,-80.64516129032259,0,-94.82900947846362,-94.83713015587878,-94.48862311087404,-94.95764,-95.02639267142222
scene_0004,-3.225806451612911,-80.64516129032259,0,-94.80578230631609,-94.8105753087745,-94.39562240853137,-94.92184,-94.93294627767752
scene_0004,3.225806451612897,-80.64516129032259,0,-94.80425968447234,-94.8059253516866,-94.3281976607051,-94.907,-94.88968364685157
scene_0004,9.677419354838705,-80.64516129032259,0,-94.82494808072994,-94.82364879935608,-94.28746850771299,-94.91377,-94.8985324160804
scene_0004,16.129032258064512,-80.64516129032259,1,-94.86814115747215,-94.86401475450478,-94.2741684694956,-94.993904,-94.99390315626131
scene_0004,22.58064516129032,-80.64516129032259,0,-94.93395281255926,-94.92712388611828,-94.2887080909231,-94.99503,-94.93558271568614
scene_0004,29.032258064516128,-80.64516129032259,0,-95.02235096276576,-95.01293985639093,-94.33122852949697,-95.0713,-94.97412929429541
scene_0004,35.48387096774192,-80.64516129032259,0,-95.1331896835498,-95.12131909361261,-94.40164586773787,-95.17277,-95.08620518825455
scene_0004,41.935483870967744,-80.64516129032259,0,-95.26623805875317,-95.25203745296325,-94.49968704120207,-95.30061,-95.28181831740774
scene_0004,48.38709677419354,-80.64516129032259,1,-95.42120469319363,-95.40481283298554,-94.62491842823931,-95.707306,-95.70730265583735
scene_0004,54.83870967741933,-80.64516129032259,0,-95.59775729623694,-95.57932321654218,-94.77676804636084,-95.63922,-95.7017356862728
scene_0004,61.29032258064515,-80.64516129032259,0,-95.7955370693372,-95.77521989156209,-94.95454207112309,-95.85049,-95.88937556415974
scene_0004,67.74193548387095,-80.64516129032259,0,-96.01416784542539,-95.99213579518354,-95.15743611955124,-96.08815,-96.10494206331651
scene_0004,74.19354838709677,-80.64516129032259,0,-96.25326005300968,-96.22968903194392,-95.3845414757339,-96.34857,-96.35557282507749
scene_0004,80.64516129032256,-80.64516129032259,0,-96.51240963046361,-96.48748165762808,-95.63484621911714,-96.625305,-96.65465337423933
scene_0004,87.09677419354838,-80.64516129032259,0,-96.79119201086999,-96.76509380824831,-95.90723107481739,-96.909,-97.00249896640557
scene_0004,93.54838709677418,-80.64516129032259,0,-97.08915124777057,-97.06207319994263,-96.20045976422901,-97.18831,-97.31923703364119
scene_0004,100.0,-80.64516129032259,0,-97.40578426972355,-97.3779199417436,-96.51316371645613,-97.45197,-97.47474169379399
scene_0004,-100.0,-74.19354838709677,1,-96.37784456017297,-96.47607931006341,-96.43649594995232,-96.47853,-96.47852986097064
scene_0004,-93.54838709677419,-74.19354838709677,0,-96.18529747611757,-96.2749442639158,-96.30789982640928,-96.459114,-96.38247499960231
scene_0004,-87.09677419354838,-74.19354838709677,0,-95.9951392006981,-96.07602236602368,-96.16016592796642,-96.270874,-96.20971643746458
scene_0004,-80.64516129032259,-74.19354838709677,0,-95.80784653791348,-95.88015013715422,-95.99265227134138,-96.06594,-96.01095713554952
scene_0004,-74.19354838709677,-74.19354838709677,0,-95.62425034777593,-95.6884362142435,-95.8069401689992,-95.853745,-95.81728974762454
scene_0004,-67.74193548387098,-74.19354838709677,0,-95.44561276172257,-95.50232901137507,-95.60654685955683,-95.64383,-95.627872588836
scene_0004,-61.29032258064517,-74.19354838709677,1,-95.27362352985173,-95.32361450234889,-95.39637108945671,-95.44443,-95.44442706043523
scene_0004,-54.83870967741936,-74.19354838709677,1,-95.11032430388522,-95.15435133289016,-95.18204547601982,-95.33883,-95.33883233327293
scene_0004,-48.38709677419355,-74.19354838709677,1,-94.95798349193528,-94.99676290784542,-94.96934657161275,-94.980606,-94.98060598638544
scene_0004,-41.935483870967744,-74.19354838709677,1,-94.81894963363936,-94.85311080528396,-94.7637504403005,-94.9548,-94.95480942726593
scene_0004,-35.483870967741936,-74.19354838709677,0,-94.6955089900132,-94.72557190114372,-94.57015631612447,-94.80462,-94.90190225449476
scene_0004,-29.032258064516128,-74.19354838709677,0,-94.58976600065925,-94.61613546984933,-94.39275666711752,-94.69207,-94.81971829843246
scene_0004,-22.580645161290334,-74.19354838709677,0,-94.50355663791464,-94.52652905245588,-94.23501307266011,-94.60003,-94.71533437957787
scene_0004,-16.129032258064527,-74.19354838709677,0,-94.43839698024418,-94.4581751945543,-94.09969683614433,-94.52901,-94.5937729504419
scene_0004,-9.677419354838719,-74.19354838709677,0,-94.39546384391706,-94.41217636891595,-93.98896183625696,-94.47937,-94.46164443745079
scene_0004,-3.225806451612911,-74.19354838709677,0,-94.37560128677003,-94.38932272021566,-93.9044277747383,-94.45138,-94.38768690323052
scene_0004,3.225806451612897,-74.19354838709677,0,-94.37934579912744,-94.39011634423292,-93.84726109273012,-94.44533,-94.3806972684324
scene_0004,9.677419354838705,-74.19354838709677,0,-94.40696334711947,-94.41480607098364,-93.81824729883112,-94.461624,-94.4087123282076
scene_0004,16.129032258064512,-74.19354838709677,0,-94.45849249295122,-94.4634276145712,-93.8178524855731,-94.50087,-94.44084629444716
scene_0004,22.58064516129032,-74.19354838709677,0,-94.53378911213133,-94.53584507259546,-93.84627405278843,-94.563866,-94.46551808329751
scene_0004,29.032258064516128,-74.19354838709677,0,-94.63256947175546,-94.63179085044098,-93.90348174280919,-94.65166,-94.5199961479669
scene_0004,35.48387096774192,-74.19354838709677,0,-94.75444948833623,-94.7509020236764,-93.9892504951383,-94.765434,-94.6555349200611
scene_0004,41.935483870967744,-74.19354838709677,0,-94.8989788083162,-94.89275189378466,-94.1031866469643,-94.90637,-94.88659951855723
scene_0004,48.38709677419354,-74.19354838709677,0,-95.06566896282122,-95.05687604520725,-94.24474881443192,-95.0755,-95.14458343087324
scene_0004,54.83870967741933,-74.19354838709677,0,-95.2540152760924,-95.24279260305991,-94.41326448574222,-95.27339,-95.35994667760897
scene_0004,61.29032258064515,-74.19354838709677,0,-95.46351249368183,-95.45001665342474,-94.60794299943441,-95.499725,-95.55795204342475
scene_0004,67.74193548387095,-74.19354838709677,0,-95.69366427577029,-95.67806895091101,-94.82788521066408,-95.75276,-95.77939864455553
scene_0004,74.19354838709677,-74.19354838709677,0,-95.94398679847485,-95.92647912386863,-95.0720897992112,-96.02858,-96.03903395912198
scene_0004,80.64516129032256,-74.19354838709677,0,-96.21400673968398,-96.19478361265637,-95.33945587710949,-96.320404,-96.34252762848729
scene_0004,87.09677419354838,-74.19354838709677,0,-96.50325390816388,-96.4825185524768,-95.62878134164093,-96.618546,-96.68824430955482
scene_0004,93.54838709677418,-74.19354838709677,0,-96.81124871488264,-96.78920774877344,-95.93875632042366,-96.911385,-97.01964605055743
scene_0004,100.0,-74.19354838709677,1,-97.13748459291148,-97.11434579905873,-96.26795109823868,-97.37714,-97.37713927903825
scene_0004,-100.0,-67.74193548387098,0,-96.13882977769288,-96.22969367578307,-96.21884726224715,-96.36282,-96.01509195328478
scene_0004,-93.54838709677419,-67.74193548387098,1,-95.92498811960597,-96.00798458978211,-96.05184159067107,-95.85747,-95.85746696513846
scene_0004,-87.09677419354838,-67.74193548387098,0,-95.71367630962781,-95.78901328245192,-95.86391756814402,-95.93812,-95.72855601443484
scene_0004,-80.64516129032259,-67.74193548387098,0,-95.50525695027619,-95.57344076851054,-95.65663695947967,-95.69655,-95.56454132675908
scene_0004,-74.19354838709677,-67.74193548387098,0,-95.30072011547813,-95.36245054685743,-95.43381224812177,-95.45043,-95.3887023194655
scene_0004,-67.74193548387098,-67.74193548387098,0,-95.10170938847601,-95.157775028959,-95.20077988966626,-95.21117,-95.19917630433802
scene_0004,-61.29032258064517,-67.74193548387098,0,-94.91043367188402,-94.96161984710967,-94.9635985268,-94.98703,-94.99283913593598
scene_0004,-54.83870967741936,-67.74193548387098,0,-94.72949739482438,-94.77651512590842,-94.72836541681998,-94.78272,-94.77317791785771
scene_0004,-48.38709677419355,-67.74193548387098,1,-94.56169187114858,-94.60513173506723,-94.50074400478132,-94.413795,-94.41379334461311
scene_0004,-41.935483870967744,-67.74193548387098,0,-94.4097882290072,-94.45009841820648,-94.28570623668418,-94.4406,-94.54516820235898
scene_0004,-35.483870967741936,-67.74193548387098,0,-94.27636162885378,-94.3138462591543,-94.08744256920544,-94.30406,-94.50699929113918
scene_0004,-29.032258064516128,-67.74193548387098,0,-94.16366279208941,-94.1984949130817,-93.90937911416293,-94.19106,-94.3794681415726
scene_0004,-22.580645161290334,-67.74193548387098,0,-94.07354056007323,-94.10578418421625,-93.75425007657651,-94.10173,-94.21557878308877
scene_0004,-16.129032258064527,-67.74193548387098,1,-94.00741060426142,-94.03704687927119,-93.62419002100489,-94.269424,-94.26942708896567
scene_0004,-9.677419354838719,-67.74193548387098,1,-93.96626088590452,-93.99321475511805,-93.52082572581935,-93.78859,-93.78858404752876
scene_0004,-3.225806451612911,-67.74193548387098,0,-93.95068321152112,-93.97484814306722,-93.44535817249819,-93.97427,-93.86720698920365
scene_0004,3.225806451612897,-67.74193548387098,0,-93.96092104779895,-93.98218044868047,-93.39863156162907,-93.97783,-93.88859582928654
scene_0004,9.677419354838705,-67.74193548387098,0,-93.99692556379266,-94.01517025743948,-93.38118940242927,-94.00447,-93.92224136335784
scene_0004,16.129032258064512,-67.74193548387098,0,-94.05841390268391,-94.07355555460376,-93.39331902401861,-94.05467,-93.95431882447618
scene_0004,22.58064516129032,-67.74193548387098,0,-94.1449255264009,-94.15690620759798,-93.43508626502376,-94.12927,-93.9893030898092
scene_0004,29.032258064516128,-67.74193548387098,0,-94.25587395077136,-94.26467219472386,-93.50636215120593,-94.22937,-94.05655742691339
scene_0004,35.48387096774192,-67.74193548387098,1,-94.39059227615448,-94.39622606498264,-93.60684329895221,-94.104294,-94.10429081777757
scene_0004,41.935483870967744,-67.74193548387098,0,-94.54837167299374,-94.55089881985003,-93.73606764631964,-94.51102,-94.44612767615612
scene_0004,48.38709677419354,-67.74193548387098,0,-94.72849248182307,-94.72800888307984,-93.89342690747141,-94.69476,-94.71507202357034
scene_0004,54.83870967741933,-67.74193548387098,0,-94.93024790756338,-94.92688413252425,-94.07817685811933,-94.90794,-94.95415005538786
scene_0004,61.29032258064515,-67.74193548387098,0,-95.15296048736836,-95.14687715994657,-94.2894461928526,-95.15008,-95.17830032878553
scene_0004,67.74193548387095,-67.74193548387098,0,-95.395991630415,-95.387374037265,-94.52624427363199,-95.41919,-95.42260759333045
scene_0004,74.19354838709677,-67.74193548387098,1,-95.6587445912713,-95.64779692331804,-94.78746765002471,-95.74092,-95.7409233636669
scene_0004,80.64516129032256,-67.74193548387098,0,-95.94066125832866,-95.92760085663807,-95.07190482080325,-96.01857,-95.99756153288874
scene_0004,87.09677419354838,-67.74193548387098,0,-96.24121312050426,-96.22626505307667,-95.37823836982281,-96.331726,-96.33073770408112
scene_0004,93.54838709677418,-67.74193548387098,0,-96.55988672137666,-96.54327896604897,-95.70504339190384,-96.63858,-96.65908153491375
scene_0004,100.0,-67.74193548387098,0,-96.89616382325744,-96.87812327583381,-96.05078106967707,-96.92742,-96.8670708451671
scene_0004,-100.0,-61.29032258064517,0,-95.92918129877782,-96.01220647126675,-96.01565237543679,-96.104065,-95.69697320566867
scene_0004,-93.54838709677419,-61.29032258064517,1,-95.69079051963163,-95.7672338438067,-95.80420319059047,-95.36023,-95.36023380263129
scene_0004,-87.09677419354838,-61.29032258064517,0,-95.45404990880245,-95.5244734077955,-95.57225456369748,-95.607796,-95.34590972376154
scene_0004,-80.64516129032259,-61.29032258064517,0,-95.21960436984492,-95.28477400074922,-95.32419012246919,-95.329605,-95.18013966372267
scene_0004,-74.19354838709677,-61.29032258064517,0,-94.98904327300606,-95.04980674683692,-95.06598028533074,-95.04965,-95.0016362945633
scene_0004,-67.74193548387098,-61.29032258064517,0,-94.76480358950754,-94.8219824491263,-94.80418105929944,-94.78115,-94.80497509626485
scene_0004,-61.29032258064517,-61.29032258064517,0,-94.54994383019928,-94.60425138419167,-94.54516036361808,-94.533356,-94.5907995979866
scene_0004,-54.83870967741936,-61.29032258064517,0,-94.347852484889,-94.39984284000978,-94.29463462651614,-94.311035,-94.37968038343557
scene_0004,-48.38709677419355,-61.29032258064517,0,-94.16195330930418,-94.21200045960722,-94.05747761104017,-94.11592,-94.23086107566378
scene_0004,-41.935483870967744,-61.29032258064517,0,-93.99545382874224,-94.04375528921906,-93.83771129166593,-93.94837,-94.18255763272428
scene_0004,-35.483870967741936,-61.29032258064517,1,-93.85116184355465,-93.89775930120629,-93.63858982423974,-94.33908,-94.33908892204242
scene_0004,-29.032258064516128,-61.29032258064517,1,-93.73137525189773,-93.77618479798393,-93.4627136334509,-93.90216,-93.90215752058606
scene_0004,-22.580645161290334,-61.29032258064517,1,-93.6378372199181,-93.68068309265689,-93.31213941240067,-93.59913,-93.59912670474138
scene_0004,-16.129032258064527,-61.29032258064517,1,-93.57174218658278,-93.61238976805384,-93.18847295783387,-93.47035,-93.47035753776186
scene_0004,-9.677419354838719,-61.29032258064517,1,-93.53377687094891,-93.57196238040218,-93.09294341062149,-93.25853,-93.25853391621665
scene_0004,-3.225806451612911,-61.29032258064517,1,-93.52418223562631,-93.5596378758004,-93.02646191844387,-93.49168,-93.49167760987046
scene_0004,3.225806451612897,-61.29032258064517,0,-93.54282544242224,-93.5752996359054,-92.98966818222516,-93.52017,-93.44299466356026
scene_0004,9.677419354838705,-61.29032258064517,0,-93.58927403293106,-93.61854689864346,-92.98296732190146,-93.55794,-93.46742807667101
scene_0004,16.129032258064512,-61.29032258064517,0,-93.66286728029259,-93.68876175140414,-93.00655845348598,-93.61986,-93.49850349624512
scene_0004,22.58064516129032,-61.29032258064517,0,-93.76278169599651,-93.78517077049256,-93.06045585388019,-93.7068,-93.54748045104952
scene_0004,29.032258064516128,-61.29032258064517,0,-93.88808907081798,-93.90689969186967,-93.14450359535306,-93.81988,-93.64177996328434
scene_0004,35.48387096774192,-61.29032258064517,0,-94.03780631112168,-94.0530203477862,-93.25838481879052,-93.960434,-93.81371009610348
scene_0004,41.935483870967744,-61.29032258064517,0,-94.21093684954056,-94.22258961835547,-93.40162712297945,-94.12971,-94.06195014423798
scene_0004,48.38709677419354,-61.29032258064517,0,-94.40650369296424,-94.41468044062007,-93.57360569540151,-94.32868,-94.3267622211967
scene_0004,54.83870967741933,-61.29032258064517,0,-94.6235743197123,-94.62840507829613,-93.77354572039067,-94.55772,-94.56760215721245
scene_0004,61.29032258064515,-61.29032258064517,0,-94.86127771782071,-94.8629309430321,-94.00052527942422,-94.81618,-94.80483217390791
scene_0004,67.74193548387095,-61.29032258064517,0,-95.11881390552156,-95.11748930799459,-94.2534794634447,-95.10184,-95.0738405441461
scene_0004,74.19354838709677,-61.29032258064517,1,-95.39545630969194,-95.39137728326322,-94.53120582741421,-95.321884,-95.32187993156236
scene_0004,80.64516129032256,-61.29032258064517,0,-95.69054740024369,-95.68395343348287,-94.83237071341804,-95.73371,-95.6653498619907
scene_0004,87.09677419354838,-61.29032258064517,0,-96.00348798207273,-95.99462740802886,-95.15551542393334,-96.062164,-95.982702759588
scene_0004,93.54838709677418,-61.29032258064517,0,-96.33372052299761,-96.32284391712821,-95.49906080639244,-96.38327,-96.31506800655083
scene_0004,100.0,-61.29032258064517,0,-96.68070684028169,-96.66806132055132,-95.86130857287984,-96.6851,-96.53936393281738
scene_0004,-100.0,-54.83870967741936,1,-95.74095113700449,-95.81633882387906,-95.81617966326431,-95.60878,-95.60877592944888
scene_0004,-93.54838709677419,-54.83870967741936,0,-95.47263525531932,-95.54323080080806,-95.5572501446879,-95.5846,-95.32438833969448
scene_0004,-87.09677419354838,-54.83870967741936,0,-95.20450397284387,-95.27114340998244,-95.28202341133169,-95.28627,-95.0929828027799
scene_0004,-80.64516129032259,-54.83870967741936,0,-94.93803231417444,-95.00163024989662,-94.99729399395207,-94.97207,-94.87335019701672
scene_0004,-74.19354838709677,-54.83870967741936,1,-94.67591014180586,-94.7373329552255,-94.71014866867839,-94.67145,-94.67144503889429
scene_0004,-67.74193548387098,-54.83870967741936,0,-94.42175064840902,-94.48172113244078,-94.4271137179681,-94.361725,-94.45386462793975
scene_0004,-61.29032258064517,-54.83870967741936,0,-94.1796916104799,-94.23873233350665,-94.15375600935926,-94.09088,-94.23495439653642
scene_0004,-54.83870967741936,-54.83870967741936,0,-93.95398414088396,-94.01239803042239,-93.89462567620357,-93.85123,-94.026319414082
scene_0004,-48.38709677419355,-54.83870967741936,0,-93.74864052239248,-93.80652100411085,-93.65338199545693,-93.644165,-93.8735265686893
scene_0004,-41.935483870967744,-54.83870967741936,0,-93.56717903436278,-93.62443953604311,-93.43297341165379,-93.46956,-93.78489397519039
scene_0004,-35.483870967741936,-54.83870967741936,0,-93.41247307911955,-93.46888622744123,-93.23579765762575,-93.32686,-93.68784225856446
scene_0004,-29.032258064516128,-54.83870967741936,0,-93.28669155132488,-93.34193060302424,-93.06381626611177,-93.21535,-93.5182154885038
scene_0004,-22.580645161290334,-54.83870967741936,0,-93.19130809488814,-93.24498579147874,-92.91862724013097,-93.13408,-93.33890895088433
scene_0004,-16.129032258064527,-54.83870967741936,0,-93.12715584613782,-93.1788581754223,-92.80151102563137,-93.08168,-93.20262770425047
scene_0004,-9.677419354838719,-54.83870967741936,1,-93.09450778625796,-93.14382176694538,-92.71346442744631,-93.171616,-93.17161314088136
scene_0004,-3.225806451612911,-54.83870967741936,0,-93.09316795538513,-93.13970354100243,-92.65523140372099,-93.05724,-93.04004774764033
scene_0004,3.225806451612897,-54.83870967741936,1,-93.12256372061826,-93.16597039507289,-92.6273335439423,-93.0307,-93.03070003735273
scene_0004,9.677419354838705,-54.83870967741936,0,-93.18183323910687,-93.22181202473945,-92.63009888647565,-93.13243,-93.0435997637567
scene_0004,16.129032258064512,-54.83870967741936,0,-93.26990504462245,-93.30621661209642,-92.66368610170014,-93.20688,-93.08047528448196
scene_0004,22.58064516129032,-54.83870967741936,0,-93.38556845421878,-93.4180379162658,-92.72810142842344,-93.30689,-93.15118257900951
scene_0004,29.032258064516128,-54.83870967741936,0,-93.52753449092765,-93.55605334319918,-92.82320720055583,-93.43367,-93.28207991409147
scene_0004,35.48387096774192,-54.83870967741936,0,-93.69448749896073,-93.71901307537706,-92.94872249869728,-93.5886,-93.49441172896204
scene_0004,41.935483870967744,-54.83870967741936,0,-93.88512779563051,-93.90568054654588,-93.1042178336539,-93.772964,-93.76137948202808
scene_0004,48.38709677419354,-54.83870967741936,0,-94.09820571103238,-94.11486459097304,-93.28910654144471,-93.98772,-94.02535211451934
scene_0004,54.83870967741933,-54.83870967741936,0,-94.33254731451817,-94.34544357498973,-93.50263570810628,-94.23311,-94.25555181922289
scene_0004,61.29032258064515,-54.83870967741936,1,-94.58707207715955,-94.59638178762845,-93.74387906180941,-94.44901,-94.44901761947384
scene_0004,67.74193548387095,-54.83870967741936,0,-94.86080270092503,-94.86673835469178,-94.01173354480312,-94.810936,-94.79012514350572
scene_0004,74.19354838709677,-54.83870967741936,1,-95.152867363729,-95.15566895300907,-94.3049203826314,-95.14488,-95.14488017672734
scene_0004,80.64516129032256,-54.83870967741936,1,-95.46249467449572,-95.46242063117097,-94.62199054410569,-95.47219,-95.47219089556032
scene_0004,87.09677419354838,-54.83870967741936,1,-95.78900168469698,-95.78632007424784,-94.96133363485298,-95.49003,-95.49002950246816
scene_0004,93.54838709677418,-54.83870967741936,0,-96.13177534107723,-96.12675566574934,-95.32118856306724,-96.155304,-96.09172394892556
scene_0004,100.0,-54.83870967741936,0,-96.49024777082357,-96.48315368670127,-95.6996538183485,-96.4702,-96.31324853699637
scene_0004,-100.0,-48.38709677419355,0,-95.56381703287359,-95.63218755379859,-95.61561599381541,-95.61159,-95.41879408778583
scene_0004,-93.54838709677419,-48.38709677419355,0,-95.25886454755249,-95.32458037429608,-95.31202433667761,-95.309814,-95.19095917995824
scene_0004,-87.09677419354838,-48.38709677419355,0,-94.95276452051348,-95.01680381448777,-95.0001253526732,-94.97593,-94.88672291785905
scene_0004,-80.64516129032259,-48.38709677419355,0,-94.64841663455259,-94.711692946138,-94.68755927490088,-94.62645,-94.5925383272192
scene_0004,-74.19354838709677,-48.38709677419355,0,-94.35004322272901,-94.41329416246525,-94.3808543078546,-94.28069,-94.34276379377188
scene_0004,-67.74193548387098,-48.38709677419355,0,-94.06265869352374,-94.12638216366616,-94.08516367494776,-93.95568,-94.11923141700312
scene_0004,-61.29032258064517,-48.38709677419355,0,-93.79150702413165,-93.85594319687596,-93.80443604052319,-93.66254,-93.89251030151027
scene_0004,-54.83870967741936,-48.38709677419355,1,-93.54157708204353,-93.60672576057921,-93.54175520317882,-93.634735,-93.63474102706019
scene_0004,-48.38709677419355,-48.38709677419355,0,-93.31725399018582,-93.38291377331959,-93.2996587154969,-93.18819,-93.47106931953772
scene_0004,-41.935483870967744,-48.38709677419355,0,-93.12211704557714,-93.18793386432475,-93.08034626330175,-93.00747,-93.3297887818347
scene_0004,-35.483870967741936,-48.38709677419355,0,-92.95886357115977,-93.02437955179734,-92.88576968486005,-92.86312,-93.19871835087315
scene_0004,-29.032258064516128,-48.38709677419355,0,-92.82932486386946,-92.89402220831332,-92.71764100827603,-92.75392,-93.04962614010797
scene_0004,-22.580645161290334,-48.38709677419355,0,-92.73454008620762,-92.79787767685488,-92.57740610423528,-92.67833,-92.9099634478576
scene_0004,-16.129032258064527,-48.38709677419355,1,-92.67486027213099,-92.73630268309894,-92.46622161304211,-93.10833,-93.10833291108216
scene_0004,-9.677419354838719,-48.38709677419355,0,-92.65006281945927,-92.70910246505946,-92.38495472798616,-92.61947,-92.69489815780796
scene_0004,-3.225806451612911,-48.38709677419355,0,-92.65946426342995,-92.71563780958495,-92.33420862273155,-92.63176,-92.62877635344516
scene_0004,3.225806451612897,-48.38709677419355,0,-92.70202475176333,-92.75492492335849,-92.31436539948245,-92.66962,-92.61395845761456
scene_0004,9.677419354838705,-48.38709677419355,0,-92.77644139951349,-92.82572513608861,-92.32563412665795,-92.73241,-92.63763003289338
scene_0004,16.129032258064512,-48.38709677419355,0,-92.88122992915355,-92.92662360071624,-92.36809235986165,-92.82034,-92.69643268990103
scene_0004,22.58064516129032,-48.38709677419355,0,-93.01479512996296,-93.05609729615215,-92.4417133070193,-92.9343,-92.80030653537366
scene_0004,29.032258064516128,-48.38709677419355,1,-93.17549108658628,-93.21257310121214,-92.54637549760604,-92.916245,-92.91624024554727
scene_0004,35.48387096774192,-48.38709677419355,0,-93.36167212620994,-93.3944767684789,-92.6818560164823,-93.24565,-93.22910336126702
scene_0004,41.935483870967744,-48.38709677419355,0,-93.57173522721922,-93.60027348101647,-92.8478112908555,-93.44582,-93.53038783140602
scene_0004,48.38709677419354,-48.38709677419355,0,-93.80415436001473,-93.82850045621986,-93.04375086100927,-93.677,-93.81115633488957
scene_0004,54.83870967741933,-48.38709677419355,1,-94.05750698158705,-94.07779185356715,-93.26900969685025,-94.051605,-94.05161186949442
scene_0004,61.29032258064515,-48.38709677419355,1,-94.33049272960021,-94.34689609387122,-93.52272381830963,-94.174965,-94.17496357641292
scene_0004,67.74193548387095,-48.38709677419355,0,-94.62194427979202,-94.6346856261306,-93.80381265278291,-94.55191,-94.58614491214107
scene_0004,74.19354838709677,-48.38709677419355,1,-94.93083034010787,-94.94015918240709,-94.11097006401798,-95.002716,-95.0027199167074
scene_0004,80.64516129032256,-48.38709677419355,0,-95.25625083651731,-95.26243662404936,-94.44266454719721,-95.25061,-95.29331504638617
scene_0004,87.09677419354838,-48.38709677419355,0,-95.5974244680612,-95.60074657733936,-94.79714782781824,-95.61023,-95.65205731808518
scene_0004,93.54838709677418,-48.38709677419355,1,-95.95366893731473,-95.95440715347651,-95.17247007603555,-96.15491,-96.15491319418732
scene_0004,100.0,-48.38709677419355,0,-96.32437426516219,-96.32280012030117,-95.56649917198402,-96.288315,-96.17538639846634
scene_0004,-100.0,-41.935483870967744,0,-95.38698968325284,-95.44902321953118,-95.41842544847913,-95.37978,-95.29192501783649
scene_0004,-93.54838709677419,-41.935483870967744,1,-95.0386787084657,-95.10030018646121,-95.07888498508851,-95.16264,-95.16263675486137
scene_0004,-87.09677419354838,-41.935483870967744,0,-94.68889178591022,-94.75105599442682,-94.7408743149635,-94.67642,-94.62808045138951
scene_0004,-80.64516129032259,-41.935483870967744,0,-94.34242739119563,-94.40588968995563,-94.41076010812722,-94.29229,-94.27311553559043
scene_0004,-74.19354838709677,-41.935483870967744,0,-94.00524656002011,-94.07048923450961,-94.09295597079745,-93.91466,-93.99658669754334
scene_0004,-67.74193548387098,-41.935483870967744,0,-93.68372078908841,-93.75093491893752,-93.79045008206417,-93.56244,-93.76390771933698
scene_0004,-61.29032258064517,-41.935483870967744,1,-93.38397467160506,-93.45308425364797,-93.50548594561432,-93.60242,-93.60241654561953
scene_0004,-54.83870967741936,-41.935483870967744,0,-93.11141394489536,-93.18212467995582,-93.24010146148407,-92.97575,-93.25856229331265
scene_0004,-48.38709677419355,-41.935483870967744,0,-92.87045618810625,-92.94231320349982,-92.99640247782514,-92.74738,-93.01801838922154
scene_0004,-41.935483870967744,-41.935483870967744,0,-92.66443368925823,-92.73687731829051,-92.77658585356784,-92.56152,-92.83148420001953
scene_0004,-35.483870967741936,-41.935483870967744,0,-92.49561874537663,-92.56803255657823,-92.58280446074272,-92.41662,-92.67766345025387
scene_0004,-29.032258064516128,-41.935483870967744,0,-92.36532242750464,-92.43707155208949,-92.41698311004689,-92.310905,-92.52968576977901
scene_0004,-22.580645161290334,-41.935483870967744,0,-92.2740282714569,-92.34448840839875,-92.28066950156293,-92.2422,-92.38295676868145
scene_0004,-16.129032258064527,-41.935483870967744,1,-92.22153492122602,-92.29011348493472,-92.17496303478002,-91.95018,-91.95017786483463
scene_0004,-9.677419354838719,-41.935483870967744,0,-92.20709257151552,-92.27324372366462,-92.10052634239977,-92.20455,-92.18708250642635
scene_0004,-3.225806451612911,-41.935483870967744,0,-92.2295258837252,-92.29276103400616,-92.05765950163205,-92.22972,-92.16664240593907
scene_0004,3.225806451612897,-41.935483870967744,0,-92.28734103022317,-92.34723605469503,-92.04640632128798,-92.28125,-92.18741289395219
scene_0004,9.677419354838705,-41.935483870967744,0,-92.37881730717851,-92.43501736330174,-92.06666264450065,-92.358185,-92.24529613861688
scene_0004,16.129032258064512,-41.935483870967744,1,-92.50208504437994,-92.55430753085423,-92.11826376343679,-92.3333,-92.33329435646908
scene_0004,22.58064516129032,-41.935483870967744,0,-92.65519189685574,-92.70322784340102,-92.2010378607173,-92.589554,-92.49435682499461
scene_0004,29.032258064516128,-41.935483870967744,0,-92.83615943037125,-92.87987341530845,-92.31482199711657,-92.74629,-92.71056864224852
scene_0004,35.48387096774192,-41.935483870967744,0,-93.0430314780193,-93.0823600578473,-92.45944477141883,-92.932396,-92.9993157140429
scene_0004,41.935483870967744,-41.935483870967744,0,-93.27391521925475,-93.3088638079468,-92.63468456268642,-93.1492,-93.32777197428227
scene_0004,48.38709677419354,-41.935483870967744,1,-93.52701542447603,-93.55765357189328,-92.84021419555651,-93.73421,-93.7342055361149
scene_0004,54.83870967741933,-41.935483870967744,0,-93.80066188624852,-93.8271169632968,-93.07554247643,-93.67769,-93.8753623861393
scene_0004,61.29032258064515,-41.935483870967744,0,-94.09332976330637,-94.1157791519352,-93.33996114732784,-93.988205,-94.11915659621783
scene_0004,67.74193548387095,-41.935483870967744,0,-94.40365241393289,-94.42231440610408,-93.63250322261024,-94.32617,-94.43136579394177
scene_0004,74.19354838709677,-41.935483870967744,0,-94.73042628889415,-94.74555000252714,-93.9519160585656,-94.6861,-94.79333898987234
scene_0004,80.64516129032256,-41.935483870967744,0,-95.07260756940002,-95.08446227436224,-94.2966502402328,-95.05955,-95.16961991280623
scene_0004,87.09677419354838,-41.935483870967744,0,-95.42930043546745,-95.43816473579183,-94.66486359093034,-95.43519,-95.55677533777028
scene_0004,93.54838709677418,-41.935483870967744,0,-95.79973708799614,-95.80588842015811,-95.05443828831558,-95.8,-95.88850051310314
scene_0004,100.0,-41.935483870967744,0,-96.18324987636336,-96.18695475692948,-95.46300810805138,-96.14145,-96.03446469907726
scene_0004,-100.0,-35.483870967741936,0,-95.20174264214943,-95.25778419940403,-95.23653221595791,-95.15695,-95.13293341253372
scene_0004,-93.54838709677419,-35.483870967741936,0,-94.80494482412874,-94.86264104231566,-94.8725015741617,-94.79018,-94.7531662911666
scene_0004,-87.09677419354838,-35.483870967741936,0,-94.40811070372965,-94.46823417635932,-94.51857627367633,-94.38705,-94.28914779842259
scene_0004,-80.64516129032259,-35.483870967741936,0,-94.01811297009657,-94.0811416902411,-94.17805615135956,-93.96888,-93.90752163882121
scene_0004,-74.19354838709677,-35.483870967741936,0,-93.6425228502211,-93.70861806825357,-93.85246950903165,-93.56,-93.62415455445472
scene_0004,-67.74193548387098,-35.483870967741936,0,-93.28873148250321,-93.35776602497884,-93.54280159870576,-93.18118,-93.37594179197848
scene_0004,-61.29032258064517,-35.483870967741936,0,-92.96331266168986,-93.03492785139602,-93.25042260298615,-92.845566,-93.10760423009144
scene_0004,-54.83870967741936,-35.483870967741936,0,-92.67165980371091,-92.74533144632238,-92.9774990635468,-92.558624,-92.80452776168325
scene_0004,-48.38709677419355,-35.483870967741936,0,-92.41785635652383,-92.49295671167674,-92.72691388688295,-92.3209,-92.52094367676267
scene_0004,-41.935483870967744,-35.483870967741936,0,-92.20470935525643,-92.28055862710494,-92.50187295564251,-92.130875,-92.30631391868786
scene_0004,-35.483870967741936,-35.483870967741936,0,-92.03387731681913,-92.10978302294654,-92.30541880532573,-91.98647,-92.14461164684678
scene_0004,-29.032258064516128,-35.483870967741936,0,-91.90603956215993,-91.9813248650313,-92.14002694205662,-91.88541,-92.00284505053315
scene_0004,-22.580645161290334,-35.483870967741936,0,-91.82107255336724,-91.8950957527664,-92.0073768176865,-91.82486,-91.86891158868289
scene_0004,-16.129032258064527,-35.483870967741936,1,-91.77821420759713,-91.85038173484662,-91.9083111394041,-91.89979,-91.89978414601923
scene_0004,-9.677419354838719,-35.483870967741936,0,-91.77620785320904,-91.84598278173489,-91.84294611547854,-91.81098,-91.69527680848694
scene_0004,-3.225806451612911,-35.483870967741936,0,-91.81342401820247,-91.88033162189456,-91.81087323590617,-91.85028,-91.7094407092655
scene_0004,3.225806451612897,-35.483870967741936,0,-91.88796170921611,-91.9515931203336,-91.81139219372076,-91.91667,-91.77432129476118
scene_0004,9.677419354838705,-35.483870967741936,1,-91.99773232664931,-92.0577469351406,-91.84372537124871,-91.86746,-91.86746604753449
scene_0004,16.129032258064512,-35.483870967741936,0,-92.14052967694417,-92.19665659082808,-91.90718025188781,-92.12699,-92.02104877302989
scene_0004,22.58064516129032,-35.483870967741936,0,-92.31408922261743,-92.36612787183333,-92.00124302399973,-92.27188,-92.21764015349636
scene_0004,29.032258064516128,-35.483870967741936,0,-92.51613908208046,-92.56395888746044,-92.12560186592475,-92.44505,-92.46856833006407
scene_0004,35.48387096774192,-35.483870967741936,0,-92.74444454654578,-92.7879834830332,-92.28011010665202,-92.648094,-92.77244962129078
scene_0004,41.935483870967744,-35.483870967741936,0,-92.99684713307569,-93.0361089852735,-92.46470657996682,-92.88242,-93.10720789815332
scene_0004,48.38709677419354,-35.483870967741936,0,-93.27129851188741,-93.30634864410945,-92.6793129124951,-93.14889,-93.42557847428921
scene_0004,54.83870967741933,-35.483870967741936,0,-93.565889082075,-93.59684861640503,-92.92372602540681,-93.447426,-93.69982545289466
scene_0004,61.29032258064515,-35.483870967741936,0,-93.87887055979589,-93.90590896315116,-93.19752020836174,-93.77663,-93.97082923957632
scene_0004,67.74193548387095,-35.483870967741936,0,-94.2086717108906,-94.23199792081607,-93.49996827189408,-94.13318,-94.28229690287989
scene_0004,74.19354838709677,-35.483870967741936,0,-94.55390631347016,-94.5737586643253,-93.82998670894801,-94.5113,-94.63331957913164
scene_0004,80.64516129032256,-35.483870967741936,0,-94.9133725621918,-94.93000788957744,-94.1861061774741,-94.90219,-95.00302931929016
scene_0004,87.09677419354838,-35.483870967741936,1,-95.28604338995585,-95.29972577479244,-94.56646612452927,-95.32756,-95.3275566402173
scene_0004,93.54838709677418,-35.483870967741936,1,-95.67104753192326,-95.68203718496066,-94.96883082901005,-95.962006,-95.9620057044917
scene_0004,100.0,-35.483870967741936,0,-96.06764152937727,-96.07618430810899,-95.39062321406129,-96.02914,-95.83423597034489
scene_0004,-100.0,-29.032258064516128,0,-95.00388155782801,-95.05363082491837,-95.083217742599,-94.944016,-94.9999541898547
scene_0004,-93.54838709677419,-29.032258064516128,0,-94.55646668473649,-94.60951948078866,-94.70410503069893,-94.54586,-94.52684726511487
scene_0004,-87.09677419354838,-29.032258064516128,1,-94.11259027982527,-94.16943140530906,-94.33935896326065,-93.71944,-93.71943026813553
scene_0004,-80.64516129032259,-29.032258064516128,0,-93.68098261159702,-93.74176703573232,-93.9883804452957,-93.65798,-93.58112108670618
scene_0004,-74.19354838709677,-29.032258064516128,0,-93.2703762874977,-93.33495603073872,-93.6501797918129,-93.218704,-93.27968256833954
scene_0004,-67.74193548387098,-29.032258064516128,0,-92.88864606831298,-92.95663155465795,-93.32500951398005,-92.814186,-92.99914323863914
scene_0004,-61.29032258064517,-29.032258064516128,0,-92.54230824686843,-92.61314045141833,-93.01511606535169,-92.45856,-92.6897867576276
scene_0004,-54.83870967741936,-29.032258064516128,0,-92.23633356149139,-92.3093511103834,-92.72457872561324,-92.1575,-92.34348781379425
scene_0004,-48.38709677419355,-29.032258064516128,1,-91.97417932704717,-92.04867298613173,-92.45852237112254,-91.93971,-91.93971521561335
scene_0004,-41.935483870967744,-29.032258064516128,0,-91.7579462671557,-91.83319921386973,-92.22211793660485,-91.718124,-91.78534572091951
scene_0004,-35.483870967741936,-29.032258064516128,0,-91.58858776370607,-91.66390326718141,-92.01972083065895,-91.57526,-91.62503982668252
scene_0004,-29.032258064516128,-29.032258064516128,0,-91.4661254610227,-91.54084479404689,-91.85433599838296,-91.47992,-91.502098884286
scene_0004,-22.580645161290334,-29.032258064516128,0,-91.38984662031456,-91.46336006182828,-91.72744206306336,-91.42861,-91.3992458343692
scene_0004,-16.129032258064527,-29.032258064516128,1,-91.35847317009325,-91.43022647923898,-91.63910970338551,-91.24896,-91.24896121078217
scene_0004,-9.677419354838719,-29.032258064516128,1,-91.37030097134142,-91.43979910216234,-91.5883125413982,-91.15877,-91.15877632098
scene_0004,-3.225806451612911,-29.032258064516128,0,-91.42331218142021,-91.49012143843053,-91.57332982829304,-91.495224,-91.31425541918881
scene_0004,3.225806451612897,-29.032258064516128,0,-91.51526535777666,-91.57901472742336,-91.59215730792224,-91.5775,-91.40636217410587
scene_0004,9.677419354838705,-29.032258064516128,0,-91.64376823708339,-91.70415027368371,-91.64286379757256,-91.68596,-91.53855129070098
scene_0004,16.129032258064512,-29.032258064516128,0,-91.80633767651996,-91.8631090585746,-91.72385241420972,-91.82054,-91.72351734669189
scene_0004,22.58064516129032,-29.032258064516128,0,-92.00045046121201,-92.05343214737461,-91.83400649627636,-91.98223,-91.9604100304013
scene_0004,29.032258064516128,-29.032258064516128,0,-92.22358778066807,-92.27266457059011,-91.9727203632284,-92.17258,-92.23657623916147
scene_0004,35.48387096774192,-29.032258064516128,0,-92.47327526428231,-92.51839450010198,-92.13983202006595,-92.39328,-92.54461621042108
scene_0004,41.935483870967744,-29.032258064516128,0,-92.74711959659216,-92.78828872223716,-92.33548622737459,-92.64579,-92.87690253142972
scene_0004,48.38709677419354,-29.032258064516128,0,-93.04284194356072,-93.08012466916145,-92.55996057088915,-92.9309,-93.200741908103
scene_0004,54.83870967741933,-29.032258064516128,0,-93.3583077464057,-93.39181864060723,-92.81348475815508,-93.248436,-93.50127368784189
scene_0004,61.29032258064515,-29.032258064516128,0,-93.6915519168326,-93.72144936356717,-93.09607648253227,-93.59677,-93.80044869419311
scene_0004,67.74193548387095,-29.032258064516128,0,-94.04079813301371,-94.06727572915369,-93.40740860459043,-93.97232,-94.12334524188394
scene_0004,74.19354838709677,-29.032258064516128,0,-94.40447081502418,-94.42774743413368,-93.74671446692096,-94.36894,-94.47012902688364
scene_0004,80.64516129032256,-29.032258064516128,0,-94.78119845708335,-94.80150734208462,-94.11273223179663,-94.77751,-94.82116595514358
scene_0004,87.09677419354838,-29.032258064516128,0,-95.16980728969962,-95.18738464393792,-94.50368552131842,-95.18607,-95.14906011976814
scene_0004,93.54838709677418,-29.032258064516128,1,-95.56930468743134,-95.58437829407706,-94.91729592924946,-95.22661,-95.22661036168934
scene_0004,100.0,-29.032258064516128,0,-95.97885225625163,-95.99163066284497,-95.35082242285938,-95.949776,-95.6005972039026
scene_0004,-100.0,-22.580645161290334,1,-94.79525790336346,-94.83766414063729,-94.96636497086689,-95.10449,-95.10449873045245
scene_0004,-93.54838709677419,-22.580645161290334,0,-94.29880854134717,-94.3456161336295,-94.57530450266418,-94.31655,-94.39955577861065
scene_0004,-87.09677419354838,-22.580645161290334,0,-93.81141671466862,-93.86279676065439,-94.19652331374358,-93.84823,-93.83803210822045
scene_0004,-80.64516129032259,-22.580645161290334,0,-93.34312140940256,-93.39893799697154,-93.82596893598222,-93.36548,-93.37906803769931
scene_0004,-74.19354838709677,-22.580645161290334,0,-92.90319087310502,-92.96306003411752,-93.46178764443145,-92.897446,-93.01261797896503
scene_0004,-67.74193548387098,-22.580645161290334,0,-92.49941637997863,-92.5627803570586,-93.105853097937,-92.468704,-92.6723229428172
scene_0004,-61.29032258064517,-22.580645161290334,1,-92.13782015969352,-92.20401774734259,-92.76370726036404,-92.35263,-92.35263053719628
scene_0004,-54.83870967741936,-22.580645161290334,0,-91.82266053827091,-91.89098404394913,-92.44327796787927,-91.780464,-91.92426621500985
scene_0004,-48.38709677419355,-22.580645161290334,0,-91.55660826886005,-91.62634490841623,-92.1530977082955,-91.52699,-91.56554891217286
scene_0004,-41.935483870967744,-22.580645161290334,0,-91.34099567302408,-91.41145516850469,-91.90070119435964,-91.33157,-91.29944707550902
scene_0004,-35.483870967741936,-22.580645161290334,1,-91.17607583089142,-91.2466074215658,-91.69157798465366,-91.16952,-91.16952392996461
scene_0004,-29.032258064516128,-22.580645161290334,0,-91.0612586110613,-91.13126071383228,-91.52874415545696,-91.10246,-91.03968674539914
scene_0004,-22.580645161290334,-22.580645161290334,0,-90.99531022078834,-91.06423540257344,-91.41281259766856,-91.06122,-90.992414285483
scene_0004,-16.129032258064527,-22.580645161290334,1,-90.97651446145122,-91.0438716773575,-91.34238842942449,-91.00903,-91.00903677942426
scene_0004,-9.677419354838719,-22.580645161290334,0,-91.00279957439723,-91.06815498783392,-91.31463596552116,-91.10075,-90.9634355172251
scene_0004,-3.225806451612911,-22.580645161290334,1,-91.07183676654552,-91.13481396273093,-91.32590289016166,-91.04306,-91.0430622742043
scene_0004,3.225806451612897,-22.580645161290334,0,-91.18111683026382,-91.24139685930204,-91.37231920582647,-91.26973,-91.09751063565376
scene_0004,9.677419354838705,-22.580645161290334,0,-91.32801070262445,-91.38533211719832,-91.45030905472142,-91.3949,-91.23709611212314
scene_0004,16.129032258064512,-22.580645161290334,0,-91.50981888259534,-91.56397774185713,-91.556969056855,-91.546364,-91.45207193297327
scene_0004,22.58064516129032,-22.580645161290334,0,-91.72381360235329,-91.77466327784333,-91.69028465772877,-91.72517,-91.73088049369723
scene_0004,29.032258064516128,-22.580645161290334,0,-91.96727663906621,-92.01472716859256,-91.84917878640923,-91.93295,-92.03696776276385
scene_0004,35.48387096774192,-22.580645161290334,1,-92.23753469067093,-92.28155137717307,-92.0334117990148,-92.25575,-92.25575112834821
scene_0004,41.935483870967744,-22.580645161290334,0,-92.53199333168995,-92.57259427595096,-92.24337187425226,-92.44231,-92.67076496959648
scene_0004,48.38709677419354,-22.580645161290334,0,-92.84816972208804,-92.88542201225523,-92.47980523746133,-92.74611,-92.9884884583023
scene_0004,54.83870967741933,-22.580645161290334,0,-93.18372348647577,-93.21773784389754,-92.74353421416788,-93.08261,-93.3002786702137
scene_0004,61.29032258064515,-22.580645161290334,0,-93.53648455191782,-93.56740834789484,-93.03520079726749,-93.449974,-93.62212725920963
scene_0004,67.74193548387095,-22.580645161290334,0,-93.90447628000318,-93.93248498185373,-93.35505910240727,-93.84433,-93.9673267334854
scene_0004,74.19354838709677,-22.580645161290334,0,-94.2859320007747,-94.31121926207734,-93.70282650863318,-94.25919,-94.3288346163451
scene_0004,80.64516129032256,-22.580645161290334,0,-94.67930308369378,-94.70206984211174,-94.07759331902562,-94.68512,-94.6831869445918
scene_0004,87.09677419354838,-22.580645161290334,0,-95.08325696434325,-95.10370002949264,-94.4777851886789,-95.10985,-95.00258579201625
scene_0004,93.54838709677418,-22.580645161290334,0,-95.49666404735783,-95.51496473284621,-94.90117060070993,-95.51965,-95.26798867906194
scene_0004,100.0,-22.580645161290334,0,-95.91857305339605,-95.93488642157996,-95.34490589866677,-95.90158,-95.46546937289399
scene_0004,-100.0,-16.129032258064527,0,-94.58368640974709,-94.61709725747596,-94.88478433207455,-94.5644,-94.74164217499802
scene_0004,-93.54838709677419,-16.129032258064527,0,-94.04331047128753,-94.08166537560298,-94.47677911398627,-94.10941,-94.28776911047964
scene_0004,-87.09677419354838,-16.129032258064527,0,-93.51878328745869,-93.561985793191,-94.07225658939547,-93.612274,-93.75416947776966
scene_0004,-80.64516129032259,-16.129032258064527,0,-93.020755269479,-93.06846243970007,-93.66559092550146,-93.10098,-93.25425889736123
scene_0004,-74.19354838709677,-16.129032258064527,0,-92.55841991288159,-92.6101115486977,-93.25694650171535,-92.60695,-92.81224547390414
scene_0004,-67.74193548387098,-16.129032258064527,0,-92.13903730560816,-92.19408574942489,-92.85284663833471,-92.15643,-92.39700499244684
scene_0004,-61.29032258064517,-16.129032258064527,0,-91.7678604597921,-91.825588653529,-92.46446920460278,-91.76555,-91.97864806354929
scene_0004,-54.83870967741936,-16.129032258064527,0,-91.44830462615758,-91.50802866248954,-92.10480325014588,-91.44049,-91.55601260611753
scene_0004,-48.38709677419355,-16.129032258064527,0,-91.18222711822659,-91.24328448037107,-91.78593044906677,-91.1811,-91.1674030236654
scene_0004,-41.935483870967744,-16.129032258064527,0,-90.97023056533595,-91.0319972200397,-91.51718662911998,-90.984634,-90.86409349493903
scene_0004,-35.483870967741936,-16.129032258064527,0,-90.81194249646167,-90.87384221768903,-91.30434182307205,-90.84758,-90.68274522772032
scene_0004,-29.032258064516128,-16.129032258064527,0,-90.70625162150017,-90.7677603692352,-91.14957216440594,-90.76605,-90.63247801512141
scene_0004,-22.580645161290334,-16.129032258064527,0,-90.6514971445927,-90.71214457905671,-91.05191308390494,-90.73526,-90.6558811660072
scene_0004,-16.129032258064527,-16.129032258064527,0,-90.64561535106523,-90.70498488580463,-91.00794972143412,-90.749504,-90.69614272800882
scene_0004,-9.677419354838719,-16.129032258064527,0,-90.68625078416437,-90.74397905063094,-91.01259647682978,-90.802505,-90.73563945830858
scene_0004,-3.225806451612911,-16.129032258064527,1,-90.77083984921715,-90.82661605797524,-91.05988531849967,-90.77106,-90.77105167890265
scene_0004,3.225806451612897,-16.129032258064527,0,-90.89667403202617,-90.95023944176695,-91.14371162190542,-91.003494,-90.85456382259696
scene_0004,9.677419354838705,-16.129032258064527,0,-91.06094883948327,-91.11209635256286,-91.25848918869694,-91.14513,-90.98328549590175
scene_0004,16.129032258064512,-16.129032258064527,0,-91.26080341672149,-91.30937718397766,-91.39966149648922,-91.31317,-91.21962243600561
scene_0004,22.58064516129032,-16.129032258064527,0,-91.49335470244871,-91.53924952464928,-91.56402054063547,-91.50868,-91.54206021825338
scene_0004,29.032258064516128,-16.129032258064527,0,-91.75572897960285,-91.7988892303778,-91.74980583471236,-91.73343,-91.88408890767433
scene_0004,35.48387096774192,-16.129032258064527,1,-92.04509274464401,-92.0855105087754,-91.95659095090656,-92.28429,-92.28428386576809
scene_0004,41.935483870967744,-16.129032258064527,0,-92.358683930441,-92.39639605451976,-92.1850013342099,-92.27765,-92.4965057533222
scene_0004,48.38709677419354,-16.129032258064527,0,-92.69384366297429,-92.72892745647113,-92.43633147570746,-92.59937,-92.79690030060999
scene_0004,54.83870967741933,-16.129032258064527,0,-93.04804792351092,-93.08061532932089,-92.71213449739659,-92.953964,-93.11354927463978
scene_0004,61.29032258064515,-16.129032258064527,0,-93.41893776518717,-93.44912793728795,-93.01384452452687,-93.3394,-93.45661639709668
scene_0004,67.74193548387095,-16.129032258064527,0,-93.80434615755064,-93.83231653066618,-93.34247001579733,-93.751526,-93.83508273086971
scene_0004,74.19354838709677,-16.129032258064527,0,-94.20231917474972,-94.22823527096153,-93.69837363211957,-94.18354,-94.23228305478098
scene_0004,80.64516129032256,-16.129032258064527,0,-94.6111291627321,-94.63515353160295,-94.08113736717276,-94.62569,-94.62017886264285
scene_0004,87.09677419354838,-16.129032258064527,0,-95.02927774775526,-95.05155855686834,-94.48950249360493,-95.06545,-94.97171082735218
scene_0004,93.54838709677418,-16.129032258064527,0,-95.4554870671786,-95.47614692971821,-94.92137125452328,-95.48895,-95.2632496371764
scene_0004,100.0,-16.129032258064527,0,-95.88867834923792,-95.90780398365217,-95.3738586213815,-95.8831,-95.46999539745501
scene_0004,-100.0,-9.677419354838719,1,-94.38128893833458,-94.40379797245166,-94.82952584408167,-94.465,-94.46500110197098
scene_0004,-93.54838709677419,-9.677419354838719,0,-93.80472202995801,-93.83225219932407,-94.3930205313783,-93.93271,-94.1755020328816
scene_0004,-87.09677419354838,-9.677419354838719,0,-93.25117265340953,-93.2834464352787,-93.94624825593826,-93.41101,-93.66412494201239
scene_0004,-80.64516129032259,-9.677419354838719,0,-92.73125921608361,-92.76782600549566,-93.48517346232944,-92.8755,-93.1420280903298
scene_0004,-74.19354838709677,-9.677419354838719,0,-92.2536488107771,-92.29394686783706,-93.0154493387777,-92.35945,-92.64537193840327
scene_0004,-67.74193548387098,-9.677419354838719,0,-91.82481468854061,-91.86822658518933,-92.55085852355435,-91.89068,-92.16947583721199
scene_0004,-61.29032258064517,-9.677419354838719,1,-91.44914294253205,-91.49503801637464,-92.10929752958427,-91.68239,-91.68238986153142
scene_0004,-54.83870967741936,-9.677419354838719,0,-91.12921588851964,-91.17697926069343,-91.7084792006559,-91.15227,-91.26135924644375
scene_0004,-48.38709677419355,-9.677419354838719,1,-90.86615070201852,-90.91520124449913,-91.36287551785634,-90.828514,-90.82850981757238
scene_0004,-41.935483870967744,-9.677419354838719,0,-90.65992384312871,-90.709724186038,-91.08228044634271,-90.692406,-90.53988850765617
scene_0004,-35.483870967741936,-9.677419354838719,1,-90.50964976048418,-90.55971110356526,-90.87162651253969,-90.167854,-90.1678603483198
scene_0004,-29.032258064516128,-9.677419354838719,0,-90.41380525578992,-90.46368908765515,-90.7315073997084,-90.48544,-90.33866127273548
scene_0004,-22.580645161290334,-9.677419354838719,0,-90.37040260407585,-90.41972077744047,-90.6589907387125,-90.465096,-90.41325110528578
scene_0004,-16.129032258064527,-9.677419354838719,0,-90.37711935729432,-90.42553343828621,-90.64849965936813,-90.49198,-90.50100426037787
scene_0004,-9.677419354838719,-9.677419354838719,0,-90.43139390062258,-90.47861431998544,-90.692682929299,-90.55914,-90.57826512155924
scene_0004,-3.225806451612911,-9.677419354838719,0,-90.5304952596026,-90.57628051867499,-90.78326114865946,-90.66019,-90.64624361448406
scene_0004,3.225806451612897,-9.677419354838719,0,-90.67157445397751,-90.71573044695887,-90.91184639513499,-90.7905,-90.71597727510803
scene_0004,9.677419354838705,-9.677419354838719,1,-90.85170338384359,-90.89408276334166,-91.07070869644812,-90.698006,-90.69800745952854
scene_0004,16.129032258064512,-9.677419354838719,0,-91.0679060247348,-91.10840744171873,-91.25342943037475,-91.131134,-91.06219645797432
scene_0004,22.58064516129032,-9.677419354838719,0,-91.31718564854816,-91.35575263061637,-91.45536268382328,-91.34218,-91.40513303480009
scene_0004,29.032258064516128,-9.677419354838719,0,-91.59655085126792,-91.63317004140625,-91.67383709339163,-91.58258,-91.75277282494088
scene_0004,35.48387096774192,-9.677419354838719,0,-91.90304230596598,-91.93774076949495,-91.90807393046293,-91.85425,-92.04101911098266
scene_0004,41.935483870967744,-9.677419354838719,0,-92.23376132315236,-92.26660264792918,-92.15885594203934,-92.15872,-92.31674174087857
scene_0004,48.38709677419354,-9.677419354838719,0,-92.58590046271058,-92.61697943178264,-92.42803067767724,-92.49668,-92.62267239271553
scene_0004,54.83870967741933,-9.677419354838719,0,-92.95677560507308,-92.98621131429853,-92.717952711326,-92.867584,-92.95883710816832
scene_0004,61.29032258064515,-9.677419354838719,1,-93.34385809129232,-93.37178551420628,-93.0309582039315,-93.28467,-93.28465963295089
scene_0004,67.74193548387095,-9.677419354838719,0,-93.74480485123658,-93.77136500971126,-93.36893389462531,-93.69708,-93.74608208976807
scene_0004,74.19354838709677,-9.677419354838719,0,-94.15748394490889,-94.18281300945853,-93.73300701049214,-94.14421,-94.18765255174557
scene_0004,80.64516129032256,-9.677419354838719,0,-94.57999273186303,-94.60421052664265,-94.12335485558934,-94.600555,-94.62447021385825
scene_0004,87.09677419354838,-9.677419354838719,0,-95.01066601990841,-95.03386452004194,-94.5391176001934,-95.05339,-95.02664051781922
scene_0004,93.54838709677418,-9.677419354838719,0,-95.44807204009929,-95.47030450290904,-94.97839365681219,-95.48868,-95.35909547917684
scene_0004,100.0,-9.677419354838719,0,-95.89099490263705,-95.91226625985004,-95.4382998417153,-95.89334,-95.58227040709482
scene_0004,-100.0,-3.225806451612911,1,-94.20192773310706,-94.21179950483433,-94.7896287105718,-94.666534,-94.66653984756385
scene_0004,-93.54838709677419,-3.225806451612911,0,-93.5983649519538,-93.61299210204618,-94.31145997250968,-93.79344,-94.061583467161
scene_0004,-87.09677419354838,-3.225806451612911,0,-93.02452881695245,-93.04354533390296,-93.8079468308082,-93.25264,-93.54972707640741
scene_0004,-80.64516129032259,-3.225806451612911,0,-92.49054370135556,-92.51347924864936,-93.28018027589533,-92.6983,-93.01582680991021
scene_0004,-74.19354838709677,-3.225806451612911,0,-92.00430767358063,-92.0306323527172,-92.74195440429062,-92.16529,-92.49021939793434
scene_0004,-67.74193548387098,-3.225806451612911,0,-91.57143730279977,-91.60059962446118,-92.21515081642161,-91.68268,-91.98249554730964
scene_0004,-61.29032258064517,-3.225806451612911,0,-91.19549544797445,-91.22695031499431,-91.72350908519971,-91.26812,-91.50005097321299
scene_0004,-54.83870967741936,-3.225806451612911,0,-90.87833728263013,-90.91156453451406,-91.28768998251607,-90.92821,-91.05732944843217
scene_0004,-48.38709677419355,-3.225806451612911,0,-90.62047105524087,-90.65498663220995,-90.92273474614228,-90.66254,-90.67424268525482
scene_0004,-41.935483870967744,-3.225806451612911,0,-90.42138101275796,-90.45674299366632,-90.63752667668786,-90.4677,-90.38158765255871
scene_0004,-35.483870967741936,-3.225806451612911,0,-90.27979309046275,-90.31560448938438,-90.43537474673334,-90.3395,-90.21886338683807
scene_0004,-29.032258064516128,-3.225806451612911,0,-90.19388213103541,-90.22979182784022,-90.3150074353146,-90.27315,-90.20634769749637
scene_0004,-22.580645161290334,-3.225806451612911,0,-90.16142765459664,-90.1971303721516,-90.27159570076418,-90.26285,-90.28253631143508
scene_0004,-16.129032258064527,-3.225806451612911,1,-90.17992787864053,-90.21516375795629,-90.29767823843846,-90.38649,-90.38648620409288
scene_0004,-9.677419354838719,-3.225806451612911,0,-90.24668163139586,-90.2812356926938,-90.38399891981078,-90.38179,-90.48850548172582
scene_0004,-3.225806451612911,-3.225806451612911,0,-90.35884664177561,-90.39254823227877,-90.52031330608601,-90.49653,-90.59489819124663
scene_0004,3.225806451612897,-3.225806451612911,0,-90.51348124842352,-90.54620344413587,-90.69620992308796,-90.64072,-90.70802686940519
scene_0004,9.677419354838705,-3.225806451612911,0,-90.70757520954338,-90.73923404123356,-90.90194542230536,-90.81168,-90.83755238056021
scene_0004,16.129032258064512,-3.225806451612911,1,-90.93807412856819,-90.96862743129684,-91.12923224346551,-90.83749,-90.83748538010133
scene_0004,22.58064516129032,-3.225806451612911,0,-91.201901033691,-91.23134667038771,-91.37186933658226,-91.233734,-91.33091483011188
scene_0004,29.032258064516128,-3.225806451612911,1,-91.49597780687441,-91.5243509906483,-91.62609781620645,-91.81917,-91.81917183839367
scene_0004,35.48387096774192,-3.225806451612911,0,-91.8172483817208,-91.84461782328326,-91.89060679709549,-91.77322,-91.85427740726635
scene_0004,41.935483870967744,-3.225806451612911,0,-92.16270485866482,-92.18916750060389,-92.16619597707665,-92.091484,-92.13600691910236
scene_0004,48.38709677419354,-3.225806451612911,0,-92.52941688132238,-92.55509105535005,-92.45518436519674,-92.44327,-92.48308713015057
scene_0004,54.83870967741933,-3.225806451612911,0,-92.9145637729546,-92.9395807313716,-92.76070232337526,-92.8279,-92.85995709622142
scene_0004,61.29032258064515,-3.225806451612911,0,-93.31546807950339,-93.33996200334252,-93.08600228152089,-93.24298,-93.26433330456958
scene_0004,67.74193548387095,-3.225806451612911,0,-93.72962837754508,-93.75372513818853,-93.43388409081093,-93.68388,-93.70877666960693
scene_0004,74.19354838709677,-3.225806451612911,0,-94.15474858381305,-94.17855371105686,-93.80627914148106,-94.143326,-94.1848548015213
scene_0004,80.64516129032256,-3.225806451612911,0,-94.58876065960753,-94.61234712017095,-94.20399455789477,-94.61107,-94.66847876296163
scene_0004,87.09677419354838,-3.225806451612911,0,-95.02983763170175,-95.05323412069905,-94.62659449942512,-95.07428,-95.12429509608928
scene_0004,93.54838709677418,-3.225806451612911,0,-95.47639429606568,-95.49957476926423,-95.07238873035037,-95.518845,-95.50533088768282
scene_0004,100.0,-3.225806451612911,0,-95.9270738069819,-95.9499489263451,-95.53850289930524,-95.93169,-95.75341705557703
scene_0004,-100.0,3.225806451612897,0,-94.05859833980374,-94.05465551704742,-94.7592777537694,-94.20396,-94.30036209289352
scene_0004,-93.54838709677419,3.225806451612897,0,-93.43766341721587,-93.43797583438547,-94.23114415021631,-93.6958,-93.89469938474775
scene_0004,-87.09677419354838,3.225806451612897,0,-92.85209909931822,-92.85628839052727,-93.66528762067061,-93.14198,-93.4001576448955
scene_0004,-80.64516129032259,3.225806451612897,0,-92.31128283945169,-92.3189237482754,-93.07025978369047,-92.57492,-92.8711113449184
scene_0004,-74.19354838709677,3.225806451612897,0,-91.82228386958278,-91.8329280256158,-92.46849153630848,-92.030624,-92.33615587766137
scene_0004,-67.74193548387098,3.225806451612897,0,-91.38992747094792,-91.4031244219661,-91.88863305640241,-91.539085,-91.8170316124093
scene_0004,-61.29032258064517,3.225806451612897,0,-91.01708468387926,-91.03239797903404,-91.35803775773832,-91.11853,-91.33542649143962
scene_0004,-54.83870967741936,3.225806451612897,0,-90.70503914607194,-90.7220574683993,-90.89819475256363,-90.775696,-90.91391705760016
scene_0004,-48.38709677419355,3.225806451612897,0,-90.45384469628954,-90.47218899302338,-90.52324464945222,-90.5101,-90.57352915033663
scene_0004,-41.935483870967744,3.225806451612897,0,-90.26263381383714,-90.2819615692477,-90.24041230003814,-90.318146,-90.33304244695438
scene_0004,-35.483870967741936,3.225806451612897,0,-90.12986519541786,-90.14987284201808,-90.05119813099931,-90.19536,-90.20627126203414
scene_0004,-29.032258064516128,3.225806451612897,0,-90.05351323041697,-90.07393744010858,-89.95264418657605,-90.13664,-90.18693545805124
scene_0004,-22.580645161290334,3.225806451612897,0,-90.031208093537,-90.05182644115169,-89.9384107866974,-90.135796,-90.23817030861295
scene_0004,-16.129032258064527,3.225806451612897,0,-90.0603365983561,-90.08096788330583,-89.99964178435407,-90.18533,-90.32476845383732
scene_0004,-9.677419354838719,3.225806451612897,0,-90.13811330578555,-90.15861765666924,-90.12570120366745,-90.27718,-90.43753081565745
scene_0004,-3.225806451612911,3.225806451612897,0,-90.26162999627945,-90.2819087600608,-90.30488825671716,-90.40394,-90.58214076345038
scene_0004,3.225806451612897,3.225806451612897,0,-90.4278901385419,-90.44788546065077,-90.52521381102848,-90.56018,-90.7565981242419
scene_0004,9.677419354838705,3.225806451612897,1,-90.63383367924926,-90.65352760674517,-90.77526331171988,-91.09959,-91.09958411593949
scene_0004,16.129032258064512,3.225806451612897,0,-90.87635639982969,-90.89576928371551,-91.04509171069813,-90.95201,-91.09909666308442
scene_0004,22.58064516129032,3.225806451612897,1,-91.1523272071822,-91.17151514329584,-91.32702005865603,-91.36194,-91.36194073695091
scene_0004,29.032258064516128,3.225806451612897,0,-91.45860597758914,-91.47765701293557,-91.61616745080252,-91.453636,-91.50496572183224
scene_0004,35.48387096774192,3.225806451612897,1,-91.79206388056065,-91.81109273053119,-91.91058468767392,-91.43574,-91.43573349350937
scene_0004,41.935483870967744,3.225806451612897,0,-92.14960740389816,-92.16874848309574,-92.21095310420536,-92.07963,-92.02762695203876
scene_0004,48.38709677419354,3.225806451612897,0,-92.52820653595066,-92.547605206792,-92.51993033556316,-92.44236,-92.42340466797744
scene_0004,54.83870967741933,3.225806451612897,0,-92.92492672131263,-92.94472881054382,-92.84130778108596,-92.83769,-92.83259530789292
scene_0004,61.29032258064515,3.225806451612897,0,-93.3369633189235,-93.35730313489323,-93.17915989833133,-93.263084,-93.25401986132891
scene_0004,67.74193548387095,3.225806451612897,0,-93.76167642841745,-93.78266371365743,-93.5371215711896,-93.713745,-93.70720360756992
scene_0004,74.19354838709677,3.225806451612897,0,-94.19662322206598,-94.21832966921885,-93.91786086819637,-94.18222,-94.20016186247382
scene_0004,80.64516129032256,3.225806451612897,0,-94.63958445623781,-94.66203056771162,-94.3227539432697,-94.658134,-94.71703732073738
scene_0004,87.09677419354838,3.225806451612897,0,-95.08858175814524,-95.11172490935932,-94.75173325012001,-95.128586,-95.21524167989031
scene_0004,93.54838709677418,3.225806451612897,0,-95.54188266544612,-95.56560721643301,-95.20326958678712,-95.57947,-95.63508700168164
scene_0004,100.0,3.225806451612897,1,-95.99799123781636,-96.02210142431197,-95.67445411374707,-96.046486,-96.04648937310415
scene_0004,-100.0,9.677419354838705,0,-93.96141312675134,-93.94332080551351,-94.74198894818004,-94.15529,-94.10272963149248
scene_0004,-93.54838709677419,9.677419354838705,1,-93.33246615846407,-93.31797078312869,-94.16524677002602,-93.66696,-93.66696257535523
scene_0004,-87.09677419354838,9.677419354838705,0,-92.74314198202262,-92.73190289071391,-93.54359387331598,-93.08028,-93.24444913275329
scene_0004,-80.64516129032259,9.677419354838705,0,-92.20198440425575,-92.19366183382888,-92.8930158839894,-92.50675,-92.7262569024146
scene_0004,-74.19354838709677,9.677419354838705,0,-91.71529428571544,-91.7095514206376,-92.24282323594507,-91.957,-92.18689911590488
scene_0004,-67.74193548387098,9.677419354838705,0,-91.2872457757083,-91.28375420201293,-91.6258884878398,-91.461624,-91.66075122592068
scene_0004,-61.29032258064517,9.677419354838705,0,-90.92018876301478,-90.91863471347997,-91.07091960498406,-91.039215,-91.18430935712647
scene_0004,-54.83870967741936,9.677419354838705,0,-90.61500629106567,-90.61509636472607,-90.59880557938953,-90.69667,-90.79079825730051
scene_0004,-48.38709677419355,9.677419354838705,0,-90.37145328710601,-90.37291918015244,-90.22218403390988,-90.433426,-90.50234809216983
scene_0004,-41.935483870967744,9.677419354838705,0,-90.18844422347088,-90.1910464565924,-89.94659273733832,-90.24577,-90.32283435097612
scene_0004,-35.483870967741936,9.677419354838705,0,-90.06428167901214,-90.06781248389066,-89.77200944195187,-90.129074,-90.23814178824024
scene_0004,-29.032258064516128,9.677419354838705,0,-89.99682987672061,-90.00111543260437,-89.69421526581621,-90.077965,-90.22173973287467
scene_0004,-22.580645161290334,9.677419354838705,0,-89.9836420199439,-89.98854418893194,-89.70583486140532,-90.08597,-90.24568334732768
scene_0004,-16.129032258064527,9.677419354838705,0,-90.02205115628067,-90.02746879638919,-89.79710723865526,-90.145226,-90.29943908107728
scene_0004,-9.677419354838719,9.677419354838705,0,-90.10923349882634,-90.1151033577262,-89.95651353687362,-90.24725,-90.39765734084213
scene_0004,-3.225806451612911,9.677419354838705,0,-90.242251771442,-90.24854888975605,-90.17139700235109,-90.38429,-90.55908280805936
scene_0004,3.225806451612897,9.677419354838705,0,-90.41808475820471,-90.42482224326925,-90.4286823032898,-90.550674,-90.7691474626942
scene_0004,9.677419354838705,9.677419354838705,0,-90.63364803635017,-90.64087600826797,-90.71574059393151,-90.74338,-90.97654119648168
scene_0004,16.129032258064512,9.677419354838705,0,-90.88580989818044,-90.893613363896,-91.02135724698842,-90.961845,-91.14625996295197
scene_0004,22.58064516129032,9.677419354838705,0,-91.1714056833896,-91.17990106754397,-91.33666196772147,-91.20723,-91.30667091482542
scene_0004,29.032258064516128,9.677419354838705,0,-91.48725307963343,-91.49658314142118,-91.65581853115427,-91.48149,-91.48182491515064
scene_0004,35.48387096774192,9.677419354838705,1,-91.83017032853218,-91.84049723119826,-91.97628758040757,-91.75793,-91.75792485063562
scene_0004,41.935483870967744,9.677419354838705,0,-92.1969986260823,-92.20849500896348,-92.29858027398814,-92.12436,-92.07493693722671
scene_0004,48.38709677419354,9.677419354838705,0,-92.58462927908872,-92.59746731660383,-92.62556870551035,-92.49505,-92.48216971618498
scene_0004,54.83870967741933,9.677419354838705,0,-92.9900353521788,-93.00437396832756,-92.96153698900005,-92.897934,-92.88647811068748
scene_0004,61.29032258064515,9.677419354838705,0,-93.41030663467043,-93.42627726351819,-93.31119276781598,-93.33032,-93.29020407389201
scene_0004,67.74193548387095,9.677419354838705,0,-93.84268584283247,-93.86037736119177,-93.67881408365545,-93.787346,-93.72608063656989
scene_0004,74.19354838709677,9.677419354838705,0,-94.28460316584861,-94.30404683904462,-94.06762259139097,-94.26141,-94.21499947614784
scene_0004,80.64516129032256,9.677419354838705,0,-94.73370570640768,-94.75486114108371,-94.4793965157157,-94.74211,-94.74476211514477
scene_0004,87.09677419354838,9.677419354838705,1,-95.18787820021892,-95.21062135241445,-94.91429000468179,-95.326324,-95.32633040221235
scene_0004,93.54838709677418,9.677419354838705,0,-95.64525172236942,-95.66936594168853,-95.37081109670223,-95.670654,-95.6992259703114
scene_0004,100.0,9.677419354838705,0,-96.1041979244415,-96.12936882666169,-95.84591744530317,-96.09161,-95.99141430252374
scene_0004,-100.0,16.129032258064512,0,-93.91641601813375,-93.88484482058692,-94.74899872177103,-94.142265,-93.96158342680468
scene_0004,-93.54838709677419,16.129032258064512,1,-93.28819137527998,-93.25945268106085,-94.13546394264885,-93.59776,-93.59776715652185
scene_0004,-87.09677419354838,16.129032258064512,0,-92.70237091007837,-92.67618326525766,-93.47525548743577,-93.06603,-93.13441970655246
scene_0004,-80.64516129032259,16.129032258064512,0,-92.16667238111017,-92.14279943511956,-92.78952140716022,-92.49216,-92.61550716265728
scene_0004,-74.19354838709677,16.129032258064512,0,-91.68674193433665,-91.66497279373064,-92.11146992101143,-91.94263,-92.06331280338794
scene_0004,-67.74193548387098,16.129032258064512,0,-91.26626529196109,-91.24640499424896,-91.47569040549101,-91.44837,-91.52266932549763
scene_0004,-61.29032258064517,16.129032258064512,0,-90.90724516041209,-90.889111778381,-90.91079593306509,-91.02818,-91.04467786601192
scene_0004,-54.83870967741936,16.129032258064512,0,-90.6103279116079,-90.59375345901456,-90.43660782727686,-90.68904,-90.67458645737857
scene_0004,-48.38709677419355,16.129032258064512,0,-90.3751135867042,-90.35994680222305,-90.06441567433419,-90.43042,-90.43902981902039
scene_0004,-41.935483870967744,16.129032258064512,0,-90.20041986849628,-90.18652971658311,-89.79850775462538,-90.248535,-90.32672823118338
scene_0004,-35.483870967741936,16.129032258064512,0,-90.0844924319434,-90.07177168008144,-89.63784601308728,-90.138626,-90.2947879219333
scene_0004,-29.032258064516128,16.129032258064512,0,-90.02516505156053,-90.01353359199896,-89.57742944971167,-90.09521,-90.29586879175798
scene_0004,-22.580645161290334,16.129032258064512,1,-90.01997725729316,-90.00938499857216,-89.60927487673274,-90.29506,-90.29505745225548
scene_0004,-16.129032258064527,16.129032258064512,0,-90.0662582761526,-90.05668749005312,-89.7231090243815,-90.17956,-90.31576035203227
scene_0004,-9.677419354838719,16.129032258064512,0,-90.1611853702176,-90.15265238269251,-89.90691794158671,-90.290436,-90.38050743111172
scene_0004,-3.225806451612911,16.129032258064512,0,-90.30182351270447,-90.29437959878335,-90.14750134430088,-90.43618,-90.5404814269513
scene_0004,3.225806451612897,16.129032258064512,0,-90.48515212926118,-90.47888342895374,-90.43115133488767,-90.61093,-90.769731573961
scene_0004,9.677419354838705,16.129032258064512,0,-90.70808357007596,-90.70310979739403,-90.74451483560608,-90.81157,-90.99801844097848
scene_0004,16.129032258064512,16.129032258064512,0,-90.9674771140139,-90.96394879522288,-91.07560498610164,-91.03749,-91.18520310483251
scene_0004,22.58064516129032,16.129032258064512,0,-91.26015160832458,-91.25824556953017,-91.41481649416883,-91.28984,-91.34883248406015
scene_0004,29.032258064516128,16.129032258064512,0,-91.58289925338698,-91.58281209342047,-91.75571926549972,-91.57065,-91.5506516030612
scene_0004,35.48387096774192,16.129032258064512,0,-91.93250247811918,-91.93444182241214,-92.0954079761654,-91.88193,-91.85607509741666
scene_0004,41.935483870967744,16.129032258064512,0,-92.30575524875647,-92.3099286935676,-92.43429285863941,-92.2252,-92.2473586922542
scene_0004,48.38709677419354,16.129032258064512,0,-92.6994894586957,-92.7060912876064,-92.77538520840133,-92.60097,-92.65178804454422
scene_0004,54.83870967741933,16.129032258064512,0,-93.11060623611225,-93.11980221795862,-93.12327412757655,-93.00835,-93.01887163652411
scene_0004,61.29032258064515,16.129032258064512,0,-93.53611109672427,-93.54802193916676,-93.48304208068942,-93.44458,-93.37262924914761
scene_0004,67.74193548387095,16.129032258064512,0,-93.97315092906328,-93.9878352334899,-93.85932159113032,-93.90466,-93.76989497674748
scene_0004,74.19354838709677,16.129032258064512,0,-94.4190499457004,-94.4364877434915,-94.25560065079068,-94.38101,-94.2411913300615
scene_0004,80.64516129032256,16.129032258064512,0,-94.87134111702952,-94.89141921540799,-94.67379472551471,-94.86319,-94.76928783621238
scene_0004,87.09677419354838,16.129032258064512,0,-95.32778937889475,-95.35028976383134,-95.11404896387032,-95.33837,-95.29160624687051
scene_0004,93.54838709677418,16.129032258064512,0,-95.78640318836165,-95.81099559893596,-95.57471774673915,-95.79273,-95.74408783839844
scene_0004,100.0,16.129032258064512,0,-96.24543183198111,-96.27167134194883,-96.05247715842387,-96.21358,-96.06864798003994
scene_0004,-100.0,22.58064516129032,0,-93.9251983830326,-93.88186490334553,-94.79300343109284,-94.162766,-93.8997655856202
scene_0004,-93.54838709677419,22.58064516129032,0,-93.30564375402459,-93.26432200974887,-94.16192174266203,-93.652466,-93.54697076622526
scene_0004,-87.09677419354838,22.58064516129032,0,-92.72991941055416,-92.69037935809024,-93.48678602923742,-93.096466,-93.09989445912836
scene_0004,-80.64516129032259,22.58064516129032,0,-92.20494809106953,-92.16705259874261,-92.7903833752139,-92.527985,-92.57332849856616
scene_0004,-74.19354838709677,22.58064516129032,0,-91.73583128386204,-91.69949478953012,-92.10664039122392,-91.98404,-92.00070293260069
scene_0004,-67.74193548387098,22.58064516129032,0,-91.32591157878694,-91.29107501760123,-91.46993934935901,-91.49559,-91.43820745630921
scene_0004,-61.29032258064517,22.58064516129032,0,-90.97699640421182,-90.94361437396806,-90.90815405967007,-91.08148,-90.95163485410424
scene_0004,-54.83870967741936,22.58064516129032,0,-90.68963784215426,-90.65767389759728,-90.4402287964737,-90.748795,-90.59437918781012
scene_0004,-48.38709677419355,22.58064516129032,0,-90.46340640072711,-90.43283321035577,-90.07666593628963,-90.49702,-90.4066545912221
scene_0004,-41.935483870967744,22.58064516129032,0,-90.2971290563379,-90.26793114777536,-89.82113392416312,-90.32238,-90.3628129197749
scene_0004,-35.483870967741936,22.58064516129032,0,-90.1890820244154,-90.16125966305631,-89.67213659385075,-90.22009,-90.38951848571489
scene_0004,-29.032258064516128,22.58064516129032,0,-90.13713942956579,-90.11071274598402,-89.62433881836307,-90.184555,-90.4218186459579
scene_0004,-22.580645161290334,22.58064516129032,0,-90.13888376624202,-90.11389660137924,-89.66950371931426,-90.20893,-90.42706010817724
scene_0004,-16.129032258064527,22.58064516129032,0,-90.19168543891452,-90.16820857020106,-89.79714596616292,-90.28492,-90.41917700916136
scene_0004,-9.677419354838719,22.58064516129032,1,-90.29275846205778,-90.27089196183178,-89.99505088282771,-90.32547,-90.32547349521606
scene_0004,-3.225806451612911,22.58064516129032,1,-90.43919856031403,-90.41907306119336,-90.24980912443725,-90.54564,-90.54563789494827
scene_0004,3.225806451612897,22.58064516129032,0,-90.62800893387302,-90.60978556371025,-90.54748863501239,-90.73829,-90.84061677458104
scene_0004,9.677419354838705,22.58064516129032,0,-90.8561180595364,-90.83998678323269,-90.87450509013846,-90.94519,-91.08280415914854
scene_0004,16.129032258064512,22.58064516129032,0,-91.12039314843541,-91.10656923308538,-91.21865526025786,-91.17677,-91.29198938148434
scene_0004,22.58064516129032,22.58064516129032,0,-91.41765226348465,-91.40637058331363,-91.57016243655787,-91.434204,-91.47951318092026
scene_0004,29.032258064516128,22.58064516129032,1,-91.74467756281251,-91.73618449675578,-91.92249729550466,-91.57347,-91.57347048678302
scene_0004,35.48387096774192,22.58064516129032,0,-92.09823161462913,-92.09277437652652,-92.27273965004828,-92.034546,-92.06630681817428
scene_0004,41.935483870967744,22.58064516129032,0,-92.47507815968099,-92.47289154984612,-92.62135909440454,-92.381,-92.4926720252138
scene_0004,48.38709677419354,22.58064516129032,0,-92.87200802846056,-92.8732988096396,-92.97146986449201,-92.75925,-92.89540374753929
scene_0004,54.83870967741933,22.58064516129032,0,-93.28587012748017,-93.29079950029956,-93.32776593773657,-93.168335,-93.21221241721173
scene_0004,61.29032258064515,22.58064516129032,0,-93.71360650834905,-93.72227146834852,-93.69539549483281,-93.60545,-93.50706546021979
scene_0004,67.74193548387095,22.58064516129032,0,-94.15228959132381,-94.16470425214027,-94.07898528043921,-94.06558,-93.86961743244274
scene_0004,74.19354838709677,22.58064516129032,0,-94.59915874823409,-94.61523696073576,-94.48192548945251,-94.5411,-94.33160936986226
scene_0004,80.64516129032256,22.58064516129032,0,-95.05165281193052,-95.07119354014976,-94.90593251709542,-95.02167,-94.87380165376453
scene_0004,87.09677419354838,22.58064516129032,1,-95.50743483108158,-95.53011171545583,-95.35085177498647,-95.374596,-95.37459644288518
scene_0004,93.54838709677418,22.58064516129032,1,-95.96440565553107,-95.98976198029801,-95.81464749426723,-95.736046,-95.73604991177838
scene_0004,100.0,22.58064516129032,0,-96.42070376588393,-96.44815366542892,-96.2935367140358,-96.36453,-96.23237148606859
scene_0004,-100.0,29.032258064516128,0,-93.9852059217591,-93.93278107133997,-94.88146099778568,-94.21457,-93.92385188169767
scene_0004,-93.54838709677419,29.032258064516128,0,-93.38136401364032,-93.33014610991681,-94.25440301034455,-93.71408,-93.59486286400116
scene_0004,-87.09677419354838,29.032258064516128,0,-92.82168921852907,-92.77146186235774,-93.58946519577579,-93.1686,-93.15921582834294
scene_0004,-80.64516129032259,29.032258064516128,0,-92.31230905398279,-92.26300589701415,-92.9073263759753,-92.610886,-92.6281781272776
scene_0004,-74.19354838709677,29.032258064516128,0,-91.85784429186917,-91.80948655307958,-92.23965529867888,-92.07756,-92.04203537026683
scene_0004,-67.74193548387098,29.032258064516128,1,-91.46139237613353,-91.41404705300465,-91.61907703424623,-91.402374,-91.40237780403865
scene_0004,-61.29032258064517,29.032258064516128,0,-91.12467592133106,-91.07843111963483,-91.07240394242679,-91.19499,-90.9802521263194
scene_0004,-54.83870967741936,29.032258064516128,1,-90.8482619964872,-90.8032146400927,-90.61808690169298,-90.51259,-90.51258953695142
scene_0004,-48.38709677419355,29.032258064516128,1,-90.63179207726125,-90.58804371129027,-90.26648336834887,-90.40857,-90.40857753611819
scene_0004,-41.935483870967744,29.032258064516128,0,-90.47419071766713,-90.43184812297358,-90.02128424917636,-90.46303,-90.47608541150808
scene_0004,-35.483870967741936,29.032258064516128,0,-90.37383987812913,-90.33301821472874,-89.8810714422629,-90.369255,-90.5415889319639
scene_0004,-29.032258064516128,29.032258064516128,1,-90.32871675409282,-90.28954373591013,-89.84058877608739,-90.63814,-90.63814562155373
scene_0004,-22.580645161290334,29.032258064516128,0,-90.33649836920978,-90.29911851226304,-89.89166240290238,-90.37428,-90.62800668385808
scene_0004,-16.129032258064527,29.032258064516128,0,-90.39463833677816,-90.35921665817442,-90.02386103528478,-90.45775,-90.63886158595906
scene_0004,-9.677419354838719,29.032258064516128,0,-90.5004215961143,-90.46714632820928,-90.22503695858147,-90.583336,-90.68598249340138
scene_0004,-3.225806451612911,29.032258064516128,0,-90.65100253970334,-90.62008651316752,-90.48189096686411,-90.74278,-90.81828466266487
scene_0004,3.225806451612897,29.032258064516128,0,-90.84343127988284,-90.81511166134192,-90.7806751589116,-90.930016,-91.02818621665357
scene_0004,9.677419354838705,29.032258064516128,0,-91.07467211169592,-91.04920818719773,-91.10808414324134,-91.14183,-91.2687755246027
scene_0004,16.129032258064512,29.032258064516128,0,-91.3416176082272,-91.31928630814062,-91.45228699509141,-91.37758,-91.50449701244597
scene_0004,22.58064516129032,29.032258064516128,0,-91.64110124810105,-91.62219013386341,-91.80394076502323,-91.63843,-91.73379241407505
scene_0004,29.032258064516128,29.032258064516128,0,-91.96991098958517,-91.95470848735891,-92.1569509341241,-91.92633,-91.99814245302153
scene_0004,35.48387096774192,29.032258064516128,0,-92.32480571953069,-92.31358850674256,-92.5087593199311,-92.24331,-92.34506078058182
scene_0004,41.935483870967744,29.032258064516128,0,-92.70253596199085,-92.69555360102821,-92.86006000975065,-92.59079,-92.75148413474878
scene_0004,48.38709677419354,29.032258064516128,1,-93.09986958498662,-93.09732675577193,-93.21401726541677,-93.36532,-93.36531243323583
scene_0004,54.83870967741933,29.032258064516128,0,-93.51362247323871,-93.51565947087474,-93.57519694131058,-93.37752,-93.43285917926758
scene_0004,61.29032258064515,29.032258064516128,1,-93.94069325691083,-93.94736576237298,-93.94846260132996,-93.62022,-93.6202138666795
scene_0004,67.74193548387095,29.032258064516128,0,-94.37810026715276,-94.38935972033383,-94.33803268417759,-94.27028,-94.08554573363676
scene_0004,74.19354838709677,29.032258064516128,1,-94.82301804362112,-94.83869418788692,-94.74679724146257,-94.39129,-94.39129003696253
scene_0004,80.64516129032256,29.032258064516128,0,-95.2728100988113,-95.29259736152426,-95.17590608806805,-95.21828,-95.1396656857155
scene_0004,87.09677419354838,29.032258064516128,0,-95.72505440768224,-95.74850368301823,-95.62459181161792,-95.686264,-95.68697551764687
scene_0004,93.54838709677418,29.032258064516128,0,-96.17755836318521,-96.20407545450647,-96.09018030203134,-96.132805,-96.153835128464
scene_0004,100.0,29.032258064516128,1,-96.62836076655816,-96.65721225109891,-96.5682534133783,-96.692,-96.69200366011114
scene_0004,-100.0,35.48387096774192,1,-94.09065769348837,-94.03252150877125,-95.01358864140919,-94.00109,-94.00109495947962
scene_0004,-93.54838709677419,35.48387096774192,0,-93.5084646803995,-93.45085846124687,-94.40890116779853,-93.809906,-93.74030061210436
scene_0004,-87.09677419354838,35.48387096774192,0,-92.97006917480111,-92.9127242339999,-93.7761328675721,-93.27999,-93.31704856623259
scene_0004,-80.64516129032259,35.48387096774192,0,-92.48074156958961,-92.42360740861872,-93.13068759238749,-92.738075,-92.78685148824435
scene_0004,-74.19354838709677,35.48387096774192,0,-92.04461310071231,-91.98777646446337,-92.49924957179026,-92.22009,-92.20685139472789
scene_0004,-67.74193548387098,35.48387096774192,0,-91.6645652512197,-91.60819122138855,-91.91105675174683,-91.756256,-91.6493495903106
scene_0004,-61.29032258064517,35.48387096774192,0,-91.34228857461801,-91.2865820290115,-91.39129678374053,-91.3652,-91.1837590984567
scene_0004,-54.83870967741936,35.48387096774192,0,-91.07842965597246,-91.02361280070795,-90.95806063751405,-91.05403,-90.85874427404548
scene_0004,-48.38709677419355,35.48387096774192,0,-90.87276871779103,-90.81907001636077,-90.62201445091532,-90.822464,-90.70689090463918
scene_0004,-41.935483870967744,35.48387096774192,0,-90.72439341088783,-90.67204390651811,-90.38739757674641,-90.66693,-90.69675142040634
scene_0004,-35.483870967741936,35.48387096774192,0,-90.63185157720362,-90.58108557367248,-90.25334913240295,-90.5827,-90.75449451761219
scene_0004,-29.032258064516128,35.48387096774192,0,-90.59327681817022,-90.54433477578421,-90.21509098530953,-90.56421,-90.82075988031218
scene_0004,-22.580645161290334,35.48387096774192,0,-90.60648692092434,-90.55961910932729,-90.2648456484331,-90.60451,-90.87081590186583
scene_0004,-16.129032258064527,35.48387096774192,0,-90.66905822138528,-90.6245281418655,-90.39254076158673,-90.6952,-90.9202862283472
scene_0004,-9.677419354838719,35.48387096774192,0,-90.77838013393026,-90.73646702053341,-90.58641734752615,-90.82718,-90.99495163176181
scene_0004,-3.225806451612911,35.48387096774192,0,-90.93169424227145,-90.89269412310578,-90.83366680500227,-90.992165,-91.11210016164
scene_0004,3.225806451612897,35.48387096774192,0,-91.12612206205694,-91.09034695536488,-91.1211907423571,-91.18408,-91.29436616884217
scene_0004,9.677419354838705,35.48387096774192,0,-91.35868514396878,-91.32646001606672,-91.43651119321235,-91.399704,-91.53476666273397
scene_0004,16.129032258064512,35.48387096774192,0,-91.62632072258958,-91.59797787839588,-91.76876349107044,-91.6384,-91.80531531562622
scene_0004,22.58064516129032,35.48387096774192,0,-91.92589567453153,-91.90176631304155,-92.10960758864887,-91.90129,-92.08064260672742
scene_0004,29.032258064516128,35.48387096774192,0,-92.25422112049513,-92.23462389011513,-92.45384347792601,-92.19033,-92.35850556714558
scene_0004,35.48387096774192,35.48387096774192,0,-92.60806955467835,-92.59329610479409,-92.79955419088108,-92.507484,-92.65505314757966
scene_0004,41.935483870967744,35.48387096774192,0,-92.98419586745716,-92.9744936233979,-93.14772381778178,-92.85414,-92.97538258173344
scene_0004,48.38709677419354,35.48387096774192,0,-93.37936300654056,-93.37491569390465,-93.50143122349918,-93.23065,-93.31333779370706
scene_0004,54.83870967741933,35.48387096774192,0,-93.7903722825473,-93.79127907617067,-93.86482605581612,-93.635956,-93.6592375970306
scene_0004,61.29032258064515,35.48387096774192,0,-94.21409748736275,-94.22035202322698,-94.24210972293099,-94.0672,-94.020199660634
scene_0004,67.74193548387095,35.48387096774192,0,-94.64752112302166,-94.65899193273765,-94.63668447905611,-94.519356,-94.4477799960093
scene_0004,74.19354838709677,35.48387096774192,0,-95.08777024653212,-95.10418438636583,-95.05054660889016,-94.98498,-94.9663725475408
scene_0004,80.64516129032256,35.48387096774192,1,-95.53214886647359,-95.55308055018818,-95.48392868364095,-95.67409,-95.67408839966903
scene_0004,87.09677419354838,35.48387096774192,0,-95.97816362992754,-96.00302949027791,-95.93515987704825,-95.914505,-96.04920015627269
scene_0004,93.54838709677418,35.48387096774192,0,-96.42353982860018,-96.45160201644651,-96.40070871943877,-96.35338,-96.44738827139433
scene_0004,100.0,35.48387096774192,0,-96.8662255713989,-96.89660329206427,-96.87538502228706,-96.75897,-96.67840574677118
scene_0004,-100.0,41.935483870967744,0,-94.23402197260177,-94.17385122118031,-95.1828430128136,-94.405304,-94.2264380328693
scene_0004,-93.54838709677419,41.935483870967744,0,-93.67797013176093,-93.61793024839375,-94.61082597611997,-93.93838,-93.96426118424438
scene_0004,-87.09677419354838,41.935483870967744,0,-93.16509962386556,-93.10478449714451,-94.02458945134485,-93.4288,-93.5470006653785
scene_0004,-80.64516129032259,41.935483870967744,0,-92.69969956524636,-92.63899558444027,-93.43242592637685,-92.9075,-93.01774438371262
scene_0004,-74.19354838709677,41.935483870967744,0,-92.28532329790715,-92.22431643820411,-92.8538186985672,-92.40936,-92.45538654940665
scene_0004,-67.74193548387098,41.935483870967744,0,-91.92458608248081,-91.86348810534815,-92.31273948014866,-91.96394,-91.93249192746427
scene_0004,-61.29032258064517,41.935483870967744,0,-91.61912944690421,-91.5582248572924,-91.83158107192305,-91.58952,-91.50441556946603
scene_0004,-54.83870967741936,41.935483870967744,0,-91.36968777499037,-91.3092990362283,-91.42759652840896,-91.2933,-91.20509035940194
scene_0004,-48.38709677419355,41.935483870967744,0,-91.17620516193836,-91.1166720791494,-91.11176165233434,-91.07509,-91.04444379990244
scene_0004,-41.935483870967744,41.935483870967744,0,-91.03796714629324,-90.9796362712595,-90.88911968817798,-90.93149,-90.99768068123498
scene_0004,-35.483870967741936,41.935483870967744,0,-90.9537265088302,-90.89694705379893,-90.759723017175,-90.85791,-91.0183967435357
scene_0004,-29.032258064516128,41.935483870967744,0,-90.92181291597761,-90.86693647256588,-90.71965171686358,-90.848854,-91.06747753055464
scene_0004,-22.580645161290334,41.935483870967744,0,-90.94022294216508,-90.88760503190736,-90.76190841006303,-90.89744,-91.12622199452903
scene_0004,-16.129032258064527,41.935483870967744,0,-91.00669086037456,-90.95669290887258,-90.87717810757098,-90.99527,-91.19637427585494
scene_0004,-9.677419354838719,41.935483870967744,1,-91.11874252544601,-91.07173325021256,-91.05452624848851,-91.43951,-91.43950858896667
scene_0004,-3.225806451612911,41.935483870967744,0,-91.27373546362247,-91.2300909288004,-91.28212495558587,-91.30326,-91.40299047653015
scene_0004,3.225806451612897,41.935483870967744,0,-91.4688884487645,-91.42899020941547,-91.54806792980455,-91.49913,-91.5796830566741
scene_0004,9.677419354838705,41.935483870967744,0,-91.70130370952079,-91.66553458434278,-91.84126993617508,-91.71769,-91.83556306541635
scene_0004,16.129032258064512,41.935483870967744,0,-91.96798464517968,-91.93672175509717,-92.15236431856974,-91.95831,-92.1551545260078
scene_0004,22.58064516129032,41.935483870967744,0,-92.2658516081105,-92.23945642995639,-92.47444307305372,-92.22211,-92.48182016150704
scene_0004,29.032258064516128,41.935483870967744,0,-92.59175795597923,-92.57056329088014,-92.80346789792875,-92.51098,-92.7650858750704
scene_0004,35.48387096774192,41.935483870967744,0,-92.94250817301409,-92.92680213664836,-93.13823933802891,-92.82684,-93.0072236012881
scene_0004,41.935483870967744,41.935483870967744,0,-93.31487937870631,-93.30488679403216,-93.47992629095145,-93.17102,-93.24082198274299
scene_0004,48.38709677419354,41.935483870967744,1,-93.70564695964211,-93.7015088667482,-93.83127560117936,-93.27748,-93.27748707203106
scene_0004,54.83870967741933,41.935483870967744,1,-94.11161436871521,-94.11336673784666,-94.19568653401984,-94.03076,-94.03076019818855
scene_0004,61.29032258064515,41.935483870967744,0,-94.52964635999693,-94.53719945923531,-94.57632814813053,-94.36906,-94.38184199192712
scene_0004,67.74193548387095,41.935483870967744,1,-94.9567041312925,-94.96982429864258,-94.97542034564134,-94.89849,-94.89848805492038
scene_0004,74.19354838709677,41.935483870967744,0,-95.38988013422284,-95.4081758645036,-95.39373059872041,-95.27066,-95.40469921478052
scene_0004,80.64516129032256,41.935483870967744,0,-95.8264298157148,-95.84934403071004,-95.83028798524879,-95.73027,-95.9471646873046
scene_0004,87.09677419354838,41.935483870967744,0,-96.26379740881119,-96.2906074940055,-96.28229427399249,-96.18077,-96.40623754629942
scene_0004,93.54838709677418,41.935483870967744,0,-96.69963319416176,-96.72945985798864,-96.7452124886458,-96.60968,-96.72555252350423
scene_0004,100.0,41.935483870967744,0,-97.1318004350885,-97.1636257279941,-97.21302351308636,-97.00575,-96.86384506966962
scene_0004,-100.0,48.38709677419354,0,-94.40792363933484,-94.34914144884783,-95.38364820751404,-94.54189,-94.42272972100353
scene_0004,-93.54838709677419,48.38709677419354,1,-93.88063566972068,-93.82202330406702,-94.8438538637765,-94.324715,-94.32471428475579
scene_0004,-87.09677419354838,48.38709677419354,0,-93.39613872713484,-93.33706769017087,-94.30732992574858,-93.61365,-93.78808252100103
scene_0004,-80.64516129032259,48.38709677419354,0,-92.95758556317668,-92.89778834854724,-93.77533666778686,-93.11755,-93.26791074229712
scene_0004,-74.19354838709677,48.38709677419354,0,-92.5678021622474,-92.50727809333105,-93.25912967267703,-92.6436,-92.73133046287114
scene_0004,-67.74193548387098,48.38709677419354,0,-92.22901434639239,-92.16794717280222,-92.77574491613976,-92.22044,-92.25078387556509
scene_0004,-61.29032258064517,48.38709677419354,0,-91.94272579896493,-91.88141863668392,-92.34312859196248,-91.86599,-91.8665946884133
scene_0004,-54.83870967741936,48.38709677419354,0,-91.70970360517052,-91.64853167596192,-91.97649237194449,-91.58738,-91.59249093763621
scene_0004,-48.38709677419355,48.38709677419354,0,-91.5300289854558,-91.46940778870152,-91.68646686823324,-91.38467,-91.42366675158812
scene_0004,-41.935483870967744,48.38709677419354,0,-91.40318004316812,-91.34354552913052,-91.47869502141384,-91.25465,-91.34070868511728
scene_0004,-35.483870967741936,48.38709677419354,0,-91.32812398388694,-91.26992128418797,-91.35424222838753,-91.192894,-91.32022099113618
scene_0004,-29.032258064516128,48.38709677419354,0,-91.30340537292327,-91.2470831172172,-91.31033304653961,-91.194046,-91.34560752355796
scene_0004,-22.580645161290334,48.38709677419354,0,-91.32722365555702,-91.27323151042262,-91.34115195998208,-91.25129,-91.40357976164353
scene_0004,-16.129032258064527,48.38709677419354,0,-91.39749752279057,-91.34628515175905,-91.43862191655055,-91.35634,-91.47362538879824
scene_0004,-9.677419354838719,48.38709677419354,1,-91.51191630029902,-91.46393239701692,-91.59316967429596,-91.389755,-91.3897522756897
scene_0004,-3.225806451612911,48.38709677419354,0,-91.6679799337671,-91.62367031888286,-91.79451461758012,-91.67479,-91.6933703018779
scene_0004,3.225806451612897,48.38709677419354,0,-91.86302979172854,-91.8228338114522,-92.03249655305422,-91.874054,-91.87776475256655
scene_0004,9.677419354838705,48.38709677419354,0,-92.09427272076101,-92.05861737427726,-92.29790687028304,-92.09485,-92.1472094249752
scene_0004,16.129032258064512,48.38709677419354,0,-92.35880076148725,-92.32809214968277,-92.58323017004292,-92.33656,-92.52372082235209
scene_0004,22.58064516129032,48.38709677419354,0,-92.65360877266377,-92.62822063316756,-92.88316968031039,-92.60028,-92.9133590502104
scene_0004,29.032258064516128,48.38709677419354,0,-92.97561196004958,-92.95587125902982,-93.19484425951404,-92.88786,-93.20798386052829
scene_0004,35.48387096774192,48.38709677419354,0,-93.32166497534206,-93.30783478240625,-93.51761047778531,-93.20113,-93.42375522467633
scene_0004,41.935483870967744,48.38709677419354,0,-93.6885838291292,-93.68084401391795,-93.85255412028114,-93.54137,-93.62874406194061
scene_0004,48.38709677419354,48.38709677419354,0,-94.0731713398987,-94.07159798788885,-94.20177025650041,-93.90878,-93.90289164747256
scene_0004,54.83870967741933,48.38709677419354,0,-94.47224622116121,-94.47679104318148,-94.56757968142627,-94.302246,-94.2976174465154
scene_0004,61.29032258064515,48.38709677419354,0,-94.88267521855863,-94.89314657526319,-94.95180997622666,-94.718895,-94.7647930607799
scene_0004,67.74193548387095,48.38709677419354,0,-95.30140700939923,-95.31745442424454,-95.35522289949448,-95.15385,-95.2770836365629
scene_0004,74.19354838709677,48.38709677419354,0,-95.7255059620247,-95.74661008412738,-95.7771229518019,-95.59997,-95.81783871883783
scene_0004,80.64516129032256,48.38709677419354,0,-96.15218343670718,-96.17765327823939,-96.21515182226474,-96.04782,-96.33862912440726
scene_0004,87.09677419354838,48.38709677419354,0,-96.57882420641558,-96.60780308639556,-96.6652632582666,-96.486115,-96.76212730142952
scene_0004,93.54838709677418,48.38709677419354,0,-97.00300586469056,-97.03448685492123,-97.12187570319232,-96.90289,-97.02019944810482
scene_0004,100.0,48.38709677419354,0,-97.42250978465223,-97.4553606374969,-97.57820415188522,-97.287415,-97.07758631861276
scene_0004,-100.0,54.83870967741933,0,-94.60718724472903,-94.55237480941432,-95.6184521100096,-94.70451,-94.57094980876587
scene_0004,-93.54838709677419,54.83870967741933,0,-94.10904777123204,-94.05499954206759,-95.10060389763423,-94.28834,-94.36685784784254
scene_0004,-87.09677419354838,54.83870967741933,0,-93.65392925968749,-93.59973639499566,-94.60505757650262,-93.833,-93.99396844730602
scene_0004,-80.64516129032259,54.83870967741933,0,-93.24371692460333,-93.18887820675107,-94.12793891661588,-93.366486,-93.5080731438027
scene_0004,-74.19354838709677,54.83870967741933,0,-92.88034263193823,-92.82468194090632,-93.67302119111109,-92.92087,-93.00810828003361
scene_0004,-67.74193548387098,54.83870967741933,0,-92.56547552805182,-92.509060865105,-93.24984579548828,-92.52366,-92.57699484589332
scene_0004,-61.29032258064517,54.83870967741933,0,-92.30033578935985,-92.243408635763,-92.87053780089346,-92.1923,-92.24092892695423
scene_0004,-54.83870967741936,54.83870967741933,0,-92.08560908000878,-92.02852782763122,-92.54674401807321,-91.933914,-91.99478540455387
scene_0004,-48.38709677419355,54.83870967741933,0,-91.92143252338352,-91.86463016049159,-92.28753330954406,-91.7488,-91.82262285795451
scene_0004,-41.935483870967744,54.83870967741933,0,-91.80742492487751,-91.75137915640134,-92.09840262157618,-91.63399,-91.71056981897186
scene_0004,-35.483870967741936,54.83870967741933,0,-91.74273982180978,-91.68795298474694,-91.98112912683833,-91.585266,-91.65857812933672
scene_0004,-29.032258064516128,54.83870967741933,1,-91.72612650262705,-91.67311255414134,-91.93412576800671,-91.63319,-91.63318166340112
scene_0004,-22.580645161290334,54.83870967741933,0,-91.75598982633502,-91.70526596770485,-91.95304253920122,-91.6638,-91.74509744556428
scene_0004,-16.129032258064527,54.83870967741933,0,-91.83044395768493,-91.78252487207409,-92.0314724038193,-91.77624,-91.84172276993046
scene_0004,-9.677419354838719,54.83870967741933,0,-91.94735806312866,-91.90275116002414,-92.16170326342736,-91.92592,-91.94895880531521
scene_0004,-3.225806451612911,54.83870967741933,0,-92.10439386226567,-92.06359428313917,-92.33549130188683,-92.1048,-92.08290082225373
scene_0004,3.225806451612897,54.83870967741933,0,-92.29903600827733,-92.26252044827775,-92.54482526298804,-92.30704,-92.2468619046546
scene_0004,9.677419354838705,54.83870967741933,1,-92.5286168374292,-92.49683549151455,-92.78262434236183,-92.33717,-92.33716718856662
scene_0004,16.129032258064512,54.83870967741933,0,-92.7903372680227,-92.76370344129472,-93.04328720337688,-92.7716,-92.89045222546565
scene_0004,22.58064516129032,54.83870967741933,1,-93.08128566135062,-93.06016281838124,-93.32300728980925,-93.52029,-93.52029279291767
scene_0004,29.032258064516128,54.83870967741933,0,-93.39845634654763,-93.38314263536708,-93.61980035630886,-93.31969,-93.6388370328266
scene_0004,35.48387096774192,54.83870967741933,0,-93.73876928696217,-93.72947987424331,-93.93324639916398,-93.62922,-93.86689768607654
scene_0004,41.935483870967744,54.83870967741933,0,-94.09909203681084,-94.09593993355256,-94.26400753073406,-93.96417,-94.08916071593
scene_0004,48.38709677419354,54.83870967741933,0,-94.47626470680873,-94.47924113430474,-94.6132218392734,-94.32472,-94.36410063784072
scene_0004,54.83870967741933,54.83870967741933,0,-94.86712813712303,-94.87608384831358,-94.98187952684269,-94.70967,-94.72652601889111
scene_0004,61.29032258064515,54.83870967741933,0,-95.26855489468915,-95.28318417492478,-95.37026723039492,-95.11618,-95.17042263468127
scene_0004,67.74193548387095,54.83870967741933,0,-95.67748212390016,-95.69731138334072,-95.77753522013435,-95.53949,-95.67657117933848
scene_0004,74.19354838709677,54.83870967741933,0,-96.0909447637129,-96.11532763446725,-96.20141543194606,-95.97267,-96.2174890985641
scene_0004,80.64516129032256,54.83870967741933,0,-96.50610729408956,-96.53422790599507,-96.63810375635863,-96.40665,-96.73369334439488
scene_0004,87.09677419354838,54.83870967741933,0,-96.92029208012269,-96.95117768851033,-97.08231659015972,-96.83063,-97.1391950379897
scene_0004,93.54838709677418,54.83870967741933,0,-97.33100260344555,-97.36354600477003,-97.52753184315254,-97.23323,-97.34943965564631
scene_0004,100.0,54.83870967741933,0,-97.73594041345753,-97.76893168482415,-97.96641805476993,-97.6043,-97.32564304050968
scene_0004,-100.0,61.29032258064515,0,-94.830545163381,-94.78097564726461,-95.90044319514038,-94.891396,-94.6890761506445
scene_0004,-93.54838709677419,61.29032258064515,0,-94.3595784836269,-94.31194025100503,-95.38910940538834,-94.50642,-94.51671147905355
scene_0004,-87.09677419354838,61.29032258064515,0,-93.93270863044546,-93.88580495312759,-94.91748787856136,-94.08441,-94.19513625633657
scene_0004,-80.64516129032259,61.29032258064515,0,-93.5505028567019,-93.50355618826427,-94.47935899849688,-93.65155,-93.76203837825369
scene_0004,-74.19354838709677,61.29032258064515,1,-93.21387198876994,-93.16646391894052,-94.07327114022601,-93.22847,-93.22847648796537
scene_0004,-67.74193548387098,61.29032258064515,0,-92.92376522460066,-92.87576793760346,-93.70232917873281,-92.87021,-92.92666957186766
scene_0004,-61.29032258064517,61.29032258064515,0,-92.68095147015293,-92.63246072887794,-93.37265130928812,-92.56488,-92.63657541091393
scene_0004,-54.83870967741936,61.29032258064515,1,-92.48588334289862,-92.43715915604588,-93.09134212086177,-92.38212,-92.38211528305017
scene_0004,-48.38709677419355,61.29032258064515,0,-92.33862875733557,-92.29004647311822,-92.86470406118538,-92.163605,-92.24529090429922
scene_0004,-41.935483870967744,61.29032258064515,0,-92.23885147670245,-92.19086358326689,-92.69705789687717,-92.06552,-92.10591067960686
scene_0004,-35.483870967741936,61.29032258064515,0,-92.18582323871851,-92.1389306776888,-92.59021419487635,-92.03098,-92.03687347930098
scene_0004,-29.032258064516128,61.29032258064515,0,-92.17845350313,-92.1331846156634,-92.54345999613005,-92.05495,-92.06136375545965
scene_0004,-22.580645161290334,61.29032258064515,0,-92.21532681650632,-92.17222187557716,-92.55388610436428,-92.13093,-92.16776172336984
scene_0004,-16.129032258064527,61.29032258064515,0,-92.29474133177753,-92.25434074117516,-92.61691232916593,-92.25097,-92.31355017349134
scene_0004,-9.677419354838719,61.29032258064515,0,-92.41474480855223,-92.3775793089664,-92.72691212322457,-92.40642,-92.46121948077239
scene_0004,-3.225806451612911,61.29032258064515,0,-92.57316643083448,-92.53974795352889,-92.87786601500858,-92.589424,-92.59610828124445
scene_0004,3.225806451612897,61.29032258064515,0,-92.76764413125298,-92.73845623714847,-93.06398125570185,-92.79427,-92.72803137685436
scene_0004,9.677419354838705,61.29032258064515,1,-92.99564796242508,-92.971135088013,-93.28021298353542,-92.95427,-92.95427686886126
scene_0004,16.129032258064512,61.29032258064515,1,-93.25450054815394,-93.2350555564222,-93.52262400800126,-93.16237,-93.16236557906404
scene_0004,22.58064516129032,61.29032258064515,1,-93.54139588669798,-93.52734570545421,-93.78853651785383,-93.70644,-93.70644735486444
scene_0004,29.032258064516128,61.29032258064515,0,-93.85341783614862,-93.84500727179136,-94.07646097945465,-93.803085,-94.00324324993113
scene_0004,35.48387096774192,61.29032258064515,0,-94.18755952953488,-94.18493367927148,-94.38582664206707,-94.10786,-94.28493464064366
scene_0004,41.935483870967744,61.29032258064515,0,-94.54074476677661,-94.54393081302854,-94.716570992033,-94.436356,-94.55735097106003
scene_0004,48.38709677419354,61.29032258064515,0,-94.90985212568131,-94.91874166421177,-95.06866191577016,-94.78868,-94.84982408197158
scene_0004,54.83870967741933,61.29032258064515,1,-95.29174214043013,-95.30607553237408,-95.44162445895057,-95.1806,-95.18061058488806
scene_0004,61.29032258064515,61.29032258064515,0,-95.68328743987445,-95.70264193492731,-95.83413016655552,-95.55835,-95.60359286987534
scene_0004,67.74193548387095,61.29032258064515,0,-96.08140526240413,-96.10518875315685,-96.2436904816429,-95.96823,-96.0839939205541
scene_0004,74.19354838709677,61.29032258064515,0,-96.4830913289073,-96.51054350294646,-96.66648375855323,-96.38658,-96.61599297609717
scene_0004,80.64516129032256,61.29032258064515,0,-96.88545373045359,-96.91565604243857,-97.09733995857874,-96.80475,-97.12723392278684
scene_0004,87.09677419354838,61.29032258064515,0,-97.28574533944683,-97.31764061884645,-97.52990420121412,-97.21248,-97.51912837862736
scene_0004,93.54838709677418,61.29032258064515,0,-97.68139332691563,-97.71381500440208,-97.9569922200936,-97.599045,-97.68575293353118
scene_0004,100.0,61.29032258064515,0,-98.07002466903931,-98.10173463245859,-98.3711291091214,-97.95494,-97.5691690778149
scene_0004,-100.0,67.74193548387095,0,-95.08152052349935,-95.03697207370281,-96.24980103571463,-95.09941,-94.80258285768602
scene_0004,-93.54838709677419,67.74193548387095,0,-94.63364724155389,-94.59265740617964,-95.73077102686148,-94.7489,-94.68205155964861
scene_0004,-87.09677419354838,67.74193548387095,0,-94.23180153593282,-94.19293579119204,-95.26441803358422,-94.36374,-94.42586487372824
scene_0004,-80.64516129032259,67.74193548387095,0,-93.87529584914202,-93.83751152346184,-94.8447947291682,-93.968,-94.06298518938956
scene_0004,-74.19354838709677,67.74193548387095,0,-93.56398050275249,-93.52659424577219,-94.46799402975168,-93.58995,-93.67029689579428
scene_0004,-67.74193548387098,67.74193548387095,0,-93.29797656937536,-93.26061626461318,-94.13288722346653,-93.254425,-93.32598655560278
scene_0004,-61.29032258064517,67.74193548387095,1,-93.0774579921094,-93.0400082279073,-93.84078213443836,-92.98375,-92.9837516051277
scene_0004,-54.83870967741936,67.74193548387095,1,-92.9024918287064,-92.86503984703108,-93.59443929619962,-92.999985,-92.99998683217666
scene_0004,-48.38709677419355,67.74193548387095,0,-92.77293359331324,-92.73572011824979,-93.39691784422718,-92.62239,-92.68956785499842
scene_0004,-41.935483870967744,67.74193548387095,0,-92.688368298487,-92.65174538965256,-93.25060480594965,-92.54239,-92.5242771429696
scene_0004,-35.483870967741936,67.74193548387095,0,-92.64808566467458,-92.61248204173933,-93.1566012539314,-92.52301,-92.44972271760936
scene_0004,-29.032258064516128,67.74193548387095,0,-92.65107851516552,-92.61697170703464,-93.11448609439185,-92.55946,-92.50214519569532
scene_0004,-22.580645161290334,67.74193548387095,0,-92.69605527322526,-92.66394936484252,-93.12239153617679,-92.64548,-92.64839782048197
scene_0004,-16.129032258064527,67.74193548387095,1,-92.78145978873945,-92.75186732644592,-93.17729500562899,-92.914246,-92.91425234596103
scene_0004,-9.677419354838719,67.74193548387095,0,-92.90549390445673,-92.87892054279503,-93.2754341119754,-92.93451,-93.03659010221739
scene_0004,-3.225806451612911,67.74193548387095,0,-93.066139984698,-93.04307061244958,-93.41276256765545,-93.12148,-93.1848481233464
scene_0004,3.225806451612897,67.74193548387095,0,-93.26118201459457,-93.24206732165287,-93.58537615993392,-93.32864,-93.27382662967653
scene_0004,9.677419354838705,67.74193548387095,0,-93.48822487176143,-93.47346757764518,-93.78984903786657,-93.5531,-93.39886323926764
scene_0004,16.129032258064512,67.74193548387095,0,-93.74471204521741,-93.73465229197149,-94.02343561011782,-93.79426,-93.63966015557232
scene_0004,22.58064516129032,67.74193548387095,0,-94.02794249991527,-94.02284221572035,-94.28411459678968,-94.05312,-93.98209261331812
scene_0004,29.032258064516128,67.74193548387095,0,-94.33508761733063,-94.33511398464185,-94.57047733809375,-94.331345,-94.33509194211473
scene_0004,35.48387096774192,67.74193548387095,0,-94.66320922373775,-94.6684177360048,-94.88148685534742,-94.63049,-94.67332907010794
scene_0004,41.935483870967744,67.74193548387095,1,-95.00927967364214,-95.01959762723106,-95.21615150530491,-95.06868,-95.06867952159071
scene_0004,48.38709677419354,67.74193548387095,0,-95.37020480240079,-95.38541642133218,-95.57316442986814,-95.29449,-95.34455386013141
scene_0004,54.83870967741933,67.74193548387095,0,-95.74285031255606,-95.76258500363988,-95.95055869595208,-95.65812,-95.69219148781528
scene_0004,61.29032258064515,67.74193548387095,0,-96.12407182971717,-96.1477972610843,-96.34542231793151,-96.03964,-96.07721592792939
scene_0004,67.74193548387095,67.74193548387095,1,-96.51074848155366,-96.53777020714713,-96.75371170033374,-96.446144,-96.44614017279056
scene_0004,74.19354838709677,67.74193548387095,0,-96.89981945403198,-96.92928861288534,-97.17019838378619,-96.83648,-97.01685114849569
scene_0004,80.64516129032256,67.74193548387095,0,-97.28832260765168,-97.31925277221595,-97.58858032936622,-97.237175,-97.48640488512007
scene_0004,87.09677419354838,67.74193548387095,0,-97.67343394051414,-97.70472747258852,-98.00177963959283,-97.627014,-97.8249046428404
scene_0004,93.54838709677418,67.74193548387095,1,-98.05250650402621,-98.0829898504079,-98.40242655828034,-98.16502,-98.16502664788675
scene_0004,100.0,67.74193548387095,0,-98.42310733146093,-98.45157365911939,-98.78349121374791,-98.33518,-97.71509268744626
scene_0004,-100.0,74.19354838709677,0,-95.36822146060592,-95.32714003423715,-96.68547740652872,-95.323654,-94.9038192392092
scene_0004,-93.54838709677419,74.19354838709677,1,-94.93788499204875,-94.90222664900509,-96.15105093807759,-94.89313,-94.89313192422014
scene_0004,-87.09677419354838,74.19354838709677,1,-94.55617461772661,-94.52436152138417,-95.67623082012078,-94.68899,-94.68898617506987
scene_0004,-80.64516129032259,74.19354838709677,0,-94.22132028307229,-94.19210712324849,-95.25728504273874,-94.30849,-94.39007992663348
scene_0004,-74.19354838709677,74.19354838709677,0,-93.93217761238483,-93.90464512984266,-94.89026186665373,-93.96838,-94.06646834607298
scene_0004,-67.74193548387098,74.19354838709677,0,-93.6880195029788,-93.66154938753566,-94.57220208757376,-93.667435,-93.75876763374893
scene_0004,-61.29032258064517,74.19354838709677,0,-93.4883451283931,-93.46258329672318,-94.30153115629594,-93.421135,-93.5152536452231
scene_0004,-54.83870967741936,74.19354838709677,1,-93.3327219786841,-93.30753639300906,-94.07785811585973,-93.3498,-93.34980396091561
scene_0004,-48.38709677419355,74.19354838709677,0,-93.22066611806059,-93.19610390531975,-93.90145834930993,-93.114746,-93.13587602691109
scene_0004,-41.935483870967744,74.19354838709677,0,-93.15155893061845,-93.12780597337542,-93.77269212206073,-93.05378,-92.97374220248267
scene_0004,-35.483870967741936,74.19354838709677,1,-93.12459482104516,-93.10193953195073,-93.69153402373618,-92.79878,-92.79878500601865
scene_0004,-29.032258064516128,74.19354838709677,0,-93.13875290548849,-93.11755474561097,-93.65729737008928,-93.09973,-93.00929808540343
scene_0004,-22.580645161290334,74.19354838709677,0,-93.19278585600472,-93.17344836442135,-93.66856277142126,-93.196045,-93.18748789577941
scene_0004,-16.129032258064527,74.19354838709677,1,-93.28522004250661,-93.2681676777878,-93.72327334874836,-93.24382,-93.24381623890388
scene_0004,-9.677419354838719,74.19354838709677,0,-93.41436243187204,-93.40002031663181,-93.81893764014131,-93.49869,-93.62986238736633
scene_0004,-3.225806451612911,74.19354838709677,1,-93.57831103266854,-93.5670866675109,-93.95287674233523,-93.975555,-93.97555561759404
scene_0004,3.225806451612897,74.19354838709677,0,-93.77496684915101,-93.76723296243657,-94.1224575867987,-93.8987,-93.82328356637261
scene_0004,9.677419354838705,74.19354838709677,0,-94.00204626757805,-93.99812415085194,-94.32526559764017,-94.12358,-93.898843119113
scene_0004,16.129032258064512,74.19354838709677,1,-94.2570935387073,-94.25723645894286,-94.55918551516307,-94.010155,-94.01015096330958
scene_0004,22.58064516129032,74.19354838709677,0,-94.53749356661896,-94.5418701312564,-94.82237724332148,-94.619675,-94.36816226028391
scene_0004,29.032258064516128,74.19354838709677,0,-94.84048559616633,-94.84916326564424,-95.11315174842517,-94.8934,-94.70516946807479
scene_0004,35.48387096774192,74.19354838709677,1,-95.16317863516213,-95.17610791902983,-95.42976749294556,-95.030045,-95.03004494223761
scene_0004,41.935483870967744,74.19354838709677,0,-95.50256956953349,-95.51956978775395,-95.77017865431911,-95.49903,-95.46542326976193
scene_0004,48.38709677419354,74.19354838709677,0,-95.85556493745909,-95.87631274784502,-96.13177222145758,-95.83174,-95.85463441787225
scene_0004,54.83870967741933,74.19354838709677,0,-96.21900722230433,-96.24302936404078,-96.51113339894269,-96.183075,-96.2292531689151
scene_0004,61.29032258064515,74.19354838709677,0,-96.58970630172176,-96.61637812731922,-96.90387951197663,-96.5503,-96.60193050318196
scene_0004,67.74193548387095,74.19354838709677,1,-96.96447635185984,-96.99302765411798,-97.30460259570847,-96.9657,-96.96569881814439
scene_0004,74.19354838709677,74.19354838709677,0,-97.34017805978182,-97.369707392317,-97.70695834982057,-97.31335,-97.4114628480923
scene_0004,80.64516129032256,74.19354838709677,0,-97.71376546576676,-97.74326357635543,-98.10392957479775,-97.69533,-97.77091798707153
scene_0004,87.09677419354838,74.19354838709677,0,-98.08233617846575,-98.11071833903397,-98.48826978138179,-98.06602,-97.97273469694679
scene_0004,93.54838709677418,74.19354838709677,0,-98.44318313494306,-98.46932913431742,-98.85309445129622,-98.416145,-97.9502641175366
scene_0004,100.0,74.19354838709677,0,-98.79384558231386,-98.8166450829243,-99.19253890535644,-98.73757,-97.6799381911473
scene_0004,-100.0,80.64516129032256,0,-95.70216285994618,-95.66212025644953,-97.21668514101425,-95.55731,-94.97141376433832
scene_0004,-93.54838709677419,80.64516129032256,0,-95.2831751362968,-95.25038170658229,-96.66833507195224,-95.28214,-94.97199932612106
scene_0004,-87.09677419354838,80.64516129032256,0,-94.91577116929801,-94.88861961897192,-96.18009506773815,-94.97748,-94.88240224968378
scene_0004,-80.64516129032259,80.64516129032256,0,-94.59734702162774,-94.57448391993123,-95.75169715025413,-94.66287,-94.70418414028144
scene_0004,-74.19354838709677,80.64516129032256,0,-94.3259196510835,-94.30625970292687,-95.38089867815555,-94.362144,-94.45916916727651
scene_0004,-67.74193548387098,80.64516129032256,0,-94.09998491640955,-94.08270648442281,-95.06489725852946,-94.09702,-94.18619168869454
scene_0004,-61.29032258064517,80.64516129032256,0,-93.9183686828427,-93.90289555076976,-94.80113487215286,-93.88228,-93.95043310016447
scene_0004,-54.83870967741936,80.64516129032256,0,-93.78008942003909,-93.76606353713073,-94.58760288966334,-93.72491,-93.76996166095617
scene_0004,-48.38709677419355,80.64516129032256,0,-93.68424199585773,-93.67149134391612,-94.4228097776058,-93.62631,-93.58832379357668
scene_0004,-41.935483870967744,80.64516129032256,0,-93.62990609578162,-93.61841094422041,-94.3055757508034,-93.584885,-93.46573950440352
scene_0004,-35.483870967741936,80.64516129032256,0,-93.61607854874437,-93.60593838171427,-94.23478872735232,-93.597626,-93.46570479801943
scene_0004,-29.032258064516128,80.64516129032256,0,-93.64162647243958,-93.63302894975534,-94.20920940576842,-93.66024,-93.59633794073349
scene_0004,-22.580645161290334,80.64516129032256,0,-93.70525714461918,-93.69844970073342,-94.2273654750066,-93.76694,-93.8026913400127
scene_0004,-16.129032258064527,80.64516129032256,0,-93.80550042948512,-93.80076456520443,-94.28753654337928,-93.91049,-94.03062408292259
scene_0004,-9.677419354838719,80.64516129032256,0,-93.94070006321311,-93.93832804050888,-94.38780658491868,-94.083015,-94.23173173709286
scene_0004,-3.225806451612911,80.64516129032256,0,-94.10901084416467,-94.10928432798038,-94.52614897863785,-94.277405,-94.33835217979947
scene_0004,3.225806451612897,80.64516129032256,1,-94.30839959112822,-94.31156975860347,-94.70050779718429,-94.240326,-94.24032381839872
scene_0004,9.677419354838705,80.64516129032256,0,-94.53664851697398,-94.54291724155651,-94.90884479443406,-94.71351,-94.45795314485069
scene_0004,16.129032258064512,80.64516129032256,0,-94.79136036270525,-94.80086225213162,-95.14913179632009,-94.95204,-94.62255583385922
scene_0004,22.58064516129032,80.64516129032256,0,-95.06996523027314,-95.08275053312298,-95.41928053151895,-95.20499,-94.8573666180293
scene_0004,29.032258064516128,80.64516129032256,0,-95.36972954042804,-95.38574821814784,-95.71701432754786,-95.473816,-95.15793005605283
scene_0004,35.48387096774192,80.64516129032256,0,-95.68776792617989,-95.7068554962194,-96.03969709099628,-95.75987,-95.53189898876883
scene_0004,41.935483870967744,80.64516129032256,0,-96.02105914930208,-96.04292521321808,-96.38414394604777,-96.06392,-95.96813164356067
scene_0004,48.38709677419354,80.64516129032256,0,-96.36646728240896,-96.39068792213679,-96.74644494087605,-96.38581,-96.40610490582415
scene_0004,54.83870967741933,80.64516129032256,0,-96.72076940653567,-96.74678481128788,-97.12183867483178,-96.72423,-96.80143805140801
scene_0004,61.29032258064515,80.64516129032256,0,-97.08069089952397,-97.10780961343102,-97.5046761165533,-97.07651,-97.14985945880657
scene_0004,67.74193548387095,80.64516129032256,0,-97.4429489989636,-97.4703599925451,-97.88851408392121,-97.43849,-97.46546354990878
scene_0004,74.19354838709677,80.64516129032256,0,-97.80430469249148,-97.83109801027916,-98.26636861109608,-97.80435,-97.74708314294918
scene_0004,80.64516129032256,80.64516129032256,1,-98.16162212478068,-98.18681813299754,-98.63113584938218,-98.04691,-98.04691395590126
scene_0004,87.09677419354838,80.64516129032256,0,-98.5119336682405,-98.53451996335907,-98.97615035269304,-98.517715,-97.96651428962191
scene_0004,93.54838709677418,80.64516129032256,0,-98.85250769580719,-98.87148165082917,-99.29580362970285,-98.848335,-97.81354181526864
scene_0004,100.0,80.64516129032256,0,-99.18091508903471,-99.19532899010065,-99.58610617054006,-99.15134,-97.49918845393026
scene_0004,-100.0,87.09677419354838,0,-96.09653481687596,-96.05483939807425,-97.83766323243627,-95.79217,-95.00255886709641
scene_0004,-93.54838709677419,87.09677419354838,0,-95.68293836964682,-95.65001637017772,-97.28594167017295,-95.55558,-95.0539745675092
scene_0004,-87.09677419354838,87.09677419354838,0,-95.32389614875689,-95.29822156434095,-96.78894288763809,-95.292114,-95.049170054006
scene_0004,-80.64516129032259,87.09677419354838,0,-95.01625624198545,-94.99647044459736,-96.35042684812296,-95.01901,-94.97698382377989
scene_0004,-74.19354838709677,87.09677419354838,0,-94.75741027422407,-94.74235157455034,-95.97095985405174,-94.75783,-94.82324367521252
scene_0004,-67.74193548387098,87.09677419354838,0,-94.54521809212478,-94.53393340942776,-95.64930597101807,-94.52866,-94.59276077611072
scene_0004,-61.29032258064517,87.09677419354838,1,-94.37790708018987,-94.36964962347187,-95.38342160468802,-94.12751,-94.12751163296082
scene_0004,-54.83870967741936,87.09677419354838,1,-94.25396590069035,-94.24818240801542,-95.17105894809484,-94.42857,-94.42857549424883
scene_0004,-48.38709677419355,87.09677419354838,1,-94.17204467045582,-94.1683554411521,-95.01005850068589,-93.89943,-93.89943142340842
scene_0004,-41.935483870967744,87.09677419354838,0,-94.13086801456231,-94.129042536826,-94.89843257744708,-94.11801,-93.96174734396325
scene_0004,-35.483870967741936,87.09677419354838,0,-94.12916351563126,-94.12909394057513,-94.83433445919097,-94.14685,-94.02069950956529
scene_0004,-29.032258064516128,87.09677419354838,0,-94.16560548587668,-94.16727959912164,-94.81598570002865,-94.22248,-94.18571441285383
scene_0004,-22.580645161290334,87.09677419354838,0,-94.23877246385062,-94.24224723737089,-94.8416068415593,-94.33936,-94.40570488760444
scene_0004,-16.129032258064527,87.09677419354838,1,-94.34711612570854,-94.35249245550175,-94.90937131887422,-94.712456,-94.71245745692264
scene_0004,-9.677419354838719,87.09677419354838,1,-94.48893916443186,-94.49633804544163,-95.01738283775124,-94.86334,-94.86333709636105
scene_0004,-3.225806451612911,87.09677419354838,0,-94.6623799266842,-94.67192009344282,-95.1636645242637,-94.866196,-94.90860217049072
scene_0004,3.225806451612897,87.09677419354838,1,-94.86540204879853,-94.8771790114968,-95.34614337192123,-94.903015,-94.90301117428842
scene_0004,9.677419354838705,87.09677419354838,0,-95.09578789095582,-95.1098543075674,-95.5626145683602,-95.30384,-95.104268495083
scene_0004,16.129032258064512,87.09677419354838,0,-95.35113516193668,-95.36748259040863,-95.81067544473207,-95.540695,-95.25092228998415
scene_0004,22.58064516129032,87.09677419354838,0,-95.62885671396815,-95.6473989659659,-96.08762640817224,-95.7903,-95.4283807077675
scene_0004,29.032258064516128,87.09677419354838,0,-95.92618404087287,-95.94674258943837,-96.39034497760221,-96.054016,-95.68081769253905
scene_0004,35.48387096774192,87.09677419354838,0,-96.2401755078018,-96.26246765939081,-96.71514806339755,-96.333115,-96.05440533283155
scene_0004,41.935483870967744,87.09677419354838,0,-96.56773074336145,-96.5913615345836,-97.05766634465988,-96.62822,-96.5369657614667
scene_0004,48.38709677419354,87.09677419354838,1,-96.90561288478284,-96.93007185792598,-97.41276234642737,-96.99805,-96.99803860709551
scene_0004,54.83870967741933,87.09677419354838,0,-97.25048041506636,-97.27514450379111,-97.77452919112953,-97.26445,-97.38199050799282
scene_0004,61.29032258064515,87.09677419354838,0,-97.59893008569256,-97.6230737356304,-98.13640718043446,-97.60162,-97.65941892874116
scene_0004,67.74193548387095,87.09677419354838,0,-97.9475518003259,-97.97036509696525,-98.49144613471579,-97.94662,-97.8516156430937
scene_0004,74.19354838709677,87.09677419354838,0,-98.29299529560987,-98.31361023887952,-98.83271863940166,-98.29398,-97.95297226607894
scene_0004,80.64516129032256,87.09677419354838,0,-98.63204701431326,-98.64957118333066,-99.15385239654697,-98.63694,-97.95289750523676
scene_0004,87.09677419354838,87.09677419354838,0,-98.96171384773554,-98.97526963290898,-99.44960585647277,-98.96782,-97.82664315082417
scene_0004,93.54838709677418,87.09677419354838,0,-99.27930867594604,-99.28807519295438,-99.71637647773423,-99.278854,-97.5796692958271
scene_0004,100.0,87.09677419354838,0,-99.58253120922228,-99.5857851836654,-99.95252529694551,-99.56336,-97.23642214515783
scene_0004,-100.0,93.54838709677418,0,-96.56439403883039,-96.51870394953376,-98.52786550733308,-96.019806,-94.99930108814684
scene_0004,-93.54838709677419,93.54838709677418,0,-96.15119273244814,-96.1152875685405,-97.9897592372503,-95.82066,-95.0885081978103
scene_0004,-87.09677419354838,93.54838709677418,0,-95.7951978477592,-95.76772963633113,-97.49661128757667,-95.59722,-95.14763180257825
scene_0004,-80.64516129032259,93.54838709677418,0,-95.49300674342541,-95.47270680611567,-97.05592098372954,-95.364426,-95.16188513491659
scene_0004,-74.19354838709677,93.54838709677418,1,-95.24162564471405,-95.22734628193633,-96.67145651157041,-95.233696,-95.23369669871789
scene_0004,-67.74193548387098,93.54838709677418,0,-95.03846034491266,-95.02919882697984,-96.34435556112368,-94.94735,-94.93452394992775
scene_0004,-61.29032258064517,93.54838709677418,1,-94.88126546012475,-94.87617422748686,-96.07409577431638,-94.85429,-94.85428568636934
scene_0004,-54.83870967741936,93.54838709677418,0,-94.76807404837325,-94.76646016227929,-95.85922207143184,-94.69113,-94.58464201606753
scene_0004,-48.38709677419355,93.54838709677418,0,-94.69712135797059,-94.69843779642325,-95.69782696637444,-94.63808,-94.44278634829925
scene_0004,-41.935483870967744,93.54838709677418,0,-94.66677104147644,-94.67060211111234,-95.58782899057312,-94.634926,-94.40149312072779
scene_0004,-35.483870967741936,93.54838709677418,0,-94.67544841821268,-94.68149122568249,-95.52710777703156,-94.67927,-94.48821001115988
scene_0004,-29.032258064516128,93.54838709677418,1,-94.72158279318874,-94.72962636321657,-95.51354925309064,-94.73725,-94.73725393375419
scene_0004,-22.580645161290334,93.54838709677418,0,-94.80355915262464,-94.81346241519807,-95.54504118917112,-94.89398,-94.87393181502856
scene_0004,-16.129032258064527,93.54838709677418,0,-94.9196785535561,-94.93134808496629,-95.61944433138174,-95.0524,-95.08815934891537
scene_0004,-9.677419354838719,93.54838709677418,0,-95.06812604497618,-95.08149416836709,-95.73455119356365,-95.23532,-95.27701615730093
scene_0004,-3.225806451612911,93.54838709677418,0,-95.24694486478771,-95.26194851645919,-95.88803518598803,-95.43618,-95.43781260729264
scene_0004,3.225806451612897,93.54838709677418,0,-95.45401583975696,-95.4705764973116,-96.07738771434938,-95.65021,-95.60350302881831
scene_0004,9.677419354838705,93.54838709677418,0,-95.68704128890386,-95.70504623670621,-96.29983995897994,-95.87498,-95.76919732993946
scene_0004,16.129032258064512,93.54838709677418,0,-95.94353323020755,-95.96281849949517,-96.55226857155236,-96.11004,-95.88586451718245
scene_0004,22.58064516129032,93.54838709677418,0,-96.22080626642546,-96.24114171815818,-96.83108970122458,-96.35624,-96.00882007216316
scene_0004,29.032258064516128,93.54838709677418,0,-96.51597613229433,-96.53705332917333,-97.132152783622,-96.61487,-96.22726675434745
scene_0004,35.48387096774192,93.54838709677418,1,-96.82596546798985,-96.84738917659988,-97.45065352323351,-96.39128,-96.39127403861784
scene_0004,41.935483870967744,93.54838709677418,0,-97.14751886744496,-97.1688031978237,-97.78109322196792,-97.173355,-97.14882785688248
scene_0004,48.38709677419354,93.54838709677418,1,-97.47722953115974,-97.49779980090734,-98.117316951242,-97.49344,-97.49344296138148
scene_0004,54.83870967741933,93.54838709677418,0,-97.81157979917501,-97.83078113356689,-98.45266272767597,-97.78598,-97.89979730906403
scene_0004,61.29032258064515,93.54838709677418,0,-98.1469973057596,-98.1641106857017,-98.78024367392634,-98.10838,-98.0370596378005
scene_0004,67.74193548387095,93.54838709677418,1,-98.47992736093575,-98.49419325928734,-99.0933618476732,-98.18505,-98.18505220718487
scene_0004,74.19354838709677,93.54838709677418,0,-98.80692038299048,-98.81756928784841,-99.38601686825655,-98.766136,-97.99144078025759
scene_0004,80.64516129032256,93.54838709677418,0,-99.1247308853803,-99.13101897418905,-99.65343300459536,-99.09004,-97.82601101012419
scene_0004,87.09677419354838,93.54838709677418,0,-99.43042196486131,-99.4316691341177,-99.89250089009651,-99.401505,-97.58787827087689
scene_0004,93.54838709677418,93.54838709677418,0,-99.72146694882662,-99.71709356324482,-100.10203162718499,-99.69349,-97.28414914101216
scene_0004,100.0,93.54838709677418,0,-99.99583845779257,-99.98539682069841,-100.28275896757025,-99.96003,-96.9315439631028
scene_0004,-100.0,100.0,0,-97.11708201759258,-97.06592451283365,-99.25837547212794,-96.23279,-94.9618820683676
scene_0004,-93.54838709677419,100.0,0,-96.70080025319763,-96.65977647890284,-98.75237698239432,-96.06886,-95.0689174815854
scene_0004,-87.09677419354838,100.0,0,-96.34375199417804,-96.31177509806861,-98.27979134113397,-95.883026,-95.1588245350846
scene_0004,-80.64516129032259,100.0,0,-96.04258664300139,-96.01856032017673,-97.85060578207143,-95.688126,-95.2135522647979
scene_0004,-74.19354838709677,100.0,0,-95.79417559605744,-95.77704747509227,-97.47133884847597,-95.50142,-95.2015840191498
scene_0004,-67.74193548387098,100.0,0,-95.59567194592586,-95.58446807476872,-97.14561577871173,-95.33993,-95.10707038911247
scene_0004,-61.29032258064517,100.0,0,-95.44451163527827,-95.4383567682093,-96.87489005890194,-95.21626,-94.9724331024676
scene_0004,-54.83870967741936,100.0,0,-95.33838152370436,-95.33650844314914,-96.6591126904663,-95.13727,-94.83463629196953
scene_0004,-48.38709677419355,100.0,0,-95.27517050117572,-95.27692081354874,-96.49726324663433,-95.105225,-94.7338453300967
scene_0004,-41.935483870967744,100.0,0,-95.25291378657596,-95.2577321750055,-96.38772694757691,-95.11966,-94.71827892121702
scene_0004,-35.483870967741936,100.0,0,-95.2697365864452,-95.27716019392471,-96.32853639857186,-95.17848,-94.80502750805385
scene_0004,-29.032258064516128,100.0,0,-95.32380062661332,-95.33344498738126,-96.31750816420286,-95.27823,-94.96656255913922
scene_0004,-22.580645161290334,100.0,0,-95.41325529566264,-95.42479799726377,-96.35230358678447,-95.41383,-95.16068050742837
scene_0004,-16.129032258064527,100.0,0,-95.53619401141658,-95.54935705417542,-96.43043720391086,-95.578926,-95.36959740179059
scene_0004,-9.677419354838719,100.0,0,-95.69061578473227,-95.70514742215933,-96.5492489797232,-95.76646,-95.58570838041732
scene_0004,-3.225806451612911,100.0,0,-95.87439170059577,-95.89004840880521,-96.70585067930642,-95.97009,-95.81372213966583
scene_0004,3.225806451612897,100.0,0,-96.08523608446296,-96.10176523271465,-96.89705324520915,-96.1853,-96.06025758328379
scene_0004,9.677419354838705,100.0,1,-96.32068240942347,-96.33780619272193,-97.11928139615208,-96.52702,-96.52702340561166
scene_0004,16.129032258064512,100.0,0,-96.57806447421834,-96.59546571979583,-97.3684838031649,-96.64299,-96.37548051439666
scene_0004,22.58064516129032,100.0,0,-96.85450399041024,-96.87181455048162,-97.64005168801387,-96.88588,-96.47851085324012
scene_0004,29.032258064516128,100.0,0,-97.1469063928817,-97.16369896182157,-97.92876468592831,-97.1396,-96.70228876137548
scene_0004,35.48387096774192,100.0,0,-97.45196733694584,-97.46775164301292,-98.22878880785929,-97.405205,-97.11055067776554
scene_0004,41.935483870967744,100.0,1,-97.76619283141028,-97.78041719660693,-98.53375485154893,-97.80702,-97.80702877809932
scene_0004,48.38709677419354,100.0,1,-98.08593609636226,-98.09799526541602,-98.83694315679159,-98.45091,-98.4509052521404
scene_0004,54.83870967741933,100.0,0,-98.40745380898841,-98.41670364973137,-99.13158839953834,-98.273315,-98.19950683580717
scene_0004,61.29032258064515,100.0,0,-98.7269831994684,-98.73276231992882,-99.41129407570544,-98.58173,-98.16794614717915
scene_0004,67.74193548387095,100.0,0,-99.04083935526607,-99.04249686297995,-99.67051299475196,-98.8945,-98.04739593785108
scene_0004,74.19354838709677,100.0,0,-99.34552914708365,-99.3424567678113,-99.90501691594469,-99.206764,-97.84401153609865
scene_0004,80.64516129032256,100.0,0,-99.637874748809,-99.62954049607723,-100.1122602460253,-99.51268,-97.58172024819798
scene_0004,87.09677419354838,100.0,0,-99.91513644915673,-99.90111624544043,-100.29155281231755,-99.80582,-97.28156802720082
scene_0004,93.54838709677418,100.0,0,-100.1751222300217,-100.15512559836742,-100.44399752578838,-100.079834,-96.95396845675512
scene_0004,100.0,100.0,0,-100.41627128161113,-100.3901576498377,-100.5722070289423,-100.32942,-96.60980568132075
scene_0006,-100.0,-100.0,0,-99.84710721817903,-99.87931504785566,-99.45863880455484,-99.13641,-98.7064581937793
scene_0006,-93.54838709677419,-100.0,1,-99.16982054865257,-99.19328863640494,-99.2101581387628,-98.985855,-98.98585188706
scene_0006,-87.09677419354838,-100.0,0,-98.48347074641521,-98.49829275535625,-98.96331415154381,-98.13983,-98.18935048797434
scene_0006,-80.64516129032259,-100.0,0,-97.81204643156929,-97.81946585288051,-98.6976724062575,-97.5895,-97.47492815375591
scene_0006,-74.19354838709677,-100.0,0,-97.17570570942985,-97.17720165334575,-98.39696484548675,-97.04121,-96.70723309012337
scene_0006,-67.74193548387098,-100.0,0,-96.58872626843392,-96.58551916625002,-98.05288928575865,-96.522,-96.00994849804552
scene_0006,-61.29032258064517,-100.0,0,-96.05964192505114,-96.05256618102318,-97.66731189993979,-96.05165,-95.44435363647601
scene_0006,-54.83870967741936,-100.0,0,-95.59252509402333,-95.58211217665863,-97.25184917510782,-95.64033,-95.01211973338931
scene_0006,-48.38709677419355,-100.0,0,-95.1885426908212,-95.17517624105535,-96.82503930767507,-95.2897,-94.69518230008318
scene_0006,-41.935483870967744,-100.0,0,-94.84728932616395,-94.8313474553318,-96.40841495430017,-94.99568,-94.47989284190595
scene_0006,-35.483870967741936,-100.0,0,-94.56771115422141,-94.54965906399383,-96.022947491737,-94.75125,-94.3446064799964
scene_0006,-29.032258064516128,-100.0,0,-94.3486237474378,-94.32905175744108,-95.68668467487696,-94.549286,-94.25009292630904
scene_0006,-22.580645161290334,-100.0,0,-94.1889201764029,-94.16853911393312,-95.41363723217492,-94.38536,-94.15783935322474
scene_0006,-16.129032258064527,-100.0,0,-94.08759040131076,-94.06720179671446,-95.21354234971008,-94.2599,-94.05993422085758
scene_0006,-9.677419354838719,-100.0,0,-94.04365468293011,-94.02411159520533,-95.09206081141002,-94.17876,-93.98879228877621
scene_0006,-3.225806451612911,-100.0,0,-94.05607393077746,-94.03824349160148,-95.05107389532961,-94.15124,-93.98151429472759
scene_0006,3.225806451612897,-100.0,0,-94.12365768637187,-94.10839150361667,-95.08889099608837,-94.18703,-94.0437810887685
scene_0006,9.677419354838705,-100.0,0,-94.24495912179219,-94.23307392116095,-95.20030183828099,-94.29269,-94.16856542478445
scene_0006,16.129032258064512,-100.0,0,-94.41813226928319,-94.4104006624087,-95.37650826175229,-94.46885,-94.35079992516853
scene_0006,22.58064516129032,-100.0,0,-94.64072979675177,-94.63787923636643,-95.60506902639176,-94.70882,-94.57691279410975
scene_0006,29.032258064516128,-100.0,0,-94.9094364470206,-94.91215259814066,-95.87009589314911,-94.99885,-94.83586967404332
scene_0006,35.48387096774192,-100.0,0,-95.21975919451847,-95.22868783110414,-96.1530230223123,-95.32054,-95.15872152566118
scene_0006,41.935483870967744,-100.0,0,-95.56572629191209,-95.58146574690774,-96.43425074497686,-95.654686,-95.57396493030863
scene_0006,48.38709677419354,-100.0,0,-95.93967988495393,-95.96275508073036,-96.69572187448239,-95.984955,-96.05236943051217
scene_0006,54.83870967741933,-100.0,0,-96.33227401207598,-96.36308491936924,-96.92399139280312,-96.29991,-96.48174506399246
scene_0006,61.29032258064515,-100.0,0,-96.73279733682634,-96.77154134930147,-97.11281960548294,-96.59306,-96.77295918778594
scene_0006,67.74193548387095,-100.0,0,-97.12990493073791,-97.17648494887328,-97.26420609912012,-96.861664,-97.00762866230494
scene_0006,74.19354838709677,-100.0,1,-97.51274423920748,-97.56668952964165,-97.387361456884,-97.48689,-97.48689928349489
scene_0006,80.64516129032256,-100.0,0,-97.87230244958741,-97.93273967418571,-97.49606254552276,-97.3249,-97.25886442940666
scene_0006,87.09677419354838,-100.0,0,-98.20264499524319,-98.26835177751332,-97.60545966410629,-97.52171,-97.15553161641658
scene_0006,93.54838709677418,-100.0,0,-98.50166059533316,-98.57120922799385,-97.72933725994798,-97.69733,-96.97303348449014
scene_0006,100.0,-100.0,0,-98.77105212503268,-98.84301605767611,-97.87831920359302,-97.85331,-96.75744848166022
scene_0006,-100.0,-93.54838709677419,0,-99.54747880139975,-99.57577178758065,-99.35723297821735,-98.897316,-98.75064511093447
scene_0006,-93.54838709677419,-93.54838709677419,0,-98.81132954884706,-98.83008393131692,-99.09359023391391,-98.410385,-98.62854194221043
scene_0006,-87.09677419354838,-93.54838709677419,0,-98.08063263846094,-98.09132389786383,-98.81423185968073,-97.871155,-98.12082634450894
scene_0006,-80.64516129032259,-93.54838709677419,0,-97.38088432169369,-97.38531057901963,-98.49883974461186,-97.30365,-97.36099127094143
scene_0006,-74.19354838709677,-93.54838709677419,0,-96.73031826284924,-96.72986667574426,-98.13403932648268,-96.7369,-96.53451727397584
scene_0006,-67.74193548387098,-93.54838709677419,0,-96.13954353698276,-96.13499540781844,-97.71689889784555,-96.19805,-95.78758593124672
scene_0006,-61.29032258064517,-93.54838709677419,0,-95.6130966768805,-95.60475645555695,-97.25587881772044,-95.70671,-95.19947396810298
scene_0006,-54.83870967741936,-93.54838709677419,0,-95.1515896011519,-95.13953217434087,-96.76872716213842,-95.27269,-94.74771817378416
scene_0006,-48.38709677419355,-93.54838709677419,0,-94.75365180030698,-94.7379562524645,-96.2783687846776,-94.89725,-94.40596033447486
scene_0006,-41.935483870967744,-93.54838709677419,0,-94.41731686666245,-94.3982241225282,-95.80857913107138,-94.57628,-94.17943921937713
scene_0006,-35.483870967741936,-93.54838709677419,0,-94.14079370732766,-94.11877444768251,-95.38078650130484,-94.3037,-94.05904500596954
scene_0006,-29.032258064516128,-93.54838709677419,0,-93.9227286254559,-93.89847727913028,-95.01239306766095,-94.07442,-93.9879045087863
scene_0006,-22.580645161290334,-93.54838709677419,0,-93.76214074125986,-93.73652387105054,-94.71631063474858,-93.88656,-93.89733590581051
scene_0006,-16.129032258064527,-93.54838709677419,0,-93.65821853680721,-93.63220537672899,-94.50118607662988,-93.74284,-93.76367490136698
scene_0006,-9.677419354838719,-93.54838709677419,0,-93.61011952593769,-93.58471440006069,-94.3718701245896,-93.65035,-93.64544420790028
scene_0006,-3.225806451612911,-93.54838709677419,1,-93.6168451235133,-93.5930318529551,-94.32984784174184,-93.62624,-93.62624202122385
scene_0006,3.225806451612897,-93.54838709677419,0,-93.67719536360326,-93.65589654232008,-94.37348992655438,-93.65764,-93.66193555595258
scene_0006,9.677419354838705,-93.54838709677419,0,-93.78976122606471,-93.7718116675294,-94.49807990376642,-93.772736,-93.7673881414265
scene_0006,16.129032258064512,-93.54838709677419,0,-93.95289295131825,-93.93902579904542,-94.69564245339156,-93.96379,-93.93309499524263
scene_0006,22.58064516129032,-93.54838709677419,1,-94.16458907175225,-94.15543328187617,-94.95467117854079,-94.25868,-94.25867608201435
scene_0006,29.032258064516128,-93.54838709677419,0,-94.42227614091627,-94.41836376763439,-95.25995184920424,-94.534386,-94.4033092681789
scene_0006,35.48387096774192,-93.54838709677419,0,-94.7224849363971,-94.72426516819836,-95.59279647145972,-94.8785,-94.71948147415364
scene_0006,41.935483870967744,-93.54838709677419,0,-95.0604682278256,-95.06832260918159,-95.93208717551673,-95.23442,-95.14687483763011
scene_0006,48.38709677419354,-93.54838709677419,0,-95.42984370252712,-95.44409432463688,-96.2564453198324,-95.58473,-95.67258001479055
scene_0006,54.83870967741933,-93.54838709677419,1,-95.82237993872168,-95.84328104131812,-96.54744201688095,-96.45044,-96.45043960211645
scene_0006,61.29032258064515,-93.54838709677419,0,-96.22806559024372,-96.25577086985999,-96.79308383791509,-96.2258,-96.40640053026188
scene_0006,67.74193548387095,-93.54838709677419,1,-96.6355937674694,-96.67009859541785,-96.9902533652417,-96.411575,-96.411570709102
scene_0006,74.19354838709677,-93.54838709677419,0,-97.03332693372673,-97.0743970265186,-97.14495183944342,-96.76187,-96.86253423287079
scene_0006,80.64516129032256,-93.54838709677419,0,-97.41066358214118,-97.4577759697773,-97.27018717700504,-96.99062,-97.03193106191642
scene_0006,87.09677419354838,-93.54838709677419,0,-97.75953294152896,-97.81186297658309,-97.38246926955452,-97.19524,-97.03877965130884
scene_0006,93.54838709677418,-93.54838709677419,0,-98.07559301122616,-98.13207332394242,-97.49827941638145,-97.37751,-96.92834712016318
scene_0006,100.0,-93.54838709677419,0,-98.35872344559672,-98.41817577021652,-97.63146547359,-97.539246,-96.75803005434469
scene_0006,-100.0,-87.09677419354838,0,-99.22419972198996,-99.24755912187551,-99.23795868227282,-98.65787,-98.64067931178778
scene_0006,-93.54838709677419,-87.09677419354838,0,-98.44263211159577,-98.45713034783857,-98.94791413724077,-98.15671,-98.4381391691661
scene_0006,-87.09677419354838,-87.09677419354838,0,-97.684191872834,-97.69199366074292,-98.6262078386084,-97.60149,-97.90309442755057
scene_0006,-80.64516129032259,-87.09677419354838,0,-96.97275753884912,-96.9755349599343,-98.25454045099677,-97.01649,-97.14225917908101
scene_0006,-74.19354838709677,-87.09677419354838,0,-96.32242869173594,-96.32098906551454,-97.82393396911922,-96.43091,-96.30949250331115
scene_0006,-67.74193548387098,-87.09677419354838,1,-95.73899605639636,-95.73341466625311,-97.33735279891192,-95.39458,-95.39457702812668
scene_0006,-61.29032258064517,-87.09677419354838,0,-95.2226825994237,-95.21264957231725,-96.80915632250576,-95.35931,-94.96719029459723
scene_0006,-54.83870967741936,-87.09677419354838,0,-94.77089558817305,-94.75607575032193,-96.26161221000405,-94.90218,-94.49310712343832
scene_0006,-48.38709677419355,-87.09677419354838,0,-94.380356492418,-94.360653587923,-95.72014576634167,-94.50151,-94.10678640343255
scene_0006,-41.935483870967744,-87.09677419354838,0,-94.04838380028235,-94.02407033642811,-95.20918161991577,-94.15318,-93.84711170530892
scene_0006,-35.483870967741936,-87.09677419354838,1,-93.77336376419035,-93.74508743735194,-94.74955378709757,-93.761635,-93.76163941095959
scene_0006,-29.032258064516128,-87.09677419354838,0,-93.55461461111197,-93.52332170579322,-94.35747572616897,-93.59498,-93.70291381863527
scene_0006,-22.580645161290334,-87.09677419354838,0,-93.3919314773422,-93.35875526687116,-94.04456047932058,-93.38286,-93.63439223544188
scene_0006,-16.129032258064527,-87.09677419354838,0,-93.28508606724927,-93.25123813992502,-93.81833753768086,-93.22061,-93.47368609669584
scene_0006,-9.677419354838719,-87.09677419354838,1,-93.23346988986805,-93.20015418284783,-93.6828718747932,-93.16044,-93.16043390049599
scene_0006,-3.225806451612911,-87.09677419354838,0,-93.23595753861538,-93.20431050585712,-93.63926394489883,-93.08109,-93.25342796654272
scene_0006,3.225806451612897,-87.09677419354838,0,-93.29096723747101,-93.26201839428306,-93.68593006138761,-93.12308,-93.27613936437622
scene_0006,9.677419354838705,-87.09677419354838,0,-93.39663139602037,-93.37127680000471,-93.81863272230046,-93.24788,-93.34110059549732
scene_0006,16.129032258064512,-87.09677419354838,0,-93.5509649685361,-93.52994923832925,-94.03027559739937,-93.45419,-93.45859243545766
scene_0006,22.58064516129032,-87.09677419354838,1,-93.75192958479548,-93.73583624044514,-94.3105266200337,-93.6064,-93.60639503268877
scene_0006,29.032258064516128,-87.09677419354838,0,-93.9973278725827,-93.9865803063403,-94.64541029459801,-94.06632,-93.90279223465083
scene_0006,35.48387096774192,-87.09677419354838,0,-94.28451359451314,-94.27938859580685,-95.01713002493943,-94.43338,-94.20769117065531
scene_0006,41.935483870967744,-87.09677419354838,1,-94.60995720672815,-94.61060998277291,-95.40451892180312,-94.48753,-94.48753697980338
scene_0006,48.38709677419354,-87.09677419354838,0,-94.96875447798078,-94.97524987108035,-95.78457259309438,-95.18241,-95.11817256983974
scene_0006,54.83870967741933,-87.09677419354838,0,-95.35420435527394,-95.3665451362553,-96.13530595981145,-95.53323,-95.57625664587901
scene_0006,61.29032258064515,-87.09677419354838,0,-95.75760958265852,-95.77575093163689,-96.43956043683416,-95.85725,-95.86580940337599
scene_0006,67.74193548387095,-87.09677419354838,0,-96.16846104266341,-96.19230220154978,-96.68856556430512,-96.15202,-96.08893086707995
scene_0006,74.19354838709677,-87.09677419354838,0,-96.5751314971243,-96.60448243016305,-96.88368519577381,-96.41773,-96.37427083133652
scene_0006,80.64516129032256,-87.09677419354838,1,-96.96609560906928,-97.00062819330198,-97.03543450853178,-96.83885,-96.83885283192737
scene_0006,87.09677419354838,-87.09677419354838,0,-97.33150311847837,-97.37070918562686,-97.1602255326596,-96.8685,-96.81337086052835
scene_0006,93.54838709677418,-87.09677419354838,0,-97.66471957278037,-97.7079042320508,-97.27630420063997,-97.05762,-96.80718998442478
scene_0006,100.0,-87.09677419354838,0,-97.96334440365254,-98.0096749753884,-97.40030373536308,-97.225266,-96.70828828189144
scene_0006,-100.0,-80.64516129032259,0,-98.8972319997412,-98.91600379020075,-99.10126570106401,-98.43175,-98.47129842781638
scene_0006,-93.54838709677419,-80.64516129032259,0,-98.08613325838388,-98.09752889122197,-98.77760058547487,-97.91663,-98.20268882085784
scene_0006,-87.09677419354838,-80.64516129032259,0,-97.31606614725331,-97.3222139042626,-98.40947350191789,-97.34574,-97.6397891622291
scene_0006,-80.64516129032259,-80.64516129032259,0,-96.606788998843,-96.60871064315398,-97.98179297713232,-96.74356,-96.89463743778767
scene_0006,-74.19354838709677,-80.64516129032259,0,-95.9669055948074,-95.9645463127582,-97.4903129788672,-96.139534,-96.09857011061018
scene_0006,-67.74193548387098,-80.64516129032259,0,-95.3969190058858,-95.38956547277495,-96.94318929589967,-95.56105,-95.37751230797164
scene_0006,-61.29032258064517,-80.64516129032259,1,-94.89287827014041,-94.87967020453144,-96.35919341829236,-94.86108,-94.86107707959835
scene_0006,-54.83870967741936,-80.64516129032259,0,-94.44956343734914,-94.42991911151891,-95.76341074944871,-94.54782,-94.28666575364639
scene_0006,-48.38709677419355,-80.64516129032259,0,-94.06269488114582,-94.03655970694894,-95.18237282383012,-94.12262,-93.84862405226954
scene_0006,-41.935483870967744,-80.64516129032259,1,-93.72998900534364,-93.69788961478253,-94.64030023503815,-93.36208,-93.36208387860475
scene_0006,-35.483870967741936,-80.64516129032259,0,-93.45116524754354,-93.41411156297907,-94.15707556118363,-93.4188,-93.39505125849624
scene_0006,-29.032258064516128,-80.64516129032259,0,-93.22723971147445,-93.18655056262968,-93.74768694093075,-93.13486,-93.36570330789507
scene_0006,-22.580645161290334,-80.64516129032259,1,-93.05954378698799,-93.01666951062998,-93.4225545884941,-93.53662,-93.53662326810544
scene_0006,-16.129032258064527,-80.64516129032259,0,-92.94885394858156,-92.90524173630929,-93.18821372495484,-92.719055,-93.17628131103746
scene_0006,-9.677419354838719,-80.64516129032259,0,-92.89486618315229,-92.8518803085984,-93.04801468840496,-92.604034,-93.01721583749375
scene_0006,-3.225806451612911,-80.64516129032259,0,-92.89607961827521,-92.85496454811194,-93.00266467532279,-92.56463,-92.94181037425031
scene_0006,3.225806451612897,-80.64516129032259,0,-92.95002464634683,-92.91188964554662,-93.05053714130591,-92.60979,-92.93470317166447
scene_0006,9.677419354838705,-80.64516129032259,1,-93.05369529850049,-93.01950195818654,-93.18772729010635,-92.98913,-92.98913386892237
scene_0006,16.129032258064512,-80.64516129032259,1,-93.20401665632141,-93.17456026444236,-93.4078608940038,-92.903564,-92.90356532705908
scene_0006,22.58064516129032,-80.64516129032259,0,-93.39818751234901,-93.37407376363684,-93.70169427411398,-93.263,-93.20782761459998
scene_0006,29.032258064516128,-80.64516129032259,0,-93.63378135542504,-93.61540720049939,-94.0565996303391,-93.6183,-93.45326791862945
scene_0006,35.48387096774192,-80.64516129032259,0,-93.9085568814406,-93.89610602019714,-94.45613209358761,-94.00787,-93.74856712509731
scene_0006,41.935483870967744,-80.64516129032259,1,-94.22000689017246,-94.21346670565923,-94.88002267902557,-94.069405,-94.06940264781284
scene_0006,48.38709677419354,-80.64516129032259,0,-94.56474321904741,-94.56394308458516,-95.30507579966138,-94.79893,-94.57155109936649
scene_0006,54.83870967741933,-80.64516129032259,0,-94.93786378715755,-94.94252761936002,-95.70741191768134,-95.16758,-94.99729259032556
scene_0006,61.29032258064515,-80.64516129032259,0,-95.33247515005243,-95.34227609433101,-96.0660690418573,-95.506966,-95.32702260704514
scene_0006,67.74193548387095,-80.64516129032259,0,-95.73955258715765,-95.7541559895586,-96.36713225152963,-95.81477,-95.60886666932717
scene_0006,74.19354838709677,-80.64516129032259,1,-96.14830086964346,-96.16738386903012,-96.60677764261197,-95.63889,-95.63889601462569
scene_0006,80.64516129032256,-80.64516129032259,0,-96.5471054738413,-96.57034825523068,-96.79171738934738,-96.33894,-96.30010528198329
scene_0006,87.09677419354838,-80.64516129032259,0,-96.9250075771295,-96.95206228641631,-96.93676467448405,-96.55943,-96.55664115593682
scene_0006,93.54838709677418,-80.64516129032259,0,-97.27341141748008,-97.30386676833128,-97.06070041040492,-96.7553,-96.65450929864375
scene_0006,100.0,-80.64516129032259,0,-97.58753796844765,-97.62090396137025,-97.18215834511147,-96.92878,-96.6319891572166
scene_0006,-100.0,-74.19354838709677,1,-98.58604729767163,-98.60125010218239,-98.95257090235023,-98.42041,-98.42040672569973
scene_0006,-93.54838709677419,-74.19354838709677,0,-97.76054359230659,-97.77001115375734,-98.59277135003948,-97.70096,-97.93042416247759
scene_0006,-87.09677419354838,-74.19354838709677,0,-96.9919454112466,-96.99720831439535,-98.1795067415637,-97.115135,-97.35744523046313
scene_0006,-80.64516129032259,-74.19354838709677,0,-96.29428272035082,-96.29540575204324,-97.70106886876526,-96.4966,-96.63923100017763
scene_0006,-74.19354838709677,-74.19354838709677,0,-95.66999230368813,-95.66596567095581,-97.15724419603092,-95.875046,-95.88785256717841
scene_0006,-67.74193548387098,-74.19354838709677,0,-95.11422180240892,-95.103611101553,-96.56004100456988,-95.27798,-95.20266443850075
scene_0006,-61.29032258064517,-74.19354838709677,0,-94.61922073494998,-94.60080308108387,-95.9311508423624,-94.724655,-94.62627512629348
scene_0006,-54.83870967741936,-74.19354838709677,0,-94.17792332802202,-94.15113782041617,-95.29729028932923,-94.223816,-94.1249696611976
scene_0006,-48.38709677419355,-74.19354838709677,0,-93.78618792165764,-93.75131382876344,-94.68542668496333,-93.77555,-93.67018707636554
scene_0006,-41.935483870967744,-74.19354838709677,0,-93.44347878374313,-93.40155078312159,-94.1193755294081,-93.3757,-93.29965661850363
scene_0006,-35.483870967741936,-74.19354838709677,0,-93.15218842770479,-93.10474298888809,-93.61816227106851,-93.02086,-93.06801845934162
scene_0006,-29.032258064516128,-74.19354838709677,0,-92.91615265579105,-92.86493341263544,-93.19576356020465,-92.711784,-92.9552107287424
scene_0006,-22.580645161290334,-74.19354838709677,0,-92.73901803468391,-92.6857415909795,-92.8616188485038,-92.454185,-92.89526802440056
scene_0006,-16.129032258064527,-74.19354838709677,0,-92.62296935655583,-92.56919527477277,-92.62141499054209,-92.25729,-92.80528754391216
scene_0006,-9.677419354838719,-74.19354838709677,0,-92.56805895965009,-92.51515528552511,-92.47784187936355,-92.131966,-92.70919854405477
scene_0006,-3.225806451612911,-74.19354838709677,0,-92.57215077888884,-92.52131790535543,-92.43117154999467,-92.08904,-92.65609632759177
scene_0006,3.225806451612897,-74.19354838709677,0,-92.63135665959831,-92.58366702548929,-92.47960293000068,-92.13728,-92.64754381430812
scene_0006,9.677419354838705,-74.19354838709677,0,-92.74078056267372,-92.69720129453577,-92.61935670449452,-92.280716,-92.66966680720189
scene_0006,16.129032258064512,-74.19354838709677,0,-92.89536092916532,-92.85674333541914,-92.84452402929232,-92.51621,-92.7391084558518
scene_0006,22.58064516129032,-74.19354838709677,0,-93.09059829771228,-93.05763639395573,-93.14669135402102,-92.831894,-92.89278020780657
scene_0006,29.032258064516128,-74.19354838709677,0,-93.32298386449202,-93.29615877564515,-93.51440263935353,-93.20774,-93.12010941404631
scene_0006,35.48387096774192,-74.19354838709677,0,-93.59001631909108,-93.56955005417353,-93.93260095635058,-93.61868,-93.40642858050364
scene_0006,41.935483870967744,-74.19354838709677,0,-93.88979993747326,-93.8756388930066,-94.38232611155496,-94.03954,-93.75638303263801
scene_0006,48.38709677419354,-74.19354838709677,0,-94.22032546504938,-94.21216344841994,-94.84110706241194,-94.44968,-94.15909965346755
scene_0006,54.83870967741933,-74.19354838709677,0,-94.57861360771588,-94.57595144093114,-95.2845626765812,-94.8353,-94.55926418386628
scene_0006,61.29032258064515,-74.19354838709677,0,-94.9599356389675,-94.96216440601535,-95.68949431485618,-95.18933,-94.92761147592928
scene_0006,67.74193548387095,-74.19354838709677,0,-95.35732543887835,-95.36381532008309,-96.03804884127166,-95.50958,-95.31157684314444
scene_0006,74.19354838709677,-74.19354838709677,0,-95.76157355836122,-95.77174958306375,-96.32158167741116,-95.79682,-95.71052649352038
scene_0006,80.64516129032256,-74.19354838709677,0,-96.16183807767918,-96.1752271716032,-96.54243922967957,-96.05317,-96.08515237419113
scene_0006,87.09677419354838,-74.19354838709677,0,-96.54688874620449,-96.56312933805086,-96.71268517469181,-96.28121,-96.35987881847925
scene_0006,93.54838709677418,-74.19354838709677,0,-96.90680137256747,-96.92561798220933,-96.85039033458713,-96.48354,-96.51174086009406
scene_0006,100.0,-74.19354838709677,0,-97.23468695633328,-97.25584546709909,-96.97519188209056,-96.66261,-96.54708222929978
scene_0006,-100.0,-67.74193548387098,0,-98.30660727293082,-98.31937456569877,-98.80082617113182,-98.05644,-97.91745608318266
scene_0006,-93.54838709677419,-67.74193548387098,1,-97.47896341964434,-97.48734616351784,-98.40647272152702,-97.60469,-97.60469786727475
scene_0006,-87.09677419354838,-67.74193548387098,0,-96.72077409431778,-96.72536557887187,-97.9530419835015,-96.915726,-97.05951545479192
scene_0006,-80.64516129032259,-67.74193548387098,0,-96.03948536407295,-96.03927980620055,-97.43153141256384,-96.28186,-96.37758761647248
scene_0006,-74.19354838709677,-67.74193548387098,0,-95.43110584922887,-95.42419382685246,-96.84453472493233,-95.643906,-95.6598657937976
scene_0006,-67.74193548387098,-67.74193548387098,0,-94.88554497982312,-94.86996127762708,-96.20658046352315,-95.02951,-94.9978850106668
scene_0006,-61.29032258064517,-67.74193548387098,0,-94.39176196232266,-94.36621984280615,-95.54125566440499,-94.457855,-94.4473900395807
scene_0006,-54.83870967741936,-67.74193548387098,0,-93.9418114420036,-93.9061291787558,-94.87638225787211,-93.937416,-93.98491852181539
scene_0006,-48.38709677419355,-67.74193548387098,0,-93.53304773819899,-93.4881786604101,-94.2392857685191,-93.46793,-93.53393789177102
scene_0006,-41.935483870967744,-67.74193548387098,0,-93.16819361830471,-93.11592184593847,-93.65357311784612,-93.045235,-93.11187199614018
scene_0006,-35.483870967741936,-67.74193548387098,0,-92.85367779160333,-92.79616051616962,-93.13770918401019,-92.66664,-92.77009569632463
scene_0006,-29.032258064516128,-67.74193548387098,1,-92.59716471401033,-92.53651609805887,-92.70493939691175,-92.40941,-92.40940602583434
scene_0006,-22.580645161290334,-67.74193548387098,0,-92.40522435446044,-92.34325868117548,-92.36392912409711,-92.05697,-92.43484329266718
scene_0006,-16.129032258064527,-67.74193548387098,0,-92.2817248888588,-92.21987813345366,-92.11963101660086,-91.8448,-92.39052348152418
scene_0006,-9.677419354838719,-67.74193548387098,0,-92.2271071077227,-92.1664913455298,-91.97409564312176,-91.71011,-92.36769931884594
scene_0006,-3.225806451612911,-67.74193548387098,0,-92.23843607350666,-92.17995957746857,-91.92709353919929,-91.66404,-92.36825160287279
scene_0006,3.225806451612897,-67.74193548387098,0,-92.31003774664926,-92.25452906211872,-91.97650176095472,-91.71518,-92.39328830273311
scene_0006,9.677419354838705,-67.74193548387098,0,-92.43452439597667,-92.38281490697531,-92.11844518957408,-91.867065,-92.44225429872046
scene_0006,16.129032258064512,-67.74193548387098,0,-92.60400917004704,-92.55694881602332,-92.34719649000576,-92.11575,-92.52878894069457
scene_0006,22.58064516129032,-67.74193548387098,0,-92.81128211478455,-92.76968578218757,-92.65484929086503,-92.44826,-92.67369577963638
scene_0006,29.032258064516128,-67.74193548387098,0,-93.05069762737831,-93.01524292858366,-93.03080553541591,-92.84316,-92.88530875794675
scene_0006,35.48387096774192,-67.74193548387098,0,-93.31855809830692,-93.28967215253586,-93.46117982083555,-93.27396,-93.1680585877146
scene_0006,41.935483870967744,-67.74193548387098,0,-93.61289443780257,-93.59067048023104,-93.92833776610978,-93.71415,-93.51650580284188
scene_0006,48.38709677419354,-67.74193548387098,1,-93.93270953292125,-93.91688199326823,-94.41094508537441,-93.827324,-93.82732494435703
scene_0006,54.83870967741933,-67.74193548387098,1,-94.27689657120467,-94.26688223022751,-94.88503380891243,-94.38164,-94.38163322091206
scene_0006,61.29032258064515,-67.74193548387098,1,-94.64311692225367,-94.63811009361946,-95.3265084327788,-94.50392,-94.50391631466601
scene_0006,67.74193548387095,-67.74193548387098,0,-95.02691828245575,-95.02601643184697,-95.71499614279742,-95.24326,-95.17484278609959
scene_0006,74.19354838709677,-67.74193548387098,0,-95.42132542440467,-95.42365855541662,-96.03802412906253,-95.540375,-95.64779079813286
scene_0006,80.64516129032256,-67.74193548387098,0,-95.81706819537226,-95.82190732235937,-96.29377961588187,-95.80506,-95.98202089151843
scene_0006,87.09677419354838,-67.74193548387098,1,-96.20351334557674,-96.2103379920481,-96.49102190256843,-96.19562,-96.19561918699807
scene_0006,93.54838709677418,-67.74193548387098,0,-96.57020552383052,-96.57871819169095,-96.6461388724383,-96.24864,-96.36882085081552
scene_0006,100.0,-67.74193548387098,1,-96.90869893386122,-96.91878783525156,-96.77877051486132,-96.510704,-96.51070623102939
scene_0006,-100.0,-61.29032258064517,0,-98.07011717665374,-98.08139695835646,-98.65645086317004,-97.91462,-97.58507036923818
scene_0006,-93.54838709677419,-61.29032258064517,0,-97.24887805651986,-97.25662530436735,-98.23185159892918,-97.362015,-97.28706949069276
scene_0006,-87.09677419354838,-61.29032258064517,0,-96.50586396598696,-96.50959202453735,-97.74492618962276,-96.74903,-96.78069863136243
scene_0006,-80.64516129032259,-61.29032258064517,0,-95.84158248413884,-95.8392471514079,-97.18825299863067,-96.100784,-96.1342679583372
scene_0006,-74.19354838709677,-61.29032258064517,0,-95.24556520293396,-95.23452568916584,-96.56598234501679,-95.44748,-95.43667447478978
scene_0006,-67.74193548387098,-61.29032258064517,0,-94.70270750138724,-94.68075929616705,-95.89420402451222,-94.816956,-94.78310708787507
scene_0006,-61.29032258064517,-61.29032258064517,1,-94.1993320736891,-94.16551091805988,-95.19794285008408,-94.12441,-94.12441284564628
scene_0006,-54.83870967741936,-61.29032258064517,1,-93.72778313340375,-93.68269293982397,-94.5061257317005,-93.99532,-93.99532212578751
scene_0006,-48.38709677419355,-61.29032258064517,0,-93.28842546960928,-93.23401551640248,-93.8467095339251,-93.20092,-93.37318961087837
scene_0006,-41.935483870967744,-61.29032258064517,0,-92.88872411391075,-92.82768376924605,-93.2434540502556,-92.7574,-92.91075157414129
scene_0006,-35.483870967741936,-61.29032258064517,1,-92.5402508189247,-92.4753299084887,-92.71459509829114,-92.52575,-92.52575132342201
scene_0006,-29.032258064516128,-61.29032258064517,0,-92.2551073331317,-92.18861878039999,-92.27289749094649,-92.004395,-92.18669594178041
scene_0006,-22.580645161290334,-61.29032258064517,1,-92.04300476612565,-91.9766067625811,-91.92641204816944,-91.97857,-91.97856502831128
scene_0006,-16.129032258064527,-61.29032258064517,0,-91.90952384037087,-91.84424367331637,-91.67943203193619,-91.48259,-91.99089332878788
scene_0006,-9.677419354838719,-61.29032258064517,0,-91.85549455316064,-91.79190073079569,-91.53336774258321,-91.339386,-92.01671245061215
scene_0006,-3.225806451612911,-61.29032258064517,0,-91.87720479209136,-91.81563712467538,-91.48741764432943,-91.290474,-92.0720735900764
scene_0006,3.225806451612897,-61.29032258064517,0,-91.96717507430328,-91.90796464315314,-91.53899926838422,-91.34429,-92.145823374061
scene_0006,9.677419354838705,-61.29032258064517,0,-92.11533589542745,-92.05896634158817,-91.68393748117037,-91.50392,-92.23550775693758
scene_0006,16.129032258064512,-61.29032258064517,0,-92.31048927348611,-92.2576656264248,-91.91641738533171,-91.76472,-92.34837615613793
scene_0006,22.58064516129032,-61.29032258064517,0,-92.54188778789491,-92.49349698687814,-92.22871420126847,-92.112656,-92.49856533269306
scene_0006,29.032258064516128,-61.29032258064517,0,-92.800661438182,-92.75763562348746,-92.61072987875465,-92.52511,-92.7036440635036
scene_0006,35.48387096774192,-61.29032258064517,0,-93.08075843875643,-93.04388332376595,-93.04941355565342,-92.9742,-92.99109783110823
scene_0006,41.935483870967744,-61.29032258064517,0,-93.3791318552074,-93.3488631419757,-93.52823762289691,-93.43224,-93.36870343812927
scene_0006,48.38709677419354,-61.29032258064517,0,-93.69511168357073,-93.6714588724057,-94.02704576896873,-93.87674,-93.76112535740239
scene_0006,54.83870967741933,-61.29032258064517,0,-94.02915776901102,-94.01166752728028,-94.5227359022975,-94.29291,-94.12103713401244
scene_0006,61.29032258064515,-61.29032258064517,0,-94.38136301297418,-94.36919912356257,-94.99124499987039,-94.67337,-94.53667053902112
scene_0006,67.74193548387095,-61.29032258064517,0,-94.75010615344286,-94.7421973506292,-95.41094574412391,-95.016136,-95.05489425869457
scene_0006,74.19354838709677,-61.29032258064517,1,-95.13117470139802,-95.12639211116898,-95.76676500104098,-95.92194,-95.92194467884443
scene_0006,80.64516129032256,-61.29032258064517,0,-95.51756468261027,-95.51489254564413,-96.05348687332999,-95.59497,-95.81681247531566
scene_0006,87.09677419354838,-61.29032258064517,0,-95.90005006197771,-95.89871936304631,-96.27662750961038,-95.836784,-96.01571121797349
scene_0006,93.54838709677418,-61.29032258064517,0,-96.2684791452877,-96.26804071859323,-96.45036726316391,-96.050934,-96.18665538076627
scene_0006,100.0,-61.29032258064517,0,-96.61356509549182,-96.61388956104396,-96.5935458929956,-96.2402,-96.2864854621622
scene_0006,-100.0,-54.83870967741936,0,-97.88319310692744,-97.89367100496796,-98.52944011709171,-97.803154,-97.3244741712775
scene_0006,-93.54838709677419,-54.83870967741936,0,-97.073261022531,-97.08053943622473,-98.08016557109737,-97.239395,-97.04193515530945
scene_0006,-87.09677419354838,-54.83870967741936,0,-96.3466983878795,-96.34921551402093,-97.56653789397772,-96.61388,-96.56799705788869
scene_0006,-80.64516129032259,-54.83870967741936,0,-95.69704201413549,-95.69184982452202,-96.98153072532072,-95.95196,-95.94773771191984
scene_0006,-74.19354838709677,-54.83870967741936,0,-95.10744669625754,-95.091421909264,-96.32986299352098,-95.28412,-95.26075258696032
scene_0006,-67.74193548387098,-54.83870967741936,1,-94.55815002856727,-94.52920563141299,-95.62867871124317,-94.533165,-94.53316598687414
scene_0006,-61.29032258064517,-54.83870967741936,0,-94.03367252249177,-93.99158242262499,-94.90443070994267,-94.03383,-94.06181497373508
scene_0006,-54.83870967741936,-54.83870967741936,0,-93.52797345848494,-93.47449522093214,-94.18745754820768,-93.47855,-93.6041838954577
scene_0006,-48.38709677419355,-54.83870967741936,0,-93.04591209878204,-92.98419813898076,-93.5067559071141,-92.97171,-93.13903274631791
scene_0006,-41.935483870967744,-54.83870967741936,0,-92.60085673058165,-92.53450128849978,-92.88660844927921,-92.50909,-92.65344543790928
scene_0006,-35.483870967741936,-54.83870967741936,0,-92.21007342678121,-92.14225162326525,-92.34530028316597,-92.08924,-92.19499962795763
scene_0006,-29.032258064516128,-54.83870967741936,0,-91.89010080282331,-91.82307478808363,-91.89530149612922,-91.71738,-91.84788369537821
scene_0006,-22.580645161290334,-54.83870967741936,0,-91.65351937935968,-91.58853234999671,-91.54415864538548,-91.40499,-91.66087227382462
scene_0006,-16.129032258064527,-54.83870967741936,0,-91.50737524120422,-91.44481146868412,-91.29555598438641,-91.16634,-91.61763044102923
scene_0006,-9.677419354838719,-54.83870967741936,0,-91.45284866670235,-91.39252226884932,-91.15026250365099,-91.01533,-91.66638803008802
scene_0006,-3.225806451612911,-54.83870967741936,0,-91.4856604769627,-91.42713716595739,-91.10685355757602,-90.96375,-91.76455365198629
scene_0006,3.225806451612897,-54.83870967741936,0,-91.59689865151351,-91.53979497152461,-91.16218268531115,-91.01996,-91.88725371451225
scene_0006,9.677419354838705,-54.83870967741936,0,-91.77416580764968,-91.71838902104902,-91.31161111319986,-91.18664,-92.02236997283423
scene_0006,16.129032258064512,-54.83870967741936,0,-92.00306140649262,-91.94895508968786,-91.54900834597434,-91.45848,-92.16921116923488
scene_0006,22.58064516129032,-54.83870967741936,0,-92.26897503870886,-92.21733671782077,-91.86653774230145,-91.82059,-92.33747519559687
scene_0006,29.032258064516128,-54.83870967741936,1,-92.55899689162847,-92.51095169491329,-92.2542517906988,-92.56069,-92.56069113214
scene_0006,35.48387096774192,-54.83870967741936,1,-92.86354583174895,-92.82030006232208,-92.69955856221644,-92.71439,-92.71439745265263
scene_0006,41.935483870967744,-54.83870967741936,0,-93.1772358307373,-93.13978138515843,-93.18669948369838,-93.18964,-93.24555620550845
scene_0006,48.38709677419354,-54.83870967741936,1,-93.49866865758096,-93.46753324871925,-93.69650544680113,-93.91649,-93.91649282987899
scene_0006,54.83870967741933,-54.83870967741936,1,-93.82920700248712,-93.80432647888136,-94.20684132014374,-93.79852,-93.79852343229233
scene_0006,61.29032258064515,-54.83870967741936,0,-94.1711385531593,-94.15187708533853,-94.69419566637433,-94.47155,-94.36001089125432
scene_0006,67.74193548387095,-54.83870967741936,0,-94.52579362760977,-94.51108678934378,-95.13662832205421,-94.82446,-94.81253081682502
scene_0006,74.19354838709677,-54.83870967741936,0,-94.8921026547451,-94.8806714228766,-95.51762588682335,-95.13942,-95.20862328867298
scene_0006,80.64516129032256,-54.83870967741936,0,-95.26589345758069,-95.2564750729544,-95.82957875420095,-95.41928,-95.48756619812875
scene_0006,87.09677419354838,-54.83870967741936,0,-95.6400495711244,-95.63160095719404,-96.07528598476921,-95.66736,-95.75030864806823
scene_0006,93.54838709677418,-54.83870967741936,0,-96.00550493499007,-95.99734481920507,-96.26666588068,-95.8869,-95.9814461767111
scene_0006,100.0,-54.83870967741936,0,-96.3528930944028,-96.34475910044554,-96.42127537224219,-96.080826,-96.12064582053803
scene_0006,-100.0,-48.38709677419355,0,-97.74878810347215,-97.75894275535832,-98.42812852195618,-97.72065,-97.16459927249403
scene_0006,-93.54838709677419,-48.38709677419355,0,-96.95204249773997,-96.95891020236304,-97.9598962884165,-97.14606,-96.89654897921235
scene_0006,-87.09677419354838,-48.38709677419355,1,-96.24074780771886,-96.24179631418038,-97.42560105082681,-96.464836,-96.46483796907083
scene_0006,-80.64516129032259,-48.38709677419355,0,-95.60169520008125,-95.59327083189204,-96.81760198150117,-95.833145,-95.8374026240858
scene_0006,-74.19354838709677,-48.38709677419355,0,-95.01193845886698,-94.99072262704443,-96.1405362681545,-95.151245,-95.1561540615853
scene_0006,-67.74193548387098,-48.38709677419355,0,-94.44758419904011,-94.41196618380884,-95.41245411316105,-94.490845,-94.48727466999932
scene_0006,-61.29032258064517,-48.38709677419355,0,-93.89232061194348,-93.84316641207867,-94.66148385481539,-93.87114,-93.8915753794543
scene_0006,-54.83870967741936,-48.38709677419355,0,-93.34301267966038,-93.28346188605707,-93.91978976034761,-93.29996,-93.35982464403664
scene_0006,-48.38709677419355,-48.38709677419355,0,-92.81016226748476,-92.74459059684098,-93.21780188848794,-92.776276,-92.84917859990313
scene_0006,-41.935483870967744,-48.38709677419355,1,-92.31359062302741,-92.24632905248667,-92.58061917509391,-92.44045,-92.44044942972216
scene_0006,-35.483870967741936,-48.38709677419355,0,-91.87611234466092,-91.8105032873743,-92.02676904501587,-91.85772,-91.83577781698915
scene_0006,-29.032258064516128,-48.38709677419355,0,-91.51812319460782,-91.45613196966983,-91.56854844693817,-91.46827,-91.48200483529268
scene_0006,-22.580645161290334,-48.38709677419355,0,-91.25443215000945,-91.19670755254846,-91.2130766751855,-91.1405,-91.29573804470473
scene_0006,-16.129032258064527,-48.38709677419355,0,-91.09312918313117,-91.03930322218497,-90.96347606341979,-90.89006,-91.24941561436664
scene_0006,-9.677419354838719,-48.38709677419355,0,-91.03567871401884,-90.98474349227516,-90.81989459463487,-90.731674,-91.31006136198718
scene_0006,-3.225806451612911,-48.38709677419355,0,-91.07754388011452,-91.02822428253056,-90.78027318020288,-90.67745,-91.44094638795207
scene_0006,3.225806451612897,-48.38709677419355,0,-91.20899887807651,-91.160092716952,-90.84084897705075,-90.73566,-91.60846208480663
scene_0006,9.677419354838705,-48.38709677419355,0,-91.41609746901734,-91.36677028452527,-90.99641479762111,-90.908676,-91.7897766407124
scene_0006,16.129032258064512,-48.38709677419355,0,-91.68194295940252,-91.63195343589138,-91.24035649805725,-91.19058,-91.97622210079756
scene_0006,22.58064516129032,-48.38709677419355,0,-91.9884162541968,-91.93822799088102,-91.5644865785979,-91.565674,-92.173702644574
scene_0006,29.032258064516128,-48.38709677419355,0,-92.31834409339457,-92.26907351746213,-91.95869803807481,-92.00911,-92.40359313990758
scene_0006,35.48387096774192,-48.38709677419355,0,-92.65777049454044,-92.61095066046667,-92.41049164201712,-92.49065,-92.70423507714655
scene_0006,41.935483870967744,-48.38709677419355,0,-92.99770143077579,-92.95490778278969,-92.90449625061305,-92.980484,-93.089053322499
scene_0006,48.38709677419354,-48.38709677419355,0,-93.3346773305481,-93.29712903390694,-93.42221235971364,-93.454506,-93.47385361027392
scene_0006,54.83870967741933,-48.38709677419355,0,-93.66990564529047,-93.63817435402362,-93.94233961140982,-93.89706,-93.80525316694073
scene_0006,61.29032258064515,-48.38709677419355,0,-94.0072605954297,-93.9811697612287,-94.44210901740385,-94.30046,-94.15912728182802
scene_0006,67.74193548387095,-48.38709677419355,0,-94.35085932786846,-94.32957633826378,-94.89986343329062,-94.662926,-94.53433335650048
scene_0006,74.19354838709677,-48.38709677419355,0,-94.70294951582495,-94.68521192358367,-95.29858182884425,-94.98602,-94.86493014739725
scene_0006,80.64516129032256,-48.38709677419355,1,-95.06259498395369,-95.04699352195456,-95.6292795866189,-94.835526,-94.83553098058599
scene_0006,87.09677419354838,-48.38709677419355,0,-95.42535132451951,-95.41060360626936,-95.89281580002257,-95.52687,-95.52894796266906
scene_0006,93.54838709677418,-48.38709677419355,0,-95.78391075972263,-95.76907784244021,-96.09916506890053,-95.75151,-95.8223172199807
scene_0006,100.0,-48.38709677419355,0,-96.12954499219576,-96.11415741129764,-96.26446030136081,-95.949875,-95.98779580409317
scene_0006,-100.0,-41.935483870967744,0,-97.66732517200944,-97.67753135680053,-98.35867926351827,-97.66628,-97.10502861829687
scene_0006,-93.54838709677419,-41.935483870967744,0,-96.883460335171,-96.8900274378229,-97.87674072762175,-97.08093,-96.84753881095085
scene_0006,-87.09677419354838,-41.935483870967744,0,-96.18489556733005,-96.18448521914759,-97.32682792337317,-96.43114,-96.39744144986685
scene_0006,-80.64516129032259,-41.935483870967744,0,-95.55216836098765,-95.54064301732626,-96.69993806441897,-95.74281,-95.791760332617
scene_0006,-74.19354838709677,-41.935483870967744,0,-94.95672249882985,-94.93083805461342,-96.00025545769469,-95.04704,-95.10471534177567
scene_0006,-67.74193548387098,-41.935483870967744,0,-94.37119811614025,-94.33010155740008,-95.24678755666272,-94.372284,-94.40889730962651
scene_0006,-61.29032258064517,-41.935483870967744,0,-93.77937409052983,-93.72522756152537,-94.46965734531581,-93.737785,-93.74872994991466
scene_0006,-54.83870967741936,-41.935483870967744,1,-93.18196513226934,-93.1193206185366,-93.7032277977759,-93.09779,-93.09779140651574
scene_0006,-48.38709677419355,-41.935483870967744,0,-92.59563019268481,-92.5299261288693,-92.9796554591931,-92.61153,-92.55445943849948
scene_0006,-41.935483870967744,-41.935483870967744,0,-92.04646786816632,-91.98250504650245,-92.32504274534912,-92.1142,-91.98629114510959
scene_0006,-35.483870967741936,-41.935483870967744,1,-91.56212018847995,-91.50315343197616,-91.75827207420069,-91.29126,-91.29125928576173
scene_0006,-29.032258064516128,-41.935483870967744,0,-91.16594635701017,-91.11347862891513,-91.29154391897131,-91.25281,-91.13039443189217
scene_0006,-22.580645161290334,-41.935483870967744,0,-90.87424206935084,-90.82826839434495,-90.93161515998922,-90.91051,-90.94453616556109
scene_0006,-16.129032258064527,-41.935483870967744,0,-90.6957170264576,-90.65514072833349,-90.68110750982706,-90.648834,-90.88656557791967
scene_0006,-9.677419354838719,-41.935483870967744,0,-90.63205907606704,-90.59511775917257,-90.53960274929402,-90.48326,-90.94887604465026
scene_0006,-3.225806451612911,-41.935483870967744,0,-90.67877193587168,-90.64341890961796,-90.5044460312874,-90.42622,-91.10341004150487
scene_0006,3.225806451612897,-41.935483870967744,0,-90.82594930686096,-90.7901932210619,-90.57126733650503,-90.48593,-91.30924332108134
scene_0006,9.677419354838705,-41.935483870967744,0,-91.05900381373247,-91.02122144084706,-90.73425561836638,-90.66449,-91.53364957010808
scene_0006,16.129032258064512,-41.935483870967744,0,-91.35958339883484,-91.31880217801417,-90.98621769899312,-90.955475,-91.7608573962994
scene_0006,22.58064516129032,-41.935483870967744,0,-91.70698320700004,-91.66309441758115,-91.31844671528272,-91.34239,-91.9923789370033
scene_0006,29.032258064516128,-41.935483870967744,0,-92.08025278971455,-92.03408258240077,-91.72042703602179,-91.79945,-92.24608506477867
scene_0006,35.48387096774192,-41.935483870967744,1,-92.46086154917808,-92.41402669481226,-92.17942637508159,-92.53216,-92.5321559118847
scene_0006,41.935483870967744,-41.935483870967744,0,-92.83530806589741,-92.78984267547403,-92.68008335723401,-92.799416,-92.90530456997408
scene_0006,48.38709677419354,-41.935483870967744,0,-93.19674665257017,-93.15459061683283,-93.20419538552734,-93.28668,-93.2707804601496
scene_0006,54.83870967741933,-41.935483870967744,0,-93.54490189831105,-93.50742293846807,-93.73102636025624,-93.741135,-93.61974924627717
scene_0006,61.29032258064515,-41.935483870967744,0,-93.8842466466534,-93.85195752891079,-94.23850912676903,-94.15497,-93.97347831189708
scene_0006,67.74193548387095,-41.935483870967744,0,-94.22116629530022,-94.19370258810594,-94.70557127781402,-94.52643,-94.33389657880798
scene_0006,74.19354838709677,-41.935483870967744,0,-94.56112411026994,-94.53743994965434,-95.11534576337075,-94.857216,-94.68401206238049
scene_0006,80.64516129032256,-41.935483870967744,0,-94.90661444300683,-94.88529816944347,-95.45835502862198,-95.15062,-95.05183152523877
scene_0006,87.09677419354838,-41.935483870967744,1,-95.2562550995516,-95.23586833005241,-95.7343569470161,-95.598206,-95.59820397850385
scene_0006,93.54838709677418,-41.935483870967744,0,-95.60502267344964,-95.58439305200801,-95.95192554720373,-95.63988,-95.73842714146576
scene_0006,100.0,-41.935483870967744,0,-95.94544084651596,-95.92386314311698,-96.12591018740623,-95.84248,-95.89829298509594
scene_0006,-100.0,-35.483870967741936,0,-97.63770502860538,-97.64832844230119,-98.32510877704902,-97.64055,-97.12455607564004
scene_0006,-93.54838709677419,-35.483870967741936,1,-96.86505715836525,-96.87159193317018,-97.83407679687117,-96.85784,-96.8578406478887
scene_0006,-87.09677419354838,-35.483870967741936,0,-96.1762961376602,-96.1747877745752,-97.27282899033702,-96.38257,-96.41184269626939
scene_0006,-80.64516129032259,-35.483870967741936,0,-95.54649036885291,-95.532522497209,-96.6305030005273,-95.68114,-95.78818764825671
scene_0006,-74.19354838709677,-35.483870967741936,0,-94.94217804071992,-94.91277647332417,-95.91062069960493,-94.97154,-95.08395847849204
scene_0006,-67.74193548387098,-35.483870967741936,0,-94.33321049788675,-94.28841808439151,-95.13322946010355,-94.28256,-94.35720336665808
scene_0006,-61.29032258064517,-35.483870967741936,0,-93.70406466463888,-93.64735148574349,-94.3306868074362,-93.63356,-93.64471922407833
scene_0006,-54.83870967741936,-35.483870967741936,0,-93.05960524146711,-92.996785979494,-93.53979375442628,-93.03212,-92.96503360253467
scene_0006,-48.38709677419355,-35.483870967741936,0,-92.4223952732764,-92.35971151880031,-92.79459574947253,-92.47684,-92.32708047667177
scene_0006,-41.935483870967744,-35.483870967741936,0,-91.82403562983393,-91.76649845482132,-92.12229117700315,-91.96336,-91.73390388428726
scene_0006,-35.483870967741936,-35.483870967741936,0,-91.29600615580736,-91.24661270502125,-91.5421779708009,-91.49158,-91.2279589814921
scene_0006,-29.032258064516128,-35.483870967741936,0,-90.86375336943526,-90.82349187196586,-91.06641941345323,-91.069786,-90.87299228542972
scene_0006,-22.580645161290334,-35.483870967741936,0,-90.54446606482301,-90.51272497153143,-90.70148170098918,-90.71359,-90.6585046845031
scene_0006,-16.129032258064527,-35.483870967741936,1,-90.34718379792125,-90.32225034738056,-90.44957071682384,-90.51514,-90.51513265495772
scene_0006,-9.677419354838719,-35.483870967741936,0,-90.27379671994905,-90.25329943559538,-90.30979303262492,-90.26825,-90.60822887994478
scene_0006,-3.225806451612911,-35.483870967741936,0,-90.32007455952181,-90.30134504930174,-90.27898421795447,-90.20802,-90.76933694123085
scene_0006,3.225806451612897,-35.483870967741936,0,-90.47641336899908,-90.45679668541678,-90.35223460702825,-90.26855,-90.9994601540482
scene_0006,9.677419354838705,-35.483870967741936,0,-90.72834736524638,-90.7054992898059,-90.52316210571263,-90.451675,-91.25686238833819
scene_0006,16.129032258064512,-35.483870967741936,0,-91.05709222968684,-91.02928309590067,-90.78397503303802,-90.75055,-91.51995757770636
scene_0006,22.58064516129032,-35.483870967741936,0,-91.44051171446854,-91.40691628163331,-91.12535801651944,-91.14798,-91.78376149585752
scene_0006,29.032258064516128,-35.483870967741936,0,-91.85488991368882,-91.8157902600104,-91.53621392348239,-91.61731,-92.06048384508713
scene_0006,35.48387096774192,-35.483870967741936,0,-92.27763683474379,-92.23442787136845,-92.00331553334755,-92.1263,-92.37094312910885
scene_0006,41.935483870967744,-35.483870967741936,0,-92.69051153041899,-92.64542240340754,-92.51097210017578,-92.64324,-92.71866951419105
scene_0006,48.38709677419354,-35.483870967741936,0,-93.08234343944932,-93.03789744021705,-93.04090110214695,-93.142654,-93.08119886785525
scene_0006,54.83870967741933,-35.483870967741936,0,-93.4500723298454,-93.4084515836053,-93.57259293297847,-93.60808,-93.44663320271675
scene_0006,61.29032258064515,-35.483870967741936,0,-93.79754415859331,-93.76009148487671,-94.08449538537896,-94.03154,-93.82414192303531
scene_0006,67.74193548387095,-35.483870967741936,0,-94.13255768093462,-94.09957555763103,-94.5562026743154,-94.41136,-94.21468371708468
scene_0006,74.19354838709677,-35.483870967741936,0,-94.46337351271688,-94.43423122752964,-94.97141493709032,-94.74936,-94.61221006646252
scene_0006,80.64516129032256,-35.483870967741936,0,-94.79585348068701,-94.76930065781623,-95.32084800312046,-95.04897,-95.01736390851455
scene_0006,87.09677419354838,-35.483870967741936,0,-95.13185937458482,-95.10641623843219,-95.60393093302991,-95.31402,-95.39922806675037
scene_0006,93.54838709677418,-35.483870967741936,1,-95.46900193824355,-95.44332508679082,-95.82846316446253,-95.67938,-95.67938098893079
scene_0006,100.0,-35.483870967741936,0,-95.80152728727089,-95.77468756966239,-96.0083331914697,-95.75479,-95.8277756491461
scene_0006,-100.0,-29.032258064516128,0,-97.65804824398059,-97.66950404695059,-98.32958468247186,-97.64588,-97.17533227509512
scene_0006,-93.54838709677419,-29.032258064516128,1,-96.89426810732587,-96.90123639048899,-97.83354471683077,-97.08659,-97.08659145105578
scene_0006,-87.09677419354838,-29.032258064516128,0,-96.21266886631425,-96.21076769451977,-97.26490368192357,-96.36527,-96.44031926184981
scene_0006,-80.64516129032259,-29.032258064516128,0,-95.5839304449386,-95.56862045004706,-96.61063341004149,-95.650856,-95.80089302899282
scene_0006,-74.19354838709677,-29.032258064516128,0,-94.97055682556933,-94.93921585469307,-95.87341688304384,-94.92766,-95.08519792399136
scene_0006,-67.74193548387098,-29.032258064516128,0,-94.34014646758136,-94.293681004907,-95.07430975318051,-94.22473,-94.33367479561974
scene_0006,-61.29032258064517,-29.032258064516128,1,-93.67794006934275,-93.62096398004978,-94.24795782396626,-93.61088,-93.6108827168832
scene_0006,-54.83870967741936,-29.032258064516128,0,-92.99246457115186,-92.93179843268008,-93.43366384273581,-92.945724,-92.86235755963125
scene_0006,-48.38709677419355,-29.032258064516128,0,-92.31123966265322,-92.25367053766796,-92.6674055753793,-92.375626,-92.19106412136279
scene_0006,-41.935483870967744,-29.032258064516128,0,-91.67025719771257,-91.6208347095411,-91.977512293222,-91.84683,-91.58982724655158
scene_0006,-35.483870967741936,-29.032258064516128,0,-91.10388184593653,-91.0652923893401,-91.38374440931366,-91.35955,-91.08692796046002
scene_0006,-29.032258064516128,-29.032258064516128,0,-90.63901607920073,-90.61178106191569,-90.89829759017506,-90.92286,-90.71320796359296
scene_0006,-22.580645161290334,-29.032258064516128,0,-90.29342039468781,-90.27643469791605,-90.52743959063825,-90.55343,-90.46714024536756
scene_0006,-16.129032258064527,-29.032258064516128,0,-90.07636264209852,-90.06744518789746,-90.2730699825711,-90.27023,-90.3351362433909
scene_0006,-9.677419354838719,-29.032258064516128,1,-89.98997413097322,-89.9863083335216,-90.13393945906294,-90.2498,-90.2498027731695
scene_0006,-3.225806451612911,-29.032258064516128,0,-90.03044147924969,-90.02890625116098,-90.10649439271117,-90.02615,-90.46918037017292
scene_0006,3.225806451612897,-29.032258064516128,0,-90.18875310715313,-90.18619231341084,-90.18539620538479,-90.0865,-90.69536325777688
scene_0006,9.677419354838705,-29.032258064516128,0,-90.45106001071404,-90.44454458083163,-90.3637792677859,-90.27289,-90.9667678778667
scene_0006,16.129032258064512,-29.032258064516128,0,-90.79891284245537,-90.7860341324001,-90.63330089577846,-90.57802,-91.25684192876773
scene_0006,22.58064516129032,-29.032258064516128,0,-91.2097860012687,-91.18898332908367,-90.98402550183576,-90.98418,-91.54877221261891
scene_0006,29.032258064516128,-29.032258064516128,0,-91.6583771995725,-91.6292447384407,-91.40418458024024,-91.46388,-91.84797118507595
scene_0006,35.48387096774192,-29.032258064516128,0,-92.11904738407723,-92.0825005281447,-91.87987435958374,-91.984055,-92.18003175498197
scene_0006,41.935483870967744,-29.032258064516128,0,-92.56928530984597,-92.52744233253482,-92.39480136059287,-92.51219,-92.55028194921937
scene_0006,48.38709677419354,-29.032258064516128,0,-92.99330757442127,-92.94901918745134,-92.93026240504666,-93.022194,-92.93529965539071
scene_0006,54.83870967741933,-29.032258064516128,0,-93.38433811296645,-93.3404720738213,-93.4656252566534,-93.49723,-93.32238590000205
scene_0006,61.29032258064515,-29.032258064516128,0,-93.74440443813972,-93.70314748909423,-93.97959024287056,-93.92923,-93.7249763170803
scene_0006,67.74193548387095,-29.032258064516128,0,-94.08166517082634,-94.0441025376942,-94.45235426397248,-94.31649,-94.14160608792018
scene_0006,74.19354838709677,-29.032258064516128,0,-94.4064753060036,-94.37254983689003,-94.86840037944202,-94.66094,-94.56545532555762
scene_0006,80.64516129032256,-29.032258064516128,0,-94.72772534503778,-94.69650220146774,-95.21912560328306,-94.966125,-94.97318216858861
scene_0006,87.09677419354838,-29.032258064516128,0,-95.05046632602645,-95.02054903156227,-95.50426917108598,-95.23601,-95.335759131112
scene_0006,93.54838709677418,-29.032258064516128,0,-95.3750922626769,-95.34505125590618,-95.73145770711295,-95.474365,-95.60459448202198
scene_0006,100.0,-29.032258064516128,0,-95.69787285767079,-95.66659715386507,-95.91402103822239,-95.68463,-95.74960632426712
scene_0006,-100.0,-22.580645161290334,0,-97.7261586505741,-97.73892685578264,-98.37278236034555,-97.68722,-97.2171659319857
scene_0006,-93.54838709677419,-22.580645161290334,1,-96.9686631663694,-96.97670772560386,-97.87551813482544,-96.98169,-96.98168801806906
scene_0006,-87.09677419354838,-22.580645161290334,0,-96.29217095720422,-96.29085280329338,-97.30352244012424,-96.385056,-96.44483296783488
scene_0006,-80.64516129032259,-22.580645161290334,0,-95.6643225954156,-95.64907083443921,-96.64142089634916,-95.658325,-95.82658255957882
scene_0006,-74.19354838709677,-22.580645161290334,0,-95.04457485052541,-95.0130801733921,-95.89080562327095,-94.92222,-95.12195815511403
scene_0006,-67.74193548387098,-22.580645161290334,0,-94.39857985615507,-94.35242483286687,-95.07348586800205,-94.20615,-94.35809935458909
scene_0006,-61.29032258064517,-22.580645161290334,1,-93.71179607371575,-93.65645007875753,-94.22619989717955,-93.52502,-93.52501615631937
scene_0006,-54.83870967741936,-22.580645161290334,0,-92.99518143810518,-92.93818384566356,-93.39063590402974,-92.90053,-92.84260072019428
scene_0006,-48.38709677419355,-22.580645161290334,1,-92.27975542148094,-92.22824877950555,-92.60466323760248,-92.11342,-92.11341537606685
scene_0006,-41.935483870967744,-22.580645161290334,0,-91.60468563238393,-91.56370116939465,-91.89776477139151,-91.77406,-91.53824882211167
scene_0006,-35.483870967741936,-22.580645161290334,0,-91.00647287452631,-90.9784386376895,-91.29023388218728,-91.27274,-91.01741229314544
scene_0006,-29.032258064516128,-22.580645161290334,0,-90.51315801858586,-90.49824406782153,-90.79440075274607,-90.82251,-90.62142373625683
scene_0006,-22.580645161290334,-22.580645161290334,0,-90.1430287817569,-90.13977717902442,-90.41645544581355,-90.44083,-90.35652195138937
scene_0006,-16.129032258064527,-22.580645161290334,0,-89.90565734078106,-89.91156511527103,-90.1581220225482,-90.14749,-90.19539928410703
scene_0006,-9.677419354838719,-22.580645161290334,0,-89.80352070483077,-89.81547312973007,-90.01793100746616,-89.95993,-90.1450041061421
scene_0006,-3.225806451612911,-22.580645161290334,0,-89.83332919595163,-89.84790194725429,-89.99207624415249,-89.89137,-90.22303280402241
scene_0006,3.225806451612897,-22.580645161290334,0,-89.98680211972513,-90.00049163930336,-90.07492272207443,-89.95015,-90.40896249895215
scene_0006,9.677419354838705,-22.580645161290334,0,-90.2509511894427,-90.26039648323489,-90.25924120932414,-90.1378,-90.67224381523252
scene_0006,16.129032258064512,-22.580645161290334,0,-90.60811147553714,-90.6103586257826,-90.53623250558219,-90.44681,-90.98153474963749
scene_0006,22.58064516129032,-22.580645161290334,0,-91.03610923636758,-91.02894222907554,-90.89539221924356,-90.85893,-91.30068982134092
scene_0006,29.032258064516128,-22.580645161290334,0,-91.5090887722566,-91.49139758259467,-91.32426808351327,-91.34613,-91.62156234316112
scene_0006,35.48387096774192,-22.580645161290334,0,-91.99952132878573,-91.97160105491498,-91.80818416754096,-91.87459,-91.99388504269723
scene_0006,41.935483870967744,-22.580645161290334,0,-92.48157510605222,-92.44518478861457,-92.33005523559339,-92.41118,-92.4275687134458
scene_0006,48.38709677419354,-22.580645161290334,0,-92.93523389304093,-92.89326724515246,-92.87048520006249,-92.92929,-92.88198382387964
scene_0006,54.83870967741933,-22.580645161290334,1,-93.34967031015971,-93.30545350080178,-93.40840558196263,-93.165726,-93.16571855470212
scene_0006,61.29032258064515,-22.580645161290334,0,-93.72422528875461,-93.68067944636245,-93.92249183100697,-93.85048,-93.7091329744693
scene_0006,67.74193548387095,-22.580645161290334,1,-94.06638926343598,-94.02539122379154,-94.3934016860805,-94.11966,-94.11965888891078
scene_0006,74.19354838709677,-22.580645161290334,1,-94.38774018610836,-94.34989273436383,-94.80647859298247,-94.59117,-94.59116627063862
scene_0006,80.64516129032256,-22.580645161290334,0,-94.69961778290963,-94.66441784812258,-95.15411695933079,-94.90294,-94.89637889666548
scene_0006,87.09677419354838,-22.580645161290334,0,-95.00996822751411,-94.97621490548022,-95.43684921592758,-95.17676,-95.23524209793622
scene_0006,93.54838709677418,-22.580645161290334,1,-95.32190466550377,-95.28817241137122,-95.662639637209,-95.60484,-95.60483468961537
scene_0006,100.0,-22.580645161290334,0,-95.63383760388203,-95.59889309714586,-95.84465639841113,-95.63182,-95.64293916824172
scene_0006,-100.0,-16.129032258064527,0,-97.83976160152692,-97.85436529095804,-98.45417530399303,-97.77266,-97.29799479338448
scene_0006,-93.54838709677419,-16.129032258064527,0,-97.08597045535042,-97.09584726378648,-97.95937358267652,-97.1469,-96.99251833811205
scene_0006,-87.09677419354838,-16.129032258064527,1,-96.41307152128832,-96.41347180137595,-97.38846869595407,-96.30677,-96.30676866123696
scene_0006,-80.64516129032259,-16.129032258064527,1,-95.78723468636719,-95.7735893682385,-96.72364038811894,-95.980194,-95.98019597861425
scene_0006,-74.19354838709677,-16.129032258064527,0,-95.1659588062395,-95.13613401997048,-95.96499582549612,-94.966995,-95.2245502543685
scene_0006,-67.74193548387098,-16.129032258064527,0,-94.5130732612772,-94.46902716749085,-95.13455713747533,-94.23957,-94.4642459161315
scene_0006,-61.29032258064517,-16.129032258064527,0,-93.81321638102507,-93.76091451029923,-94.2706812637659,-93.55182,-93.6860900924872
scene_0006,-54.83870967741936,-16.129032258064527,0,-93.0779781125387,-93.02540389233273,-93.41715860925744,-92.911316,-92.93732137821334
scene_0006,-48.38709677419355,-16.129032258064527,0,-92.34008184501279,-92.29462458693743,-92.6136613617819,-92.31622,-92.23576129530704
scene_0006,-41.935483870967744,-16.129032258064527,0,-91.64064890426252,-91.60736362281497,-91.89087385464136,-91.76204,-91.59278263207091
scene_0006,-35.483870967741936,-16.129032258064527,0,-91.01777778723317,-90.99896204352204,-91.26974336730812,-91.2492,-91.02671447699984
scene_0006,-29.032258064516128,-16.129032258064527,0,-90.5005934957026,-90.49621963191021,-90.76288374492209,-90.78772,-90.58778906862636
scene_0006,-22.580645161290334,-16.129032258064527,1,-90.10808354825932,-90.11648747489077,-90.37656063087942,-90.381836,-90.38183086177756
scene_0006,-16.129032258064527,-16.129032258064527,0,-89.85034045404744,-89.86882792228718,-90.11247068625872,-90.093094,-90.1187667776924
scene_0006,-9.677419354838719,-16.129032258064527,0,-89.73035514471577,-89.75563217041827,-89.96906601330019,-89.898026,-90.01692281950301
scene_0006,-3.225806451612911,-16.129032258064527,0,-89.74545994100072,-89.77391573121326,-89.9424250633815,-89.82385,-90.02368069908657
scene_0006,3.225806451612897,-16.129032258064527,0,-89.88815880382846,-89.91606661273963,-90.02675007920024,-89.879,-90.15089318860322
scene_0006,9.677419354838705,-16.129032258064527,0,-90.14639676531382,-90.17010040061481,-90.21457650411939,-90.06499,-90.39251756195225
scene_0006,16.129032258064512,-16.129032258064527,0,-90.50348156659987,-90.51962608708124,-90.49676459244074,-90.37413,-90.71399795980352
scene_0006,22.58064516129032,-16.129032258064527,1,-90.93801006041004,-90.94385512623752,-90.86233194236301,-91.21616,-91.21616799740005
scene_0006,29.032258064516128,-16.129032258064527,1,-91.42430902866343,-91.41812002428483,-91.29818972257979,-91.33202,-91.33203000578627
scene_0006,35.48387096774192,-16.129032258064527,0,-91.93399004952417,-91.91542542079134,-91.78887246668532,-91.81019,-91.84605854531455
scene_0006,41.935483870967744,-16.129032258064527,1,-92.43901989736698,-92.40934337514412,-92.31640447951868,-92.39098,-92.39098441222077
scene_0006,48.38709677419354,-16.129032258064527,0,-92.91600414239613,-92.8779220461291,-92.86051494260049,-92.87301,-92.94747557320115
scene_0006,54.83870967741933,-16.129032258064527,0,-93.35033975794136,-93.30738519827277,-93.39945934722074,-93.35942,-93.4611757508089
scene_0006,61.29032258064515,-16.129032258064527,1,-93.73831758682199,-93.69395357985341,-93.91164864359146,-93.838264,-93.83826514675788
scene_0006,67.74193548387095,-16.129032258064527,1,-94.08597964525893,-94.04278214083995,-94.3780433595733,-93.874626,-93.87462537518032
scene_0006,74.19354838709677,-16.129032258064527,0,-94.40525405556079,-94.36448515895692,-94.7848457442166,-94.5508,-94.44790900273132
scene_0006,80.64516129032256,-16.129032258064527,0,-94.70919821026007,-94.67084362055385,-95.12563200086545,-94.863174,-94.80497665767324
scene_0006,87.09677419354838,-16.129032258064527,0,-95.00815313928624,-94.97128755078444,-95.40205942387814,-95.13937,-95.107040054604
scene_0006,93.54838709677418,-16.129032258064527,0,-95.30768142278558,-95.27096237260979,-95.62281494586986,-95.383286,-95.34325692233065
scene_0006,100.0,-16.129032258064527,0,-95.60826653940748,-95.57040217881946,-95.80123735647675,-95.598434,-95.5170012641417
scene_0006,-100.0,-9.677419354838719,0,-97.996589283821,-98.01354784264093,-98.57221815578478,-97.91304,-97.47468892386104
scene_0006,-93.54838709677419,-9.677419354838719,0,-97.24401412129659,-97.25650496199826,-98.08356831001497,-97.280945,-97.17691122092174
scene_0006,-87.09677419354838,-9.677419354838719,0,-96.57344764364915,-96.57673814173022,-97.5187141930577,-96.578674,-96.68513943971787
scene_0006,-80.64516129032259,-9.677419354838719,0,-95.95131487264227,-95.94083692672459,-96.85736396557249,-95.83353,-96.08948000223253
scene_0006,-74.19354838709677,-9.677419354838719,0,-95.33438197016565,-95.30798625668677,-96.09759499769282,-95.07828,-95.4084158636731
scene_0006,-67.74193548387098,-9.677419354838719,0,-94.68477426105912,-94.64443343982099,-95.26080164774831,-94.342834,-94.65722172553907
scene_0006,-61.29032258064517,-9.677419354838719,0,-93.98505641568602,-93.9368366460122,-94.38620062254911,-93.64722,-93.88468130760035
scene_0006,-54.83870967741936,-9.677419354838719,0,-93.24532433744439,-93.19739147687869,-93.51924239581501,-92.99902,-93.13953188835866
scene_0006,-48.38709677419355,-9.677419354838719,0,-92.49796852883642,-92.45790353200655,-92.70128311699425,-92.39643,-92.43750397911529
scene_0006,-41.935483870967744,-9.677419354838719,0,-91.78479091572699,-91.75777707368817,-91.96429957247581,-91.83483,-91.77669402494348
scene_0006,-35.483870967741936,-9.677419354838719,0,-91.14504496310866,-91.13342267853908,-91.33007712577574,-91.31459,-91.16816073938264
scene_0006,-29.032258064516128,-9.677419354838719,1,-90.60903362097262,-90.61275197271388,-90.81171638986758,-90.44974,-90.44973549851255
scene_0006,-22.580645161290334,-9.677419354838719,0,-90.19675241644931,-90.214087660834,-90.41574661513314,-90.44605,-90.34513575067892
scene_0006,-16.129032258064527,-9.677419354838719,0,-89.91912932953954,-89.94731187954585,-90.14400091835832,-90.13612,-90.11609670431105
scene_0006,-9.677419354838719,-9.677419354838719,0,-89.77989702408263,-89.81554860740536,-89.99499554844067,-89.93379,-89.95660885959762
scene_0006,-3.225806451612911,-9.677419354838719,0,-89.77712799719129,-89.81653866998104,-89.96482183646769,-89.85268,-89.89381155344267
scene_0006,3.225806451612897,-9.677419354838719,0,-89.90413840460744,-89.943451038233,-90.0476400488788,-89.901306,-89.96401962456382
scene_0006,9.677419354838705,-9.677419354838719,0,-90.14979221638939,-90.18516420163093,-90.2358676750448,-90.08133,-90.18947310039373
scene_0006,16.129032258064512,-9.677419354838719,0,-90.49839263730146,-90.52619712516136,-90.52013803171717,-90.38514,-90.5229620653954
scene_0006,22.58064516129032,-9.677419354838719,1,-90.9294764488578,-90.94659087339429,-90.88909437042426,-90.7721,-90.77210765094755
scene_0006,29.032258064516128,-9.677419354838719,0,-91.41798851059896,-91.42218384100923,-91.32909248700662,-91.28038,-91.31939935003332
scene_0006,35.48387096774192,-9.677419354838719,0,-91.93545416961669,-91.925828428166,-91.82391860936721,-91.80917,-91.80077560148065
scene_0006,41.935483870967744,-9.677419354838719,1,-92.45268492952539,-92.42998526150762,-92.35469014557802,-92.18532,-92.18531281547841
scene_0006,48.38709677419354,-9.677419354838719,0,-92.94397533229422,-92.91058653963704,-92.90017838494751,-92.86719,-93.05848118994197
scene_0006,54.83870967741933,-9.677419354838719,1,-93.39168190802519,-93.35113150807828,-93.43782352001102,-94.01131,-94.01130825456873
scene_0006,61.29032258064515,-9.677419354838719,0,-93.78920426528535,-93.7452766822881,-93.94561373684428,-93.79325,-93.96239647555211
scene_0006,67.74193548387095,-9.677419354838719,0,-94.14073886719244,-94.09654479691314,-94.40469261665667,-94.18898,-94.17388452401246
scene_0006,74.19354838709677,-9.677419354838719,0,-94.45784619850645,-94.41522474156095,-94.8020959168913,-94.54113,-94.45417551708184
scene_0006,80.64516129032256,-9.677419354838719,0,-94.75453332749257,-94.71394826080201,-95.13267736840426,-94.85328,-94.76667741018787
scene_0006,87.09677419354838,-9.677419354838719,1,-95.04289515205612,-95.00373156835954,-95.39941820258939,-95.03908,-95.03908426119901
scene_0006,93.54838709677418,-9.677419354838719,1,-95.33050033097982,-95.29155394237972,-95.61197644263876,-95.04266,-95.04267004413917
scene_0006,100.0,-9.677419354838719,0,-95.61966784947785,-95.57964503347935,-95.78409325251245,-95.588524,-95.45508348086119
scene_0006,-100.0,-3.225806451612911,0,-98.19436977871965,-98.21414075005173,-98.7244389127942,-98.11812,-97.724015854591
scene_0006,-93.54838709677419,-3.225806451612911,1,-97.44066153716305,-97.45648008531221,-98.2455962278641,-97.60021,-97.60021372846569
scene_0006,-87.09677419354838,-3.225806451612911,0,-96.77105322088194,-96.7783223284774,-97.692153864367,-96.778564,-96.94121158688318
scene_0006,-80.64516129032259,-3.225806451612911,0,-96.15402951261592,-96.14817920089708,-97.04143467753157,-96.03049,-96.34063281958716
scene_0006,-74.19354838709677,-3.225806451612911,0,-95.54703096856025,-95.52570609362193,-96.28884849087166,-95.27223,-95.67041664020678
scene_0006,-67.74193548387098,-3.225806451612911,0,-94.91083695388295,-94.87565668204645,-95.45405774588617,-94.533905,-94.93132764288706
scene_0006,-61.29032258064517,-3.225806451612911,0,-94.2248399606973,-94.18155869919367,-94.57609775266471,-93.83562,-94.16271972358865
scene_0006,-54.83870967741936,-3.225806451612911,0,-93.4954762711049,-93.4521668091172,-93.701463998742,-93.18516,-93.43229140443438
scene_0006,-48.38709677419355,-3.225806451612911,0,-92.75258440604416,-92.71696671818417,-92.87303407278515,-92.58073,-92.74880738019772
scene_0006,-41.935483870967744,-3.225806451612911,0,-92.03719382135175,-92.01470096164782,-92.12420408618071,-92.017624,-92.10006839885483
scene_0006,-35.483870967741936,-3.225806451612911,0,-91.38918079024711,-91.38238910736496,-91.47784284356965,-91.49591,-91.49405891629691
scene_0006,-29.032258064516128,-3.225806451612911,0,-90.84011803901004,-90.84914104111037,-90.94779562610582,-91.025,-90.9689836620141
scene_0006,-22.580645161290334,-3.225806451612911,0,-90.41136264981176,-90.43456703703107,-90.54108008229294,-90.62227,-90.55936188253945
scene_0006,-16.129032258064527,-3.225806451612911,0,-90.11505201569346,-90.14970343742533,-90.25984731351316,-90.30758,-90.24323036512732
scene_0006,-9.677419354838719,-3.225806451612911,0,-89.95594206510026,-89.99866021563577,-90.10282179177906,-90.0986,-90.0174508574651
scene_0006,-3.225806451612911,-3.225806451612911,0,-89.93300252094409,-89.98004694083603,-90.06622531521862,-90.008995,-89.90740130839728
scene_0006,3.225806451612897,-3.225806451612911,1,-90.04040434170386,-90.08785702213216,-90.14427834116677,-89.81346,-89.81346012369787
scene_0006,9.677419354838705,-3.225806451612911,1,-90.26789404545744,-90.31180923930117,-90.32937603961068,-90.10239,-90.10238176516492
scene_0006,16.129032258064512,-3.225806451612911,0,-90.60071541643042,-90.63730094497049,-90.61201928625978,-90.507034,-90.54420237203556
scene_0006,22.58064516129032,-3.225806451612911,0,-91.01936324684068,-91.04524626734302,-90.98057115753525,-90.90291,-90.95533642427807
scene_0006,29.032258064516128,-3.225806451612911,0,-91.49961097745071,-91.51221352033888,-91.42092133266503,-91.37564,-91.40801789261418
scene_0006,35.48387096774192,-3.225806451612911,0,-92.01341535118253,-92.01140300729523,-91.9161822686341,-91.891525,-91.90857601637867
scene_0006,41.935483870967744,-3.225806451612911,0,-92.53129234902018,-92.51496049081018,-92.44661170951028,-92.41752,-92.48897369917853
scene_0006,48.38709677419354,-3.225806451612911,0,-93.02629728515072,-92.99767184717602,-92.99003324385323,-92.927,-93.1414109436216
scene_0006,54.83870967741933,-3.225806451612911,0,-93.47873011367736,-93.44119075893533,-93.52304568290214,-93.40271,-93.70287661114685
scene_0006,61.29032258064515,-3.225806451612911,1,-93.87966752818238,-93.83711685683392,-94.0231684566491,-94.069984,-94.06999040271094
scene_0006,67.74193548387095,-3.225806451612911,0,-94.23146047697706,-94.18734573050499,-94.47169068479232,-94.225624,-94.2322228831865
scene_0006,74.19354838709677,-3.225806451612911,1,-94.54483118375353,-94.50142510822863,-94.8564800331291,-94.561905,-94.56189710732244
scene_0006,80.64516129032256,-3.225806451612911,0,-94.83403629570618,-94.79220765568053,-95.17371500794428,-94.88041,-94.79611331481519
scene_0006,87.09677419354838,-3.225806451612911,0,-95.11222324772454,-95.07165359037583,-95.4277913209762,-95.15298,-95.08725073481706
scene_0006,93.54838709677418,-3.225806451612911,1,-95.38840177396608,-95.34804905164954,-95.62945316376914,-95.50877,-95.50877721160225
scene_0006,100.0,-3.225806451612911,0,-95.66635154500489,-95.62496212736578,-95.7929588425142,-95.60662,-95.50026056007889
scene_0006,-100.0,3.225806451612897,0,-98.43074344349397,-98.45366516503914,-98.90748456458874,-98.38756,-98.0076716800795
scene_0006,-93.54838709677419,3.225806451612897,0,-97.67380944142775,-97.69351413216538,-98.44191297400002,-97.75567,-97.67358273736441
scene_0006,-87.09677419354838,3.225806451612897,0,-97.00340321351086,-97.01554765218148,-97.90533629940305,-97.05364,-97.18578005899462
scene_0006,-80.64516129032259,3.225806451612897,0,-96.39185137316183,-96.39188810473212,-97.27296476407902,-96.30881,-96.61610198123576
scene_0006,-74.19354838709677,3.225806451612897,0,-95.79885976212644,-95.78408956396623,-96.5369331922133,-95.55403,-95.9885234513274
scene_0006,-67.74193548387098,3.225806451612897,0,-95.18466804037685,-95.15603590843932,-95.71389533730613,-94.819374,-95.28478866851717
scene_0006,-61.29032258064517,3.225806451612897,1,-94.52494114981675,-94.48748065892713,-94.8413947835629,-94.38275,-94.38275238976745
scene_0006,-54.83870967741936,3.225806451612897,1,-93.82060287697014,-93.78197320561071,-93.966142656614,-93.813995,-93.81399523044684
scene_0006,-48.38709677419355,3.225806451612897,0,-93.09664917665046,-93.06459980186477,-93.13228100876401,-92.879974,-93.15044796105624
scene_0006,-41.935483870967744,3.225806451612897,0,-92.39157901852472,-92.37187948741919,-92.37475249688721,-92.32269,-92.52928463535498
scene_0006,-35.483870967741936,3.225806451612897,0,-91.74505746281181,-91.74070577703743,-91.71779852841308,-91.80681,-91.94779057549681
scene_0006,-29.032258064516128,3.225806451612897,1,-91.18983756916991,-91.20130715256083,-91.17631697137966,-91.47041,-91.47040891203866
scene_0006,-22.580645161290334,3.225806451612897,0,-90.74892779403017,-90.77483654681961,-90.75807747350511,-90.940216,-90.92910226673979
scene_0006,-16.129032258064527,3.225806451612897,0,-90.43605723698248,-90.47382353500373,-90.46575329918647,-90.62423,-90.52245130483732
scene_0006,-9.677419354838719,3.225806451612897,0,-90.25732708064682,-90.30365177519985,-90.29842824202026,-90.40973,-90.24108714531094
scene_0006,-3.225806451612911,3.225806451612897,1,-90.21280937033877,-90.26398480099353,-90.25256586238739,-90.13132,-90.13132219980642
scene_0006,3.225806451612897,3.225806451612897,0,-90.29761353175545,-90.34971912567227,-90.32253218821342,-90.334564,-90.19444127584877
scene_0006,9.677419354838705,3.225806451612897,0,-90.50235417699456,-90.55140825382259,-90.50077174828513,-90.48517,-90.44377875305479
scene_0006,16.129032258064512,3.225806451612897,0,-90.8131488435602,-90.85528193703595,-90.77772074231389,-90.7554,-90.81964068781402
scene_0006,22.58064516129032,3.225806451612897,1,-91.21140466342231,-91.2431099149115,-91.14153288370278,-91.134155,-91.1341616627986
scene_0006,29.032258064516128,3.225806451612897,0,-91.67380484208381,-91.6922971505036,-91.57770931630208,-91.57681,-91.66924912649053
scene_0006,35.48387096774192,3.225806451612897,0,-92.17306856936966,-92.17672872601767,-92.068773348868,-92.06878,-92.12957271942616
scene_0006,41.935483870967744,3.225806451612897,0,-92.68008377944597,-92.66886976664809,-92.5942120885135,-92.57216,-92.65067644741427
scene_0006,48.38709677419354,3.225806451612897,0,-93.1676336863555,-93.14324707899459,-93.13099097559123,-93.06115,-93.22267928408212
scene_0006,54.83870967741933,3.225806451612897,0,-93.61501280837405,-93.58061298589124,-93.65495443939201,-93.51889,-93.74036722368034
scene_0006,61.29032258064515,3.225806451612897,0,-94.01178307820575,-93.97122754181919,-94.14323552055045,-93.93704,-94.0812109470464
scene_0006,67.74193548387095,3.225806451612897,1,-94.35876188536486,-94.31563429311183,-94.57734255620151,-94.0493,-94.04929749871087
scene_0006,74.19354838709677,3.225806451612897,0,-94.66561853807549,-94.62244773485179,-94.94603152732479,-94.6495,-94.55638089069052
scene_0006,80.64516129032256,3.225806451612897,0,-94.94629017965083,-94.9042301992513,-95.24683608775823,-94.94821,-94.86245715471291
scene_0006,87.09677419354838,3.225806451612897,0,-95.21428890502379,-95.17326102595504,-95.48557151503339,-95.213104,-95.16359617577396
scene_0006,93.54838709677418,3.225806451612897,0,-95.47944064975229,-95.43855788626547,-95.67406101491365,-95.44753,-95.41458574498152
scene_0006,100.0,3.225806451612897,0,-95.74651903606585,-95.70459106997347,-95.82707580442913,-95.65464,-95.57524846582251
scene_0006,-100.0,9.677419354838705,0,-98.70309735981414,-98.72934170333099,-99.11716697427175,-98.702866,-98.37570962704632
scene_0006,-93.54838709677419,9.677419354838705,1,-97.94137337800933,-97.96529696284964,-98.66791238763525,-97.77497,-97.77497724805988
scene_0006,-87.09677419354838,9.677419354838705,0,-97.26800713138945,-97.28564052635659,-98.1533063028123,-97.38649,-97.44987961601734
scene_0006,-80.64516129032259,9.677419354838705,0,-96.66080757714774,-96.6676941983016,-97.54699092358592,-96.65167,-96.89406042894117
scene_0006,-74.19354838709677,9.677419354838705,0,-96.08343769894734,-96.07648623652412,-96.8374232831752,-95.907394,-96.31179949104788
scene_0006,-67.74193548387098,9.677419354838705,1,-95.49692367990468,-95.47618485748991,-96.03695247969753,-95.84801,-95.84800804674195
scene_0006,-61.29032258064517,9.677419354838705,0,-94.87349326251245,-94.8429120015085,-95.18009206934329,-94.5005,-94.94606722435739
scene_0006,-54.83870967741936,9.677419354838705,0,-94.20742726316584,-94.17387441104378,-94.312667117162,-93.866356,-94.24590263472938
scene_0006,-48.38709677419355,9.677419354838705,0,-93.51677688426832,-93.48781353074543,-93.47964573497747,-93.27974,-93.60529595368888
scene_0006,-41.935483870967744,9.677419354838705,0,-92.83543773480497,-92.81716328043346,-92.71757787103928,-92.735825,-93.01110471605705
scene_0006,-35.483870967741936,9.677419354838705,0,-92.20154523428914,-92.19751943060001,-92.05237476118907,-92.23329,-92.45305061949384
scene_0006,-29.032258064516128,9.677419354838705,0,-91.64855831198592,-91.65980440692442,-91.50033229520761,-91.778854,-91.92036437033917
scene_0006,-22.580645161290334,9.677419354838705,0,-91.2012171183561,-91.22677895293052,-91.07027506153166,-91.386475,-91.40994655405342
scene_0006,-16.129032258064527,9.677419354838705,1,-90.87515354874094,-90.91273783191541,-90.76563181964008,-90.92495,-90.9249476279503
scene_0006,-9.677419354838719,9.677419354838705,1,-90.67814399671357,-90.7246306019085,-90.58601234670022,-90.51732,-90.5173200119509
scene_0006,-3.225806451612911,9.677419354838705,0,-90.6116115520762,-90.66339757562858,-90.52823544412995,-90.744675,-90.54078911737156
scene_0006,3.225806451612897,9.677419354838705,0,-90.67174190459319,-90.72496471429419,-90.58688837764785,-90.75186,-90.61996322268315
scene_0006,9.677419354838705,9.677419354838705,0,-90.8500533736208,-90.9007586335403,-90.75451725206148,-90.879295,-90.86609979123388
scene_0006,16.129032258064512,9.677419354838705,0,-91.1335045950753,-91.17782449546445,-91.02153529592387,-91.12132,-91.2357845758075
scene_0006,22.58064516129032,9.677419354838705,1,-91.50437365852358,-91.53877162936342,-91.37592997739483,-91.81538,-91.81537686805416
scene_0006,29.032258064516128,9.677419354838705,0,-91.94029309382091,-91.96190878096523,-91.80286982996081,-91.87689,-92.01480737313106
scene_0006,35.48387096774192,9.677419354838705,1,-92.41497828734317,-92.42205528013578,-92.28436874942375,-92.39911,-92.39910818130154
scene_0006,41.935483870967744,9.677419354838705,0,-92.90021700509573,-92.89250843797048,-92.7992566887053,-92.805626,-92.8432765921054
scene_0006,48.38709677419354,9.677419354838705,0,-93.36935579639729,-93.34831201682363,-93.32379469944827,-93.26488,-93.348779503643
scene_0006,54.83870967741933,9.677419354838705,0,-93.80168394392867,-93.7702209196833,-93.83326492120784,-93.69635,-93.87365686834588
scene_0006,61.29032258064515,9.677419354838705,0,-94.18613210023942,-94.14793987879435,-94.30462673066077,-94.09184,-94.26895819881297
scene_0006,67.74193548387095,9.677419354838705,1,-94.5224722155882,-94.48108754405641,-94.71980349080226,-94.49179,-94.49178441478182
scene_0006,74.19354838709677,9.677419354838705,0,-94.81930304210738,-94.77732395979153,-95.06857003079946,-94.768715,-94.70499978799165
scene_0006,80.64516129032256,9.677419354838705,0,-95.08981773525832,-95.0485381290905,-95.3498464642091,-95.053665,-94.97299598400832
scene_0006,87.09677419354838,9.677419354838705,0,-95.34727097194275,-95.30676550378121,-95.57080463595362,-95.306854,-95.25762657373309
scene_0006,93.54838709677418,9.677419354838705,0,-95.60168016022139,-95.56118455156547,-95.74423198108177,-95.5313,-95.49901129069909
scene_0006,100.0,9.677419354838705,0,-95.85830623485069,-95.81669949160235,-95.88529796433775,-95.72982,-95.65876126672751
scene_0006,-100.0,16.129032258064512,1,-99.00829175481982,-99.0378328540843,-99.34854138868047,-99.00844,-99.00843839927597
scene_0006,-93.54838709677419,16.129032258064512,0,-98.2412029224122,-98.26940586875864,-98.91800797889758,-98.42316,-98.3640333598353
scene_0006,-87.09677419354838,16.129032258064512,0,-97.5626080968078,-97.58599294324196,-98.42963954400355,-97.745705,-97.75841449902205
scene_0006,-80.64516129032259,16.129032258064512,0,-96.95717902530038,-96.97149158623971,-97.85638418172655,-97.0274,-97.15978735542643
scene_0006,-74.19354838709677,16.129032258064512,0,-96.39416672171807,-96.39598084071255,-97.18301572297067,-96.30034,-96.58088113607226
scene_0006,-67.74193548387098,16.129032258064512,0,-95.83710904800556,-95.82550447831639,-96.41648395927834,-95.59411,-95.97725457971333
scene_0006,-61.29032258064517,16.129032258064512,0,-95.25602739027306,-95.2335936573651,-95.58660990363035,-94.92894,-95.3235043590915
scene_0006,-54.83870967741936,16.129032258064512,0,-94.63852472473151,-94.61095043361007,-94.73691491604605,-94.31325,-94.67447737798881
scene_0006,-48.38709677419355,16.129032258064512,0,-93.99423177260567,-93.96854365174696,-93.9124611576278,-93.74597,-94.06952627035122
scene_0006,-41.935483870967744,16.129032258064512,0,-93.35027333388048,-93.33274388812667,-93.1512989355508,-93.22221,-93.50972036025826
scene_0006,-35.483870967741936,16.129032258064512,0,-92.74139833955032,-92.73618842904064,-92.48125344332395,-92.73978,-92.98499695606088
scene_0006,-29.032258064516128,16.129032258064512,0,-92.20072169693498,-92.20955662141832,-91.92037534011772,-92.30336,-92.48023577033399
scene_0006,-22.580645161290334,16.129032258064512,0,-91.75439811987552,-91.77692703616717,-91.47888144962101,-91.92444,-91.993424967724
scene_0006,-16.129032258064527,16.129032258064512,0,-91.42007380129563,-91.45445022243977,-91.16122389408505,-91.61775,-91.5581288183641
scene_0006,-9.677419354838719,16.129032258064512,0,-91.20746914251097,-91.25087569423,-90.96773015959144,-91.39795,-91.24279607382597
scene_0006,-3.225806451612911,16.129032258064512,0,-91.11962270897587,-91.16865513693196,-90.89570049316933,-91.277756,-91.10193998762912
scene_0006,3.225806451612897,16.129032258064512,0,-91.153986144485,-91.20491594796432,-90.94001948821251,-91.26643,-91.12950576537989
scene_0006,9.677419354838705,16.129032258064512,0,-91.3030827183028,-91.35205510606413,-91.09337647397332,-91.367584,-91.30862815749683
scene_0006,16.129032258064512,16.129032258064512,1,-91.55474588778742,-91.59797575464965,-91.34618425018913,-91.79161,-91.79161522984636
scene_0006,22.58064516129032,16.129032258064512,0,-91.89213891472617,-91.9261598384213,-91.68628352795848,-91.87967,-91.98188319272299
scene_0006,29.032258064516128,16.129032258064512,0,-92.29391284631758,-92.31591152572659,-92.09854493083836,-92.25356,-92.34570720658223
scene_0006,35.48387096774192,16.129032258064512,0,-92.73499825673191,-92.74321786967379,-92.56454419582661,-92.670135,-92.70747109860231
scene_0006,41.935483870967744,16.129032258064512,0,-93.18853939991632,-93.18265550779516,-93.06258488620797,-93.10127,-93.09649618699255
scene_0006,48.38709677419354,16.129032258064512,1,-93.62916558730836,-93.61045779270961,-93.56843225311893,-93.35755,-93.35755610067194
scene_0006,54.83870967741933,16.129032258064512,0,-94.0370455479831,-94.00818502176428,-94.0570934546143,-93.923065,-94.10079151686514
scene_0006,61.29032258064515,16.129032258064512,1,-94.40130671197107,-94.36572258958249,-94.50568802004058,-94.82312,-94.82312570409502
scene_0006,67.74193548387095,16.129032258064512,0,-94.72119929193167,-94.68222175384116,-94.89686417202918,-94.62348,-94.75495341379103
scene_0006,74.19354838709677,16.129032258064512,0,-95.00433855600414,-94.96445770904754,-95.22161482467583,-94.922775,-94.90696264452563
scene_0006,80.64516129032256,16.129032258064512,0,-95.26287025673126,-95.22337012253351,-95.48027928546149,-95.19034,-95.1316077265667
scene_0006,87.09677419354838,16.129032258064512,0,-95.50926335719048,-95.47027292467084,-95.68126373813912,-95.428696,-95.3945790367874
scene_0006,93.54838709677418,16.129032258064512,0,-95.75315244518342,-95.71398307350066,-95.83811292613022,-95.64042,-95.62178805530641
scene_0006,100.0,16.129032258064512,0,-95.99979061347504,-95.95938420278853,-95.96618580336616,-95.82796,-95.77093781723633
scene_0006,-100.0,22.58064516129032,1,-99.34226155614888,-99.37486276987929,-99.59602817157392,-99.40683,-99.40683393249257
scene_0006,-93.54838709677419,22.58064516129032,0,-98.57084131570366,-98.60309329949101,-99.18583394645374,-98.7623,-98.73054092987692
scene_0006,-87.09677419354838,22.58064516129032,0,-97.88525995062331,-97.91427084737192,-98.72670259696551,-98.10554,-98.05464160847244
scene_0006,-80.64516129032259,22.58064516129032,0,-97.2780809270315,-97.29993678854115,-98.19207716406375,-97.409515,-97.40931226649188
scene_0006,-74.19354838709677,22.58064516129032,0,-96.72552701722616,-96.73661641336415,-97.56359609212424,-96.70566,-96.81741617250862
scene_0006,-67.74193548387098,22.58064516129032,0,-96.1954883085012,-96.19400285327686,-96.84218691799195,-96.02301,-96.23654627965561
scene_0006,-61.29032258064517,22.58064516129032,0,-95.6577562820357,-95.64482860140848,-96.05139573744495,-95.38166,-95.6478854732278
scene_0006,-54.83870967741936,22.58064516129032,0,-95.09447298455876,-95.07427965748892,-95.23073049273115,-94.790276,-95.06988653729402
scene_0006,-48.38709677419355,22.58064516129032,0,-94.5064981175568,-94.48509758841442,-94.42421342637451,-94.24816,-94.52267577933354
scene_0006,-41.935483870967744,22.58064516129032,1,-93.91242118244192,-93.8959245999635,-93.67098730876924,-93.99827,-93.99826629164764
scene_0006,-35.483870967741936,22.58064516129032,0,-93.34141648981054,-93.33446131439693,-93.0008861364222,-93.2939,-93.53770789735229
scene_0006,-29.032258064516128,22.58064516129032,0,-92.82455537405042,-92.82962664468357,-92.43403307158277,-92.88109,-93.0845873459581
scene_0006,-22.580645161290334,22.58064516129032,0,-92.38850112174815,-92.40600474504477,-91.98239085347724,-92.5206,-92.64879634247919
scene_0006,-16.129032258064527,22.58064516129032,0,-92.05264595479788,-92.0813531161292,-91.6517370735182,-92.22465,-92.25105900126186
scene_0006,-9.677419354838719,22.58064516129032,0,-91.82873930047293,-91.86628812472935,-91.44334145265674,-92.00632,-91.93582151126164
scene_0006,-3.225806451612911,22.58064516129032,0,-91.72164834039958,-91.7649586937952,-91.35513536243593,-91.87775,-91.74442421392399
scene_0006,3.225806451612897,22.58064516129032,0,-91.73030534946813,-91.77588664788381,-91.38238879145307,-91.84831,-91.687417252977
scene_0006,9.677419354838705,22.58064516129032,0,-91.84840548719566,-91.8925955538435,-91.51797692544825,-91.92231,-91.75597609441239
scene_0006,16.129032258064512,22.58064516129032,1,-92.06477712902935,-92.10396722006975,-91.75232679557995,-91.679146,-91.67914770209836
scene_0006,22.58064516129032,22.58064516129032,0,-92.3635759717292,-92.39447255201947,-92.07313902530771,-92.35843,-92.3039492863608
scene_0006,29.032258064516128,22.58064516129032,0,-92.72462362137188,-92.74457480622773,-92.46500976099733,-92.687775,-92.68785186670263
scene_0006,35.48387096774192,22.58064516129032,0,-93.12433263220916,-93.13170016776797,-92.90914769822835,-93.05885,-93.06184110290249
scene_0006,41.935483870967744,22.58064516129032,0,-93.53764440074326,-93.53213105412861,-93.38348343150844,-93.446014,-93.44612674059933
scene_0006,48.38709677419354,22.58064516129032,0,-93.94109551485526,-93.92387306090761,-93.86355002701683,-93.828125,-93.88514181523757
scene_0006,54.83870967741933,22.58064516129032,0,-94.31646644690387,-94.28995695981675,-94.32445429645809,-94.19091,-94.37699946079783
scene_0006,61.29032258064515,22.58064516129032,0,-94.65376039515331,-94.62105312178976,-94.7439126984729,-94.526665,-94.78442224624892
scene_0006,67.74193548387095,22.58064516129032,0,-94.95214965613519,-94.91623339068906,-95.10569549141547,-94.832565,-95.00255164856083
scene_0006,74.19354838709677,22.58064516129032,1,-95.21836783324432,-95.18147135603175,-95.40225417109522,-94.97456,-94.97456106666377
scene_0006,80.64516129032256,22.58064516129032,0,-95.46329344058469,-95.42655595000178,-95.63536432733011,-95.35643,-95.34520239261727
scene_0006,87.09677419354838,22.58064516129032,0,-95.69818594656276,-95.66169628580083,-95.81448540037074,-95.57782,-95.58434055564064
scene_0006,93.54838709677418,22.58064516129032,1,-95.93181107751917,-95.89490672056553,-95.95363614519911,-95.79955,-95.79954886188872
scene_0006,100.0,22.58064516129032,0,-96.16897535437106,-96.1306492142445,-96.06808443515067,-95.94985,-95.91670251394845
scene_0006,-100.0,29.032258064516128,0,-99.69951489736864,-99.7347328040779,-99.8535687523522,-99.658554,-99.54065830206056
scene_0006,-93.54838709677419,29.032258064516128,0,-98.92708481339304,-98.96287490636323,-99.46454033749234,-99.08957,-99.05193139891985
scene_0006,-87.09677419354838,29.032258064516128,1,-98.23411226523648,-98.26823657449174,-99.03611722795439,-98.18103,-98.18102543572604
scene_0006,-80.64516129032259,29.032258064516128,0,-97.62167244109087,-97.65069532677623,-98.54362643593109,-97.78891,-97.6864060639966
scene_0006,-74.19354838709677,29.032258064516128,0,-97.07395648499187,-97.09428675572268,-97.96672067529778,-97.113174,-97.07928411511708
scene_0006,-67.74193548387098,29.032258064516128,0,-96.5648327615805,-96.57399361096337,-97.30041466443811,-96.45906,-96.50787710807666
scene_0006,-61.29032258064517,29.032258064516128,1,-96.06614278293688,-96.06390837162442,-96.56079425243205,-95.96248,-95.96248084404122
scene_0006,-54.83870967741936,29.032258064516128,0,-95.5568173087004,-95.54568955939641,-95.78151004724553,-95.2843,-95.45248127259168
scene_0006,-48.38709677419355,29.032258064516128,0,-95.03000997246934,-95.01466722807847,-95.00396188758262,-94.77229,-94.97034576052853
scene_0006,-41.935483870967744,29.032258064516128,0,-94.49505225564025,-94.48097378836661,-94.26753147377049,-94.30561,-94.51991411196221
scene_0006,-35.483870967741936,29.032258064516128,0,-93.97356678709818,-93.96554177936147,-93.6038704685856,-93.88002,-94.10331900639795
scene_0006,-29.032258064516128,29.032258064516128,0,-93.49243044288349,-93.49359690662857,-93.03536532064143,-93.4957,-93.71190588651973
scene_0006,-22.580645161290334,29.032258064516128,0,-93.07724089409668,-93.08882397202417,-92.57605196880098,-93.15818,-93.33434405824971
scene_0006,-16.129032258064527,29.032258064516128,0,-92.7483037520982,-92.76983911244307,-92.23335600021383,-92.87691,-92.97362421642697
scene_0006,-9.677419354838719,29.032258064516128,0,-92.51912627752306,-92.54887467049426,-92.00974814744755,-92.66324,-92.65522483379131
scene_0006,-3.225806451612911,29.032258064516128,0,-92.3964471633051,-92.43180869687677,-91.90397256050463,-92.5286,-92.42200359229878
scene_0006,3.225806451612897,29.032258064516128,0,-92.38085303933636,-92.41871217848458,-91.9117962467014,-92.48247,-92.30289022926311
scene_0006,9.677419354838705,29.032258064516128,0,-92.46741768889606,-92.5044265889903,-92.02633707930357,-92.52977,-92.30645044571753
scene_0006,16.129032258064512,29.032258064516128,0,-92.64617248437975,-92.67901188465216,-92.2380578026908,-92.66852,-92.45200302234808
scene_0006,22.58064516129032,29.032258064516128,0,-92.9024856709937,-92.92814437187704,-92.5345293150498,-92.88841,-92.74695022979047
scene_0006,29.032258064516128,29.032258064516128,0,-93.2176146894503,-93.23370773107094,-92.90010386462282,-93.17149,-93.11099841219438
scene_0006,35.48387096774192,29.032258064516128,0,-93.56980117481109,-93.57490321446802,-93.31571343680113,-93.49501,-93.48244244975692
scene_0006,41.935483870967744,29.032258064516128,0,-93.93623184418169,-93.93014249263481,-93.75910895636781,-93.835945,-93.85915823963626
scene_0006,48.38709677419354,29.032258064516128,0,-94.29588171508325,-94.27969411156006,-94.20591914886728,-94.17517,-94.2638043889746
scene_0006,54.83870967741933,29.032258064516128,0,-94.63269258091924,-94.60855755698833,-94.63180593896462,-94.49954,-94.68507751282456
scene_0006,61.29032258064515,29.032258064516128,0,-94.93801251486732,-94.90860683959164,-95.01559512758958,-94.801704,-95.04771997086236
scene_0006,67.74193548387095,29.032258064516128,0,-95.21122591586618,-95.1790890855641,-95.34261919289108,-95.07863,-95.28951948533688
scene_0006,74.19354838709677,29.032258064516128,0,-95.45824032261179,-95.42522120428443,-95.6070234781901,-95.32989,-95.4511813931609
scene_0006,80.64516129032256,29.032258064516128,0,-95.68850146504539,-95.65548968660933,-95.81199100194908,-95.55637,-95.62268805792499
scene_0006,87.09677419354838,29.032258064516128,0,-95.91174408379601,-95.87871335243806,-95.96779007917465,-95.75949,-95.80941290273677
scene_0006,93.54838709677418,29.032258064516128,1,-96.13549339720564,-96.10176674056635,-96.0885711699712,-96.02754,-96.02754817397253
scene_0006,100.0,29.032258064516128,0,-96.3637616762091,-96.32837288739037,-96.1891858048148,-96.10207,-96.08192530351914
scene_0006,-100.0,35.48387096774192,1,-100.07261557824542,-100.10981716798545,-100.11479749683704,-99.93722,-99.9372171667263
scene_0006,-93.54838709677419,35.48387096774192,0,-99.30536639176907,-99.34393854099639,-99.74712652654732,-99.41139,-99.422948041629
scene_0006,-87.09677419354838,35.48387096774192,0,-98.60686069599203,-98.64523751980997,-99.3493507974188,-98.80734,-98.74441106390248
scene_0006,-80.64516129032259,35.48387096774192,0,-97.98684826065725,-98.02218435612875,-98.90005873879589,-98.168076,-98.0463087913072
scene_0006,-74.19354838709677,35.48387096774192,0,-97.4380402040711,-97.46697959908319,-98.37855172442643,-97.523285,-97.40460819717103
scene_0006,-67.74193548387098,35.48387096774192,0,-96.94145611200709,-96.96115326153327,-97.7749195863785,-96.900665,-96.82410049843074
scene_0006,-61.29032258064517,35.48387096774192,0,-96.47306501834589,-96.48221200534925,-97.09737407112243,-96.31984,-96.30576462221134
scene_0006,-54.83870967741936,35.48387096774192,0,-96.01130117041102,-96.0107964344636,-96.37206785623226,-95.78996,-95.84610060087677
scene_0006,-48.38709677419355,35.48387096774192,0,-95.54391555246428,-95.53681080541345,-95.63584982452637,-95.31129,-95.41990644471224
scene_0006,-41.935483870967744,35.48387096774192,0,-95.07173261605887,-95.062398571156,-94.92694296099597,-94.87901,-95.02593728499244
scene_0006,-35.483870967741936,35.48387096774192,1,-94.60778968996856,-94.60068423822854,-94.27817639993023,-94.658165,-94.65816693161852
scene_0006,-29.032258064516128,35.48387096774192,0,-94.17273017856125,-94.17133267843667,-93.71412842575975,-94.135574,-94.34229788898361
scene_0006,-22.580645161290334,35.48387096774192,0,-93.78904855736016,-93.79530381346649,-93.25112631819701,-93.8244,-94.02081307324477
scene_0006,-16.129032258064527,35.48387096774192,1,-93.47650671385408,-93.49077231625807,-92.89854691984448,-93.72055,-93.7205540471216
scene_0006,-9.677419354838719,35.48387096774192,0,-93.24958035340114,-93.27087832141498,-92.66034220563722,-93.354614,-93.37163557892929
scene_0006,-3.225806451612911,35.48387096774192,1,-93.11659504119783,-93.14297009540797,-92.53628456196637,-93.10533,-93.10533210538445
scene_0006,3.225806451612897,35.48387096774192,0,-93.07981180254338,-93.10868469425779,-92.52278267230638,-93.15512,-92.96751591653529
scene_0006,9.677419354838705,35.48387096774192,0,-93.13586350896122,-93.1643481212312,-92.61328218145125,-93.17702,-92.95025485378181
scene_0006,16.129032258064512,35.48387096774192,1,-93.27624928505523,-93.30144684558137,-92.79832772799077,-93.066055,-93.06605483623676
scene_0006,22.58064516129032,35.48387096774192,0,-93.48787158057853,-93.50716633716404,-93.06539650907615,-93.45941,-93.30412548147078
scene_0006,29.032258064516128,35.48387096774192,0,-93.75379713839007,-93.76516221675234,-93.39866068374795,-93.69629,-93.61648254163245
scene_0006,35.48387096774192,35.48387096774192,1,-94.0545146252122,-94.05680011814944,-93.77891349242523,-93.947174,-93.94716985170312
scene_0006,41.935483870967744,35.48387096774192,0,-94.36989272654048,-94.36302270899718,-94.18398479848909,-94.26642,-94.29238556791553
scene_0006,48.38709677419354,35.48387096774192,0,-94.68175565856173,-94.66673565017933,-94.59000389117509,-94.56232,-94.64457810073428
scene_0006,54.83870967741933,35.48387096774192,0,-94.97654401300919,-94.95521277816411,-94.9737131191201,-94.84779,-95.0050506079431
scene_0006,61.29032258064515,35.48387096774192,0,-95.2471824353334,-95.22174105248247,-95.31559561967856,-95.115875,-95.33669157418815
scene_0006,67.74193548387095,35.48387096774192,1,-95.49337937998489,-95.4658436174747,-95.60296895762248,-95.6598,-95.65980048377753
scene_0006,74.19354838709677,35.48387096774192,0,-95.72020699620721,-95.69197150716926,-95.83184390709134,-95.58931,-95.77418146169357
scene_0006,80.64516129032256,35.48387096774192,0,-95.93555838334991,-95.90719959938053,-96.00670175934852,-95.79408,-95.90890214675406
scene_0006,87.09677419354838,35.48387096774192,0,-96.14744134206033,-96.11877273027231,-96.13830969676557,-95.97853,-96.02560442958787
scene_0006,93.54838709677418,35.48387096774192,0,-96.36189909247878,-96.33220598981472,-96.24057021283471,-96.14373,-96.15306381054
scene_0006,100.0,35.48387096774192,0,-96.58191504091178,-96.55026938789598,-96.32757956692936,-96.29091,-96.25745748043042
scene_0006,-100.0,41.935483870967744,0,-100.4518183805616,-100.49020655401233,-100.37321678577894,-100.25794,-100.22233281544574
scene_0006,-93.54838709677419,41.935483870967744,0,-99.6990776341069,-99.7394847916699,-100.02674741280549,-99.73774,-99.83346564977123
scene_0006,-87.09677419354838,41.935483870967744,0,-98.99993205553231,-99.04142388838181,-99.65830995361199,-99.16063,-99.18031032904739
scene_0006,-80.64516129032259,41.935483870967744,0,-98.37242509589873,-98.41281214022247,-99.2508602586574,-98.55043,-98.4620070851455
scene_0006,-74.19354838709677,41.935483870967744,0,-97.81789096986991,-97.85423610808652,-98.7851788384237,-97.93599,-97.78899006884774
scene_0006,-67.74193548387098,41.935483870967744,0,-97.32514139613,-97.3545406170416,-98.24821697392517,-97.34437,-97.19775090047735
scene_0006,-61.29032258064517,41.935483870967744,1,-96.87579585125195,-96.89623861487847,-97.6409577061901,-96.59506,-96.59505528913101
scene_0006,-54.83870967741936,41.935483870967744,1,-96.45031075843177,-96.46138160114018,-96.98109708882997,-96.31337,-96.31337586556535
scene_0006,-48.38709677419355,41.935483870967744,0,-96.03393805570475,-96.0370778074445,-96.29899091626885,-95.8522,-95.86810109086413
scene_0006,-41.935483870967744,41.935483870967744,0,-95.62110005106662,-95.61926028615775,-95.62981270981734,-95.45478,-95.52114310432422
scene_0006,-35.483870967741936,41.935483870967744,0,-95.21667200078561,-95.21348191566234,-95.00634814639461,-95.09877,-95.2255320609632
scene_0006,-29.032258064516128,41.935483870967744,0,-94.83389801091563,-94.8327103880955,-94.45486249616187,-94.77942,-94.96141504943262
scene_0006,-22.580645161290334,41.935483870967744,0,-94.49024040028662,-94.49342321978257,-93.99394966266959,-94.49571,-94.69263845366761
scene_0006,-16.129032258064527,41.935483870967744,0,-94.20307066492241,-94.21170100331514,-93.63514067803709,-94.25132,-94.39368941734077
scene_0006,-9.677419354838719,41.935483870967744,0,-93.98651162538427,-94.00041435662561,-93.38413090381876,-94.053894,-94.07944450067373
scene_0006,-3.225806451612911,41.935483870967744,0,-93.84974208483244,-93.86772758939176,-93.24195734149173,-93.91341,-93.81296700860226
scene_0006,3.225806451612897,41.935483870967744,0,-93.79642936773003,-93.81660558392807,-93.20585107087791,-93.83938,-93.66115949225954
scene_0006,9.677419354838705,41.935483870967744,0,-93.8248108882517,-93.84490383092586,-93.269711874306,-93.83806,-93.6376405877648
scene_0006,16.129032258064512,41.935483870967744,0,-93.92809567166893,-93.94575969154181,-93.4242576882565,-93.91005,-93.72790625032088
scene_0006,22.58064516129032,41.935483870967744,0,-94.09508224855225,-94.10820088064851,-93.65696080153823,-94.04901,-93.91118127662266
scene_0006,29.032258064516128,41.935483870967744,0,-94.31107089904472,-94.31804229332272,-93.95194270245733,-94.24222,-94.15877696288149
scene_0006,35.48387096774192,41.935483870967744,1,-94.55922467516015,-94.55920022368511,-94.29007715988114,-94.519455,-94.51945498351371
scene_0006,41.935483870967744,41.935483870967744,0,-94.82245784666496,-94.81547416855187,-94.64962326355773,-94.722855,-94.71976599242531
scene_0006,48.38709677419354,41.935483870967744,0,-95.08568740891906,-95.07262506718448,-95.00769909510018,-94.9776,-95.01142556887376
scene_0006,54.83870967741933,41.935483870967744,0,-95.33796039656329,-95.32030042667992,-95.34269725904932,-95.226105,-95.31320558630097
scene_0006,61.29032258064515,41.935483870967744,0,-95.57378379746842,-95.55321092229265,-95.63728468883238,-95.46179,-95.60751458488977
scene_0006,67.74193548387095,41.935483870967744,0,-95.79314916478214,-95.77112423435179,-95.88109808214458,-95.68129,-95.8592270846618
scene_0006,74.19354838709677,41.935483870967744,0,-96.00024038134565,-95.97768043681458,-96.07206319064872,-95.88324,-96.03985823837763
scene_0006,80.64516129032256,41.935483870967744,1,-96.20133491825008,-96.1784857343993,-96.2157446476817,-96.314926,-96.31493022289902
scene_0006,87.09677419354838,41.935483870967744,1,-96.40262944283978,-96.37913347591783,-96.32304099573994,-96.18791,-96.1879112886138
scene_0006,93.54838709677418,41.935483870967744,0,-96.6085789283403,-96.58368175577948,-96.4072181137607,-96.38393,-96.3382206597094
scene_0006,100.0,41.935483870967744,0,-96.82102450912842,-96.79384377551185,-96.48129781929846,-96.51775,-96.46976053797404
scene_0006,-100.0,48.38709677419354,1,-100.82510125345833,-100.86374479997991,-100.62238125722784,-100.789474,-100.78947431880482
scene_0006,-93.54838709677419,48.38709677419354,0,-100.09903783022241,-100.14020658630622,-100.29694484906236,-100.07671,-100.21116992376797
scene_0006,-87.09677419354838,48.38709677419354,0,-99.40758366589507,-99.45087034346318,-99.9558053166433,-99.52257,-99.59826313871693
scene_0006,-80.64516129032259,48.38709677419354,0,-98.775995110521,-98.81987383914797,-99.58689042590774,-98.93722,-98.88751871962964
scene_0006,-74.19354838709677,48.38709677419354,0,-98.21386202552644,-98.25594138988924,-99.17409932702546,-98.34888,-98.20565057781243
scene_0006,-67.74193548387098,48.38709677419354,0,-97.71793533123929,-97.75551752373764,-98.70348255771822,-97.784164,-97.61979145699861
scene_0006,-61.29032258064517,48.38709677419354,1,-97.27635442774266,-97.30711606164618,-98.17051317049774,-97.20007,-97.2000696279383
scene_0006,-54.83870967741936,48.38709677419354,0,-96.87347345408874,-96.89610138771565,-97.58459709852538,-96.79363,-96.686304848721
scene_0006,-48.38709677419355,48.38709677419354,0,-96.49478348611618,-96.50937359771157,-96.9681911568915,-96.37886,-96.3033662510817
scene_0006,-41.935483870967744,48.38709677419354,0,-96.13109726443271,-96.13915025476712,-96.35134861222909,-96.01352,-95.9944006401215
scene_0006,-35.483870967741936,48.38709677419354,0,-95.7809124723061,-95.78490163605969,-95.7650261901299,-95.69023,-95.75344837219637
scene_0006,-29.032258064516128,48.38709677419354,0,-95.45028919242569,-95.45296954393292,-95.23609199287549,-95.401825,-95.55194233816705
scene_0006,-22.580645161290334,48.38709677419354,1,-95.1505652852916,-95.15429662503868,-94.78496752992255,-95.32806,-95.32805890304623
scene_0006,-16.129032258064527,48.38709677419354,0,-94.89505389890667,-94.90135102645611,-94.42530876704896,-94.91822,-95.08311125942924
scene_0006,-9.677419354838719,48.38709677419354,0,-94.69594950321886,-94.70532385954775,-94.1647176578026,-94.72987,-94.79605099199489
scene_0006,-3.225806451612911,48.38709677419354,1,-94.56214904550536,-94.5741860218589,-94.00571331290699,-94.449265,-94.44926063974457
scene_0006,3.225806451612897,48.38709677419354,0,-94.49809626834465,-94.51167218754901,-93.94655443198224,-94.50357,-94.38750921909369
scene_0006,9.677419354838705,48.38709677419354,0,-94.50342796514684,-94.51698810566695,-93.98176986742013,-94.48211,-94.35433176479609
scene_0006,16.129032258064512,48.38709677419354,0,-94.57316158804204,-94.58501350837416,-94.10240790646961,-94.52583,-94.41195030627887
scene_0006,22.58064516129032,48.38709677419354,0,-94.69827600172279,-94.70687388157054,-94.2961071946935,-94.63022,-94.53775042832393
scene_0006,29.032258064516128,48.38709677419354,0,-94.8666645524004,-94.8708625782772,-94.54716792432757,-94.78485,-94.71406845399565
scene_0006,35.48387096774192,48.38709677419354,1,-95.06449262542756,-95.06373388934071,-94.83687596220588,-94.828636,-94.82863442449654
scene_0006,41.935483870967744,48.38709677419354,0,-95.27792422033511,-95.27232020070306,-95.14437681259375,-95.18648,-95.1459303370078
scene_0006,48.38709677419354,48.38709677419354,0,-95.4950025198412,-95.48526515589629,-95.44833474353732,-95.404976,-95.37326451489369
scene_0006,54.83870967741933,48.38709677419354,0,-95.70726949450761,-95.69449418854904,-95.72935742852407,-95.620995,-95.61081117595782
scene_0006,61.29032258064515,48.38709677419354,0,-95.91064552123879,-95.89599866108472,-95.97272669362596,-95.82829,-95.86166479516491
scene_0006,67.74193548387095,48.38709677419354,0,-96.10527269752362,-96.0896794661312,-96.17057255917055,-96.02332,-96.09358872107137
scene_0006,74.19354838709677,48.38709677419354,0,-96.29439451796564,-96.27832237021624,-96.32262184068928,-96.204315,-96.26321074071751
scene_0006,80.64516129032256,48.38709677419354,0,-96.48268506613567,-96.46607563562466,-96.43519887088218,-96.37053,-96.34880768647858
scene_0006,87.09677419354838,48.38709677419354,1,-96.67456335685613,-96.6569095767695,-96.51893345577086,-96.13437,-96.13436624748844
scene_0006,93.54838709677418,48.38709677419354,0,-96.87291792151089,-96.85344367295906,-96.58609254662836,-96.658295,-96.59605691437193
scene_0006,100.0,48.38709677419354,0,-97.07844959534447,-97.05633577777242,-96.64835708561651,-96.78053,-96.75550939790611
scene_0006,-100.0,54.83870967741933,0,-101.17885772909226,-101.21672497342911,-100.85611917950457,-100.91789,-100.73625635564267
scene_0006,-93.54838709677419,54.83870967741933,0,-100.49339953902226,-100.53419746306099,-100.55179928991889,-100.43352,-100.50904295938193
scene_0006,-87.09677419354838,54.83870967741933,0,-99.82119010099058,-99.86487315539287,-100.23579747758654,-99.896484,-99.98070974849162
scene_0006,-80.64516129032259,54.83870967741933,0,-99.19273308662513,-99.23838362588265,-99.90099020267463,-99.32976,-99.31334005896335
scene_0006,-74.19354838709677,54.83870967741933,1,-98.62493373814176,-98.67076618334394,-99.53548943529043,-98.5443,-98.54429085482451
scene_0006,-67.74193548387098,54.83870967741933,0,-98.12217859031826,-98.16589102917077,-99.1266135885758,-98.217255,-98.06177158763415
scene_0006,-61.29032258064517,54.83870967741933,0,-97.67942520120837,-97.71871051974716,-98.66675679335104,-97.717445,-97.56071451270532
scene_0006,-54.83870967741936,54.83870967741933,0,-97.28604945759508,-97.31912514578559,-98.1584655817319,-97.27202,-97.11520485023243
scene_0006,-48.38709677419355,54.83870967741933,1,-96.9298524508443,-96.95587747249847,-97.61599721557344,-96.68458,-96.68457508814322
scene_0006,-41.935483870967744,54.83870967741933,0,-96.60071518370869,-96.61996792578913,-97.06261930393667,-96.544815,-96.45016140756069
scene_0006,-35.483870967741936,54.83870967741933,0,-96.29324007689942,-96.30698768879347,-96.52540803787177,-96.25006,-96.24205222481169
scene_0006,-29.032258064516128,54.83870967741933,0,-96.0077796512155,-96.017881754872,-96.03017819231637,-95.98899,-96.08240366605455
scene_0006,-22.580645161290334,54.83870967741933,1,-95.7497113908771,-95.75810789056334,-95.59818548733082,-96.10744,-96.10743948570959
scene_0006,-16.129032258064527,54.83870967741933,0,-95.52743440022817,-95.53569487799732,-95.244786749892,-95.54518,-95.7332933080685
scene_0006,-9.677419354838719,54.83870967741933,0,-95.34991767840322,-95.35896943052352,-94.97942804224459,-95.365265,-95.52201648169907
scene_0006,-3.225806451612911,54.83870967741933,0,-95.2245431786209,-95.23460241700376,-94.80623040448526,-95.22361,-95.31974588263557
scene_0006,3.225806451612897,54.83870967741933,1,-95.15563531284522,-95.16630030040785,-94.72467202565248,-95.05586,-95.05586763085037
scene_0006,9.677419354838705,54.83870967741933,0,-95.1437355640855,-95.1541792339896,-94.7301265358474,-95.09184,-95.10016867714229
scene_0006,16.129032258064512,54.83870967741933,0,-95.18551454361605,-95.19472152666809,-94.8142078568525,-95.112015,-95.1078281928985
scene_0006,22.58064516129032,54.83870967741933,0,-95.2741973479421,-95.2812038165178,-94.96499887374556,-95.18758,-95.17410716534962
scene_0006,29.032258064516128,54.83870967741933,0,-95.4004208679824,-95.40452259251364,-95.1673333835854,-95.310074,-95.29918043224154
scene_0006,35.48387096774192,54.83870967741933,0,-95.55345826293434,-95.55435263485201,-95.40336706804948,-95.46736,-95.4580125680561
scene_0006,41.935483870967744,54.83870967741933,0,-95.72269142992668,-95.72052149634382,-95.65368352126288,-95.646194,-95.61367946992938
scene_0006,48.38709677419354,54.83870967741933,0,-95.89909967556378,-95.89438293885163,-95.89907217131115,-95.83477,-95.75732411679775
scene_0006,54.83870967741933,54.83870967741933,1,-96.07643433077908,-96.0698894548571,-96.12283954875775,-95.889404,-95.88940323087417
scene_0006,61.29032258064515,54.83870967741933,0,-96.25176116806301,-96.24408129149711,-96.31313920561274,-96.20826,-96.1300013294865
scene_0006,67.74193548387095,54.83870967741933,0,-96.42521926990375,-96.41686152691298,-96.46455834082849,-96.38344,-96.3467528844855
scene_0006,74.19354838709677,54.83870967741933,1,-96.59910201458484,-96.59015545784274,-96.57834096049541,-96.55794,-96.5579379163851
scene_0006,80.64516129032256,54.83870967741933,0,-96.77657671765631,-96.76673974642277,-96.66116729534363,-96.69931,-96.63807530520587
scene_0006,87.09677419354838,54.83870967741933,0,-96.960423399702,-96.94908533492793,-96.7230078458561,-96.838234,-96.76655792862724
scene_0006,93.54838709677418,54.83870967741933,0,-97.15209387558018,-97.1384898877387,-96.77483312613462,-96.9641,-96.95782656649865
scene_0006,100.0,54.83870967741933,1,-97.35124791215505,-97.3346466367856,-96.8267976599325,-97.22421,-97.22421533551093
scene_0006,-100.0,61.29032258064515,0,-101.49940216105314,-101.53540111352444,-101.0688285507766,-101.28338,-100.91453886740999
scene_0006,-93.54838709677419,61.29032258064515,0,-100.86829924683965,-100.9075986407963,-100.78604557536138,-100.80901,-100.79230777606836
scene_0006,-87.09677419354838,61.29032258064515,0,-100.22905577943246,-100.27176200544812,-100.49342176516916,-100.28319,-100.35433196298831
scene_0006,-80.64516129032259,61.29032258064515,0,-99.6145084764013,-99.66019433175786,-100.18814569149268,-99.72879,-99.74361859636402
scene_0006,-74.19354838709677,61.29032258064515,1,-99.04719914110997,-99.0946776257885,-99.8628917283475,-99.195694,-99.19569346401771
scene_0006,-67.74193548387098,61.29032258064515,0,-98.5383499792877,-98.58582424834225,-99.50785138989272,-98.64429,-98.51644714930524
scene_0006,-61.29032258064517,61.29032258064515,0,-98.08956668599998,-98.1349828283656,-99.11485247001397,-98.16051,-98.0076524885672
scene_0006,-54.83870967741936,61.29032258064515,0,-97.69573772576894,-97.73720194681908,-98.68193848538708,-97.73303,-97.56493777324002
scene_0006,-48.38709677419355,61.29032258064515,0,-97.3482696786209,-97.38442462938028,-98.21621800836526,-97.36408,-97.19088579915254
scene_0006,-41.935483870967744,61.29032258064515,0,-97.03817158187448,-97.06844136492315,-97.73355244224678,-97.04906,-96.90624434608864
scene_0006,-35.483870967741936,61.29032258064515,0,-96.75856352727232,-96.78320113560302,-97.255416963049,-96.77858,-96.70061371949805
scene_0006,-29.032258064516128,61.29032258064515,0,-96.50619376037612,-96.52611949538772,-96.80464734127625,-96.54112,-96.54453257072421
scene_0006,-22.580645161290334,61.29032258064515,1,-96.28172046672047,-96.29821160700749,-96.40181399797572,-96.28121,-96.2812167553843
scene_0006,-16.129032258064527,61.29032258064515,0,-96.08885721373687,-96.10319815447467,-96.06304336025946,-96.13214,-96.30353544512806
scene_0006,-9.677419354838719,61.29032258064515,0,-95.9328098832745,-95.94600967307028,-95.79919626839302,-95.959854,-96.19655879208197
scene_0006,-3.225806451612911,61.29032258064515,1,-95.81855800700224,-95.83119725954214,-95.61590330785309,-96.22565,-96.22564244589462
scene_0006,3.225806451612897,61.29032258064515,0,-95.74942828964724,-95.76164287865167,-95.51396767097583,-95.71799,-95.93326601853249
scene_0006,9.677419354838705,61.29032258064515,1,-95.72619526681656,-95.73776688688908,-95.48982843172595,-95.89561,-95.89560769570214
scene_0006,16.129032258064512,61.29032258064515,0,-95.74675988039117,-95.75726926669338,-95.53596868864167,-95.66751,-95.78180760462561
scene_0006,22.58064516129032,61.29032258064515,0,-95.80635710315104,-95.81535595711641,-95.64130185064131,-95.71974,-95.7917597088214
scene_0006,29.032258064516128,61.29032258064515,0,-95.89820628644885,-95.90536902823186,-95.7916731956295,-95.8163,-95.88636382333718
scene_0006,35.48387096774192,61.29032258064515,0,-96.01449235464159,-96.01971507029151,-95.97066871004566,-95.946884,-96.02809614216618
scene_0006,41.935483870967744,61.29032258064515,0,-96.1475193694031,-96.15094308130189,-96.16090089545887,-96.09989,-96.11519719776592
scene_0006,48.38709677419354,61.29032258064515,0,-96.29081746187295,-96.29276972126945,-96.34580114394888,-96.26474,-96.16848242733855
scene_0006,54.83870967741933,61.29032258064515,0,-96.43995343360345,-96.44082527095128,-96.51168915128672,-96.43312,-96.2656641015821
scene_0006,61.29032258064515,61.29032258064515,0,-96.59284311382117,-96.59293969885672,-96.64961410181832,-96.59916,-96.43920986637968
scene_0006,67.74193548387095,61.29032258064515,0,-96.74949846262692,-96.74891081656304,-96.75636732050437,-96.75899,-96.64822681195335
scene_0006,74.19354838709677,61.29032258064515,0,-96.91131325078588,-96.90984992296279,-96.83429543382618,-96.91011,-96.83671696319593
scene_0006,80.64516129032256,61.29032258064515,0,-97.08011848568317,-97.07731503959772,-96.8900087431152,-97.05095,-96.99169228406075
scene_0006,87.09677419354838,61.29032258064515,0,-97.25727235855902,-97.25247345070463,-96.93248883969767,-97.18056,-97.15062278080156
scene_0006,93.54838709677418,61.29032258064515,1,-97.44299706617191,-97.4354893845724,-96.97121104161526,-97.453445,-97.45344382420875
scene_0006,100.0,61.29032258064515,0,-97.63608122928721,-97.62524778916328,-97.01471697774677,-97.40445,-97.37722310456783
scene_0006,-100.0,67.74193548387095,0,-101.77514570139647,-101.8081752913642,-101.25586820641827,-101.66611,-101.14642419053537
scene_0006,-93.54838709677419,67.74193548387095,0,-101.20944126821287,-101.24617480947883,-100.99522516403324,-101.19737,-101.12162214141975
scene_0006,-87.09677419354838,67.74193548387095,0,-100.6170918060713,-100.65756552546004,-100.7248832612106,-100.6779,-100.73927133157821
scene_0006,-80.64516129032259,67.74193548387095,0,-100.02967863320973,-100.07378375976317,-100.44523719986091,-100.13068,-100.15412598118661
scene_0006,-74.19354838709677,67.74193548387095,0,-99.47286825993429,-99.5199441163207,-100.15313407631669,-99.58371,-99.53254212975071
scene_0006,-67.74193548387098,67.74193548387095,0,-98.96328915520341,-99.01207853085523,-99.84240041886288,-99.06381,-98.95996772955847
scene_0006,-61.29032258064517,67.74193548387095,0,-98.50855991259537,-98.55740681588087,-99.50627131885432,-98.59123,-98.46860579718725
scene_0006,-54.83870967741936,67.74193548387095,1,-98.10908017571039,-98.15623633957543,-99.1408686456596,-98.04954,-98.04953503852394
scene_0006,-48.38709677419355,67.74193548387095,0,-97.76051352407933,-97.80445309507681,-98.748245771478,-97.82454,-97.6563440903005
scene_0006,-41.935483870967744,67.74193548387095,0,-97.45633791868407,-97.49600689394384,-98.33757885208209,-97.52847,-97.36541643542571
scene_0006,-35.483870967741936,67.74193548387095,0,-97.19008046948042,-97.22502750263182,-97.92400102953852,-97.27876,-97.15481472084693
scene_0006,-29.032258064516128,67.74193548387095,0,-96.95694130042746,-96.98730440161525,-97.5257672480496,-97.061844,-97.00178418104757
scene_0006,-22.580645161290334,67.74193548387095,0,-96.75459748230587,-96.78096122269339,-97.16104293004972,-96.86546,-96.89232729952823
scene_0006,-16.129032258064527,67.74193548387095,0,-96.58314558634386,-96.60632226332683,-96.84536166756423,-96.68359,-96.82318762406541
scene_0006,-9.677419354838719,67.74193548387095,0,-96.444354580708,-96.46516085047364,-96.59013944608289,-96.518265,-96.76787521618634
scene_0006,-3.225806451612911,67.74193548387095,0,-96.3405571097406,-96.35964685531266,-96.40210554265119,-96.37761,-96.6927508349577
scene_0006,3.225806451612897,67.74193548387095,0,-96.27353641074691,-96.29132059060635,-96.2833103820462,-96.271805,-96.58293572751245
scene_0006,9.677419354838705,67.74193548387095,0,-96.24368217974036,-96.26033431340457,-96.23141276033348,-96.20947,-96.47328888097086
scene_0006,16.129032258064512,67.74193548387095,0,-96.24955945324432,-96.26508326057335,-96.24008657562672,-96.19525,-96.38907278292254
scene_0006,22.58064516129032,67.74193548387095,0,-96.28791985784818,-96.30224586630706,-96.29952706624636,-96.2287,-96.35993078169852
scene_0006,29.032258064516128,67.74193548387095,1,-96.35410416738378,-96.36718177583417,-96.39713797183677,-96.25516,-96.25516180025286
scene_0006,35.48387096774192,67.74193548387095,1,-96.44272861087006,-96.45458594108476,-96.51852160465285,-96.82613,-96.8261302279893
scene_0006,41.935483870967744,67.74193548387095,0,-96.54850161544633,-96.55925622916729,-96.64884942976104,-96.54639,-96.58910161738469
scene_0006,48.38709677419354,67.74193548387095,0,-96.66698622692478,-96.67680467568661,-96.77454761284062,-96.69263,-96.57780119132681
scene_0006,54.83870967741933,67.74193548387095,0,-96.79512634548547,-96.80414682290787,-96.88502494213128,-96.84472,-96.63475372181018
scene_0006,61.29032258064515,67.74193548387095,0,-96.93140994575546,-96.93965480709595,-96.97400870356941,-96.9969,-96.80344780715109
scene_0006,67.74193548387095,67.74193548387095,0,-97.07564316150308,-97.08295164304371,-97.04007464046256,-97.14511,-97.01759150136428
scene_0006,74.19354838709677,67.74193548387095,0,-97.22842021975265,-97.23442495947181,-97.0862055937363,-97.28656,-97.21098520368199
scene_0006,80.64516129032256,67.74193548387095,1,-97.39045184343304,-97.39460928411164,-97.11856607455726,-97.364746,-97.36475285968709
scene_0006,87.09677419354838,67.74193548387095,0,-97.5619344546493,-97.56360471740064,-97.1449261411862,-97.54212,-97.50525831270235
scene_0006,93.54838709677418,67.74193548387095,1,-97.74211021093869,-97.74067093644993,-97.17318614212022,-97.53171,-97.53171001249639
scene_0006,100.0,67.74193548387095,0,-97.92910761588058,-97.9240798610111,-97.2102914061434,-97.75519,-97.62130462765975
scene_0006,-100.0,74.19354838709677,0,-101.99888951842935,-102.02790392036981,-101.41401702642005,-102.05237,-101.40927417087167
scene_0006,-93.54838709677419,74.19354838709677,1,-101.5044756877204,-101.53768118655421,-101.17593288255148,-101.69183,-101.6918377802102
scene_0006,-87.09677419354838,74.19354838709677,0,-100.97054873784347,-101.00772196957898,-100.92736463437808,-101.06935,-101.12212252396918
scene_0006,-80.64516129032259,74.19354838709677,0,-100.423901573251,-100.46504677088441,-100.67056708253162,-100.5255,-100.5517044636855
scene_0006,-74.19354838709677,74.19354838709677,0,-99.89017164815104,-99.93502203744804,-100.40560661436012,-99.98283,-99.95998394806847
scene_0006,-67.74193548387098,74.19354838709677,1,-99.38924231024731,-99.43704654068229,-100.12986122814054,-99.29574,-99.29574434907119
scene_0006,-61.29032258064517,74.19354838709677,1,-98.93354665449817,-98.98311142989814,-99.83905912276862,-99.029205,-99.02920623702664
scene_0006,-54.83870967741936,74.19354838709677,0,-98.52853378442762,-98.57841710022225,-99.52950442481807,-98.5997,-98.50040551928211
scene_0006,-48.38709677419355,74.19354838709677,0,-98.17427612074566,-98.22303197404837,-99.2006051365098,-98.25998,-98.11542058891881
scene_0006,-41.935483870967744,74.19354838709677,0,-97.86745871497693,-97.91386226914466,-98.85661703645386,-97.97985,-97.82131425540669
scene_0006,-35.483870967741936,74.19354838709677,0,-97.60329054341382,-97.64649658809765,-98.5068457424611,-97.74805,-97.61050222816314
scene_0006,-29.032258064516128,74.19354838709677,0,-97.37705778601162,-97.41666587459376,-98.1642850134813,-97.54912,-97.46430622637769
scene_0006,-22.580645161290334,74.19354838709677,0,-97.18514268345669,-97.22116550130022,-97.84334445571196,-97.368484,-97.36634097133131
scene_0006,-16.129032258064527,74.19354838709677,0,-97.02543296956527,-97.05818920490584,-97.55752522120852,-97.19821,-97.30151826821874
scene_0006,-9.677419354838719,74.19354838709677,0,-96.89717152020633,-96.92714266601385,-97.31764403390198,-97.03931,-97.25328030982354
scene_0006,-3.225806451612911,74.19354838709677,0,-96.80041399489471,-96.82810838258348,-97.13079436727291,-96.89968,-97.19526558872182
scene_0006,3.225806451612897,74.19354838709677,0,-96.73532766202587,-96.7611840318709,-96.99994305409355,-96.78982,-97.11137724419058
scene_0006,9.677419354838705,74.19354838709677,0,-96.7015568280861,-96.72590056631151,-96.92396680025638,-96.7189,-97.0126462731663
scene_0006,16.129032258064512,74.19354838709677,0,-96.69781594959433,-96.72086246868002,-96.89797559909584,-96.69234,-96.92261499032705
scene_0006,22.58064516129032,74.19354838709677,0,-96.72178468221949,-96.74367203541443,-96.9138615446599,-96.71066,-96.87301513555286
scene_0006,29.032258064516128,74.19354838709677,0,-96.7702970195104,-96.79112534520385,-96.96108831719785,-96.76978,-96.89665878601096
scene_0006,35.48387096774192,74.19354838709677,0,-96.83975118428043,-96.859609072785,-97.02775988235102,-96.86212,-96.96567260850568
scene_0006,41.935483870967744,74.19354838709677,0,-96.92662161674932,-96.94558722666152,-97.1019562590293,-96.978546,-96.9839653614275
scene_0006,48.38709677419354,74.19354838709677,0,-97.02793400430524,-97.04604950272105,-97.17320607420399,-97.110214,-96.98037746003621
scene_0006,54.83870967741933,74.19354838709677,1,-97.14157619309711,-97.15880487311512,-97.23383066132344,-96.87003,-96.87002957395977
scene_0006,61.29032258064515,74.19354838709677,0,-97.26636450372754,-97.2825473367165,-97.27983173911838,-97.39132,-97.24609931200047
scene_0006,67.74193548387095,74.19354838709677,0,-97.40185581406217,-97.4166857367056,-97.31107808571893,-97.53082,-97.46255018469533
scene_0006,74.19354838709677,74.19354838709677,0,-97.54796777484131,-97.56099549869005,-97.33076278095645,-97.665146,-97.64125174401553
scene_0006,80.64516129032256,74.19354838709677,0,-97.70451855897963,-97.71519527411434,-97.34433961176182,-97.79205,-97.78283573638294
scene_0006,87.09677419354838,74.19354838709677,0,-97.87081109535633,-97.87856418703406,-97.35827643115093,-97.90999,-97.88691174118576
scene_0006,93.54838709677418,74.19354838709677,1,-98.04536774934574,-98.0496978763066,-97.37893772799937,-97.90059,-97.90058959187371
scene_0006,100.0,74.19354838709677,0,-98.22588181572422,-98.22646439320596,-97.41178075261013,-98.11537,-97.90900858751584
scene_0006,-100.0,80.64516129032256,0,-102.16940310511552,-102.19348461818043,-101.54191379941203,-102.42477,-101.65469361335157
scene_0006,-93.54838709677419,80.64516129032256,0,-101.74556036229089,-101.77441396568508,-101.3261575003928,-101.958725,-101.78208259343765
scene_0006,-87.09677419354838,80.64516129032256,0,-101.27662785512192,-101.30965848943981,-101.09906610504915,-101.442345,-101.49692810104321
scene_0006,-80.64516129032259,80.64516129032256,1,-100.7821192739186,-100.81924184069997,-100.86342639443754,-100.813354,-100.81335203110848
scene_0006,-74.19354838709677,80.64516129032256,0,-100.28445697557224,-100.32561946231304,-100.62127386480165,-100.358185,-100.44072192334423
scene_0006,-67.74193548387098,80.64516129032256,0,-99.80405985769127,-99.848918760639,-100.37281668653773,-99.846954,-99.937758001129
scene_0006,-61.29032258064517,80.64516129032256,0,-99.35634442085791,-99.40416348749656,-100.11646831220959,-99.386894,-99.44275456495288
scene_0006,-54.83870967741936,80.64516129032256,1,-98.95081952114622,-99.00054375166549,-99.84995783251352,-98.91486,-98.91485826886606
scene_0006,-48.38709677419355,80.64516129032256,0,-98.59165518087971,-98.64207632893383,-99.57205555584814,-98.6611,-98.56436293598125
scene_0006,-41.935483870967744,80.64516129032256,0,-98.27899496081952,-98.32893681252756,-99.28419546964305,-98.39427,-98.26615565811568
scene_0006,-35.483870967741936,80.64516129032256,0,-98.01047066754494,-98.05894557234112,-98.99131469614305,-98.177826,-98.05033805531733
scene_0006,-29.032258064516128,80.64516129032256,0,-97.78258530643384,-97.82889382268797,-98.70157980441432,-97.99455,-97.8982092942838
scene_0006,-22.580645161290334,80.64516129032256,1,-97.59177333082285,-97.6355363054136,-98.42515361496893,-97.83463,-97.83463009269396
scene_0006,-16.129032258064527,80.64516129032256,0,-97.43504650552664,-97.4761751282662,-98.17249582484423,-97.66771,-97.72165585519292
scene_0006,-9.677419354838719,80.64516129032256,0,-97.31022066552609,-97.3488434815749,-97.95273201035513,-97.51461,-97.6728041444974
scene_0006,-3.225806451612911,80.64516129032256,0,-97.21579946951545,-97.25217237434785,-97.77243769791049,-97.376205,-97.62541051614933
scene_0006,3.225806451612897,80.64516129032256,0,-97.15065023671757,-97.18507397150503,-97.63494745550022,-97.263275,-97.55984757530094
scene_0006,9.677419354838705,80.64516129032256,0,-97.11362700548187,-97.14638805523235,-97.54014423741658,-97.18552,-97.47583042350706
scene_0006,16.129032258064512,80.64516129032256,0,-97.10327429147613,-97.13461355530308,-97.48463764627314,-97.14901,-97.38577578952314
scene_0006,22.58064516129032,80.64516129032256,0,-97.1176941549689,-97.1477977853927,-97.46226055051922,-97.1552,-97.31307664537621
scene_0006,29.032258064516128,80.64516129032256,0,-97.15459766873168,-97.18359891153997,-97.4648461505372,-97.20097,-97.28407135645722
scene_0006,35.48387096774192,80.64516129032256,0,-97.21150566310362,-97.23948613143975,-97.48325028770881,-97.27981,-97.29556348088096
scene_0006,41.935483870967744,80.64516129032256,0,-97.28602349284644,-97.31300622799074,-97.50853917509855,-97.383484,-97.32276939987972
scene_0006,48.38709677419354,80.64516129032256,0,-97.37609738788294,-97.40203043515123,-97.53318475489056,-97.503784,-97.38460983342392
scene_0006,54.83870967741933,80.64516129032256,0,-97.48016900807244,-97.50490470844352,-97.55204413193428,-97.633575,-97.53192977560295
scene_0006,61.29032258064515,80.64516129032256,0,-97.59717776307988,-97.6204572814167,-97.56290294980289,-97.76717,-97.75161881985994
scene_0006,67.74193548387095,80.64516129032256,0,-97.7264075938948,-97.74786098285112,-97.56646225423674,-97.90019,-97.93941049844607
scene_0006,74.19354838709677,80.64516129032256,0,-97.8672214334726,-97.8863907255186,-97.56581012002536,-98.02931,-98.08355028622933
scene_0006,80.64516129032256,80.64516129032256,0,-98.01875853619707,-98.03514610207343,-97.56556350897063,-98.15202,-98.21049592640888
scene_0006,87.09677419354838,80.64516129032256,0,-98.17967991997281,-98.19281822409036,-97.57092466553091,-98.26654,-98.31162918466839
scene_0006,93.54838709677418,80.64516129032256,0,-98.34803583268564,-98.35756909843238,-97.58685929784244,-98.37163,-98.34674720312661
scene_0006,100.0,80.64516129032256,0,-98.521301784488,-98.52706586216374,-97.61751223803819,-98.46663,-98.2699753765171
scene_0006,-100.0,87.09677419354838,0,-102.2915998495216,-102.31002959992713,-101.64034929289085,-102.76681,-101.88796007638844
scene_0006,-93.54838709677419,87.09677419354838,0,-101.93116354850986,-101.95500341218016,-101.44563734901709,-102.29965,-102.10207440203777
scene_0006,-87.09677419354838,87.09677419354838,0,-101.52727244825908,-101.55554656129083,-101.23940737412661,-101.78209,-101.89366623427247
scene_0006,-80.64516129032259,87.09677419354838,0,-101.09144379086266,-101.12382435574474,-101.02389757796233,-101.23808,-101.42637610986112
scene_0006,-74.19354838709677,87.09677419354838,0,-100.64053606217846,-100.67698975007184,-100.80184613926968,-100.69688,-100.92020195081476
scene_0006,-67.74193548387098,87.09677419354838,1,-100.19274239940964,-100.23318075642693,-100.57523039775086,-100.56728,-100.5672856463495
scene_0006,-61.29032258064517,87.09677419354838,0,-99.7641506744428,-99.80822230460228,-100.34467685305012,-99.72974,-99.91269419001183
scene_0006,-54.83870967741936,87.09677419354838,0,-99.36677794516976,-99.41382581089263,-100.1097178301992,-99.33867,-99.41189719312705
scene_0006,-48.38709677419355,87.09677419354838,1,-99.00807427151518,-99.05721142311049,-99.86972000963702,-98.93772,-98.93772421716491
scene_0006,-41.935483870967744,87.09677419354838,0,-98.69143154946221,-98.74167233372779,-99.62506137087514,-98.761566,-98.68502944194955
scene_0006,-35.483870967741936,87.09677419354838,0,-98.41718476090236,-98.46758060491263,-99.378057020784,-98.557976,-98.44669785495817
scene_0006,-29.032258064516128,87.09677419354838,0,-98.18372227928148,-98.23346962914883,-99.13325847560574,-98.38797,-98.26555708607545
scene_0006,-22.580645161290334,87.09677419354838,0,-97.98846816098093,-98.03697250515738,-98.89702217252606,-98.23294,-98.14062607808663
scene_0006,-16.129032258064527,87.09677419354838,1,-97.82861185109738,-97.87550494790162,-98.67652586506706,-98.040115,-98.04011613225939
scene_0006,-9.677419354838719,87.09677419354838,0,-97.7015434030396,-97.74666111043965,-98.4785697114088,-97.93362,-98.02314862721144
scene_0006,-3.225806451612911,87.09677419354838,0,-97.60501668277772,-97.64835141854043,-98.30848920469064,-97.79642,-97.98713386552231
scene_0006,3.225806451612897,87.09677419354838,0,-97.53711067364839,-97.57875448652982,-98.1693898659878,-97.68115,-97.93483578744502
scene_0006,9.677419354838705,87.09677419354838,0,-97.49608426178575,-97.53617582142579,-98.06178238228784,-97.59796,-97.86361575347833
scene_0006,16.129032258064512,87.09677419354838,0,-97.48021880508605,-97.5189019281498,-97.98360972635345,-97.55354,-97.77131452043673
scene_0006,22.58064516129032,87.09677419354838,0,-97.48771852317098,-97.52511362820667,-97.93062021019921,-97.550064,-97.66665740660059
scene_0006,29.032258064516128,87.09677419354838,0,-97.51670084812227,-97.5528861994182,-97.89702672415343,-97.58525,-97.58422421756586
scene_0006,35.48387096774192,87.09677419354838,0,-97.56526925376512,-97.60026719927973,-97.87637409915952,-97.65344,-97.55537610362776
scene_0006,41.935483870967744,87.09677419354838,0,-97.63163027936316,-97.66539486736484,-97.86250137652026,-97.747154,-97.59135775759374
scene_0006,48.38709677419354,87.09677419354838,0,-97.7142016238796,-97.74660699271243,-97.85044523363624,-97.85865,-97.708448670064
scene_0006,54.83870967741933,87.09677419354838,0,-97.81166201482803,-97.84249430156333,-97.83711427778613,-97.98103,-97.918427131168
scene_0006,61.29032258064515,87.09677419354838,1,-97.92291372300929,-97.95187150125649,-97.82159901594443,-98.395615,-98.39561864409166
scene_0006,67.74193548387095,87.09677419354838,0,-98.04695814294743,-98.07366668156241,-97.80507080758144,-98.23688,-98.3163566164839
scene_0006,74.19354838709677,87.09677419354838,0,-98.18271433338015,-98.2067571293053,-97.79033240093662,-98.36226,-98.44035126695448
scene_0006,80.64516129032256,87.09677419354838,0,-98.32883118105569,-98.34979877548389,-97.78116459711364,-98.48204,-98.57966561984043
scene_0006,87.09677419354838,87.09677419354838,0,-98.48355081886085,-98.50110269729838,-97.7816366942211,-98.59419,-98.7155547892965
scene_0006,93.54838709677418,87.09677419354838,0,-98.64467317613105,-98.65860446630484,-97.7955153567274,-98.69734,-98.76958567402934
scene_0006,100.0,87.09677419354838,0,-98.8096511380009,-98.8199527252458,-97.8258452345064,-98.79068,-98.65301141065552
scene_0006,-100.0,93.54838709677418,0,-102.37520656034036,-102.38752150988762,-101.71229194734345,-103.066795,-102.04829137011977
scene_0006,-93.54838709677419,93.54838709677418,0,-102.06631353441495,-102.08465831957528,-101.53609781598422,-102.59779,-102.37207294159984
scene_0006,-87.09677419354838,93.54838709677418,0,-101.72108710822837,-101.74419350548278,-101.34931086831004,-102.0782,-102.20591145732513
scene_0006,-80.64516129032259,93.54838709677418,0,-101.344121475331,-101.37135228222769,-101.15293936587824,-101.53235,-101.74650572333958
scene_0006,-74.19354838709677,93.54838709677418,0,-100.94586848638505,-100.97704102878083,-100.94937649501006,-100.98996,-101.22998074216892
scene_0006,-67.74193548387098,93.54838709677418,0,-100.54024305651564,-100.57534232017215,-100.74125953589308,-100.47983,-100.73431142766019
scene_0006,-61.29032258064517,93.54838709677418,0,-100.14168405405455,-100.18061254976291,-100.53060054264418,-100.024376,-100.23781750806711
scene_0006,-54.83870967741936,93.54838709677418,0,-99.76277496519893,-99.8052178381115,-100.31848007463843,-99.63704,-99.75655781561171
scene_0006,-48.38709677419355,93.54838709677418,0,-99.4129313118596,-99.45833997804246,-100.10532629924604,-99.32207,-99.35075638351574
scene_0006,-41.935483870967744,93.54838709677418,0,-99.09810149996295,-99.14575759059574,-99.8915750712262,-99.07475,-99.03014610721979
scene_0006,-35.483870967741936,93.54838709677418,0,-98.82115545697545,-98.8702693774751,-99.67838784735576,-98.881546,-98.75284114048998
scene_0006,-29.032258064516128,93.54838709677418,0,-98.58260874382518,-98.63241716400061,-99.46811638548398,-98.72235,-98.52933115545491
scene_0006,-22.580645161290334,93.54838709677418,0,-98.38141464662795,-98.43125530798056,-99.2643293111594,-98.57696,-98.38157254822384
scene_0006,-16.129032258064527,93.54838709677418,0,-98.2156590796279,-98.26501364843188,-99.071396521438,-98.43291,-98.30748113406558
scene_0006,-9.677419354838719,93.54838709677418,0,-98.08307755523073,-98.13158257138268,-98.89378199062091,-98.288994,-98.27953253514428
scene_0006,-3.225806451612911,93.54838709677418,0,-97.98137592417463,-98.02880813904572,-98.73526566028572,-98.15283,-98.25073540967148
scene_0006,3.225806451612897,93.54838709677418,0,-97.90838023446356,-97.95462575964804,-98.59829583321235,-98.03573,-98.20358938520957
scene_0006,9.677419354838705,93.54838709677418,0,-97.8620670716864,-97.90708390942497,-98.48360254812248,-97.94826,-98.14437199839833
scene_0006,16.129032258064512,93.54838709677418,0,-97.84053386101223,-97.8843152441862,-98.39012429654936,-97.89758,-98.05343654294857
scene_0006,22.58064516129032,93.54838709677418,0,-97.84196033887264,-97.88450309842517,-98.31523947652187,-97.88651,-97.91388837072297
scene_0006,29.032258064516128,93.54838709677418,1,-97.8645925879882,-97.90587182934476,-98.25525131738834,-97.76409,-97.76408935568001
scene_0006,35.48387096774192,93.54838709677418,0,-97.9067569866539,-97.94670665118075,-98.20604169082287,-97.97336,-97.71646725598924
scene_0006,41.935483870967744,93.54838709677418,0,-97.96689077072271,-98.00538946860458,-98.16378077416097,-98.05937,-97.74297603405665
scene_0006,48.38709677419354,93.54838709677418,0,-98.04356444911248,-98.08042690598243,-98.12556268316526,-98.164154,-97.8669027430418
scene_0006,54.83870967741933,93.54838709677418,0,-98.1354716331841,-98.1704474187106,-98.08984558272928,-98.28096,-98.072882257874
scene_0006,61.29032258064515,93.54838709677418,0,-98.24137281477356,-98.27415488324073,-98.05661676473366,-98.40409,-98.2950963858394
scene_0006,67.74193548387095,93.54838709677418,0,-98.3599969877412,-98.39024237024802,-98.02727086612414,-98.528885,-98.46426925400766
scene_0006,74.19354838709677,93.54838709677418,0,-98.48992284943812,-98.51728640962125,-98.0042590913999,-98.65161,-98.61593530918353
scene_0006,80.64516129032256,93.54838709677418,0,-98.62947402763623,-98.6536537332878,-97.99061271948048,-98.76936,-98.79730330132183
scene_0006,87.09677419354838,93.54838709677418,0,-98.77666653589361,-98.79745569285076,-97.98945208534603,-98.87993,-98.99603504742488
scene_0006,93.54838709677418,93.54838709677418,0,-98.92924000299072,-98.94657901027999,-98.00356803401704,-98.98181,-99.10022123956038
scene_0006,100.0,93.54838709677418,1,-99.0847878807932,-99.09880609517943,-98.0351236066688,-99.006424,-99.00642353563116
scene_0006,-100.0,100.0,0,-102.43247702291995,-102.43850685932952,-101.76259549799639,-103.31955,-101.94870691520123
scene_0006,-93.54838709677419,100.0,1,-102.16116851770875,-102.17373535760225,-101.60124342998417,-102.872,-102.87199517268049
scene_0006,-87.09677419354838,100.0,0,-101.86353304461963,-101.88122950291528,-101.43141296668054,-102.32645,-102.20699723172187
scene_0006,-80.64516129032259,100.0,0,-101.53942537952543,-101.56133569720839,-101.25264335582878,-101.77834,-101.75701006192072
scene_0006,-74.19354838709677,100.0,0,-101.1936006654068,-101.21929674955393,-101.06630260609428,-101.23421,-101.24855357015991
scene_0006,-67.74193548387098,100.0,0,-100.83491544360909,-100.86428949561119,-100.87475968000048,-100.723305,-100.77067094552207
scene_0006,-61.29032258064517,100.0,1,-100.47446936295825,-100.50751304024396,-100.68051282656955,-100.42184,-100.42183455847865
scene_0006,-54.83870967741936,100.0,0,-100.12351690142488,-100.16014275727505,-100.48559530583785,-99.883575,-99.88100887390974
scene_0006,-48.38709677419355,100.0,0,-99.79182847007093,-99.83177857348153,-100.2914040079162,-99.57312,-99.50671150401418
scene_0006,-41.935483870967744,100.0,1,-99.48679131857224,-99.52962969624542,-100.09890689788365,-99.34197,-99.34197299948254
scene_0006,-35.483870967741936,100.0,0,-99.21320018666337,-99.25836054252264,-99.90905360506197,-99.147194,-98.89011116923032
scene_0006,-29.032258064516128,100.0,0,-98.97352093722847,-99.02037735798658,-99.72317002366555,-98.996445,-98.63856449738337
scene_0006,-22.580645161290334,100.0,0,-98.76839096229644,-98.81632674377298,-99.5431592069821,-98.85863,-98.47696041912047
scene_0006,-16.129032258064527,100.0,0,-98.59717306894285,-98.64563298928871,-99.37142888887567,-98.720184,-98.40388545253404
scene_0006,-9.677419354838719,100.0,1,-98.45844865094108,-98.50696891922078,-99.21057669011896,-98.44819,-98.44819325757422
scene_0006,-3.225806451612911,100.0,1,-98.35039580371563,-98.39861232918231,-99.06294485424745,-98.40824,-98.40823669374294
scene_0006,3.225806451612897,100.0,1,-98.27104199255244,-98.31868149077593,-98.93018478969961,-98.29703,-98.29702331274675
scene_0006,9.677419354838705,100.0,0,-98.2184090276609,-98.2652690873766,-98.81295189265585,-98.23464,-98.25449725634653
scene_0006,16.129032258064512,100.0,1,-98.19058185334313,-98.23650591772594,-98.71080366495599,-98.31868,-98.3186848252734
scene_0006,22.58064516129032,100.0,0,-98.1857340352079,-98.2305859894957,-98.62232013915255,-98.162125,-98.0093178829256
scene_0006,29.032258064516128,100.0,0,-98.20213506421698,-98.24577653805682,-98.54541753215403,-98.18266,-97.84747397913529
scene_0006,35.48387096774192,100.0,0,-98.2381522097221,-98.28042443327828,-98.47778853964721,-98.23625,-97.7555741529696
scene_0006,41.935483870967744,100.0,0,-98.29224759879983,-98.33295901251772,-98.41737838630738,-98.31644,-97.75849809457762
scene_0006,48.38709677419354,100.0,0,-98.36296358447609,-98.40188433626855,-98.36279894782837,-98.41615,-97.85535787213048
scene_0006,54.83870967741933,100.0,0,-98.44888847203254,-98.48575310504665,-98.31359823151155,-98.52882,-98.02262863791698
scene_0006,61.29032258064515,100.0,0,-98.54860008132577,-98.58311968288777,-98.27033834636153,-98.64868,-98.21465288257151
scene_0006,67.74193548387095,100.0,0,-98.66059408901066,-98.69247858302822,-98.23448238044192,-98.770996,-98.39773607176392
scene_0006,74.19354838709677,100.0,0,-98.78321403416193,-98.81220400750817,-98.20813396218148,-98.89188,-98.58523264781962
scene_0006,80.64516129032256,100.0,0,-98.91460659968178,-98.94051215905948,-98.19369894701963,-99.00824,-98.80315221748256
scene_0006,87.09677419354838,100.0,1,-99.05272649037924,-99.07546848765945,-98.1935413643877,-98.92743,-98.92743538447851
scene_0006,93.54838709677418,100.0,1,-99.19540858018345,-99.21505565888214,-98.20968997605858,-99.565346,-99.56534180017567
scene_0006,100.0,100.0,0,-99.34051143535922,-99.35730540809944,-98.243627500474,-99.31039,-99.0092193245273
scene_0010,-100.0,-100.0,0,-99.30180861483049,-99.34667585346864,-100.5752612076379,-99.80669,-96.12785741699467
scene_0010,-93.54838709677419,-100.0,0,-99.09722463535013,-99.12430786367331,-100.10803355234745,-99.5405,-96.3540106278581
scene_0010,-87.09677419354838,-100.0,0,-98.8816943722078,-98.89132709170025,-99.64254945784015,-99.256744,-96.56054478385573
scene_0010,-80.64516129032259,-100.0,0,-98.65543354455903,-98.64854281404654,-99.18405997011645,-98.96278,-96.7266040378482
scene_0010,-74.19354838709677,-100.0,0,-98.4196735778873,-98.39764473210465,-98.73717783098243,-98.66583,-96.84081757155215
scene_0010,-67.74193548387098,-100.0,0,-98.17660937072063,-98.14113557709449,-98.30590451697,-98.37152,-96.9064234070923
scene_0010,-61.29032258064517,-100.0,0,-97.92923795141348,-97.8821733252831,-97.89368036112427,-98.08333,-96.92950087087866
scene_0010,-54.83870967741936,-100.0,0,-97.6811263832167,-97.62435804193281,-97.50343911157142,-97.8028,-96.90422139943807
scene_0010,-48.38709677419355,-100.0,0,-97.4361536506985,-97.37150230168255,-97.13765827956301,-97.53053,-96.81402081002483
scene_0010,-41.935483870967744,-100.0,0,-97.19826615077524,-97.12741845731435,-96.79840277834289,-97.267166,-96.66051079800214
scene_0010,-35.483870967741936,-100.0,0,-96.97127405191127,-96.89574477104507,-96.48736233690485,-97.01413,-96.48738446817335
scene_0010,-29.032258064516128,-100.0,0,-96.7587014855911,-96.67982009609386,-96.2058841053908,-96.77397,-96.34459842355042
scene_0010,-22.580645161290334,-100.0,0,-96.56369140343408,-96.48260666998542,-95.95500174205037,-96.5502,-96.25579838928422
scene_0010,-16.129032258064527,-100.0,1,-96.38895792673932,-96.30665407959427,-95.735461763406,-96.37483,-96.37483183604033
scene_0010,-9.677419354838719,-100.0,1,-96.23677520154358,-96.15409449246363,-95.54774742493404,-96.29599,-96.2959885207671
scene_0010,-3.225806451612911,-100.0,0,-96.10899115512865,-96.02665892034564,-95.3921000360001,-96.01653,-96.09494206199292
scene_0010,3.225806451612897,-100.0,1,-96.0070558494469,-95.92570550577214,-95.26853742845601,-96.00444,-96.00443690194913
scene_0010,9.677419354838705,-100.0,0,-95.93205625398906,-95.85225269857524,-95.1768692625977,-95.80736,-95.87526539639714
scene_0010,16.129032258064512,-100.0,0,-95.88475148653708,-95.80701211909505,-95.11670892038113,-95.7529,-95.77052356356413
scene_0010,22.58064516129032,-100.0,0,-95.86560450738835,-95.79041757249355,-95.08748186288437,-95.73334,-95.6720892170265
scene_0010,29.032258064516128,-100.0,0,-95.87480775967046,-95.80264797070049,-95.08843048972048,-95.749344,-95.59942452885568
scene_0010,35.48387096774192,-100.0,0,-95.91230133071888,-95.84364284257975,-95.11861571917409,-95.80127,-95.58222536680648
scene_0010,41.935483870967744,-100.0,0,-95.97778294463328,-95.91310973680258,-95.17691570695317,-95.88899,-95.64501275788112
scene_0010,48.38709677419354,-100.0,0,-96.0707095877519,-96.01052323679674,-95.26202234281384,-96.011536,-95.79847878265124
scene_0010,54.83870967741933,-100.0,1,-96.19029092418054,-96.13511560954825,-95.37243641405172,-96.03203,-96.03202721604947
scene_0010,61.29032258064515,-100.0,0,-96.33547498044912,-96.28585939602722,-95.50646260592114,-96.34909,-96.32518486880133
scene_0010,67.74193548387095,-100.0,1,-96.5049269643991,-96.4614426167524,-95.66220581600408,-96.72921,-96.72921274559647
scene_0010,74.19354838709677,-100.0,0,-96.69700262646428,-96.66023780931363,-95.8375705726337,-96.76706,-96.78093038296956
scene_0010,80.64516129032256,-100.0,0,-96.90971835692741,-96.8802669329127,-96.03026562682317,-96.98271,-96.89480580394249
scene_0010,87.09677419354838,-100.0,1,-97.14072130616577,-97.11916535348561,-96.23781596847891,-96.91089,-96.91088487221342
scene_0010,93.54838709677418,-100.0,0,-97.3872642360309,-97.37414970717555,-96.45758451208067,-97.38051,-96.94079917757347
scene_0010,100.0,-100.0,0,-97.64619148789393,-97.64199638464397,-96.68680539881217,-97.55086,-96.80595364625498
scene_0010,-100.0,-93.54838709677419,0,-99.00467855325807,-99.02808995530003,-100.21743943570104,-99.61471,-96.38668153406161
scene_0010,-93.54838709677419,-93.54838709677419,0,-98.81416770520111,-98.820555932958,-99.74651795707835,-99.33738,-96.65359788688293
scene_0010,-87.09677419354838,-93.54838709677419,0,-98.61011385301066,-98.60036050052034,-99.28111481976559,-99.04242,-96.89429904655572
scene_0010,-80.64516129032259,-93.54838709677419,0,-98.39245366915506,-98.36790628132876,-98.82543112822772,-98.737755,-97.07412686600507
scene_0010,-74.19354838709677,-93.54838709677419,0,-98.16244724102393,-98.12477221263003,-98.38317125973802,-98.4312,-97.17326448984403
scene_0010,-67.74193548387098,-93.54838709677419,0,-97.92257527389154,-97.87360781142687,-97.95761832788465,-98.128845,-97.2056006900583
scene_0010,-61.29032258064517,-93.54838709677419,0,-97.67629899255132,-97.61790801600588,-97.55168877020226,-97.83441,-97.19229033063122
scene_0010,-54.83870967741936,-93.54838709677419,0,-97.42774013151687,-97.3617210242052,-97.16796492048707,-97.549576,-97.13097269080963
scene_0010,-48.38709677419355,-93.54838709677419,0,-97.1813432284211,-97.10934433416918,-96.8087111122113,-97.27487,-96.98939147158615
scene_0010,-41.935483870967744,-93.54838709677419,0,-96.94157121696304,-96.86505333118909,-96.4758806681358,-97.010864,-96.74915882835046
scene_0010,-35.483870967741936,-93.54838709677419,0,-96.7126655198307,-96.632889001726,-96.17112010243808,-96.758835,-96.4875990192188
scene_0010,-29.032258064516128,-93.54838709677419,0,-96.49848154730476,-96.41651359077683,-95.89577468652388,-96.521164,-96.27553328314886
scene_0010,-22.580645161290334,-93.54838709677419,0,-96.30239506644841,-96.21912966821787,-95.65089730741178,-96.301186,-96.12035231364565
scene_0010,-16.129032258064527,-93.54838709677419,1,-96.12726610111316,-96.04345051637212,-95.43726082422893,-95.73703,-95.73702821745809
scene_0010,-9.677419354838719,-93.54838709677419,0,-95.97544403358785,-95.89170722093169,-95.25537305510602,-95.9295,-95.97790832617375
scene_0010,-3.225806451612911,-93.54838709677419,0,-95.84879846268797,-95.76567865661514,-95.10549303249911,-95.7848,-95.91929778376125
scene_0010,3.225806451612897,-93.54838709677419,0,-95.74876318864449,-95.66673304023226,-94.9876470906532,-95.671196,-95.83974261161386
scene_0010,9.677419354838705,-93.54838709677419,0,-95.67638402708218,-95.5958726595328,-94.90164353049208,-95.590576,-95.76407742841337
scene_0010,16.129032258064512,-93.54838709677419,1,-95.63236419340804,-95.55377607365953,-94.84708491472395,-95.72495,-95.72495398241644
scene_0010,22.58064516129032,-93.54838709677419,0,-95.6171034068579,-95.54083422039419,-94.82337739385974,-95.53333,-95.59784869110878
scene_0010,29.032258064516128,-93.54838709677419,0,-95.63072859277113,-95.55717840865347,-94.8297368063133,-95.55836,-95.51438299571333
scene_0010,35.48387096774192,-93.54838709677419,0,-95.6731152091401,-95.60269920155912,-94.86519161614788,-95.619736,-95.4816208415221
scene_0010,41.935483870967744,-93.54838709677419,0,-95.74389893719507,-95.67705583372526,-94.92858305205063,-95.71735,-95.53728387254246
scene_0010,48.38709677419354,-93.54838709677419,0,-95.84247790720849,-95.77967619032164,-95.01856310134146,-95.85018,-95.69616328892582
scene_0010,54.83870967741933,-93.54838709677419,0,-95.96800591631276,-95.90974762951163,-95.13359130516272,-96.01571,-95.94845594801035
scene_0010,61.29032258064515,-93.54838709677419,0,-96.11937735421934,-96.0661991670608,-95.27193160223786,-96.20924,-96.26270351436389
scene_0010,67.74193548387095,-93.54838709677419,0,-96.2952048915699,-96.2476758683236,-95.43165077452696,-96.42351,-96.5802477338666
scene_0010,74.19354838709677,-93.54838709677419,0,-96.49379150167931,-96.45250681205083,-95.61062033797313,-96.64896,-96.8455266456761
scene_0010,80.64516129032256,-93.54838709677419,0,-96.71309916705746,-96.6786688034032,-95.80652395314848,-96.875046,-97.06195520095034
scene_0010,87.09677419354838,-93.54838709677419,0,-96.9507177331853,-96.92374920728291,-96.01687253782129,-97.09189,-97.22554109124331
scene_0010,93.54838709677418,-93.54838709677419,1,-97.20383883042047,-97.18491289225648,-96.23902915875729,-97.21061,-97.21060852786727
scene_0010,100.0,-93.54838709677419,0,-97.46924151093948,-97.45888026911337,-96.4702453656188,-97.47067,-97.1060125669741
scene_0010,-100.0,-87.09677419354838,0,-98.7482134379556,-98.75192902982322,-99.8555830409409,-99.39774,-96.63267748199688
scene_0010,-93.54838709677419,-87.09677419354838,0,-98.56886852583708,-98.55733797455599,-99.38876981803892,-99.1089,-96.93163903501255
scene_0010,-87.09677419354838,-87.09677419354838,0,-98.37233372490387,-98.34690469841574,-98.92989820340398,-98.80235,-97.19967246776977
scene_0010,-80.64516129032259,-87.09677419354838,0,-98.15858959155767,-98.12091024094231,-98.48208802906777,-98.486725,-97.38356067925648
scene_0010,-74.19354838709677,-87.09677419354838,0,-97.92928773424761,-97.88115555271075,-98.04822895475974,-98.1704,-97.44257293767649
scene_0010,-67.74193548387098,-87.09677419354838,0,-97.68755048770527,-97.63077431110796,-97.63105246054852,-97.859924,-97.40931611026474
scene_0010,-61.29032258064517,-87.09677419354838,1,-97.43761021083982,-97.373900769401,-97.23315033514777,-97.35284,-97.35283694974154
scene_0010,-54.83870967741936,-87.09677419354838,0,-97.18437355547408,-97.11527041845949,-96.85695628660041,-97.27034,-97.20098370039013
scene_0010,-48.38709677419355,-87.09677419354838,1,-96.93299391931967,-96.85982863227568,-96.50470905579054,-97.21478,-97.21478462879264
scene_0010,-41.935483870967744,-87.09677419354838,0,-96.68851240671351,-96.61240169611068,-96.17841229450502,-96.729355,-96.66764620814374
scene_0010,-35.483870967741936,-87.09677419354838,0,-96.45559702419943,-96.3774571927717,-95.87980131655065,-96.47891,-96.33949358609209
scene_0010,-29.032258064516128,-87.09677419354838,0,-96.23838294265278,-96.15895660380212,-95.61032167941309,-96.2444,-96.10220644148998
scene_0010,-22.580645161290334,-87.09677419354838,0,-96.04039922016781,-95.96028721126295,-95.37112051390979,-96.02893,-95.94639392657314
scene_0010,-16.129032258064527,-87.09677419354838,0,-95.86455977066566,-95.7842533364919,-95.16304893512893,-95.83612,-95.8290770321457
scene_0010,-9.677419354838719,-87.09677419354838,0,-95.71319596411001,-95.63310637564123,-94.98667260370235,-95.66954,-95.739221716915
scene_0010,-3.225806451612911,-87.09677419354838,0,-95.58811178868544,-95.50859612838094,-94.84228721327106,-95.53224,-95.65877383161575
scene_0010,3.225806451612897,-87.09677419354838,0,-95.49064739696351,-95.41203025467973,-94.72993598228264,-95.42665,-95.5941313898599
scene_0010,9.677419354838705,-87.09677419354838,0,-95.4217415319132,-95.34433291130759,-94.64942682007666,-95.35455,-95.55723730641225
scene_0010,16.129032258064512,-87.09677419354838,0,-95.38198708694438,-95.30609705585502,-94.60034751169694,-95.317215,-95.52356081991962
scene_0010,22.58064516129032,-87.09677419354838,1,-95.37167675023261,-95.2976274004486,-94.58207790667474,-95.45239,-95.45239875103887
scene_0010,29.032258064516128,-87.09677419354838,0,-95.39083744595465,-95.31897264590978,-94.59379865507287,-95.3503,-95.36284766851384
scene_0010,35.48387096774192,-87.09677419354838,0,-95.43925333885505,-95.36994662242931,-94.63449650287555,-95.42177,-95.3087084046716
scene_0010,41.935483870967744,-87.09677419354838,0,-95.5164777424519,-95.45013850836925,-94.7029665543873,-95.52987,-95.35441034864667
scene_0010,48.38709677419354,-87.09677419354838,0,-95.62183456126243,-95.558912573764,-94.79781225562532,-95.67356,-95.5151028208955
scene_0010,54.83870967741933,-87.09677419354838,0,-95.75441006176113,-95.69539804807587,-94.91744417173467,-95.85028,-95.77106628191608
scene_0010,61.29032258064515,-87.09677419354838,0,-95.91303593326771,-95.85846986733043,-95.06007893597443,-96.055176,-96.09132810326403
scene_0010,67.74193548387095,-87.09677419354838,0,-96.0962648773226,-96.0467213249259,-95.22374003580916,-96.28084,-96.43716759041249
scene_0010,74.19354838709677,-87.09677419354838,0,-96.30234044978137,-96.25843013889155,-95.40626235154144,-96.517525,-96.76841130852077
scene_0010,80.64516129032256,-87.09677419354838,0,-96.52916366061817,-96.49152025812533,-95.60530253043822,-96.75444,-97.07046546697794
scene_0010,87.09677419354838,-87.09677419354838,0,-96.77425997652108,-96.74352294844286,-95.81835729711275,-96.98152,-97.32247426032208
scene_0010,93.54838709677418,-87.09677419354838,1,-97.0347518833144,-97.01154236861251,-96.04279158435601,-97.8112,-97.8112013916453
scene_0010,100.0,-87.09677419354838,0,-97.30734395865414,-97.29223290820052,-96.27587783025399,-97.37857,-97.25075548915785
scene_0010,-100.0,-80.64516129032259,0,-98.52815928841332,-98.51618780332166,-99.50857216773466,-99.15679,-96.84429213222082
scene_0010,-93.54838709677419,-80.64516129032259,0,-98.35467666711756,-98.33026254834749,-99.05206257158181,-98.85614,-97.15073980263936
scene_0010,-87.09677419354838,-80.64516129032259,0,-98.15949237647945,-98.12430556976446,-98.60424293556372,-98.53781,-97.41920028728086
scene_0010,-80.64516129032259,-80.64516129032259,1,-97.94309268268788,-97.89889606186689,-98.16729610308863,-97.72811,-97.7281056188773
scene_0010,-74.19354838709677,-80.64516129032259,0,-97.70799025187296,-97.6565001607016,-97.74352438564897,-97.884796,-97.59159865870082
scene_0010,-67.74193548387098,-80.64516129032259,0,-97.45836136798454,-97.40114192603961,-97.3353723347326,-97.56621,-97.47560644421357
scene_0010,-61.29032258064517,-80.64516129032259,0,-97.19951753050616,-97.13791706402961,-96.94537446703835,-97.25954,-97.29459623202473
scene_0010,-54.83870967741936,-80.64516129032259,0,-96.9373339437688,-96.87246198110017,-96.57606186257583,-96.96669,-97.07062707115031
scene_0010,-48.38709677419355,-80.64516129032259,1,-96.677737978045,-96.6104740632668,-96.22985784946664,-96.722565,-96.72256283907427
scene_0010,-41.935483870967744,-80.64516129032259,0,-96.42631887225518,-96.35734156732204,-95.90898440763257,-96.42432,-96.38752086366392
scene_0010,-35.483870967741936,-80.64516129032259,0,-96.18807654072766,-96.11790178597695,-95.61539123918239,-96.176056,-96.02860204839678
scene_0010,-29.032258064516128,-80.64516129032259,0,-95.96729590590776,-95.89631671139819,-95.35071121060902,-95.945366,-95.80255305050758
scene_0010,-22.580645161290334,-80.64516129032259,1,-95.76751739013918,-95.69604004187552,-95.11624020771274,-95.76979,-95.76978367502413
scene_0010,-16.129032258064527,-80.64516129032259,1,-95.59157106049092,-95.51984568715028,-94.91293639966189,-95.73187,-95.73186889276663
scene_0010,-9.677419354838719,-80.64516129032259,0,-95.44164618494588,-95.36989131724732,-94.74143292230349,-95.38965,-95.45673858808861
scene_0010,-3.225806451612911,-80.64516129032259,0,-95.31937506209886,-95.24779679714084,-94.60205832695861,-95.26056,-95.34659512893589
scene_0010,3.225806451612897,-80.64516129032259,0,-95.2259170664696,-95.15472384585301,-94.49486015022282,-95.16377,-95.28520766333322
scene_0010,9.677419354838705,-80.64516129032259,0,-95.1620345928888,-95.09144864489446,-94.41962818295636,-95.10095,-95.28769358618818
scene_0010,16.129032258064512,-80.64516129032259,0,-95.12815667495182,-95.05842303110637,-94.37591518391146,-95.07328,-95.30572017070371
scene_0010,22.58064516129032,-80.64516129032259,0,-95.1244286816281,-95.05582246637287,-94.36305377342924,-95.08165,-95.26801635490278
scene_0010,29.032258064516128,-80.64516129032259,0,-95.15074801910252,-95.08358048646963,-94.38016902802471,-95.12671,-95.15874622277843
scene_0010,35.48387096774192,-80.64516129032259,0,-95.20678653840471,-95.14141011590235,-94.42618690083775,-95.208855,-95.07673859766268
scene_0010,41.935483870967744,-80.64516129032259,0,-95.29200066649508,-95.22881306813804,-94.49983905970282,-95.32799,-95.12035347463751
scene_0010,48.38709677419354,-80.64516129032259,0,-95.4056303600812,-95.34507764196844,-94.59966510936566,-95.48305,-95.29264963511197
scene_0010,54.83870967741933,-80.64516129032259,0,-95.5466879902245,-95.48926623408322,-94.72401348321414,-95.671394,-95.55597001969826
scene_0010,61.29032258064515,-80.64516129032259,1,-95.71393832602706,-95.6601934406987,-94.87104257300949,-95.84137,-95.84137251473614
scene_0010,67.74193548387095,-80.64516129032259,0,-95.90587100056936,-95.8563959259034,-95.03872391269267,-96.12555,-96.23458797151298
scene_0010,74.19354838709677,-80.64516129032259,0,-96.12066730479773,-96.07609569458918,-95.22484942159608,-96.373795,-96.58522076049955
scene_0010,80.64516129032256,-80.64516129032259,0,-96.35616394906903,-96.31715922414108,-95.42704479657145,-96.62186,-96.9053724299001
scene_0010,87.09677419354838,-80.64516129032259,0,-96.60981761925581,-96.57705616784361,-95.64279105355396,-96.8595,-97.16033704721536
scene_0010,93.54838709677418,-80.64516129032259,1,-96.87867574200664,-96.85282308371438,-95.86945587667076,-97.199936,-97.19993977474803
scene_0010,100.0,-80.64516129032259,0,-97.15936075886592,-97.14103979669845,-96.1043357628101,-97.275314,-97.14769132043371
scene_0010,-100.0,-74.19354838709677,0,-98.3354312160918,-98.31386563971655,-99.19298809166641,-98.89368,-97.00957498507447
scene_0010,-93.54838709677419,-74.19354838709677,0,-98.16003989064791,-98.12976010209627,-98.75050613987405,-98.581085,-97.28758425650149
scene_0010,-87.09677419354838,-74.19354838709677,0,-97.95796068781969,-97.92072917625094,-98.31565151267414,-98.2508,-97.50750632924701
scene_0010,-80.64516129032259,-74.19354838709677,0,-97.73079825574115,-97.68822656803955,-97.88995685773426,-97.91278,-97.62166083467872
scene_0010,-74.19354838709677,-74.19354838709677,0,-97.4824773156432,-97.43592799604096,-97.47547754461374,-97.57669,-97.58630092614138
scene_0010,-67.74193548387098,-74.19354838709677,0,-97.2186401483239,-97.16918343590193,-97.07472192683508,-97.25008,-97.4139228065726
scene_0010,-61.29032258064517,-74.19354838709677,1,-96.94591358263013,-96.89433263221603,-96.6904942196692,-97.05659,-97.05659257033676
scene_0010,-54.83870967741936,-74.19354838709677,0,-96.67120719817504,-96.61803673269492,-96.32570288387578,-96.641174,-96.83103864006733
scene_0010,-48.38709677419355,-74.19354838709677,0,-96.40115311969603,-96.34673434271355,-95.98317685660001,-96.361374,-96.45572854720109
scene_0010,-41.935483870967744,-74.19354838709677,0,-96.14173191099309,-96.08626962630854,-95.66551620975304,-96.09834,-96.02049646429353
scene_0010,-35.483870967741936,-74.19354838709677,1,-95.8980759950739,-95.84168916659087,-95.37498840552544,-95.4737,-95.4736982603711
scene_0010,-29.032258064516128,-74.19354838709677,0,-95.6744126663526,-95.6171746239421,-95.11346964144232,-95.62674,-95.39620704050247
scene_0010,-22.580645161290334,-74.19354838709677,0,-95.47410061625415,-95.41606859093702,-94.88242385678649,-95.42252,-95.27153611709493
scene_0010,-16.129032258064527,-74.19354838709677,1,-95.29971884192689,-95.24095438001655,-94.6829091997096,-95.200966,-95.20096462131521
scene_0010,-9.677419354838719,-74.19354838709677,0,-95.15317708622948,-95.09375954889404,-94.51560182403917,-95.09245,-95.08649092159628
scene_0010,-3.225806451612911,-74.19354838709677,0,-95.0358275517762,-94.97586284970782,-94.38082848403893,-94.97232,-95.00457980996487
scene_0010,3.225806451612897,-74.19354838709677,1,-94.94856622658297,-94.88819255838109,-94.27860153808788,-94.84574,-94.84574348487877
scene_0010,9.677419354838705,-74.19354838709677,0,-94.8919182008067,-94.83131009832844,-94.2086520620067,-94.83227,-94.99185930987824
scene_0010,16.129032258064512,-74.19354838709677,0,-94.86610514788389,-94.80547670151114,-94.17045852931729,-94.814926,-95.04789899449668
scene_0010,22.58064516129032,-74.19354838709677,1,-94.8710952660659,-94.81070304994128,-94.16326986485161,-95.193245,-95.19324430621737
scene_0010,29.032258064516128,-74.19354838709677,0,-94.90663698814602,-94.84678293119957,-94.18612265606237,-94.88989,-94.91528030555887
scene_0010,35.48387096774192,-74.19354838709677,1,-94.97227810963273,-94.91331234578759,-94.2378529940919,-94.72579,-94.72578863618011
scene_0010,41.935483870967744,-74.19354838709677,0,-95.06737197290283,-95.00969553084303,-94.31710390134523,-95.11386,-94.8790497894716
scene_0010,48.38709677419354,-74.19354838709677,0,-95.19107219038457,-95.13513922795418,-94.4223296580181,-95.2807,-95.07502394958485
scene_0010,54.83870967741933,-74.19354838709677,0,-95.34231723985813,-95.28863637230737,-94.55179861892236,-95.481064,-95.35533007510355
scene_0010,61.29032258064515,-74.19354838709677,0,-95.51980622784254,-95.46894032987274,-94.70359634105267,-95.70988,-95.68389022602723
scene_0010,67.74193548387095,-74.19354838709677,0,-95.72196728412837,-95.6745309579151,-94.87563102226913,-95.95938,-96.02962431101118
scene_0010,74.19354838709677,-74.19354838709677,0,-95.9469205077013,-95.90357420945679,-95.06564335636588,-96.219444,-96.3558939170504
scene_0010,80.64516129032256,-74.19354838709677,0,-96.19243821210023,-96.1538778428559,-95.27122288937336,-96.47887,-96.64055337687262
scene_0010,87.09677419354838,-74.19354838709677,0,-96.4559064763003,-96.4228471191194,-95.48983274745659,-96.727234,-96.8601998999186
scene_0010,93.54838709677418,-74.19354838709677,0,-96.73429369788184,-96.70744620861896,-95.71884412398558,-96.95659,-96.96196761391916
scene_0010,100.0,-74.19354838709677,0,-97.02413385138047,-97.00417330600033,-95.95558110399455,-97.1622,-96.90761608524296
scene_0010,-100.0,-67.74193548387098,0,-98.15653809994137,-98.13307566334208,-98.9208880476643,-98.610855,-97.13166697575096
scene_0010,-93.54838709677419,-67.74193548387098,0,-97.96929059061185,-97.94147857619684,-98.49302986286183,-98.286285,-97.35137528245474
scene_0010,-87.09677419354838,-67.74193548387098,0,-97.75056374839103,-97.71992624599967,-98.0699168537487,-97.94408,-97.48796032435712
scene_0010,-80.64516129032259,-67.74193548387098,0,-97.50380459801548,-97.47146629278421,-97.65285887898355,-97.594894,-97.52418747758173
scene_0010,-74.19354838709677,-67.74193548387098,0,-97.23489430248534,-97.20156786083118,-97.24412564447655,-97.249054,-97.44568913445762
scene_0010,-67.74193548387098,-67.74193548387098,1,-96.95124178565698,-96.9172790986942,-96.8467327708649,-97.34337,-97.34336739267745
scene_0010,-61.29032258064517,-67.74193548387098,0,-96.66084937295793,-96.62632912684764,-96.46413924108559,-96.59661,-96.92348299635017
scene_0010,-54.83870967741936,-67.74193548387098,0,-96.3715334145129,-96.3363573314387,-96.0999330721104,-96.29704,-96.54687288198872
scene_0010,-48.38709677419355,-67.74193548387098,1,-96.09038806292449,-96.05436622824492,-95.757560248167,-96.19572,-96.19571378426934
scene_0010,-41.935483870967744,-67.74193548387098,0,-95.82349503832559,-95.7864109427102,-95.44012520527544,-95.754814,-95.66390771486118
scene_0010,-35.483870967741936,-67.74193548387098,0,-95.57583130341571,-95.5374853388092,-95.15026818957438,-95.51278,-95.25900615714252
scene_0010,-29.032258064516128,-67.74193548387098,0,-95.35131002830764,-95.31154478906812,-94.89010981318957,-95.29184,-94.98916983803
scene_0010,-22.580645161290334,-67.74193548387098,0,-95.15289582474557,-95.11160819890797,-94.66124621414622,-95.09437,-94.82472402820594
scene_0010,-16.129032258064527,-67.74193548387098,1,-94.98275010399934,-94.93989495312277,-94.46477728027789,-94.587166,-94.58716354388288
scene_0010,-9.677419354838719,-67.74193548387098,0,-94.84237809065334,-94.79796733242551,-94.30135282944349,-94.78123,-94.69779051117598
scene_0010,-3.225806451612911,-67.74193548387098,0,-94.73276163979554,-94.68686140768884,-94.17122536419859,-94.67081,-94.68207829897466
scene_0010,3.225806451612897,-67.74193548387098,0,-94.65447068991848,-94.60719825436412,-94.07430174356043,-94.59384,-94.66522319444832
scene_0010,9.677419354838705,-67.74193548387098,0,-94.60775147602314,-94.55927286497756,-94.01018922365223,-94.55166,-94.69278346584343
scene_0010,16.129032258064512,-67.74193548387098,0,-94.59259246710911,-94.54312120818909,-93.97823364551019,-94.54526,-94.74626931108037
scene_0010,22.58064516129032,-67.74193548387098,0,-94.60877025192934,-94.55856732228895,-93.97754915935772,-94.57542,-94.7425611367336
scene_0010,29.032258064516128,-67.74193548387098,0,-94.65587793363754,-94.60525279076789,-94.00703992774166,-94.64278,-94.65179856098504
scene_0010,35.48387096774192,-67.74193548387098,1,-94.73333845086506,-94.68265087844087,-94.06541491287189,-94.54321,-94.54321202699597
scene_0010,41.935483870967744,-67.74193548387098,0,-94.840404900419,-94.7900672997823,-94.15119726801774,-94.89026,-94.67610839236899
scene_0010,48.38709677419354,-67.74193548387098,0,-94.97614956943684,-94.92662923063105,-94.2627301225012,-95.0692,-94.89179608705118
scene_0010,54.83870967741933,-67.74193548387098,0,-95.139443105964,-95.09126388188157,-94.39818073955072,-95.281815,-95.18778932127273
scene_0010,61.29032258064515,-67.74193548387098,0,-95.3289251516869,-95.28266782175712,-94.55554516489029,-95.52295,-95.52313671940357
scene_0010,67.74193548387095,-67.74193548387098,0,-95.54296790643497,-95.49926834775891,-94.73265556786941,-95.78467,-95.85675700867074
scene_0010,74.19354838709677,-67.74193548387098,0,-95.77963457053406,-95.73917866189436,-94.92719247371579,-96.05666,-96.14421610452237
scene_0010,80.64516129032256,-67.74193548387098,0,-96.03663549729777,-96.00014949081188,-95.13670393932186,-96.327545,-96.3734322576242
scene_0010,87.09677419354838,-67.74193548387098,0,-96.31128624369474,-96.27952120300455,-95.3586333664424,-96.58673,-96.55995438705702
scene_0010,93.54838709677418,-67.74193548387098,0,-96.60047353141951,-96.57418244364949,-95.59035700904744,-96.82614,-96.66836820067518
scene_0010,100.0,-67.74193548387098,0,-96.90063729114426,-96.88054374285176,-95.82923127724857,-97.04098,-96.66042608227967
scene_0010,-100.0,-61.29032258064517,0,-97.97497119651388,-97.95800508374708,-98.69818698463405,-98.31091,-97.21692927264628
scene_0010,-93.54838709677419,-61.29032258064517,0,-97.76460805327955,-97.74775706685544,-98.28184601159434,-97.97449,-97.36023828579904
scene_0010,-87.09677419354838,-61.29032258064517,0,-97.51912363810901,-97.50326822027999,-97.86566324633358,-97.62054,-97.39220764662275
scene_0010,-80.64516129032259,-61.29032258064517,0,-97.24451040608707,-97.22994716346571,-97.45133286158001,-97.2604,-97.3294980161073
scene_0010,-74.19354838709677,-61.29032258064517,0,-96.94898049732771,-96.9355387953027,-97.04195071606675,-96.9051,-97.18078792078208
scene_0010,-67.74193548387098,-61.29032258064517,0,-96.64175294246394,-96.6289545874684,-96.64158365800796,-96.56323,-96.93902592886104
scene_0010,-61.29032258064517,-61.29032258064517,0,-96.33199480746939,-96.31921089276689,-96.25477194433972,-96.24004,-96.59977910407534
scene_0010,-54.83870967741936,-61.29032258064517,0,-96.02807290280084,-96.01464883141108,-95.8860719262279,-95.93779,-96.19513593241766
scene_0010,-48.38709677419355,-61.29032258064517,0,-95.73714061997418,-95.72247937645284,-95.53970333250292,-95.6569,-95.75466799168703
scene_0010,-41.935483870967744,-61.29032258064517,0,-95.46500024578225,-95.44860741254546,-95.21932206227049,-95.3973,-95.30675636300072
scene_0010,-35.483870967741936,-61.29032258064517,0,-95.21615103135885,-95.19765120505839,-94.92790806375277,-95.15936,-94.91619581145345
scene_0010,-29.032258064516128,-61.29032258064517,0,-94.99393945239026,-94.97307454201461,-94.667741907654,-94.94434,-94.63193959750376
scene_0010,-22.580645161290334,-61.29032258064517,0,-94.80074960050166,-94.77736763199039,-94.44044005680588,-94.75433,-94.44864788652986
scene_0010,-16.129032258064527,-61.29032258064517,0,-94.63819457896678,-94.61223503337075,-94.24702251205738,-94.59191,-94.35493573610498
scene_0010,-9.677419354838719,-61.29032258064517,0,-94.50728794706319,-94.4787673231761,-94.08799307549886,-94.4596,-94.34652573231412
scene_0010,-3.225806451612911,-61.29032258064517,1,-94.40858643151721,-94.37758598529564,-93.9634191429989,-94.46908,-94.46908132314289
scene_0010,3.225806451612897,-61.29032258064517,0,-94.34230227543638,-94.3089587405587,-93.87300342757544,-94.29353,-94.3591267108896
scene_0010,9.677419354838705,-61.29032258064517,1,-94.3083872438426,-94.27288664904552,-93.81614399683494,-94.33566,-94.33566451990173
scene_0010,16.129032258064512,-61.29032258064517,0,-94.30659178518367,-94.26916610846351,-93.7919816390295,-94.26767,-94.42469889753745
scene_0010,22.58064516129032,-61.29032258064517,0,-94.3365031166823,-94.2974293341414,-93.79943517822252,-94.30948,-94.44697947383997
scene_0010,29.032258064516128,-61.29032258064517,1,-94.39756566961032,-94.35716668116802,-93.83722626754923,-94.35008,-94.35008131441538
scene_0010,35.48387096774192,-61.29032258064517,0,-94.48908676110011,-94.4477336479672,-93.90389566610936,-94.5056,-94.40202010320775
scene_0010,41.935483870967744,-61.29032258064517,0,-94.61022975742159,-94.56834480851302,-93.99781323895058,-94.66025,-94.51220532612138
scene_0010,48.38709677419354,-61.29032258064517,0,-94.75999647689247,-94.71805638770377,-94.11718403155398,-94.851494,-94.73857161516493
scene_0010,54.83870967741933,-61.29032258064517,0,-94.93720022401621,-94.89573880502677,-94.26005282510188,-95.07651,-95.04077104509518
scene_0010,61.29032258064515,-61.29032258064517,0,-95.14043071243982,-95.10004033477304,-94.42430959687988,-95.33003,-95.38196059445437
scene_0010,67.74193548387095,-61.29032258064517,0,-95.36801228944105,-95.32934314090889,-94.60769827599883,-95.604004,-95.72072696822674
scene_0010,74.19354838709677,-61.29032258064517,0,-95.61795739584215,-95.581713429628,-94.80783105422871,-95.88792,-95.99339383192756
scene_0010,80.64516129032256,-61.29032258064517,1,-95.88791816428395,-95.85484842279138,-95.02221022161297,-96.03504,-96.03503859306278
scene_0010,87.09677419354838,-61.29032258064517,0,-96.17514053933772,-96.14602438278362,-95.24825897706093,-96.440186,-96.33553406230422
scene_0010,93.54838709677418,-61.29032258064517,0,-96.47642729273544,-96.45205205047226,-95.48336186001656,-96.68961,-96.44818607356954
scene_0010,100.0,-61.29032258064517,0,-96.78811865870085,-96.76924849042456,-95.72491434651893,-96.91364,-96.47090878783172
scene_0010,-100.0,-54.83870967741936,0,-97.77381479007913,-97.77108712599562,-98.5235078502663,-97.995895,-97.25396589488271
scene_0010,-93.54838709677419,-54.83870967741936,0,-97.52928442877781,-97.53048544681423,-98.11136337829379,-97.647934,-97.31152010632405
scene_0010,-87.09677419354838,-54.83870967741936,0,-97.24822928256073,-97.25321536733212,-97.69341682057737,-97.28257,-97.22680062212643
scene_0010,-80.64516129032259,-54.83870967741936,0,-96.93964270584728,-96.94765690377643,-97.2725963622109,-96.911865,-97.05038195681726
scene_0010,-74.19354838709677,-54.83870967741936,0,-96.61408104489674,-96.6240105933719,-96.8536040247205,-96.547516,-96.81188550976381
scene_0010,-67.74193548387098,-54.83870967741936,0,-96.28225215526936,-96.29286859582977,-96.44217083397311,-96.198654,-96.51849473960627
scene_0010,-61.29032258064517,-54.83870967741936,0,-95.95398948130146,-95.96412680690955,-96.04431848413363,-95.87085,-96.16915420840616
scene_0010,-54.83870967741936,-54.83870967741936,0,-95.63767543534154,-95.64633543453304,-95.66576360522531,-95.566475,-95.7675005549357
scene_0010,-48.38709677419355,-54.83870967741936,0,-95.3400428292675,-95.34643881721665,-95.31152163956523,-95.28595,-95.35009112707047
scene_0010,-41.935483870967744,-54.83870967741936,0,-95.06623132361626,-95.069789719725,-94.98570365543735,-95.02905,-94.94698442386265
scene_0010,-35.483870967741936,-54.83870967741936,0,-94.81998202403881,-94.82032035353184,-94.69146440733242,-94.79592,-94.59386116135653
scene_0010,-29.032258064516128,-54.83870967741936,0,-94.60388420278734,-94.60077938328092,-94.43105032434678,-94.58757,-94.32335333461455
scene_0010,-22.580645161290334,-54.83870967741936,0,-94.41962125446858,-94.41297691097469,-94.20590188720011,-94.40579,-94.13402286097288
scene_0010,-16.129032258064527,-54.83870967741936,0,-94.26818874416055,-94.25800624708538,-94.01677670590396,-94.25284,-94.02404359967133
scene_0010,-9.677419354838719,-54.83870967741936,0,-94.15007412628489,-94.13642933904893,-93.86387166014967,-94.13095,-93.98887765697665
scene_0010,-3.225806451612911,-54.83870967741936,0,-94.06539713333825,-94.04842325676094,-93.7469321090457,-94.042046,-93.99038708910042
scene_0010,3.225806451612897,-54.83870967741936,1,-94.01401436287479,-93.99389042844716,-93.66534287832368,-94.02709,-94.02708638124041
scene_0010,9.677419354838705,-54.83870967741936,0,-93.9955932286743,-93.97253742749723,-93.61819991433016,-93.96844,-94.00438116091244
scene_0010,16.129032258064512,-54.83870967741936,0,-94.00966054954053,-93.98392747990087,-93.60436385100923,-93.985504,-94.0767128073434
scene_0010,22.58064516129032,-54.83870967741936,1,-94.05563045088829,-94.0275113927342,-93.6224979135124,-94.27455,-94.27455326482068
scene_0010,29.032258064516128,-54.83870967741936,0,-94.13281540772148,-94.10264080741102,-93.67109306823052,-94.13071,-94.17540408592613
scene_0010,35.48387096774192,-54.83870967741936,0,-94.240423399257,-94.20856682681315,-93.7484834524663,-94.25988,-94.22193945815445
scene_0010,41.935483870967744,-54.83870967741936,1,-94.37754339202937,-94.34442628872921,-93.8528550785488,-94.32198,-94.32198559429742
scene_0010,48.38709677419354,-54.83870967741936,0,-94.54312078038086,-94.5092173302123,-93.98225071549692,-94.63049,-94.58747203967664
scene_0010,54.83870967741933,-54.83870967741936,0,-94.73592403327841,-94.70176545681744,-94.13457375023539,-94.86793,-94.88022344775844
scene_0010,61.29032258064515,-54.83870967741936,0,-94.95450367074768,-94.92068114803504,-94.3075937176709,-95.133804,-95.21682752183708
scene_0010,67.74193548387095,-54.83870967741936,0,-95.19714488379778,-95.16431016353386,-94.49895602861488,-95.419914,-95.57076953622108
scene_0010,74.19354838709677,-54.83870967741936,1,-95.4618156986578,-95.43067825473648,-94.70619815657763,-96.058044,-96.05804670401801
scene_0010,80.64516129032256,-54.83870967741936,0,-95.74611365902766,-95.71743304081849,-94.92677409652978,-96.00917,-96.05340042230894
scene_0010,87.09677419354838,-54.83870967741936,0,-96.0472156307421,-96.0217874789246,-95.15808821311444,-96.289734,-96.19852173065203
scene_0010,93.54838709677418,-54.83870967741936,0,-96.36183752138983,-96.34047168675984,-95.39753861311345,-96.54901,-96.31342135553291
scene_0010,100.0,-54.83870967741936,0,-96.68621329021855,-96.66970274830194,-95.64256892446261,-96.78209,-96.35747122040311
scene_0010,-100.0,-48.38709677419355,1,-97.53937784302268,-97.55642904336395,-98.38755428349646,-97.358925,-97.3589260655746
scene_0010,-93.54838709677419,-48.38709677419355,0,-97.25176115553481,-97.27512658606308,-97.96783132148995,-97.30758,-97.17036496748267
scene_0010,-87.09677419354838,-48.38709677419355,0,-96.92933813801378,-96.95764971970945,-97.5357185984967,-96.931305,-96.98453742389638
scene_0010,-80.64516129032259,-48.38709677419355,1,-96.5840778100703,-96.61554124463899,-97.09649789185967,-96.67297,-96.67297078132954
scene_0010,-74.19354838709677,-48.38709677419355,0,-96.22842693287404,-96.2611709988978,-96.65736125007987,-96.17778,-96.36017102847539
scene_0010,-67.74193548387098,-48.38709677419355,0,-95.87391862354961,-95.90624273560852,-96.22625658212142,-95.82256,-95.98975053879131
scene_0010,-61.29032258064517,-48.38709677419355,1,-95.53037227035048,-95.56087890513986,-95.81090976913394,-95.79184,-95.79183909203206
scene_0010,-54.83870967741936,-48.38709677419355,0,-95.20560666177472,-95.23324088178293,-95.4181580965382,-95.18503,-95.26688205413664
scene_0010,-48.38709677419355,-48.38709677419355,0,-94.90550076626772,-94.92953044600596,-95.05360321800626,-94.90562,-94.93709209852625
scene_0010,-41.935483870967744,-48.38709677419355,0,-94.63424052618878,-94.65420711221972,-94.72151766306196,-94.65219,-94.6229040911287
scene_0010,-35.483870967741936,-48.38709677419355,1,-94.39463345081856,-94.41029393866016,-94.42491660804657,-94.25459,-94.25459213530716
scene_0010,-29.032258064516128,-48.38709677419355,0,-94.18842004882745,-94.19969208936814,-94.16571642923172,-94.22388,-94.07057674124219
scene_0010,-22.580645161290334,-48.38709677419355,0,-94.01654720978033,-94.02346291204566,-93.94492354252803,-94.05118,-93.85435375054676
scene_0010,-16.129032258064527,-48.38709677419355,0,-93.87939133645445,-93.88206145471602,-93.76281891593537,-93.90853,-93.69490369042566
scene_0010,-9.677419354838719,-48.38709677419355,0,-93.77693126327186,-93.7755194000698,-93.61912040740395,-93.79787,-93.606420156831
scene_0010,-3.225806451612911,-48.38709677419355,0,-93.70887649910298,-93.70358204082365,-93.51311607388607,-93.72081,-93.57215108336402
scene_0010,3.225806451612897,-48.38709677419355,0,-93.6747580452821,-93.66580626679641,-93.4437679612467,-93.67853,-93.56283575109309
scene_0010,9.677419354838705,-48.38709677419355,1,-93.67398886800954,-93.66162667698552,-93.4097891137113,-93.52321,-93.52320814574156
scene_0010,16.129032258064512,-48.38709677419355,0,-93.70590014168785,-93.6903960986087,-93.40969788493456,-93.701416,-93.68112917316651
scene_0010,22.58064516129032,-48.38709677419355,0,-93.76975819363983,-93.75140564361541,-93.44185396046757,-93.767784,-93.80310083845428
scene_0010,29.032258064516128,-48.38709677419355,0,-93.86476593685757,-93.84388827581392,-93.50448035436705,-93.87155,-93.90457633923273
scene_0010,35.48387096774192,-48.38709677419355,0,-93.9900515856595,-93.96700883300561,-93.5956753270881,-94.013176,-94.01421493029667
scene_0010,41.935483870967744,-48.38709677419355,0,-94.14464664901769,-94.11984259929608,-93.71341784177599,-94.19257,-94.17724865927903
scene_0010,48.38709677419354,-48.38709677419355,1,-94.32745460526449,-94.30134387497259,-93.85556989169464,-94.457214,-94.45721230429284
scene_0010,54.83870967741933,-48.38709677419355,0,-94.53721130123647,-94.51030556806911,-94.01987879437107,-94.658394,-94.6675682137134
scene_0010,61.29032258064515,-48.38709677419355,0,-94.77243802808752,-94.74531067429348,-94.20398232152937,-94.93645,-94.98231981790646
scene_0010,67.74193548387095,-48.38709677419355,0,-95.03138846947635,-95.00467668928353,-94.40541925551857,-95.23446,-95.33472393826622
scene_0010,74.19354838709677,-48.38709677419355,0,-95.31199138483728,-95.28639460842435,-94.62164755475254,-95.54164,-95.65864337200526
scene_0010,80.64516129032256,-48.38709677419355,0,-95.61179208355084,-95.58806533621679,-94.85007169304592,-95.846146,-95.89811829404029
scene_0010,87.09677419354838,-48.38709677419355,0,-95.9278975498575,-95.90683816574405,-95.088079849681,-96.137,-96.08350263494901
scene_0010,93.54838709677418,-48.38709677419355,0,-96.25693249818082,-96.23935854958738,-95.33309045289033,-96.40584,-96.2297216830232
scene_0010,100.0,-48.38709677419355,0,-96.59501649607077,-96.58173554325678,-95.58260617730903,-96.647705,-96.304359612057
scene_0010,-100.0,-41.935483870967744,0,-97.26491556741139,-97.30384064254596,-98.27346799613136,-97.322044,-96.96473533844684
scene_0010,-93.54838709677419,-41.935483870967744,0,-96.92912444932185,-96.9748209347999,-97.8304516492126,-96.95255,-96.9105175106026
scene_0010,-87.09677419354838,-41.935483870967744,0,-96.56365323456964,-96.61363160936126,-97.36921380941786,-96.56608,-96.66909436852211
scene_0010,-80.64516129032259,-41.935483870967744,0,-96.18285604738949,-96.23457943505046,-96.89865438136111,-96.17609,-96.30198332146048
scene_0010,-74.19354838709677,-41.935483870967744,1,-95.80023191806914,-95.85145479840111,-96.42920796351552,-95.922195,-95.92219466600318
scene_0010,-67.74193548387098,-41.935483870967744,0,-95.42730917343845,-95.4762458742431,-95.97127210229125,-95.434875,-95.3804452246446
scene_0010,-61.29032258064517,-41.935483870967744,0,-95.07322012759096,-95.11857922433418,-95.53411055918704,-95.10004,-94.97678160973905
scene_0010,-54.83870967741936,-41.935483870967744,0,-94.74475009540484,-94.78568756975876,-95.12528083477608,-94.79376,-94.73169278678074
scene_0010,-48.38709677419355,-41.935483870967744,0,-94.446639568517,-94.48267571875047,-94.7504815768552,-94.51637,-94.56683165994156
scene_0010,-41.935483870967744,-41.935483870967744,1,-94.18197737805028,-94.21290694154376,-94.41366738910676,-94.33666,-94.33666295212376
scene_0010,-35.483870967741936,-41.935483870967744,0,-93.95258920252387,-93.97840030647167,-94.11729646994372,-94.046555,-94.1569446445642
scene_0010,-29.032258064516128,-41.935483870967744,0,-93.75937607363234,-93.78018428585166,-93.86261794202754,-93.85423,-93.8810803261663
scene_0010,-22.580645161290334,-41.935483870967744,0,-93.60258833322911,-93.61858682246105,-93.64994534736077,-93.69162,-93.59602647618507
scene_0010,-16.129032258064527,-41.935483870967744,0,-93.48203642451813,-93.49346074863227,-93.4788914244686,-93.56025,-93.36003833441768
scene_0010,-9.677419354838719,-41.935483870967744,0,-93.39724659519212,-93.40435173762134,-93.34855673036336,-93.46175,-93.21441111293748
scene_0010,-3.225806451612911,-41.935483870967744,0,-93.34757131996207,-93.35061849495534,-93.25767383485966,-93.397385,-93.15726241456628
scene_0010,3.225806451612897,-41.935483870967744,0,-93.3322636666891,-93.33151465416711,-93.20471281350663,-93.36811,-93.1513999084726
scene_0010,9.677419354838705,-41.935483870967744,0,-93.35052338160997,-93.34624049726848,-93.18795493216749,-93.37453,-93.18667536134961
scene_0010,16.129032258064512,-41.935483870967744,0,-93.40152085907535,-93.39397100731203,-93.20554123042845,-93.41713,-93.28766100706073
scene_0010,22.58064516129032,-41.935483870967744,0,-93.48440368656951,-93.47386524045262,-93.25550200903258,-93.496414,-93.44485841712844
scene_0010,29.032258064516128,-41.935483870967744,0,-93.59828921293399,-93.58506070367727,-93.33577243396383,-93.61296,-93.6097693391419
scene_0010,35.48387096774192,-41.935483870967744,0,-93.74224558786406,-93.72665536363009,-93.44419877350545,-93.7672,-93.77110937168234
scene_0010,41.935483870967744,-41.935483870967744,0,-93.9152629502299,-93.89767907989963,-93.57853924106392,-93.959076,-93.9504538376857
scene_0010,48.38709677419354,-41.935483870967744,0,-94.11621589322934,-94.09705564294576,-93.73646301267654,-94.187454,-94.15836029677124
scene_0010,54.83870967741933,-41.935483870967744,0,-94.34381801800046,-94.32355621288372,-93.91555067227914,-94.44938,-94.39489453504723
scene_0010,61.29032258064515,-41.935483870967744,0,-94.5965693448754,-94.57574484125523,-94.11329903484287,-94.73931,-94.68463640295914
scene_0010,67.74193548387095,-41.935483870967744,0,-94.87269765601152,-94.85191699029876,-94.32713291770399,-95.04884,-95.03530629796317
scene_0010,74.19354838709677,-41.935483870967744,0,-95.17009559807204,-95.15003265643516,-94.55442587973018,-95.367065,-95.38859111008763
scene_0010,80.64516129032256,-41.935483870967744,0,-95.48625669932007,-95.46764699710236,-94.79253114412933,-95.68206,-95.69254771360399
scene_0010,87.09677419354838,-41.935483870967744,0,-95.81821545435511,-95.80184338916291,-95.03882281745953,-95.98275,-95.94620794449695
scene_0010,93.54838709677418,-41.935483870967744,0,-96.16249931573847,-96.14917667691678,-95.2907461341644,-96.2607,-96.15270929918185
scene_0010,100.0,-41.935483870967744,1,-96.51510361208437,-96.50563786660145,-95.54587390451553,-96.322395,-96.32239194587001
scene_0010,-100.0,-35.483870967741936,0,-96.95301206938251,-97.0120805995324,-98.15902512270631,-96.959595,-96.65275680946093
scene_0010,-93.54838709677419,-35.483870967741936,0,-96.56854670894799,-96.63292248259827,-97.67493225481415,-96.58049,-96.5812959042562
scene_0010,-87.09677419354838,-35.483870967741936,0,-96.16243962582566,-96.22890846780153,-97.16957836913105,-96.18471,-96.30506985675262
scene_0010,-80.64516129032259,-35.483870967741936,0,-95.75042989369103,-95.81618664675455,-96.65649150762951,-95.78641,-95.88316826823768
scene_0010,-74.19354838709677,-35.483870967741936,0,-95.3460969746532,-95.40896779441589,-96.1495539195798,-95.39929,-95.38137575186687
scene_0010,-67.74193548387098,-35.483870967741936,0,-94.96020705308777,-95.01868318552125,-95.66122355367554,-95.03404,-94.84862549923957
scene_0010,-61.29032258064517,-35.483870967741936,1,-94.60071083578568,-94.65387160314265,-95.20160581165094,-93.98032,-93.98031955913844
scene_0010,-54.83870967741936,-35.483870967741936,0,-94.27309419335322,-94.32048449315444,-94.77821414168082,-94.391495,-94.31042646858916
scene_0010,-48.38709677419355,-35.483870967741936,0,-93.98085814260683,-94.0223615423559,-94.3961569349358,-94.11731,-94.2930502970644
scene_0010,-41.935483870967744,-35.483870967741936,0,-93.72599696786202,-93.76172467053604,-94.0585217110221,-93.87398,-94.22808989740605
scene_0010,-35.483870967741936,-35.483870967741936,0,-93.5094135846854,-93.53961621139247,-93.76680549963655,-93.660965,-94.03503182218807
scene_0010,-29.032258064516128,-35.483870967741936,0,-93.33125362763968,-93.3562557887615,-93.52131118222132,-93.47839,-93.70338876420695
scene_0010,-22.580645161290334,-35.483870967741936,1,-93.19116097378256,-93.21131567077884,-93.32147741305869,-93.323975,-93.32397413616911
scene_0010,-16.129032258064527,-35.483870967741936,0,-93.08846583822559,-93.1041249619908,-93.16613645212624,-93.208145,-93.0151826152273
scene_0010,-9.677419354838719,-35.483870967741936,1,-93.02231837527341,-93.03381575815065,-93.05370664527877,-92.79679,-92.79678903222658
scene_0010,-3.225806451612911,-35.483870967741936,0,-92.991779603504,-92.99942360902543,-92.9823305648781,-93.07224,-92.78361382076798
scene_0010,3.225806451612897,-35.483870967741936,0,-92.99587939178107,-92.99995259674942,-92.94997012713951,-93.05688,-92.80074379647922
scene_0010,9.677419354838705,-35.483870967741936,0,-93.03364909029442,-93.03441311601716,-92.95446870744613,-93.07717,-92.85065040001089
scene_0010,16.129032258064512,-35.483870967741936,1,-93.10413450751936,-93.10183846315262,-92.99358858512326,-92.85964,-92.85963769901278
scene_0010,22.58064516129032,-35.483870967741936,0,-93.20639340109378,-93.20128471732217,-93.06503049638381,-93.22615,-93.14113621919509
scene_0010,29.032258064516128,-35.483870967741936,0,-93.33948044410043,-93.33181711310206,-93.1664408416778,-93.35578,-93.33945399212712
scene_0010,35.48387096774192,-35.483870967741936,0,-93.5024216966572,-93.49248510540474,-93.29541119887224,-93.522804,-93.52122487289448
scene_0010,41.935483870967744,-35.483870967741936,0,-93.69417991269583,-93.68228756625426,-93.4494741807606,-93.72717,-93.70102647408608
scene_0010,48.38709677419354,-35.483870967741936,0,-93.91361152397378,-93.90012900286294,-93.62609925754136,-93.967735,-93.89617950409978
scene_0010,54.83870967741933,-35.483870967741936,0,-94.15941587983112,-94.144767355819,-93.8226918408035,-94.2415,-94.11580366916289
scene_0010,61.29032258064515,-35.483870967741936,1,-94.43007732980769,-94.41475387150476,-94.03659858519376,-94.29103,-94.29102579386029
scene_0010,67.74193548387095,-35.483870967741936,0,-94.72380110289293,-94.70836583328251,-94.26512139391855,-94.86342,-94.74526237608052
scene_0010,74.19354838709677,-35.483870967741936,0,-95.03844478321597,-95.02353371334146,-94.50554190857333,-95.19209,-95.12248631392913
scene_0010,80.64516129032256,-35.483870967741936,0,-95.3714486497999,-95.35776573544277,-94.75515724447848,-95.51694,-95.47036550541273
scene_0010,87.09677419354838,-35.483870967741936,0,-95.71977036236846,-95.70807508019799,-95.01132637919761,-95.82683,-95.78120287507572
scene_0010,93.54838709677418,-35.483870967741936,0,-96.07983246342874,-96.07091810187168,-95.27152498378399,-96.11333,-96.05559830120781
scene_0010,100.0,-35.483870967741936,0,-96.44749472267895,-96.44215582143707,-95.53340478573028,-96.371445,-96.23813521227837
scene_0010,-100.0,-29.032258064516128,1,-96.61553791791307,-96.6898865063059,-98.02142160106797,-96.17756,-96.17756086513985
scene_0010,-93.54838709677419,-29.032258064516128,1,-96.18599555074564,-96.26276062017769,-97.47983396977828,-96.43162,-96.4316132911814
scene_0010,-87.09677419354838,-29.032258064516128,0,-95.74466460311416,-95.82044732358213,-96.91891761242235,-95.78548,-95.905945827213
scene_0010,-80.64516129032259,-29.032258064516128,0,-95.30757613901058,-95.37978310780558,-96.35696847422658,-95.38002,-95.47334644877374
scene_0010,-74.19354838709677,-29.032258064516128,0,-94.88755939925053,-94.95445072881427,-95.81059058528322,-94.98743,-95.00148194319397
scene_0010,-67.74193548387098,-29.032258064516128,0,-94.49410632650151,-94.55469039918623,-95.29319200359198,-94.61892,-94.52969506575813
scene_0010,-61.29032258064517,-29.032258064516128,0,-94.1337433792302,-94.18761102874856,-94.81460271138481,-94.28132,-94.19154483761426
scene_0010,-54.83870967741936,-29.032258064516128,0,-93.8106005022223,-93.85775601949834,-94.38136897529611,-93.97752,-94.07824600949456
scene_0010,-48.38709677419355,-29.032258064516128,0,-93.52699222901775,-93.56770813474444,-93.99733783355879,-93.70784,-94.05644697084008
scene_0010,-41.935483870967744,-29.032258064516128,1,-93.28392482873082,-93.31862843796215,-93.66428917869469,-94.123474,-94.12347490707397
scene_0010,-35.483870967741936,-29.032258064516128,1,-93.0815031937223,-93.11069365879477,-93.38249752362583,-94.01352,-94.01352104648862
scene_0010,-29.032258064516128,-29.032258064516128,0,-92.91924068686924,-92.943431707863,-93.15118388941528,-93.09625,-93.43084882836652
scene_0010,-22.580645161290334,-29.032258064516128,0,-92.79628652400902,-92.81596933673671,-92.96885794585617,-92.95757,-93.00702000706715
scene_0010,-16.129032258064527,-29.032258064516128,0,-92.71158744159563,-92.72720929442251,-92.83356634127375,-92.85243,-92.6606029715388
scene_0010,-9.677419354838719,-29.032258064516128,0,-92.66399869816759,-92.67595294315393,-92.74306672447423,-92.78167,-92.48203395578838
scene_0010,-3.225806451612911,-29.032258064516128,0,-92.6523565830608,-92.66098136922963,-92.6949453133391,-92.7459,-92.47799767927174
scene_0010,3.225806451612897,-29.032258064516128,0,-92.6755217493776,-92.6811050023768,-92.6866926088298,-92.745445,-92.52662841202117
scene_0010,9.677419354838705,-29.032258064516128,0,-92.73240027225809,-92.7351891696525,-92.71574859592792,-92.780464,-92.5961156180565
scene_0010,16.129032258064512,-29.032258064516128,0,-92.8219474296108,-92.82216096574527,-92.77952609598985,-92.85111,-92.72474956019819
scene_0010,22.58064516129032,-29.032258064516128,0,-92.94315774777976,-92.9410012625277,-92.87541895185397,-92.95772,-92.91877027009767
scene_0010,29.032258064516128,-29.032258064516128,0,-93.09504375360095,-93.0907245033896,-93.00080036397944,-93.10078,-93.12164678947737
scene_0010,35.48387096774192,-29.032258064516128,0,-93.27660504270688,-93.27034803675656,-93.15301581875737,-93.280716,-93.2940325132548
scene_0010,41.935483870967744,-29.032258064516128,1,-93.48678865618729,-93.47885207203264,-93.3293745140206,-93.48125,-93.48124105534984
scene_0010,48.38709677419354,-29.032258064516128,0,-93.72444133319755,-93.71513086093275,-93.52714284980344,-93.75004,-93.65976661809933
scene_0010,54.83870967741933,-29.032258064516128,0,-93.98825399325703,-93.97793542971799,-93.74354327556573,-94.035255,-93.8879313633615
scene_0010,61.29032258064515,-29.032258064516128,0,-94.27669885699913,-94.26580816963727,-93.97576143018256,-94.34754,-94.16988620920236
scene_0010,67.74193548387095,-29.032258064516128,0,-94.58796003926113,-94.57700993854596,-94.22096394462469,-94.678375,-94.51963066641832
scene_0010,74.19354838709677,-29.032258064516128,0,-94.91985938573728,-94.90944118977184,-94.47632838562879,-95.016754,-94.89351303251424
scene_0010,80.64516129032256,-29.032258064516128,1,-95.26978094214209,-95.26056021678829,-94.73908553561552,-95.306335,-95.30633859382071
scene_0010,87.09677419354838,-29.032258064516128,0,-95.63459989482283,-95.62730407740146,-95.00657254831715,-95.66899,-95.59146881716111
scene_0010,93.54838709677418,-29.032258064516128,0,-96.0106251496689,-96.00602124677602,-95.27629362992961,-95.9633,-95.93760153954892
scene_0010,100.0,-29.032258064516128,0,-96.3935687042599,-96.39242940477531,-95.54598304572983,-96.22863,-96.19181747081723
scene_0010,-100.0,-22.580645161290334,0,-96.27124718069578,-96.35431623582205,-97.84423903314115,-96.17801,-96.02212925652412
scene_0010,-93.54838709677419,-22.580645161290334,0,-95.80290385411851,-95.88480062099504,-97.23422539807379,-95.782715,-95.81339138304605
scene_0010,-87.09677419354838,-22.580645161290334,0,-95.33316041624093,-95.41079562700672,-96.61306152837241,-95.371635,-95.47437478810818
scene_0010,-80.64516129032259,-22.580645161290334,1,-94.87744768700018,-94.94878762569941,-96.00265273505471,-94.977554,-94.97755186535821
scene_0010,-74.19354838709677,-22.580645161290334,1,-94.44731631217871,-94.51126041713201,-95.42069431424511,-94.7885,-94.78849580083696
scene_0010,-67.74193548387098,-22.580645161290334,0,-94.05076184560492,-94.10693244131265,-94.88001636304156,-94.19288,-94.28920842136841
scene_0010,-61.29032258064517,-22.580645161290334,0,-93.69286976898486,-93.74139563003473,-94.38901133406307,-93.85579,-94.00310720478986
scene_0010,-54.83870967741936,-22.580645161290334,1,-93.37651154750729,-93.41784304485341,-93.95249756455,-94.04228,-94.04227785462695
scene_0010,-48.38709677419355,-22.580645161290334,0,-93.10296253531028,-93.13772884178056,-93.57262902841343,-93.291306,-93.69160658739548
scene_0010,-41.935483870967744,-22.580645161290334,0,-92.8723994976188,-92.90130529464892,-93.24967751278825,-93.06326,-93.54742792072992
scene_0010,-35.483870967741936,-22.580645161290334,0,-92.68427887368418,-92.70803350899713,-92.98264048473648,-92.87003,-93.32668937092745
scene_0010,-29.032258064516128,-22.580645161290334,0,-92.5376136950089,-92.55688534110887,-92.76968618937936,-92.711044,-92.99005115561269
scene_0010,-22.580645161290334,-22.580645161290334,0,-92.43117048079291,-92.4465589693149,-92.608466817368,-92.58632,-92.6229450867668
scene_0010,-16.129032258064527,-22.580645161290334,1,-92.36360526502816,-92.3756286987626,-92.49633194258628,-92.29691,-92.29691147583944
scene_0010,-9.677419354838719,-22.580645161290334,1,-92.33355409582573,-92.3426455920047,-92.43046931982201,-91.91252,-91.91252150931396
scene_0010,-3.225806451612911,-22.580645161290334,1,-92.3396895859577,-92.34620145864362,-92.4079938008402,-92.41436,-92.4143586322772
scene_0010,3.225806451612897,-22.580645161290334,0,-92.3807519653728,-92.38496533218905,-92.4259995781081,-92.43661,-92.30266293504721
scene_0010,9.677419354838705,-22.580645161290334,0,-92.45556067689367,-92.45769893978631,-92.48158672218791,-92.487114,-92.37367458047865
scene_0010,16.129032258064512,-22.580645161290334,0,-92.5630107650376,-92.56325573122383,-92.57186998443231,-92.57272,-92.52196782127425
scene_0010,22.58064516129032,-22.580645161290334,0,-92.70205699003903,-92.70056661871392,-92.69397585554559,-92.69365,-92.73368772610485
scene_0010,29.032258064516128,-22.580645161290334,0,-92.87168762351173,-92.86861453973654,-92.84503264711235,-92.85036,-92.94498520202966
scene_0010,35.48387096774192,-22.580645161290334,0,-93.07088915175811,-93.06639917861618,-93.02215766996744,-93.043274,-93.10260615806266
scene_0010,41.935483870967744,-22.580645161290334,1,-93.29860257028449,-93.2928925980493,-93.22244522516941,-93.10956,-93.10956042555597
scene_0010,48.38709677419354,-22.580645161290334,1,-93.55367158208591,-93.54698611321109,-93.44295892617667,-93.536224,-93.5362274164404
scene_0010,54.83870967741933,-22.580645161290334,0,-93.83478283807446,-93.82742850756743,-93.68073166911802,-93.832664,-93.70713616034567
scene_0010,61.29032258064515,-22.580645161290334,0,-94.14039845066335,-94.13275570916,-93.93277619917983,-94.155205,-94.00965856294755
scene_0010,67.74193548387095,-22.580645161290334,0,-94.46868148888755,-94.4612124406689,-94.1961085322326,-94.495575,-94.35981761871614
scene_0010,74.19354838709677,-22.580645161290334,0,-94.81741619052924,-94.81066730361252,-94.46778536197486,-94.842804,-94.71571654544901
scene_0010,80.64516129032256,-22.580645161290334,0,-95.1839264008879,-95.17852448044793,-94.74495496686035,-95.1849,-95.05468756703479
scene_0010,87.09677419354838,-22.580645161290334,1,-95.56499845302315,-95.56163796833917,-95.02491910132598,-95.240265,-95.24026692120057
scene_0010,93.54838709677418,-22.580645161290334,0,-95.95681840993394,-95.95623813462409,-95.3052011442766,-95.81213,-95.80146899237113
scene_0010,100.0,-22.580645161290334,1,-96.35493806903787,-96.35788526897468,-95.58361377554144,-96.3057,-96.30570402141123
scene_0010,-100.0,-16.129032258064527,1,-95.9421781448839,-96.02726512352618,-97.62419102577292,-95.94669,-95.946690427844
scene_0010,-93.54838709677419,-16.129032258064527,1,-95.44231773388587,-95.52261278131081,-96.94319179662807,-95.23001,-95.23000628699583
scene_0010,-87.09677419354838,-16.129032258064527,0,-94.95090474395981,-95.02395827150515,-96.26491760012814,-94.95759,-95.07390529777106
scene_0010,-80.64516129032259,-16.129032258064527,0,-94.4822222944559,-94.54673199796781,-95.61266686788915,-94.54115,-94.69551234696104
scene_0010,-74.19354838709677,-16.129032258064527,0,-94.0463325419154,-94.10189353173656,-95.00325763035366,-94.14107,-94.3167467214876
scene_0010,-67.74193548387098,-16.129032258064527,0,-93.64974881927256,-93.69658432381564,-94.44756050150355,-93.769455,-93.96448536816828
scene_0010,-61.29032258064517,-16.129032258064527,0,-93.2962492342136,-93.33497852201837,-93.95172641421976,-93.43379,-93.67614028397328
scene_0010,-54.83870967741936,-16.129032258064527,0,-92.98762717653908,-93.0190869886874,-93.51847206367412,-93.137215,-93.42377116103589
scene_0010,-48.38709677419355,-16.129032258064527,1,-92.72430400616484,-92.74942042235942,-93.14815729538023,-93.04252,-93.04251447222043
scene_0010,-41.935483870967744,-16.129032258064527,0,-92.50579650037014,-92.52549763162952,-92.83959667658975,-92.661095,-92.9297725822338
scene_0010,-35.483870967741936,-16.129032258064527,0,-92.33105889190864,-92.34621834084001,-92.59063472464005,-92.47921,-92.70248158193763
scene_0010,-29.032258064516128,-16.129032258064527,0,-92.19872596519193,-92.2101287214362,-92.39853792647187,-92.33345,-92.4488579931164
scene_0010,-22.580645161290334,-16.129032258064527,0,-92.10728157829443,-92.11560610743446,-92.26025398354358,-92.223404,-92.21337450456926
scene_0010,-16.129032258064527,-16.129032258064527,0,-92.05517217435064,-92.06098423803593,-92.17257815402522,-92.14898,-92.06773925307627
scene_0010,-9.677419354838719,-16.129032258064527,0,-92.0408799505208,-92.04463501044793,-92.13225570426646,-92.11014,-92.03738872710974
scene_0010,-3.225806451612911,-16.129032258064527,0,-92.06296627146484,-92.06501822732804,-92.13604071605347,-92.10671,-92.06946280130026
scene_0010,3.225806451612897,-16.129032258064527,0,-92.12009280077277,-92.12070739485499,-92.18072513371845,-92.13835,-92.08605485698567
scene_0010,9.677419354838705,-16.129032258064527,0,-92.21102555096222,-92.2103971399774,-92.26314760477624,-92.20466,-92.12851929415002
scene_0010,16.129032258064512,-16.129032258064527,1,-92.33462542257382,-92.3328960500976,-92.38018887548733,-92.34783,-92.3478331547595
scene_0010,22.58064516129032,-16.129032258064527,0,-92.48982763043735,-92.48710748603582,-92.52875881447025,-92.44078,-92.51252200004899
scene_0010,29.032258064516128,-16.129032258064527,1,-92.67561155575044,-92.67200001303388,-92.70577921338345,-92.88603,-92.88602866850951
scene_0010,35.48387096774192,-16.129032258064527,0,-92.89096191775441,-92.88656841814138,-92.90816609209398,-92.81679,-92.92876212015744
scene_0010,41.935483870967744,-16.129032258064527,0,-93.1348216750059,-93.12978576786271,-93.13281510402796,-93.05788,-93.09056036797016
scene_0010,48.38709677419354,-16.129032258064527,0,-93.40603673340857,-93.40054658696347,-93.37659360511026,-93.33321,-93.29609708101398
scene_0010,54.83870967741933,-16.129032258064527,1,-93.70329239044506,-93.69760103556574,-93.63634282981201,-93.48815,-93.48815276200497
scene_0010,61.29032258064515,-16.129032258064527,0,-94.02504156464708,-94.01948000738767,-93.90889322167384,-93.971924,-93.89048116315675
scene_0010,67.74193548387095,-16.129032258064527,0,-94.36942538156194,-94.36441150684774,-94.19109511659505,-94.32112,-94.25570482690966
scene_0010,74.19354838709677,-16.129032258064527,0,-94.73418780182007,-94.73022969038787,-94.47986554696752,-94.67643,-94.60273546683678
scene_0010,80.64516129032256,-16.129032258064527,0,-95.11658791312426,-95.11427983716186,-94.77224990025307,-95.02594,-94.93318513386757
scene_0010,87.09677419354838,-16.129032258064527,0,-95.5133164870584,-95.51332551952015,-95.06549467143083,-95.358665,-95.28292492081061
scene_0010,93.54838709677418,-16.129032258064527,0,-95.92042752262527,-95.92346855364455,-95.35712494722964,-95.66629,-95.6562774846482
scene_0010,100.0,-16.129032258064527,0,-96.33330053043123,-96.3400977961404,-95.64501809130833,-95.94394,-95.94509993656499
scene_0010,-100.0,-9.677419354838719,0,-95.65026534471095,-95.73168552907558,-97.37417523382024,-95.403786,-95.44132471545649
scene_0010,-93.54838709677419,-9.677419354838719,0,-95.12582352998885,-95.19923887982954,-96.6280011646738,-94.99553,-95.11823978904665
scene_0010,-87.09677419354838,-9.677419354838719,0,-94.61844105209087,-94.68218925292251,-95.90183740691991,-94.572495,-94.73539012347253
scene_0010,-80.64516129032259,-9.677419354838719,0,-94.14104553714564,-94.19458190730236,-95.21796205275268,-94.15137,-94.32470891350384
scene_0010,-74.19354838709677,-9.677419354838719,0,-93.70224591255949,-93.74581827897356,-94.59074126077374,-93.74821,-93.90338167577596
scene_0010,-67.74193548387098,-9.677419354838719,0,-93.30723540466522,-93.34159464816622,-94.02828291767385,-93.37563,-93.54189181776306
scene_0010,-61.29032258064517,-9.677419354838719,0,-92.9586923698934,-92.9848681235289,-93.534221481447,-93.04139,-93.24778102888561
scene_0010,-54.83870967741936,-9.677419354838719,0,-92.657539173071,-92.6766794207832,-93.10919717244282,-92.74876,-92.95198343924778
scene_0010,-48.38709677419355,-9.677419354838719,0,-92.40352845057905,-92.41679090020224,-92.75194372755676,-92.498,-92.61701870799833
scene_0010,-41.935483870967744,-9.677419354838719,0,-92.19567375360558,-92.20415563763734,-92.46003754201655,-92.28791,-92.31665068251162
scene_0010,-35.483870967741936,-9.677419354838719,0,-92.03255584540315,-92.0372510928071,-92.23039305477387,-92.11699,-92.09544091467015
scene_0010,-29.032258064516128,-9.677419354838719,0,-91.91253540693593,-91.91431105355502,-92.05958067719763,-91.98399,-91.91795214017336
scene_0010,-22.580645161290334,-9.677419354838719,0,-91.83389735666081,-91.83348355854307,-91.94402496012097,-91.88812,-91.80213028321951
scene_0010,-16.129032258064527,-9.677419354838719,0,-91.7949457577528,-91.79293560012474,-91.88012330485968,-91.82886,-91.80198109044224
scene_0010,-9.677419354838719,-9.677419354838719,1,-91.79406294894171,-91.79091947024946,-91.86431225069052,-92.077194,-92.07720048444907
scene_0010,-3.225806451612911,-9.677419354838719,0,-91.82974244197501,-91.82581106500834,-91.8930991169674,-91.81815,-91.89482602817787
scene_0010,3.225806451612897,-9.677419354838719,0,-91.90060215956414,-91.89612718388629,-91.96307066065086,-91.86548,-91.89053277766406
scene_0010,9.677419354838705,-9.677419354838719,1,-92.00538249198539,-92.0005265681474,-92.07088653882558,-91.61621,-91.61621003571143
scene_0010,16.129032258064512,-9.677419354838719,0,-92.14293218069986,-92.13779783919634,-92.21326304417985,-92.06244,-92.00660228283974
scene_0010,22.58064516129032,-9.677419354838719,0,-92.3121839924141,-92.30683639270949,-92.38695131107256,-92.211655,-92.23184076027098
scene_0010,29.032258064516128,-9.677419354838719,0,-92.51212138077733,-92.50661150818168,-92.58871362049504,-92.395035,-92.49271547622725
scene_0010,35.48387096774192,-9.677419354838719,0,-92.7417367509371,-92.73612433310765,-92.81530130666424,-92.61302,-92.7129596835261
scene_0010,41.935483870967744,-9.677419354838719,1,-92.99998149685513,-92.99435693423284,-93.06343787513775,-92.97738,-92.97738441185996
scene_0010,48.38709677419354,-9.677419354838719,0,-93.28570766956722,-93.2802122616138,-93.32981108252199,-93.15163,-93.1442745944993
scene_0010,54.83870967741933,-9.677419354838719,0,-93.59760099939672,-93.59244468098467,-93.61107769176498,-93.4681,-93.43656310272125
scene_0010,61.29032258064515,-9.677419354838719,0,-93.93410513080212,-93.92958078863268,-93.90388418365009,-93.80939,-93.79967509851653
scene_0010,67.74193548387095,-9.677419354838719,1,-94.29333748812533,-94.28983068863245,-94.20490566519648,-94.24721,-94.24720313465065
scene_0010,74.19354838709677,-9.677419354838719,0,-94.67299838937721,-94.67099101610341,-94.51090342554933,-94.52994,-94.5360828511061
scene_0010,80.64516129032256,-9.677419354838719,1,-95.07027712848642,-95.07034303074369,-94.8187990509299,-94.85512,-94.85511511498589
scene_0010,87.09677419354838,-9.677419354838719,0,-95.48176201706062,-95.48455240483953,-95.12575995130271,-95.22562,-95.20404236138384
scene_0010,93.54838709677418,-9.677419354838719,0,-95.90336594942568,-95.90958211617149,-95.42928807265017,-95.53917,-95.52761533857347
scene_0010,100.0,-9.677419354838719,0,-96.33028469783733,-96.34063601515288,-95.72730119391824,-95.8223,-95.77236168014724
scene_0010,-100.0,-3.225806451612911,0,-95.41501187915568,-95.48869255985805,-97.12080938933369,-95.09949,-95.16727246863226
scene_0010,-93.54838709677419,-3.225806451612911,0,-94.87176495289184,-94.93482739010318,-96.32087657485741,-94.68454,-94.83211329448145
scene_0010,-87.09677419354838,-3.225806451612911,0,-94.35262331568573,-94.40420173415083,-95.55871746517765,-94.25522,-94.412321819224
scene_0010,-80.64516129032259,-3.225806451612911,1,-93.86920780316387,-93.90945347327589,-94.8538364748303,-94.11775,-94.11775954244212
scene_0010,-74.19354838709677,-3.225806451612911,0,-93.42886027905035,-93.45858370122586,-94.21737155633387,-93.42166,-93.4444474926294
scene_0010,-67.74193548387098,-3.225806451612911,0,-93.03568668554416,-93.05607301607,-93.65451644803613,-93.0471,-93.07869922184668
scene_0010,-61.29032258064517,-3.225806451612911,0,-92.69149369849418,-92.70389810081488,-93.16655483916637,-92.71303,-92.80971463536432
scene_0010,-54.83870967741936,-3.225806451612911,1,-92.39653315555044,-92.40234265488839,-92.75233850985771,-92.630035,-92.63003530643759
scene_0010,-48.38709677419355,-3.225806451612911,0,-92.15005562740629,-92.15060020909428,-92.40928349226724,-92.17689,-92.16777295384234
scene_0010,-41.935483870967744,-3.225806451612911,1,-91.95070598526956,-91.94720414888221,-92.13401211025337,-91.64371,-91.64370185272733
scene_0010,-35.483870967741936,-3.225806451612911,1,-91.796798708073,-91.79032659050513,-91.92275405287128,-91.64963,-91.64963241481864
scene_0010,-29.032258064516128,-3.225806451612911,0,-91.6865054709354,-91.67798211875967,-91.7715897230513,-91.68947,-91.50858308650066
scene_0010,-22.580645161290334,-3.225806451612911,1,-91.61797998691935,-91.60816392378788,-91.67659226867647,-91.2963,-91.29630027297212
scene_0010,-16.129032258064527,-3.225806451612911,0,-91.58943814739496,-91.57893210316942,-91.63390494659839,-91.55931,-91.50182183098235
scene_0010,-9.677419354838719,-3.225806451612911,0,-91.59920606505489,-91.58846780908597,-91.63977711776738,-91.54977,-91.59434473690538
scene_0010,-3.225806451612911,-3.225806451612911,0,-91.64574465058026,-91.63510250180508,-91.6905735613729,-91.57604,-91.65551928406573
scene_0010,3.225806451612897,-3.225806451612911,0,-91.72765656265153,-91.71732849381056,-91.78276643322505,-91.63716,-91.71242049600619
scene_0010,9.677419354838705,-3.225806451612911,1,-91.84367944291313,-91.83379487147349,-91.91291598685679,-92.15984,-92.1598390082844
scene_0010,16.129032258064512,-3.225806451612911,1,-91.99266801229385,-91.98329145564838,-92.07764439009051,-91.5186,-91.51860477906858
scene_0010,22.58064516129032,-3.225806451612911,0,-92.17356665825443,-92.16472247470062,-92.27360612382176,-92.02247,-91.99103147394277
scene_0010,29.032258064516128,-3.225806451612911,0,-92.38537344167065,-92.37707090726653,-92.49745822214678,-92.21779,-92.24479573983807
scene_0010,35.48387096774192,-3.225806451612911,0,-92.62709590864719,-92.61935390046091,-92.74583376943319,-92.44711,-92.47835661677597
scene_0010,41.935483870967744,-3.225806451612911,0,-92.8976986654082,-92.89056922674527,-93.01532240940435,-92.710434,-92.70684020368702
scene_0010,48.38709677419354,-3.225806451612911,0,-93.19604236734813,-93.1896324025873,-93.30246193714798,-93.00666,-92.98013210526818
scene_0010,54.83870967741933,-3.225806451612911,0,-93.52081363765357,-93.51530389911177,-93.60374510306654,-93.33273,-93.3186282891248
scene_0010,61.29032258064515,-3.225806451612911,0,-93.87044557273911,-93.8661059336247,-93.91564529748564,-93.68301,-93.70925671752887
scene_0010,67.74193548387095,-3.225806451612911,0,-94.24302908205475,-94.2402288177749,-94.2346635527507,-94.04896,-94.11096896809883
scene_0010,74.19354838709677,-3.225806451612911,0,-94.63621659105155,-94.63542801351556,-94.55739712443315,-94.4197,-94.4845680167618
scene_0010,80.64516129032256,-3.225806451612911,0,-95.04712191149824,-95.04891525320386,-94.88062681216977,-94.78339,-94.83009864261535
scene_0010,87.09677419354838,-3.225806451612911,0,-95.47222366237668,-95.4772506932184,-95.20141646973568,-95.12916,-95.15399266951593
scene_0010,93.54838709677418,-3.225806451612911,0,-95.90728468353306,-95.91624837464471,-95.51721449931334,-95.4488,-95.43821827067768
scene_0010,100.0,-3.225806451612911,0,-96.3473061944571,-96.36091416948975,-95.82594446524249,-95.73752,-95.64640884376266
scene_0010,-100.0,3.225806451612897,1,-95.25233766264351,-95.3159395623224,-96.89799940977906,-94.967636,-94.96762778586542
scene_0010,-93.54838709677419,3.225806451612897,0,-94.69458720841948,-94.74557382532682,-96.05751344059009,-94.47771,-94.56966560886241
scene_0010,-87.09677419354838,3.225806451612897,0,-94.1663433028371,-94.2045754634888,-95.27063850565959,-94.04076,-94.10174965769713
scene_0010,-80.64516129032259,3.225806451612897,0,-93.67813112808366,-93.70435712785164,-94.55335949205143,-93.60734,-93.55894683908542
scene_0010,-74.19354838709677,3.225806451612897,1,-93.23628738648543,-93.25177971731995,-93.9135686731328,-92.72331,-92.7233100689327
scene_0010,-67.74193548387098,3.225806451612897,0,-92.84408458526734,-92.85037270989477,-93.35385966590154,-92.815895,-92.68951525184772
scene_0010,-61.29032258064517,3.225806451612897,0,-92.50267778837419,-92.50136687266291,-92.87357508265617,-92.47958,-92.44531604618315
scene_0010,-54.83870967741936,3.225806451612897,0,-92.21182826944252,-92.20448283700753,-92.47017249856114,-92.18919,-92.18249983805812
scene_0010,-48.38709677419355,3.225806451612897,0,-91.97042729276885,-91.95850005890412,-92.14008898872146,-91.94498,-91.86992362888013
scene_0010,-41.935483870967744,3.225806451612897,0,-91.7768627951658,-91.76165374823731,-91.87926980609333,-91.74557,-91.58712302683732
scene_0010,-35.483870967741936,3.225806451612897,0,-91.62927025045859,-91.61190579186209,-91.68348224466236,-91.589066,-91.4085629542724
scene_0010,-29.032258064516128,3.225806451612897,0,-91.52570084352155,-91.50712642601772,-91.54849518832201,-91.473755,-91.30409684226143
scene_0010,-22.580645161290334,3.225806451612897,0,-91.46423135939455,-91.44521353115435,-91.47017543514862,-91.39821,-91.2553448965731
scene_0010,-16.129032258064527,3.225806451612897,0,-91.44303295561116,-91.42416827055996,-91.44453242744767,-91.361244,-91.27199979299932
scene_0010,-9.677419354838719,3.225806451612897,0,-91.46041057919682,-91.44213974738622,-91.46773072383786,-91.36173,-91.31538716072345
scene_0010,-3.225806451612911,3.225806451612897,0,-91.5148209631848,-91.49744711132597,-91.53608200563617,-91.39848,-91.37636123958646
scene_0010,3.225806451612897,3.225806451612897,0,-91.60487450444045,-91.58858465950316,-91.64602391316339,-91.47033,-91.48639802637274
scene_0010,9.677419354838705,3.225806451612897,1,-91.72932452941794,-91.71421353977392,-91.794090453568,-91.59423,-91.59423260539485
scene_0010,16.129032258064512,3.225806451612897,0,-91.88704621736622,-91.87314235973804,-91.976877419596,-91.71528,-91.7038243915137
scene_0010,22.58064516129032,3.225806451612897,0,-92.0770065685362,-92.06429809863553,-92.19100577854775,-91.8875,-91.88063414958901
scene_0010,29.032258064516128,3.225806451612897,0,-92.29822614105461,-92.28668805177668,-92.43308605369774,-92.09308,-92.10429555331669
scene_0010,35.48387096774192,3.225806451612897,0,-92.5497327519052,-92.53935300771059,-92.69968712159645,-92.33245,-92.31723354842106
scene_0010,41.935483870967744,3.225806451612897,1,-92.83050690977566,-92.82131141780795,-92.98731340032742,-92.44417,-92.44417313526526
scene_0010,48.38709677419354,3.225806451612897,0,-93.13941843050706,-93.13149396611942,-93.29239489498052,-92.911514,-92.84361071770564
scene_0010,54.83870967741933,3.225806451612897,0,-93.47515353860608,-93.46866773689561,-93.61129473888693,-93.24701,-93.21646252649857
scene_0010,61.29032258064515,3.225806451612897,0,-93.83613189825859,-93.83134922406825,-93.94033841872746,-93.60646,-93.63009129839273
scene_0010,67.74193548387095,3.225806451612897,0,-94.22041363344508,-94.2177059266754,-94.27586749170713,-93.98123,-94.04971067962194
scene_0010,74.19354838709677,3.225806451612897,0,-94.62559775962049,-94.62544751732077,-94.61431807764804,-94.36037,-94.4486410915132
scene_0010,80.64516129032256,3.225806451612897,0,-95.04871590280845,-95.05170994459534,-94.95232075209636,-94.73195,-94.81496940030493
scene_0010,87.09677419354838,3.225806451612897,0,-95.48612908611258,-95.49293977458377,-95.28681406559998,-95.08505,-95.1371771382988
scene_0010,93.54838709677418,3.225806451612897,0,-95.9334409415601,-95.94479193938852,-95.6151595981651,-95.411415,-95.3989068279072
scene_0010,100.0,3.225806451612897,0,-96.38544773420355,-96.40206178252376,-95.93524339551979,-95.70625,-95.58318278517086
scene_0010,-100.0,9.677419354838705,0,-95.17427522556501,-95.22703102686485,-96.73996878602219,-94.82665,-94.74905042928353
scene_0010,-93.54838709677419,9.677419354838705,0,-94.6048658590249,-94.64354925635408,-95.87080407479426,-94.39462,-94.37235697295233
scene_0010,-87.09677419354838,9.677419354838705,0,-94.0687702036754,-94.0938664957036,-95.06779122030444,-93.94828,-93.89253300404617
scene_0010,-80.64516129032259,9.677419354838705,0,-93.57572042183271,-93.58847093224958,-94.34352012920996,-93.505875,-93.35633896078436
scene_0010,-74.19354838709677,9.677419354838705,0,-93.1313404038785,-93.13338745008907,-93.70311359799855,-93.08501,-92.86148699570079
scene_0010,-67.74193548387098,9.677419354838705,0,-92.73832012053944,-92.73146092848452,-93.14710759231278,-92.69949,-92.50590599766159
scene_0010,-61.29032258064517,9.677419354838705,0,-92.3973652347996,-92.38339314735272,-92.67339022429422,-92.35788,-92.23861324625358
scene_0010,-54.83870967741936,9.677419354838705,0,-92.10790409182913,-92.08851150701177,-92.2784211935336,-92.06382,-91.9791646012876
scene_0010,-48.38709677419355,9.677419354838705,0,-91.86858971112571,-91.84531200938609,-91.95796806246645,-91.81762,-91.71586289574188
scene_0010,-41.935483870967744,9.677419354838705,0,-91.67764582747465,-91.65183178476718,-91.70753721583735,-91.61783,-91.49994894346919
scene_0010,-35.483870967741936,9.677419354838705,0,-91.53310035996789,-91.50589968707999,-91.5226175697583,-91.462494,-91.36394241418294
scene_0010,-29.032258064516128,9.677419354838705,0,-91.4329396699602,-91.40530192563318,-91.39881098049511,-91.349724,-91.28077277334974
scene_0010,-22.580645161290334,9.677419354838705,0,-91.3752075582868,-91.34788899366526,-91.33189430986269,-91.27794,-91.21979856736472
scene_0010,-16.129032258064527,9.677419354838705,0,-91.35806555761144,-91.33164182855057,-91.31784003650867,-91.2458,-91.17583900570459
scene_0010,-9.677419354838719,9.677419354838705,0,-91.37982572123951,-91.35470916908233,-91.35281136008857,-91.25198,-91.14832455560821
scene_0010,-3.225806451612911,9.677419354838705,1,-91.43896339554732,-91.4154239792729,-91.4331412596928,-91.00491,-91.00491306130593
scene_0010,3.225806451612897,9.677419354838705,0,-91.53411494034276,-91.51230406441908,-91.55530123629701,-91.37393,-91.3024125689468
scene_0010,9.677419354838705,9.677419354838705,0,-91.66406365221596,-91.64404018164194,-91.71586345267364,-91.48714,-91.48244305306872
scene_0010,16.129032258064512,9.677419354838705,0,-91.82771596591066,-91.80947371972151,-91.91145906163902,-91.63399,-91.67601837734526
scene_0010,22.58064516129032,9.677419354838705,0,-92.02406915766295,-92.00756516199625,-92.13873531157941,-91.81421,-91.88831876942308
scene_0010,29.032258064516128,9.677419354838705,0,-92.25217112020657,-92.23735389672804,-92.39431430046204,-92.02808,-92.09935620357976
scene_0010,35.48387096774192,9.677419354838705,0,-92.51107224470826,-92.49790940699557,-92.67475684026448,-92.27602,-92.29222203676022
scene_0010,41.935483870967744,9.677419354838705,0,-92.79976900038028,-92.78827341341746,-92.97653562161418,-92.55807,-92.50381468951912
scene_0010,48.38709677419354,9.677419354838705,0,-93.11713846354908,-93.10739216341602,-93.29602252344017,-92.873085,-92.79498565080388
scene_0010,54.83870967741933,9.677419354838705,0,-93.46186288067088,-93.45403782021947,-93.62949521824925,-93.21797,-93.17225219381714
scene_0010,61.29032258064515,9.677419354838705,0,-93.83234348253596,-93.82671793050639,-93.97316783737601,-93.586945,-93.59598910773056
scene_0010,67.74193548387095,9.677419354838705,0,-94.22660340656549,-94.22357245574509,-94.32324901898033,-93.97122,-94.02575537189095
scene_0010,74.19354838709677,9.677419354838705,0,-94.64218103009144,-94.64225916104033,-94.67602789016743,-94.35968,-94.44136101360047
scene_0010,80.64516129032256,9.677419354838705,0,-95.07601765643649,-95.07983070315164,-95.0279844160215,-94.74019,-94.82776377003253
scene_0010,87.09677419354838,9.677419354838705,1,-95.52434774221213,-95.53261105341561,-95.37591550407974,-95.166306,-95.16630002675225
scene_0010,93.54838709677418,9.677419354838705,0,-95.98260598254538,-95.9960853531112,-95.71706324049845,-95.4357,-95.41151765305489
scene_0010,100.0,9.677419354838705,0,-96.44537336577977,-96.46482590702404,-96.04922803875418,-95.73745,-95.58575751914555
scene_0010,-100.0,16.129032258064512,0,-95.18908080961721,-95.2315151771962,-96.67626483609149,-94.879395,-94.65692034681986
scene_0010,-93.54838709677419,16.129032258064512,0,-94.60959522078014,-94.63693191497563,-95.78726151943451,-94.4365,-94.28524761043312
scene_0010,-87.09677419354838,16.129032258064512,0,-94.06572343772649,-94.0789661810473,-94.97317522344206,-93.97893,-93.83015022443229
scene_0010,-80.64516129032259,16.129032258064512,0,-93.56675812024578,-93.56754776478523,-94.24387984681292,-93.52539,-93.34220199245311
scene_0010,-74.19354838709677,16.129032258064512,0,-93.11791353990299,-93.10818543960687,-93.60244126263657,-93.09396,-92.8898238898109
scene_0010,-67.74193548387098,16.129032258064512,0,-92.72153909352447,-92.70329690068536,-93.04794468723387,-92.69882,-92.51671318934028
scene_0010,-61.29032258064517,16.129032258064512,0,-92.3780767733811,-92.35325308488731,-92.57729700082439,-92.34875,-92.20107016820793
scene_0010,-54.83870967741936,16.129032258064512,1,-92.08676193753388,-92.05713744196868,-92.18631507387884,-91.95069,-91.95069394900509
scene_0010,-48.38709677419355,16.129032258064512,0,-91.84611429055255,-91.81327431804276,-91.87036009416958,-91.795494,-91.66938541107746
scene_0010,-41.935483870967744,16.129032258064512,0,-91.65427241731363,-91.61958693574654,-91.62469553596226,-91.59119,-91.50869390489714
scene_0010,-35.483870967741936,16.129032258064512,0,-91.50921689981234,-91.47383534010245,-91.44468037619312,-91.43259,-91.43084748686414
scene_0010,-29.032258064516128,16.129032258064512,0,-91.40891579484247,-91.3737716147833,-91.32586489251102,-91.317795,-91.377280855077
scene_0010,-22.580645161290334,16.129032258064512,0,-91.3514163444119,-91.31723839350981,-91.26402881655801,-91.24515,-91.29963259406823
scene_0010,-16.129032258064527,16.129032258064512,0,-91.33489924821743,-91.30222822088847,-91.25518505203777,-91.21323,-91.21124487653084
scene_0010,-9.677419354838719,16.129032258064512,0,-91.3577064690769,-91.32691537332366,-91.29556241022416,-91.22067,-91.14606246471493
scene_0010,-3.225806451612911,16.129032258064512,0,-91.41834987049222,-91.3896677314378,-91.38157517470175,-91.26607,-91.1506076855168
scene_0010,3.225806451612897,16.129032258064512,0,-91.51550550812586,-91.48904362795992,-91.50978415175891,-91.34798,-91.26674299239319
scene_0010,9.677419354838705,16.129032258064512,0,-91.64799671931142,-91.62377682767621,-91.67685223267495,-91.46516,-91.47351510480263
scene_0010,16.129032258064512,16.129032258064512,0,-91.81476798828592,-91.79275159997601,-91.87949683116217,-91.61674,-91.73489735752375
scene_0010,22.58064516129032,16.129032258064512,0,-92.0148507107006,-91.994968991506,-92.11444153798935,-91.80248,-91.99331369247395
scene_0010,29.032258064516128,16.129032258064512,1,-92.24732131058056,-92.22950474581005,-92.3783697546223,-92.21786,-92.21785753598083
scene_0010,35.48387096774192,16.129032258064512,0,-92.51125160329282,-92.49545875866133,-92.66788377982391,-92.27763,-92.38629497762466
scene_0010,41.935483870967744,16.129032258064512,0,-92.80565082340182,-92.79189546327396,-92.97947367502047,-92.567535,-92.5798196072287
scene_0010,48.38709677419354,16.129032258064512,0,-93.12939836660522,-93.1177741192665,-93.30950102429375,-92.89119,-92.84719002255741
scene_0010,54.83870967741933,16.129032258064512,0,-93.48116610248427,-93.47186769937136,-93.65420314999466,-93.24541,-93.21701828237828
scene_0010,61.29032258064515,16.129032258064512,0,-93.85932923813587,-93.85266906610883,-94.00972307517173,-93.62428,-93.63650552092426
scene_0010,67.74193548387095,16.129032258064512,0,-94.2618653765578,-94.25828363984803,-94.37216912641311,-94.0188,-94.05889911533158
scene_0010,74.19354838709677,16.129032258064512,1,-94.68624294705135,-94.68630913468252,-94.73770520590622,-94.43971,-94.43971608916344
scene_0010,80.64516129032256,16.129032258064512,1,-95.12930301924558,-95.13370566806108,-95.10266835369558,-94.922165,-94.92215863206391
scene_0010,87.09677419354838,16.129032258064512,0,-95.5871431201202,-95.59666421451033,-95.4637046763078,-95.17897,-95.20795397680271
scene_0010,93.54838709677418,16.129032258064512,0,-96.05501838285693,-96.07048847577339,-95.81790906042129,-95.52167,-95.47479090733748
scene_0010,100.0,16.129032258064512,0,-96.52728395934916,-96.54951480235448,-96.16294987009945,-95.83118,-95.65497265996613
scene_0010,-100.0,22.58064516129032,0,-95.30140809354072,-95.33503765891595,-96.72921002594906,-95.047066,-94.68224525515254
scene_0010,-93.54838709677419,22.58064516129032,0,-94.71243689282389,-94.73027153438659,-95.82572310523064,-94.5919,-94.32662168634405
scene_0010,-87.09677419354838,22.58064516129032,0,-94.15993795399734,-94.16340269394775,-95.00215771010483,-94.12147,-93.90404921246537
scene_0010,-80.64516129032259,22.58064516129032,0,-93.653153353586,-93.64421010911572,-94.26664586038633,-93.65491,-93.46227202419345
scene_0010,-74.19354838709677,22.58064516129032,0,-93.19719988766856,-93.17801548335743,-93.62099515305488,-93.210724,-93.04486463012876
scene_0010,-67.74193548387098,22.58064516129032,0,-92.79432425734925,-92.76706029035687,-93.06344057720335,-92.80345,-92.66974120319915
scene_0010,-61.29032258064517,22.58064516129032,0,-92.44488132202422,-92.41157054245869,-92.590342540311,-92.4421,-92.31306355831452
scene_0010,-54.83870967741936,22.58064516129032,0,-92.14804314059907,-92.11052194716825,-92.19718617546546,-92.13057,-91.97263957783608
scene_0010,-48.38709677419355,22.58064516129032,0,-91.90229146883296,-91.86216714850974,-91.87914991079978,-91.86922,-91.7229307419926
scene_0010,-41.935483870967744,22.58064516129032,0,-91.705750461062,-91.66438961378086,-91.63141757514127,-91.65664,-91.59009594071584
scene_0010,-35.483870967741936,22.58064516129032,0,-91.5564064517007,-91.5149365245966,-91.44934022234756,-91.4908,-91.56469452170955
scene_0010,-29.032258064516128,22.58064516129032,0,-91.4522495409512,-91.41156885872668,-91.32851034755659,-91.36982,-91.54318105779309
scene_0010,-22.580645161290334,22.58064516129032,0,-91.39136132971514,-91.35215503650807,-91.26478487355881,-91.2921,-91.44275926369613
scene_0010,-16.129032258064527,22.58064516129032,0,-91.3719653733362,-91.33472580613302,-91.25427781523703,-91.25625,-91.32953368309069
scene_0010,-9.677419354838719,22.58064516129032,0,-91.39245145596163,-91.3575020150436,-91.29333457303694,-91.260925,-91.2588546512207
scene_0010,-3.225806451612911,22.58064516129032,0,-91.45138106240884,-91.41890287277411,-91.37849471058972,-91.30477,-91.26302012776304
scene_0010,3.225806451612897,22.58064516129032,0,-91.54747891448822,-91.51753963799507,-91.50644727260945,-91.38632,-91.36908083862477
scene_0010,9.677419354838705,22.58064516129032,1,-91.6796137320573,-91.65219788749033,-91.67398129416098,-91.47479,-91.4747934694165
scene_0010,16.129032258064512,22.58064516129032,0,-91.84677018042169,-91.82181031074997,-91.87793362697656,-91.65793,-91.89227420013887
scene_0010,22.58064516129032,22.58064516129032,0,-92.04801307483685,-92.02542109124259,-92.11513627021324,-91.846886,-92.17852255022632
scene_0010,29.032258064516128,22.58064516129032,0,-92.28244420249203,-92.26214223539031,-92.3823658677142,-92.071465,-92.38173326235865
scene_0010,35.48387096774192,22.58064516129032,0,-92.54915152159425,-92.53110160586324,-92.67629879545393,-92.33214,-92.54587756232802
scene_0010,41.935483870967744,22.58064516129032,0,-92.8471499825428,-92.83138187146194,-92.99347617846841,-92.62895,-92.74729130315093
scene_0010,48.38709677419354,22.58064516129032,1,-93.17531281068861,-93.16194911563102,-93.33028405912778,-92.73231,-92.7323053099608
scene_0010,54.83870967741933,22.58064516129032,0,-93.53229187094445,-93.52156952098477,-93.68295450985099,-93.324234,-93.37374881794406
scene_0010,61.29032258064515,22.58064516129032,0,-93.91642584953887,-93.90871251529362,-94.04759336159395,-93.71331,-93.76523670833646
scene_0010,67.74193548387095,22.58064516129032,0,-94.32563567986806,-94.32143927659988,-94.42023895706917,-94.11869,-94.1611860807094
scene_0010,74.19354838709677,22.58064516129032,0,-94.75730826730617,-94.75727694003949,-94.79695353567533,-94.52854,-94.55180545774708
scene_0010,80.64516129032256,22.58064516129032,0,-95.20817261007852,-95.21308177067257,-95.17394436582413,-94.93001,-94.93594846731082
scene_0010,87.09677419354838,22.58064516129032,0,-95.67417740286686,-95.68489962455082,-95.54770590522993,-95.311295,-95.29449331799302
scene_0010,93.54838709677418,22.58064516129032,0,-96.1503865312614,-96.16783980577439,-95.91516810991627,-95.6635,-95.59518291254989
scene_0010,100.0,22.58064516129032,0,-96.63091831450068,-96.65598901276483,-96.27383116619308,-95.98148,-95.79498866622812
scene_0010,-100.0,29.032258064516128,0,-95.51231204420912,-95.53936432874687,-96.91293008325368,-95.31224,-94.83648320274376
scene_0010,-93.54838709677419,29.032258064516128,0,-94.91374940324091,-94.92455506782446,-95.99718377444992,-94.84372,-94.50120808048703
scene_0010,-87.09677419354838,29.032258064516128,1,-94.35108913203193,-94.34740911510231,-95.16275249595253,-94.07756,-94.07755888141173
scene_0010,-80.64516129032259,29.032258064516128,0,-93.83394846181648,-93.81800065376056,-94.41717043169308,-93.87801,-93.68879061677578
scene_0010,-74.19354838709677,29.032258064516128,0,-93.3676766415468,-93.3418093761102,-93.76182782489666,-93.419304,-93.29256480406767
scene_0010,-67.74193548387098,29.032258064516128,0,-92.95466218760552,-92.92115528056254,-93.19470059266799,-92.99785,-92.93387977956071
scene_0010,-61.29032258064517,29.032258064516128,1,-92.59535012748881,-92.55630337656962,-92.71201182913644,-92.69508,-92.69508688383675
scene_0010,-54.83870967741936,29.032258064516128,1,-92.28897686389877,-92.2462535881816,-92.30919843886079,-91.83577,-91.83576725428412
scene_0010,-48.38709677419355,29.032258064516128,0,-92.03407829208906,-91.98928198909573,-91.98145471071966,-92.02488,-91.94270414928253
scene_0010,-41.935483870967744,29.032258064516128,1,-91.82883104867597,-91.78330169749466,-91.72402626540757,-91.60501,-91.6050127051875
scene_0010,-35.483870967741936,29.032258064516128,0,-91.67127622045078,-91.62609843738443,-91.53235874721494,-91.62445,-91.73197473582613
scene_0010,-29.032258064516128,29.032258064516128,1,-91.55946196323364,-91.51548067536686,-91.40216231728614,-91.99714,-91.99713584984181
scene_0010,-22.580645161290334,29.032258064516128,1,-91.49153054058745,-91.44937180027458,-91.32942715158839,-91.47357,-91.47356814753763
scene_0010,-16.129032258064527,29.032258064516128,1,-91.46576713165224,-91.42586272142309,-91.31041007696194,-91.486176,-91.48617305857215
scene_0010,-9.677419354838719,29.032258064516128,0,-91.4806220339793,-91.44323699644221,-91.34160381831704,-91.362686,-91.41825280298261
scene_0010,-3.225806451612911,29.032258064516128,0,-91.53471398956682,-91.49997640955164,-91.41969543186478,-91.40174,-91.4362192431016
scene_0010,3.225806451612897,29.032258064516128,0,-91.62681972821971,-91.59475214708104,-91.54151781892445,-91.47996,-91.55265444039881
scene_0010,9.677419354838705,29.032258064516128,0,-91.75585301912221,-91.72640486220239,-91.70399686962236,-91.59613,-91.78848949290528
scene_0010,16.129032258064512,29.032258064516128,0,-91.92083524240232,-91.89391563575487,-91.90409627888629,-91.74943,-92.1116168315439
scene_0010,22.58064516129032,29.032258064516128,0,-92.1208585318928,-92.09636888976823,-92.13876213175334,-91.93963,-92.39446466449108
scene_0010,29.032258064516128,29.032258064516128,0,-92.35504176873165,-92.33290754465729,-92.4048698123458,-92.167046,-92.5493218534854
scene_0010,35.48387096774192,29.032258064516128,0,-92.62247905126047,-92.60268004354731,-92.69917654067771,-92.43216,-92.68021140226838
scene_0010,41.935483870967744,29.032258064516128,0,-92.92217970632848,-92.90477826319034,-93.01828376734896,-92.73503,-92.92187953863491
scene_0010,48.38709677419354,29.032258064516128,1,-93.25299846451956,-93.23816480606668,-93.35861458698112,-93.673904,-93.6739055466443
scene_0010,54.83870967741933,29.032258064516128,1,-93.61355417757773,-93.60158779743729,-93.71641200054978,-93.53341,-93.53340670039182
scene_0010,61.29032258064515,29.032258064516128,0,-94.00213556698368,-93.99348124993608,-94.08776388439225,-93.84655,-93.95240744643323
scene_0010,67.74193548387095,29.032258064516128,0,-94.41659321837048,-94.4118495765473,-94.4686594446108,-94.26324,-94.32434407472013
scene_0010,74.19354838709677,29.032258064516128,0,-94.85421876838443,-94.85413635414628,-94.85507930670715,-94.68483,-94.69032166584755
scene_0010,80.64516129032256,29.032258064516128,0,-95.31161549562533,-95.31708056731216,-95.2431169903442,-95.09795,-95.05661000218967
scene_0010,87.09677419354838,29.032258064516128,0,-95.78456992140184,-95.79656904022728,-95.62912360968879,-95.49033,-95.43804754322544
scene_0010,93.54838709677418,29.032258064516128,0,-96.26794199102994,-96.28750228057194,-96.00986117885822,-95.85272,-95.78657226630183
scene_0010,100.0,29.032258064516128,0,-96.75560173682297,-96.78370263815697,-96.38264453650051,-96.179726,-96.0087143691226
scene_0010,-100.0,35.48387096774192,0,-95.81895152900213,-95.84210138084308,-97.23280306958381,-95.65635,-95.1231558564671
scene_0010,-93.54838709677419,35.48387096774192,0,-95.21030527826609,-95.21694817911566,-96.30473308811327,-95.17368,-94.81093818220313
scene_0010,-87.09677419354838,35.48387096774192,0,-94.63551400844969,-94.62767031956386,-95.45581126962526,-94.67399,-94.42745541280716
scene_0010,-80.64516129032259,35.48387096774192,0,-94.10504285288177,-94.0851298786925,-94.6942817400442,-94.1772,-94.01419026506659
scene_0010,-74.19354838709677,35.48387096774192,0,-93.62483533950294,-93.59533938289454,-94.02203012178762,-93.70263,-93.611617818778
scene_0010,-67.74193548387098,35.48387096774192,0,-93.1976861069979,-93.1609695216958,-93.437390024145,-93.26544,-93.26145875113608
scene_0010,-61.29032258064517,35.48387096774192,0,-92.8243189318558,-92.78251757273098,-92.93685954900067,-92.87506,-92.97220132247348
scene_0010,-54.83870967741936,35.48387096774192,1,-92.50416781040128,-92.45914398373138,-92.51610298801644,-93.03267,-93.03266709509214
scene_0010,-48.38709677419355,35.48387096774192,0,-92.235916717751,-92.18924463729131,-92.17051529852327,-92.247604,-92.3374669633196
scene_0010,-41.935483870967744,35.48387096774192,0,-92.01786097472578,-91.9708309258347,-91.89552776891239,-92.0097,-92.0635340444469
scene_0010,-35.483870967741936,35.48387096774192,0,-91.84814286500185,-91.80177627383739,-91.68676269931768,-91.82002,-91.90764194546439
scene_0010,-29.032258064516128,35.48387096774192,0,-91.72490065956791,-91.67997181518204,-91.54010038703909,-91.67694,-91.80305186350364
scene_0010,-22.580645161290334,35.48387096774192,0,-91.64635855021545,-91.6034206819812,-91.45169503861203,-91.57913,-91.69458444700044
scene_0010,-16.129032258064527,35.48387096774192,0,-91.61087623971798,-91.5702906502461,-91.41796065296441,-91.52556,-91.61699808149612
scene_0010,-9.677419354838719,35.48387096774192,0,-91.61697077131907,-91.57893818701554,-91.43553894490032,-91.51518,-91.59304814916418
scene_0010,-3.225806451612911,35.48387096774192,0,-91.66331896401735,-91.62791245114127,-91.50125627632843,-91.546844,-91.62486675261607
scene_0010,3.225806451612897,35.48387096774192,0,-91.74874595504946,-91.71594481050349,-91.61207373932933,-91.61933,-91.73867029739822
scene_0010,9.677419354838705,35.48387096774192,0,-91.8722033762233,-91.84192742222771,-91.76503307888724,-91.73149,-91.96599774100525
scene_0010,16.129032258064512,35.48387096774192,0,-92.03273928110531,-92.00488300980132,-91.9572005426308,-91.88257,-92.27003565256405
scene_0010,22.58064516129032,35.48387096774192,1,-92.22946087837991,-92.20392691568736,-92.18561071805587,-92.80015,-92.80015442030586
scene_0010,29.032258064516128,35.48387096774192,0,-92.46149027623206,-92.4382216539385,-92.44721280618995,-92.301285,-92.6159188817557
scene_0010,35.48387096774192,35.48387096774192,1,-92.7279127268219,-92.70692344441942,-92.73882247923504,-92.61026,-92.61026102308826
scene_0010,41.935483870967744,35.48387096774192,1,-93.02771625190925,-93.00911954162692,-93.05708337052155,-92.90078,-92.90077756067322
scene_0010,48.38709677419354,35.48387096774192,0,-93.35972105285259,-93.34375459115236,-93.39844318821265,-93.22458,-93.33221110510485
scene_0010,54.83870967741933,35.48387096774192,0,-93.7224968429854,-93.70954383191108,-93.75915017521992,-93.606125,-93.73287205788095
scene_0010,61.29032258064515,35.48387096774192,1,-94.11426635229313,-94.10487087528209,-94.13527578485255,-94.184326,-94.18432357068995
scene_0010,67.74193548387095,35.48387096774192,0,-94.53279402164281,-94.52766832161078,-94.52276853682051,-94.44429,-94.52862145732647
scene_0010,74.19354838709677,35.48387096774192,0,-94.97526075070736,-94.9752810807999,-94.91754159407166,-94.87802,-94.9115152759403
scene_0010,80.64516129032256,35.48387096774192,1,-95.4381290682786,-95.44431561333353,-95.31559238362075,-95.112236,-95.11223489092535
scene_0010,87.09677419354838,35.48387096774192,0,-95.91700891727615,-95.93048423709284,-95.71314675709888,-95.70726,-95.65975894552913
scene_0010,93.54838709677418,35.48387096774192,0,-96.40654288826673,-96.42846294435,-96.10681362465733,-96.08026,-96.051062834236
scene_0010,100.0,35.48387096774192,1,-96.90034097942603,-96.93179402099098,-96.49373030092507,-96.30952,-96.30952058032142
scene_0010,-100.0,41.935483870967744,0,-96.21394796745476,-96.23604638685158,-97.68443315332806,-96.06171,-95.5378278257447
scene_0010,-93.54838709677419,41.935483870967744,0,-95.59467226582416,-95.60017136155061,-96.74295051225464,-95.564415,-95.24694207718163
scene_0010,-87.09677419354838,41.935483870967744,0,-95.00562356093411,-94.99673003182681,-95.87471271527683,-95.04902,-94.86588125626868
scene_0010,-80.64516129032259,41.935483870967744,0,-94.45864481726957,-94.4379210733954,-95.09021326042944,-94.53582,-94.4358002676903
scene_0010,-74.19354838709677,41.935483870967744,0,-93.96068153294208,-93.93070891398065,-94.39288704749882,-94.04448,-94.00443445849385
scene_0010,-67.74193548387098,41.935483870967744,1,-93.51523085702095,-93.47841782322112,-93.78211788602448,-93.499695,-93.49970104575753
scene_0010,-61.29032258064517,41.935483870967744,0,-93.12350415601854,-93.08199015202072,-93.25512375676126,-93.18336,-93.34897378557903
scene_0010,-54.83870967741936,41.935483870967744,0,-92.78527759249074,-92.74089444897017,-92.80807696431526,-92.82745,-93.06682185745575
scene_0010,-48.38709677419355,41.935483870967744,0,-92.49948205672132,-92.45374818108948,-92.43674552637815,-92.523285,-92.72032650201474
scene_0010,-41.935483870967744,41.935483870967744,0,-92.26459809224623,-92.2187308505888,-92.13684680785904,-92.2696,-92.38538497850061
scene_0010,-35.483870967741936,41.935483870967744,0,-92.0789127273207,-92.03385090761181,-91.90423138874144,-92.064674,-92.12204514574853
scene_0010,-29.032258064516128,41.935483870967744,1,-91.94068122519697,-91.89711323653867,-91.73496747892207,-91.754005,-91.7540096772068
scene_0010,-22.580645161290334,41.935483870967744,0,-91.84822421390282,-91.80661970879902,-91.62536707232185,-91.79558,-91.84023768186418
scene_0010,-16.129032258064527,41.935483870967744,0,-91.79998105242422,-91.76062468249135,-91.57197778702253,-91.729546,-91.78732014237404
scene_0010,-9.677419354838719,41.935483870967744,0,-91.79453345611576,-91.7575599483326,-91.57155428486698,-91.70814,-91.79296452020114
scene_0010,-3.225806451612911,41.935483870967744,0,-91.8306086956421,-91.79603864090838,-91.62101737362376,-91.73041,-91.82619674780655
scene_0010,3.225806451612897,41.935483870967744,1,-91.90706846460942,-91.87484429664649,-91.71740562712897,-91.83255,-91.83255661079176
scene_0010,9.677419354838705,41.935483870967744,0,-92.02288728281302,-91.99290897184116,-91.8578226086218,-91.901695,-92.06503413823236
scene_0010,16.129032258064512,41.935483870967744,0,-92.177122710661,-92.14928273531554,-92.03938198119576,-92.049034,-92.28329174990361
scene_0010,22.58064516129032,41.935483870967744,0,-92.36887845835409,-92.34309565497783,-92.25915262087884,-92.23715,-92.46556899883575
scene_0010,29.032258064516128,41.935483870967744,0,-92.59726052970956,-92.57351243654833,-92.51410613468822,-92.46642,-92.54957731689751
scene_0010,35.48387096774192,41.935483870967744,0,-92.8613257581932,-92.83967904704087,-92.80106981284179,-92.73743,-92.64770833979804
scene_0010,41.935483870967744,41.935483870967744,0,-93.16002143744142,-93.14065992147847,-93.11668889987794,-93.05023,-92.8993153376307
scene_0010,48.38709677419354,41.935483870967744,0,-93.4921142385361,-93.4753637187194,-93.45740299583798,-93.403564,-93.31200478345751
scene_0010,54.83870967741933,41.935483870967744,0,-93.85610632438313,-93.8424551368326,-93.81944214765953,-93.79381,-93.81205653054572
scene_0010,61.29032258064515,41.935483870967744,0,-94.2501366900246,-94.24025018967947,-94.19884839875914,-94.214096,-94.29942490973141
scene_0010,67.74193548387095,41.935483870967744,0,-94.67186657393248,-94.66659289192636,-94.59152776870225,-94.65399,-94.75553567004347
scene_0010,74.19354838709677,41.935483870967744,0,-95.11834975851583,-95.11871300020931,-94.9933353624953,-95.10008,-95.21144678972152
scene_0010,80.64516129032256,41.935483870967744,1,-95.58589234034214,-95.59306804850502,-95.40019226217649,-95.899055,-95.89905732345636
scene_0010,87.09677419354838,41.935483870967744,1,-96.06991283117104,-96.08517933126629,-95.80822716697449,-95.51217,-95.51217181049374
scene_0010,93.54838709677418,41.935483870967744,1,-96.56482280439478,-96.58948162985806,-96.21392923215325,-96.68759,-96.68759749115098
scene_0010,100.0,41.935483870967744,0,-97.0639604913873,-97.09922057819048,-96.61429275310883,-96.683426,-96.52943681201097
scene_0010,-100.0,48.38709677419354,0,-96.68447876420396,-96.70823946621252,-98.25168503097896,-96.512115,-96.06853598707562
scene_0010,-93.54838709677419,48.38709677419354,0,-96.0543367990198,-96.06158146762806,-97.29649915929805,-96.0,-95.79352932553786
scene_0010,-87.09677419354838,48.38709677419354,0,-95.44908977001114,-95.4421363445158,-96.40446291890854,-95.468636,-95.4022329079894
scene_0010,-80.64516129032259,48.38709677419354,0,-94.88254362171672,-94.86404123197258,-95.59016969642127,-94.938644,-94.94587775381521
scene_0010,-74.19354838709677,48.38709677419354,0,-94.36310539517585,-94.33568238419517,-94.85987437715521,-94.43,-94.48268161519812
scene_0010,-67.74193548387098,48.38709677419354,0,-93.89530966376766,-93.8613789800055,-94.21482652312768,-93.95847,-94.07008446007649
scene_0010,-61.29032258064517,48.38709677419354,0,-93.48108877127171,-93.44275652940158,-93.65346234063841,-93.533844,-93.7292681299964
scene_0010,-54.83870967741936,48.38709677419354,0,-93.12071874386868,-93.0797537273464,-93.1727507047669,-93.16048,-93.40160233062676
scene_0010,-48.38709677419355,48.38709677419354,0,-92.81348091487192,-92.77131778853388,-92.76898545270755,-92.839005,-93.04620741688527
scene_0010,-41.935483870967744,48.38709677419354,0,-92.55810637230658,-92.51586674093168,-92.43823540361137,-92.568245,-92.69714030968119
scene_0010,-35.483870967741936,48.38709677419354,0,-92.35306523544602,-92.31158787397143,-92.17658852140376,-92.346634,-92.40483847175943
scene_0010,-29.032258064516128,48.38709677419354,0,-92.1967488827487,-92.15662457853821,-91.98027376046207,-92.17288,-92.20198948601217
scene_0010,-22.580645161290334,48.38709677419354,1,-92.08757965257638,-92.04918829395436,-91.84571049686323,-92.21691,-92.2169153718093
scene_0010,-16.129032258064527,48.38709677419354,1,-92.02407179658698,-91.98762044213879,-91.76951501328193,-91.81909,-91.81909196600009
scene_0010,-9.677419354838719,48.38709677419354,1,-92.00485969728763,-91.97042088223014,-91.74848136835594,-92.142166,-92.14215924229043
scene_0010,-3.225806451612911,48.38709677419354,0,-92.02870395889627,-91.99625373415556,-91.77954687169634,-91.94348,-92.06317539470463
scene_0010,3.225806451612897,48.38709677419354,0,-92.09448226888725,-92.06393758413041,-91.85974829163419,-91.9993,-92.08383949511395
scene_0010,9.677419354838705,48.38709677419354,0,-92.20116935736885,-92.17242446792453,-91.98617265475414,-92.0987,-92.14083491610018
scene_0010,16.129032258064512,48.38709677419354,0,-92.34780855593601,-92.32077018429963,-92.15590536842483,-92.24112,-92.23976464256612
scene_0010,22.58064516129032,48.38709677419354,0,-92.53347610717286,-92.50809712375295,-92.36597802087365,-92.42648,-92.35804781837878
scene_0010,29.032258064516128,48.38709677419354,0,-92.75723832596574,-92.73354971521775,-92.61331836477919,-92.65525,-92.4632877332773
scene_0010,35.48387096774192,48.38709677419354,1,-93.01810086034752,-92.99624168038568,-92.89470552613733,-92.524994,-92.52499114310687
scene_0010,41.935483870967744,48.38709677419354,0,-93.31494859665435,-93.29519348625374,-93.206734271202,-93.24484,-92.90811319578896
scene_0010,48.38709677419354,48.38709677419354,1,-93.64647421284627,-93.62925770340414,-93.54579304243094,-93.146515,-93.14651472127872
scene_0010,54.83870967741933,48.38709677419354,0,-94.01109308724267,-93.99702948370037,-93.9080611873115,-94.00305,-93.96697273391793
scene_0010,61.29032258064515,48.38709677419354,0,-94.40684239806033,-94.39673924251505,-94.28953098974733,-94.433525,-94.51866975357245
scene_0010,67.74193548387095,48.38709677419354,1,-94.83126312000947,-94.82612519602725,-94.68605931655931,-94.868256,-94.86825591391842
scene_0010,74.19354838709677,48.38709677419354,0,-95.28126573481677,-95.2822852079875,-95.09345144907562,-95.343414,-95.52206876977614
scene_0010,80.64516129032256,48.38709677419354,1,-95.75298451233036,-95.7615112525731,-95.50757569138912,-96.03888,-96.03887664835261
scene_0010,87.09677419354838,48.38709677419354,0,-96.24163198735609,-96.25911674405555,-95.92450176592985,-96.2213,-96.2766855877639
scene_0010,93.54838709677418,48.38709677419354,0,-96.7413753625808,-96.76927803983276,-96.34064961517589,-96.616066,-96.56793164496683
scene_0010,100.0,48.38709677419354,0,-97.24526973743306,-97.2849268733346,-96.75292953171885,-96.97168,-96.71145237403857
scene_0010,-100.0,54.83870967741933,0,-97.21140210316241,-97.23902152211093,-98.90397475954546,-96.99298,-96.69223329635449
scene_0010,-93.54838709677419,54.83870967741933,0,-96.57083809261594,-96.58223541625986,-97.93813808271102,-96.466125,-96.42412372127295
scene_0010,-87.09677419354838,54.83870967741933,0,-95.94806052213359,-95.94558620661488,-97.02047288763409,-95.91879,-96.0068034439429
scene_0010,-80.64516129032259,54.83870967741933,0,-95.35944677629615,-95.34577003312513,-96.17181694921786,-95.37192,-95.51197278488462
scene_0010,-74.19354838709677,54.83870967741933,0,-94.81536247797033,-94.79310123667679,-95.40276568770165,-94.845825,-95.00755779131441
scene_0010,-67.74193548387098,54.83870967741933,0,-94.32174557333201,-94.29326722742722,-94.7174000842606,-94.35652,-94.54249015817324
scene_0010,-61.29032258064517,54.83870967741933,0,-93.88150199755366,-93.8488361283625,-94.11593841375608,-93.91395,-94.12801896430159
scene_0010,-54.83870967741936,54.83870967741933,0,-93.49557367198322,-93.46038983272604,-93.59644456760442,-93.522575,-93.73600420902663
scene_0010,-48.38709677419355,54.83870967741933,0,-93.16369602046302,-93.12731631200344,-93.15586964116248,-93.183105,-93.34912171306414
scene_0010,-41.935483870967744,54.83870967741933,0,-92.88491057363233,-92.84833956129732,-92.7906634235459,-92.89447,-92.9934402480072
scene_0010,-35.483870967741936,54.83870967741933,0,-92.65790008771879,-92.62186268880414,-92.49712026246681,-92.65526,-92.7069055165706
scene_0010,-29.032258064516128,54.83870967741933,0,-92.48120063359221,-92.44618318526129,-92.27156425006305,-92.46444,-92.50547914141791
scene_0010,-22.580645161290334,54.83870967741933,0,-92.35333043383405,-92.31962256908687,-92.11043805030009,-92.32152,-92.3793658249739
scene_0010,-16.129032258064527,54.83870967741933,0,-92.27286306334275,-92.24059923003081,-92.01033403721931,-92.2263,-92.31809949948862
scene_0010,-9.677419354838719,54.83870967741933,0,-92.23846363796468,-92.20766367270676,-91.96799080409357,-92.178604,-92.32736955396544
scene_0010,-3.225806451612911,54.83870967741933,0,-92.24890029687323,-92.21950873650272,-91.98026879523852,-92.17798,-92.33580571625902
scene_0010,3.225806451612897,54.83870967741933,0,-92.30303892826083,-92.27496287435278,-92.04411335737994,-92.22375,-92.30965061797693
scene_0010,9.677419354838705,54.83870967741933,0,-92.39982608033314,-92.37297150596815,-92.15651040632713,-92.31517,-92.27182390155275
scene_0010,16.129032258064512,54.83870967741933,1,-92.53826288397903,-92.51256931472975,-92.31443826942494,-92.151344,-92.15134866571148
scene_0010,22.58064516129032,54.83870967741933,0,-92.71737127370525,-92.69284478759965,-92.5148185786788,-92.63362,-92.34658519050888
scene_0010,29.032258064516128,54.83870967741933,0,-92.93615262096543,-92.91289707916035,-92.7544690504328,-92.86116,-92.4820190878173
scene_0010,35.48387096774192,54.83870967741933,0,-93.19353796106785,-93.17178427489637,-93.03006139928027,-93.135056,-92.6973232498452
scene_0010,41.935483870967744,54.83870967741933,0,-93.48832823942743,-93.46846126247081,-93.33808833179964,-93.45537,-93.0554046641401
scene_0010,48.38709677419354,54.83870967741933,0,-93.81912242779788,-93.80170468437922,-93.67484435572078,-93.820786,-93.58522657532718
scene_0010,54.83870967741933,54.83870967741933,1,-94.18423104766435,-94.17002191096928,-94.03642575178937,-94.44671,-94.44670514114085
scene_0010,61.29032258064515,54.83870967741933,0,-94.58157277565647,-94.5715408225871,-94.41875511771269,-94.66775,-94.80474563266391
scene_0010,67.74193548387095,54.83870967741933,0,-95.0085527354336,-95.0038777760825,-94.81763495434713,-95.13054,-95.32887374657193
scene_0010,74.19354838709677,54.83870967741933,0,-95.46192333996693,-95.46398304731306,-95.22883238359427,-95.601135,-95.8239083066128
scene_0010,80.64516129032256,54.83870967741933,0,-95.93763288807354,-95.94796718066456,-95.64819301746574,-96.06357,-96.22802092900392
scene_0010,87.09677419354838,54.83870967741933,0,-96.43067441171083,-96.4509192008772,-96.07177642737655,-96.50313,-96.52834782831866
scene_0010,93.54838709677418,54.83870967741933,0,-96.93495817394394,-96.96673969861173,-96.49599943177563,-96.90871,-96.75289379340524
scene_0010,100.0,54.83870967741933,0,-97.44324540473089,-97.48802871637562,-96.91776804508594,-97.27383,-96.86566364817753
scene_0010,-100.0,61.29032258064515,0,-97.76906143238071,-97.80179402100967,-99.59426306014882,-97.49127,-97.36365117403892
scene_0010,-93.54838709677419,61.29032258064515,0,-97.11949649259027,-97.13655907112708,-98.62720254400043,-96.94995,-97.08955975445078
scene_0010,-87.09677419354838,61.29032258064515,0,-96.47893215226125,-96.48263312520754,-97.68779978775427,-96.38693,-96.63016512363666
scene_0010,-80.64516129032259,61.29032258064515,0,-95.86686605637854,-95.85982173722465,-96.80526861959441,-95.823425,-96.08476673525196
scene_0010,-74.19354838709677,61.29032258064515,0,-95.2961053551317,-95.28085620758836,-95.99621894889466,-95.28003,-95.52789971773358
scene_0010,-67.74193548387098,61.29032258064515,0,-94.77435593676596,-94.75316490710931,-95.26866231877017,-94.772995,-95.00515687553182
scene_0010,-61.29032258064517,61.29032258064515,0,-94.30574807732614,-94.28051888864408,-94.62523985518519,-94.31244,-94.52630734177872
scene_0010,-54.83870967741936,61.29032258064515,0,-93.89204989128908,-93.86431387317083,-94.06544140268088,-93.90291,-94.07228540350687
scene_0010,-48.38709677419355,61.29032258064515,0,-93.53354533786593,-93.50448348812643,-93.5870139985652,-93.54519,-93.63756470404527
scene_0010,-41.935483870967744,61.29032258064515,0,-93.22963503101087,-93.20011633370156,-93.18681446911738,-93.23831,-93.26165113236235
scene_0010,-35.483870967741936,61.29032258064515,1,-92.97923199608255,-92.94985805233279,-92.86130714773532,-93.00269,-93.002690912454
scene_0010,-29.032258064516128,61.29032258064515,0,-92.78101409434075,-92.75216519258689,-92.60684273977537,-92.77263,-92.78974269568053
scene_0010,-22.580645161290334,61.29032258064515,0,-92.6335793158688,-92.6054597078565,-92.41980438810228,-92.612854,-92.66712698150269
scene_0010,-16.129032258064527,61.29032258064515,0,-92.5355363498714,-92.50821779645565,-92.29667365518011,-92.50189,-92.61913383720751
scene_0010,-9.677419354838719,61.29032258064515,0,-92.48555235128703,-92.45901561022295,-92.23404824459946,-92.439865,-92.63372637311895
scene_0010,-3.225806451612911,61.29032258064515,0,-92.48237236085109,-92.45654656398287,-92.22863060236163,-92.4266,-92.64335410733494
scene_0010,3.225806451612897,61.29032258064515,0,-92.52481967733723,-92.4996196672521,-92.27719900283378,-92.461655,-92.59283099488226
scene_0010,9.677419354838705,61.29032258064515,0,-92.61178293472204,-92.58714468349774,-92.3765683640608,-92.544464,-92.50243438098822
scene_0010,16.129032258064512,61.29032258064515,0,-92.74219316971438,-92.71810741462767,-92.52354564899227,-92.674675,-92.44345398054574
scene_0010,22.58064516129032,61.29032258064515,0,-92.91499239910632,-92.8915366033859,-92.71488357696262,-92.85239,-92.48211936468367
scene_0010,29.032258064516128,61.29032258064515,0,-93.12909390884089,-93.10646257418924,-92.9472360641478,-93.07815,-92.62891475296217
scene_0010,35.48387096774192,61.29032258064515,0,-93.383333429239,-93.36186662276732,-93.21711905416888,-93.352646,-92.88463613129004
scene_0010,41.935483870967744,61.29032258064515,0,-93.67640955187197,-93.65661922278242,-93.52088096726094,-93.675964,-93.27261849440904
scene_0010,48.38709677419354,61.29032258064515,0,-94.00681112563241,-93.98940432203261,-93.85468764889437,-94.04672,-93.80706192609814
scene_0010,54.83870967741933,61.29032258064515,0,-94.37272903304084,-94.35862641830406,-94.21452713018996,-94.46088,-94.43776771674743
scene_0010,61.29032258064515,61.29032258064515,0,-94.7719498925685,-94.76229692738568,-94.59623932931889,-94.910736,-95.05101439122441
scene_0010,67.74193548387095,61.29032258064515,0,-95.20173022475893,-95.19789696289584,-94.99557457490627,-95.38449,-95.59923981162169
scene_0010,74.19354838709677,61.29032258064515,1,-95.65865204184465,-95.66221568773994,-95.40828211811458,-96.18049,-96.18048983891605
scene_0010,80.64516129032256,61.29032258064515,0,-96.13846548833746,-96.15116785584179,-95.83022545720746,-96.34134,-96.43754327427271
scene_0010,87.09677419354838,61.29032258064515,0,-96.63593202136069,-96.65960233285107,-96.25751563927682,-96.79241,-96.71844398592424
scene_0010,93.54838709677418,61.29032258064515,0,-97.14469337746513,-97.1811265490887,-96.68664769133868,-97.20851,-96.93227975355637
scene_0010,100.0,61.29032258064515,0,-97.65720682276944,-97.70799035939609,-97.11462054085145,-97.5829,-97.04934773089369
scene_0010,-100.0,67.74193548387095,1,-98.32679595018425,-98.36460091345351,-100.2611467876057,-98.19137,-98.19136356177495
scene_0010,-93.54838709677419,67.74193548387095,0,-97.67067328333303,-97.69364384829055,-99.3108601095504,-97.44019,-97.71009186410468
scene_0010,-87.09677419354838,67.74193548387095,0,-97.01351338539963,-97.02386793553467,-98.36232345341531,-96.86196,-97.21277501069403
scene_0010,-80.64516129032259,67.74193548387095,0,-96.37827996874243,-96.37851565487506,-97.45440848129768,-96.28229,-96.618144345905
scene_0010,-74.19354838709677,67.74193548387095,0,-95.7805894789513,-95.7731002283347,-96.61120219793291,-95.72203,-96.00592799621427
scene_0010,-67.74193548387098,67.74193548387095,0,-95.23021273748513,-95.21709416004404,-95.845767440442,-95.19762,-95.42920075332326
scene_0010,-61.29032258064517,67.74193548387095,0,-94.7327119534667,-94.71568986653183,-95.16389086270208,-94.71936,-94.9043804157796
scene_0010,-54.83870967741936,67.74193548387095,0,-94.29081162782055,-94.27123972618662,-94.56690524212814,-94.29187,-94.4065085222214
scene_0010,-48.38709677419355,67.74193548387095,0,-93.90541646958873,-93.88430782548954,-94.05356965041024,-93.91601,-93.91888633135414
scene_0010,-41.935483870967744,67.74193548387095,0,-93.57631812360053,-93.55439075161334,-93.62124255851766,-93.59093,-93.50704277938844
scene_0010,-35.483870967741936,67.74193548387095,0,-93.30266523158954,-93.28039172427881,-93.26658354736905,-93.31557,-93.23394801126332
scene_0010,-29.032258064516128,67.74193548387095,0,-93.08326601880626,-93.06092265703305,-92.98595773267935,-93.08941,-93.05168664010502
scene_0010,-22.580645161290334,67.74193548387095,0,-92.91677688732634,-92.894490371338,-92.77565769822593,-92.9126,-92.9211807710816
scene_0010,-16.129032258064527,67.74193548387095,0,-92.80181505092685,-92.77960629926817,-92.63201478081601,-92.785645,-92.8754870178719
scene_0010,-9.677419354838719,67.74193548387095,0,-92.73702106196197,-92.71484610081293,-92.55144358666753,-92.708984,-92.92054640056968
scene_0010,-3.225806451612911,67.74193548387095,0,-92.72108828582017,-92.69887648351047,-92.530446306795,-92.68279,-92.96398669309238
scene_0010,3.225806451612897,67.74193548387095,0,-92.75277027614698,-92.73046025469955,-92.56559298990537,-92.7068,-92.9105974488291
scene_0010,9.677419354838705,67.74193548387095,0,-92.83087282428687,-92.80844638577653,-92.65348783775843,-92.780624,-92.79624981528649
scene_0010,16.129032258064512,67.74193548387095,0,-92.95423457567146,-92.93174894535257,-92.79072817378554,-92.90404,-92.7111766494198
scene_0010,22.58064516129032,67.74193548387095,1,-93.12169807352545,-93.09931668444054,-92.97386100426837,-92.68716,-92.68715543801852
scene_0010,29.032258064516128,67.74193548387095,0,-93.33207160032573,-93.31009350837888,-93.19934143409982,-93.3008,-92.87225100293645
scene_0010,35.48387096774192,67.74193548387095,0,-93.58408104568235,-93.56296883902408,-93.46349721871368,-93.57548,-93.13458841437141
scene_0010,41.935483870967744,67.74193548387095,0,-93.87631013169083,-93.85671583842951,-93.76250412077438,-93.90135,-93.50865538154923
scene_0010,48.38709677419354,67.74193548387095,0,-94.2071266544487,-94.18991459650579,-94.09237718650168,-94.27698,-93.99901919364194
scene_0010,54.83870967741933,67.74193548387095,0,-94.57459203312308,-94.56085674331936,-94.4489832012336,-94.69821,-94.60089118994392
scene_0010,61.29032258064515,67.74193548387095,0,-94.97635160734188,-94.96742773443158,-94.82807900060487,-95.157074,-95.24332133524342
scene_0010,67.74193548387095,67.74193548387095,0,-95.40950418395971,-95.40696368625142,-95.22537855967677,-95.64131,-95.78753172433127
scene_0010,74.19354838709677,67.74193548387095,0,-95.87045193695045,-95.87608181869788,-95.63664852675396,-96.135086,-96.23045849449268
scene_0010,80.64516129032256,67.74193548387095,0,-96.3547367956321,-96.37048838445796,-96.05782709522296,-96.62103,-96.58795254911999
scene_0010,87.09677419354838,67.74193548387095,0,-96.85687794244124,-96.88477686551232,-96.48515533047973,-97.08319,-96.88928006344243
scene_0010,93.54838709677418,67.74193548387095,0,-97.37023772369125,-97.41224362776364,-96.91530444464928,-97.509415,-97.14464207756393
scene_0010,100.0,67.74193548387095,0,-97.88695964361942,-97.94476852557912,-97.34547868595189,-97.8927,-97.30350419433742
scene_0010,-100.0,74.19354838709677,0,-98.85316260131292,-98.89464567666268,-100.83951188778643,-98.49568,-98.49493334194335
scene_0010,-93.54838709677419,74.19354838709677,0,-98.19352754567761,-98.22124503669502,-99.93126868698845,-97.92706,-98.22430793024691
scene_0010,-87.09677419354838,74.19354838709677,0,-97.52243250305352,-97.53852562149432,-98.99568649836597,-97.334305,-97.71716837279496
scene_0010,-80.64516129032259,74.19354838709677,0,-96.86627891529703,-96.87309200846983,-98.08038667405263,-96.739136,-97.08506422183001
scene_0010,-74.19354838709677,74.19354838709677,0,-96.24360725292127,-96.24333489873405,-97.21743098051773,-96.16265,-96.41749295000122
scene_0010,-67.74193548387098,74.19354838709677,0,-95.66638815688816,-95.66090420261904,-96.42576386020889,-95.62148,-95.78918144075277
scene_0010,-61.29032258064517,74.19354838709677,0,-95.14172209268202,-95.1325277835115,-95.7150497510699,-95.12605,-95.23685969686403
scene_0010,-54.83870967741936,74.19354838709677,1,-94.67335809114263,-94.66159437206706,-95.08900188075353,-94.830826,-94.83082409840739
scene_0010,-48.38709677419355,74.19354838709677,0,-94.2628570147372,-94.24934592137008,-94.54775638881861,-94.28748,-94.22322574661946
scene_0010,-41.935483870967744,74.19354838709677,1,-93.91041314147938,-93.89570930806832,-94.08941279884219,-93.57986,-93.57985368135608
scene_0010,-35.483870967741936,74.19354838709677,0,-93.61540667103505,-93.59984991509083,-93.71098068569867,-93.65137,-93.5176039476731
scene_0010,-29.032258064516128,74.19354838709677,1,-93.37676274221614,-93.3605279989287,-93.4089389732523,-93.392525,-93.39252901453506
scene_0010,-22.580645161290334,74.19354838709677,0,-93.19317780270916,-93.17632125939983,-93.17955304376673,-93.21402,-93.14524965843245
scene_0010,-16.129032258064527,74.19354838709677,0,-93.06325736323984,-93.04575878284135,-93.0190435363876,-93.07117,-93.07272891475272
scene_0010,-9.677419354838719,74.19354838709677,0,-92.98559528612344,-92.96739695162515,-92.9236652179447,-92.97995,-93.14908647024117
scene_0010,-3.225806451612911,74.19354838709677,1,-92.9588145536198,-92.93985739505348,-92.88973165756664,-93.4279,-93.42790787817614
scene_0010,3.225806451612897,74.19354838709677,0,-92.98158233887763,-92.961839801712,-92.91360758226658,-92.95366,-93.20301440583751
scene_0010,9.677419354838705,74.19354838709677,0,-93.05260732989049,-93.03211748476214,-92.9916825771966,-93.01838,-93.09071390260648
scene_0010,16.129032258064512,74.19354838709677,0,-93.17062392050343,-93.149520222211,-93.12033511264397,-93.13481,-93.01030305215048
scene_0010,22.58064516129032,74.19354838709677,0,-93.33436555344973,-93.3129065275847,-93.29589340310042,-93.30324,-93.03302904457915
scene_0010,29.032258064516128,74.19354838709677,0,-93.54252781550935,-93.5211257623341,-93.51459850251742,-93.52434,-93.18110353664213
scene_0010,35.48387096774192,74.19354838709677,0,-93.79372061136381,-93.77296913233502,-93.77257476420708,-93.79883,-93.4368534058772
scene_0010,41.935483870967744,74.19354838709677,0,-94.08640775273,-94.0671074731006,-94.0658129196605,-94.12683,-93.7844507170024
scene_0010,48.38709677419354,74.19354838709677,0,-94.41883156245905,-94.4020127726762,-94.39017115764848,-94.5069,-94.22484059661252
scene_0010,54.83870967741933,74.19354838709677,1,-94.78891968943336,-94.77585966891483,-94.74139928247621,-94.49638,-94.49638699361172
scene_0010,61.29032258064515,74.19354838709677,1,-95.19417148482592,-95.18640290518701,-95.11518983998066,-95.74837,-95.74836810206673
scene_0010,67.74193548387095,74.19354838709677,1,-95.63152242953377,-95.63082738375014,-95.50725761359504,-95.84114,-95.84113786137577
scene_0010,74.19354838709677,74.19354838709677,0,-96.09718791206639,-96.10556980202345,-95.91344491001303,-96.40064,-96.36683334864443
scene_0010,80.64516129032256,74.19354838709677,0,-96.58649309849014,-96.60611610253567,-96.3298447897146,-96.89755,-96.74034326653259
scene_0010,87.09677419354838,74.19354838709677,1,-97.09370481812057,-97.12678871269027,-96.75292865182428,-97.045296,-97.0452967638355
scene_0010,93.54838709677418,74.19354838709677,0,-97.6118950813161,-97.6605533812662,-97.17965973421487,-97.80609,-97.43253781054854
scene_0010,100.0,74.19354838709677,0,-98.13288339214077,-98.19889771152992,-97.60757179530914,-98.197845,-97.65991632175886
scene_0010,-100.0,80.64516129032256,0,-99.32279849688013,-99.36566703489254,-101.28028052072843,-98.983475,-98.93591811515334
scene_0010,-93.54838709677419,80.64516129032256,0,-98.6623416347173,-98.6925774891833,-100.43975467696812,-98.4023,-98.66612544947854
scene_0010,-87.09677419354838,80.64516129032256,0,-97.98086720131718,-98.00063395288149,-99.54471508438095,-97.79583,-98.1476054604367
scene_0010,-80.64516129032259,80.64516129032256,0,-97.3077080719622,-97.31922542008034,-98.64747287952687,-97.18599,-97.48105658389584
scene_0010,-74.19354838709677,80.64516129032256,0,-96.6640748907815,-96.66932680824642,-97.78664914250965,-96.59409,-96.75445365149298
scene_0010,-67.74193548387098,80.64516129032256,0,-96.06402154488394,-96.06463338836762,-96.98702841408497,-96.03696,-96.07268393541358
scene_0010,-61.29032258064517,80.64516129032256,0,-95.51613444118826,-95.51335480148597,-96.26261626270805,-95.525116,-95.50439984635277
scene_0010,-54.83870967741936,80.64516129032256,0,-95.02516165604058,-95.01989594456121,-95.6200593522326,-95.06336,-95.0225771634486
scene_0010,-48.38709677419355,80.64516129032256,0,-94.59330479776196,-94.58616858377054,-95.06136139758914,-94.65271,-94.5751105664973
scene_0010,-41.935483870967744,80.64516129032256,0,-94.2211488176649,-94.2125249185704,-94.58575536548119,-94.29252,-94.1851021590225
scene_0010,-35.483870967741936,80.64516129032256,0,-93.90829478933577,-93.89838740559298,-94.19090141531017,-93.982086,-93.88424768907448
scene_0010,-29.032258064516128,80.64516129032256,0,-93.65377496175297,-93.64265877650683,-93.87361822867132,-93.72143,-93.62448513333659
scene_0010,-22.580645161290334,80.64516129032256,0,-93.45631710743965,-93.44398130009961,-93.6303122481549,-93.511314,-93.39086158268655
scene_0010,-16.129032258064527,80.64516129032256,1,-93.31450770541574,-93.30089558069994,-93.45721773057669,-93.037155,-93.03715418457463
scene_0010,-9.677419354838719,80.64516129032256,0,-93.22688822180609,-93.21193334207979,-93.35052033795665,-93.24746,-93.34112876488432
scene_0010,-3.225806451612911,80.64516129032256,0,-93.19200726730014,-93.17566693834871,-93.30640982157115,-93.19556,-93.44173855460099
scene_0010,3.225806451612897,80.64516129032256,0,-93.20844332261646,-93.19073016959719,-93.32109017232759,-93.19747,-93.43558173373938
scene_0010,9.677419354838705,80.64516129032256,0,-93.27480717950715,-93.25581941404273,-93.39076518875865,-93.253136,-93.35613640975856
scene_0010,16.129032258064512,80.64516129032256,0,-93.38972945869943,-93.36968028806487,-93.5116113416708,-93.36258,-93.30532277335513
scene_0010,22.58064516129032,80.64516129032256,0,-93.55183593893477,-93.53108238921672,-93.67974648045512,-93.526146,-93.36048854445075
scene_0010,29.032258064516128,80.64516129032256,0,-93.75971154645434,-93.73878273364613,-93.89120127887232,-93.74457,-93.52784108774229
scene_0010,35.48387096774192,80.64516129032256,0,-94.01185244264589,-93.9914769847326,-94.14189963694348,-94.0186,-93.78526877928263
scene_0010,41.935483870967744,80.64516129032256,0,-94.3066045590287,-94.28773631682397,-94.42765397966878,-94.34839,-94.12104967409348
scene_0010,48.38709677419354,80.64516129032256,0,-94.64208612282063,-94.62592670558762,-94.7441810128679,-94.73242,-94.54131999420267
scene_0010,54.83870967741933,80.64516129032256,0,-95.01609127517825,-95.00410664633584,-95.08714250919128,-95.16625,-95.06400396544595
scene_0010,61.29032258064515,80.64516129032256,0,-95.42597205041118,-95.41989900768058,-95.45221364001377,-95.641396,-95.64117090154568
scene_0010,67.74193548387095,80.64516129032256,0,-95.8684972205746,-95.87033342245954,-95.8351779325151,-96.14476,-96.13346765447363
scene_0010,74.19354838709677,80.64516129032256,1,-96.33968956239919,-96.3516581684926,-96.23204314311562,-96.54715,-96.54714227818381
scene_0010,80.64516129032256,80.64516129032256,0,-96.83464901878308,-96.85912624409863,-96.63916674602251,-97.16656,-96.95405849152563
scene_0010,87.09677419354838,80.64516129032256,0,-97.34737919584083,-97.38677108136557,-97.05337447284057,-97.649124,-97.37755850123307
scene_0010,93.54838709677418,80.64516129032256,0,-97.8706494449728,-97.92720481447549,-97.4720519453939,-98.09404,-97.81557139352469
scene_0010,100.0,80.64516129032256,0,-98.3959435742091,-98.47149656216197,-97.89318938914877,-98.49372,-98.12197006622537
scene_0010,-100.0,87.09677419354838,0,-99.72368864538569,-99.76568691741078,-101.56968890865853,-99.45205,-99.36860948439727
scene_0010,-93.54838709677419,87.09677419354838,0,-99.06354434138916,-99.0938389416495,-100.81290338816419,-98.85916,-99.06631546070096
scene_0010,-87.09677419354838,87.09677419354838,0,-98.37499807435407,-98.39594897867407,-99.98278545141247,-98.23988,-98.50430711407657
scene_0010,-80.64516129032259,87.09677419354838,1,-97.68940486931663,-97.70320729642361,-99.13006093604713,-97.87598,-97.87597380438406
scene_0010,-74.19354838709677,87.09677419354838,0,-97.03001926864272,-97.03849512770417,-98.29626731795099,-97.00995,-97.01917045116946
scene_0010,-67.74193548387098,87.09677419354838,1,-96.41258303907222,-96.41712830091274,-97.51052865870042,-96.20964,-96.2096373600324
scene_0010,-61.29032258064517,87.09677419354838,1,-95.84693139107868,-95.84854713570856,-96.79090563691685,-95.70278,-95.70278253608564
scene_0010,-54.83870967741936,87.09677419354838,0,-95.33867408007879,-95.33803017681848,-96.14722889787282,-95.4328,-95.29619657969249
scene_0010,-48.38709677419355,87.09677419354838,0,-94.89057649002606,-94.88808106096421,-95.58379052640085,-95.005936,-94.93249846008993
scene_0010,-41.935483870967744,87.09677419354838,0,-94.50357317341968,-94.49943677307027,-95.10138376689859,-94.6293,-94.60534892190341
scene_0010,-35.483870967741936,87.09677419354838,1,-94.17746623638973,-94.17175772340983,-94.69869182757782,-94.31591,-94.31590797799547
scene_0010,-29.032258064516128,87.09677419354838,0,-93.91138780072413,-93.90408226877915,-94.37317714690394,-94.02548,-93.976287439276
scene_0010,-22.580645161290334,87.09677419354838,0,-93.70409728072028,-93.6951175193141,-94.12162671114896,-93.79961,-93.71688978294495
scene_0010,-16.129032258064527,87.09677419354838,0,-93.55416701794144,-93.54342011296838,-93.94047286110558,-93.626335,-93.57965736029448
scene_0010,-9.677419354838719,87.09677419354838,0,-93.46009376002146,-93.44750424713777,-93.82597168018657,-93.507095,-93.59624503748029
scene_0010,-3.225806451612911,87.09677419354838,0,-93.42036108055014,-93.4059017939582,-93.77429269898855,-93.4429,-93.6585570089438
scene_0010,3.225806451612897,87.09677419354838,0,-93.43346900482842,-93.4171905089998,-93.78155451870983,-93.43417,-93.66396522442281
scene_0010,9.677419354838705,87.09677419354838,0,-93.49794101981746,-93.48000028673081,-93.84382884400084,-93.481026,-93.61930135392578
scene_0010,16.129032258064512,87.09677419354838,1,-93.61231448373438,-93.59300326705251,-93.95712810575762,-93.519135,-93.5191347305863
scene_0010,22.58064516129032,87.09677419354838,0,-93.77511756558918,-93.75489069505308,-94.1173876573172,-93.74233,-93.70132637969128
scene_0010,29.032258064516128,87.09677419354838,0,-93.98483378132623,-93.96433731400671,-94.32045124581168,-93.957985,-93.89365806101998
scene_0010,35.48387096774192,87.09677419354838,0,-94.23985365377659,-94.21995241915609,-94.56206722140416,-94.23135,-94.15752126880736
scene_0010,41.935483870967744,87.09677419354838,0,-94.53841184139976,-94.52021533215762,-94.83790205269237,-94.562614,-94.49019562201939
scene_0010,48.38709677419354,87.09677419354838,0,-94.87850720925779,-94.86339190430377,-95.14357655309007,-94.95018,-94.90057741471283
scene_0010,54.83870967741933,87.09677419354838,0,-95.25780284311912,-95.24742778726,-95.47472824897932,-95.389496,-95.38571289371772
scene_0010,61.29032258064515,87.09677419354838,0,-95.67350319849785,-95.66981388078497,-95.82710014149609,-95.87187,-95.89593706176954
scene_0010,67.74193548387095,87.09677419354838,0,-96.12220693657486,-96.12742012453427,-96.19665163439089,-96.38379,-96.36360168008508
scene_0010,74.19354838709677,87.09677419354838,0,-96.59973734440345,-96.61629661372373,-96.57968199930869,-96.907745,-96.79276102680662
scene_0010,80.64516129032256,87.09677419354838,0,-97.10095870617076,-97.13144739212,-96.97295137546901,-97.4245,-97.23192536339644
scene_0010,87.09677419354838,87.09677419354838,1,-97.61959786198192,-97.66659420274621,-97.37378035734991,-97.59807,-97.59806463782976
scene_0010,93.54838709677418,87.09677419354838,1,-98.14810624094841,-98.21396687704748,-97.78010817700496,-98.16986,-98.16986120388273
scene_0010,100.0,87.09677419354838,1,-98.67761776577517,-98.76418413693345,-98.19049227108856,-98.82552,-98.82552131723158
scene_0010,-100.0,93.54838709677418,0,-100.06103115465903,-100.10093917840494,-101.73335143079376,-99.896095,-99.7569338651452
scene_0010,-93.54838709677419,93.54838709677418,1,-99.39994096901712,-99.42860423047432,-101.06026108173646,-99.261055,-99.26105168058493
scene_0010,-87.09677419354838,93.54838709677418,0,-98.70612735310013,-98.7262935909561,-100.30738334355016,-98.661255,-98.7512587461326
scene_0010,-80.64516129032259,93.54838709677418,0,-98.0119218084784,-98.02590825856298,-99.51829457555846,-98.02494,-97.99167398805245
scene_0010,-74.19354838709677,93.54838709677418,0,-97.34177684175692,-97.35134583345975,-98.73275587197504,-97.40515,-97.20455629819149
scene_0010,-67.74193548387098,93.54838709677418,0,-96.71252321334936,-96.71891005067204,-97.98135068227289,-96.818985,-96.49509709017795
scene_0010,-61.29032258064517,93.54838709677418,0,-96.13485439820884,-96.13885817559068,-97.28483375669903,-96.277176,-95.93922066575716
scene_0010,-54.83870967741936,93.54838709677418,0,-95.6150015836439,-95.61708688585324,-96.65579230403635,-95.78467,-95.52979954971565
scene_0010,-48.38709677419355,93.54838709677418,0,-95.15615366703157,-95.15654134506265,-96.10085032892195,-95.342575,-95.21628985292753
scene_0010,-41.935483870967744,93.54838709677418,1,-94.75951806504673,-94.75825969380809,-95.62259845714959,-95.08861,-95.08860474708672
scene_0010,-35.483870967741936,93.54838709677418,0,-94.42506041359557,-94.42209784134528,-95.22103102628111,-94.60807,-94.61871293602235
scene_0010,-29.032258064516128,93.54838709677418,0,-94.15199895063981,-94.1472122947922,-94.8945288339288,-94.31578,-94.30936741106908
scene_0010,-22.580645161290334,93.54838709677418,0,-93.93912506854306,-93.93237248714826,-94.64049620047732,-94.075005,-94.06361733865735
scene_0010,-16.129032258064527,93.54838709677418,0,-93.785005442716,-93.77615739027497,-94.45575708660351,-93.887596,-93.92746325560145
scene_0010,-9.677419354838719,93.54838709677418,0,-93.68810503280048,-93.67707503700512,-94.33679097698936,-93.75531,-93.90361490163242
scene_0010,-3.225806451612911,93.54838709677418,0,-93.6468574788168,-93.63363091704335,-94.27986540075942,-93.6794,-93.92558735391233
scene_0010,3.225806451612897,93.54838709677418,0,-93.6597001804754,-93.64436210770063,-94.281103763245,-93.66051,-93.92502100841789
scene_0010,9.677419354838705,93.54838709677418,0,-93.72508493332126,-93.70784768252153,-94.33651474587181,-93.69892,-93.90822102646663
scene_0010,16.129032258064512,93.54838709677418,0,-93.84147058674948,-93.82270158131203,-94.44200159527036,-93.79487,-93.93421058586739
scene_0010,22.58064516129032,93.54838709677418,0,-94.00730112399961,-93.98755105801449,-94.593364772443,-93.94888,-94.05348116157312
scene_0010,29.032258064516128,93.54838709677418,0,-94.2209703675117,-94.20100156775418,-94.78630849745687,-94.16175,-94.25524416658448
scene_0010,35.48387096774192,93.54838709677418,0,-94.48077287220542,-94.4615871878747,-95.0164597588965,-94.43434,-94.51458067639004
scene_0010,41.935483870967744,93.54838709677418,0,-94.78483930915388,-94.76770419657647,-95.27940657196919,-94.76678,-94.8363760247307
scene_0010,48.38709677419354,93.54838709677418,0,-95.13105371663023,-95.11752418690727,-95.57076000430231,-95.15747,-95.23121331045296
scene_0010,54.83870967741933,93.54838709677418,0,-95.51694950489235,-95.50888215115074,-95.88624125721397,-95.601776,-95.68793469605131
scene_0010,61.29032258064515,93.54838709677418,0,-95.93958133851808,-95.93913462144283,-96.22179070224732,-96.09074,-96.15933493367623
scene_0010,67.74193548387095,93.54838709677418,0,-96.39537154349995,-96.40498381169249,-96.57369049154808,-96.610504,-96.59989713716895
scene_0010,74.19354838709677,93.54838709677418,0,-96.87993339217762,-96.90226686385566,-96.93868700123352,-97.14306,-97.0350350612025
scene_0010,80.64516129032256,93.54838709677418,0,-97.38788074817677,-97.42571645368471,-97.31409521140725,-97.66861,-97.51754738751865
scene_0010,87.09677419354838,93.54838709677418,0,-97.91264546667065,-97.96871238533083,-97.69786557775413,-98.16886,-98.0763177016664
scene_0010,93.54838709677418,93.54838709677418,0,-98.44634138318071,-98.5230654850927,-98.08859597808788,-98.62993,-98.65103369102044
scene_0010,100.0,93.54838709677418,0,-98.97973519974884,-99.07890509294467,-98.48547693301381,-99.04377,-99.00390779355229
scene_0010,-100.0,100.0,1,-100.3551950950349,-100.39335169574645,-101.82185143481334,-100.47447,-100.47447544999905
scene_0010,-93.54838709677419,100.0,0,-99.689520064821,-99.71627352992454,-101.21792256948878,-99.69819,-99.51542466343938
scene_0010,-87.09677419354838,100.0,0,-98.99001167253542,-99.00863868850638,-100.53923191696475,-99.056175,-98.82043839560114
scene_0010,-80.64516129032259,100.0,0,-98.28911796455233,-98.30220035781389,-99.81986313365778,-98.40819,-98.04292901910713
scene_0010,-74.19354838709677,100.0,0,-97.61166896607612,-97.62103407419099,-99.09417731984172,-97.77602,-97.28177408181818
scene_0010,-67.74193548387098,100.0,0,-96.97493785264996,-96.98176098701697,-98.39103670161718,-97.17693,-96.61164754038964
scene_0010,-61.29032258064517,100.0,0,-96.39001885811653,-96.39497475212451,-97.73175434173712,-96.62175,-96.07871298293855
scene_0010,-54.83870967741936,100.0,0,-95.86346260330949,-95.86686852278491,-97.13048979051918,-96.11545,-95.67974793730957
scene_0010,-48.38709677419355,100.0,0,-95.39869234642975,-95.40062399633852,-96.59566439291677,-95.65924,-95.37321941636165
scene_0010,-41.935483870967744,100.0,1,-94.99707575719,-94.99745544862272,-96.13150828169778,-95.059906,-95.05991152249472
scene_0010,-35.483870967741936,100.0,0,-94.65867926983906,-94.65734198808191,-95.73936054612594,-94.895874,-94.82526199496414
scene_0010,-29.032258064516128,100.0,1,-94.38277615577377,-94.37951990824243,-95.41863642078908,-94.56004,-94.56004219075483
scene_0010,-22.580645161290334,100.0,0,-94.16817833999177,-94.16280407650036,-95.16749782361288,-94.334526,-94.35337028596614
scene_0010,-16.129032258064527,100.0,0,-94.01344725585983,-94.00579227366018,-94.98329654626956,-94.133896,-94.2308246027254
scene_0010,-9.677419354838719,100.0,0,-93.91702338120373,-93.90699095890186,-94.86285603526787,-93.98935,-94.19140086098
scene_0010,-3.225806451612911,100.0,1,-93.87730140534825,-93.86488854144743,-94.80264402183255,-94.2399,-94.23989860793915
scene_0010,3.225806451612897,100.0,0,-93.89266868494894,-93.87799319744472,-94.79887455525187,-93.87399,-94.18589314170603
scene_0010,9.677419354838705,100.0,0,-93.96151813742739,-93.94484592844451,-94.84756729593413,-93.90442,-94.18857367665174
scene_0010,16.129032258064512,100.0,0,-94.08224221760244,-94.06401514161998,-94.94458441726111,-93.99408,-94.24070297783713
scene_0010,22.58064516129032,100.0,0,-94.25321147353316,-94.23407589590599,-95.08566042224429,-94.14356,-94.36942330224026
scene_0010,29.032258064516128,100.0,1,-94.47273890660352,-94.45357462785161,-95.2664366844341,-94.61066,-94.61065431828139
scene_0010,35.48387096774192,100.0,0,-94.73902965502873,-94.72097832373848,-95.48250969510461,-94.62543,-94.8080711594413
scene_0010,41.935483870967744,100.0,0,-95.05011420562779,-95.03460554835158,-95.7294990793032,-94.95882,-95.1078750170731
scene_0010,48.38709677419354,100.0,0,-95.40376237790082,-95.39253541267863,-96.0031378592549,-95.35229,-95.47696878389945
scene_0010,54.83870967741933,100.0,0,-95.79737483688672,-95.79248956038127,-96.29938292718349,-95.80107,-95.90401297926121
scene_0010,61.29032258064515,100.0,1,-96.22784920772978,-96.23168191100442,-96.61453842055579,-96.44546,-96.44545208517212
scene_0010,67.74193548387095,100.0,0,-96.69141960660988,-96.70663191818362,-96.9453793857532,-96.82291,-96.75792536022983
scene_0010,74.19354838709677,100.0,0,-97.18347255980683,-97.21294072391386,-97.28925894306414,-97.36332,-97.1872730549775
scene_0010,80.64516129032256,100.0,0,-97.69835020799796,-97.74503773572668,-97.64418043483778,-97.89691,-97.68506568297192
scene_0010,87.09677419354838,100.0,0,-98.22916482412265,-98.29592031435298,-98.00881767564076,-98.404915,-98.25718858813255
scene_0010,93.54838709677418,100.0,1,-98.76766765725563,-98.8569336574497,-98.38247146439663,-98.847305,-98.8473035662393
scene_0010,100.0,100.0,1,-99.30423795732605,-99.417671205681,-98.76495790907434,-99.50301,-99.50301475947293
scene_0016,-100.0,-100.0,0,-103.09230677112683,-103.32171354118455,-102.88664301783854,-104.324936,-99.86417012461578
scene_0016,-93.54838709677419,-100.0,0,-102.67984447942445,-102.89176829113251,-102.29074757714814,-103.62179,-99.92167424789753
scene_0016,-87.09677419354838,-100.0,0,-102.23113943755072,-102.41896352873071,-101.67922471819591,-102.931885,-99.81719945319699
scene_0016,-80.64516129032259,-100.0,0,-101.76039856854901,-101.92412548389113,-101.07638317351959,-102.28417,-99.66926202607394
scene_0016,-74.19354838709677,-100.0,0,-101.28540383674333,-101.42980282194323,-100.50212442538776,-101.69803,-99.57340425892005
scene_0016,-67.74193548387098,-100.0,0,-100.82467723199413,-100.9567057788589,-99.97193791367903,-101.1818,-99.53661185038288
scene_0016,-61.29032258064517,-100.0,0,-100.39489633736304,-100.52141341542084,-99.49722163939995,-100.73498,-99.4492123049204
scene_0016,-54.83870967741936,-100.0,0,-100.00916052991619,-100.13539746737823,-99.08572317260676,-100.3518,-99.19202063942443
scene_0016,-48.38709677419355,-100.0,0,-99.67616064176342,-99.80495972687082,-98.74199379726896,-100.02456,-98.80608323603937
scene_0016,-41.935483870967744,-100.0,0,-99.40000610773797,-99.53163662396413,-98.46780009498016,-99.74562,-98.40822862487255
scene_0016,-35.483870967741936,-100.0,0,-99.18042477963729,-99.31277687299804,-98.26246845342177,-99.5082,-98.11955576786477
scene_0016,-29.032258064516128,-100.0,0,-99.01315116027178,-99.14217730784786,-98.12316138146313,-99.30644,-97.97263683108105
scene_0016,-22.580645161290334,-100.0,0,-98.89045177909321,-99.01079643868786,-98.04510462170228,-99.13522,-97.87685620577797
scene_0016,-16.129032258064527,-100.0,0,-98.80184333201237,-98.90763548374579,-98.02180195348312,-98.98981,-97.71839688548866
scene_0016,-9.677419354838719,-100.0,0,-98.73510801705784,-98.8208743584225,-98.04528913916843,-98.86568,-97.52706158533668
scene_0016,-3.225806451612911,-100.0,0,-98.67767484178034,-98.73926866823422,-98.10648567435244,-98.758125,-97.37409275759234
scene_0016,3.225806451612897,-100.0,0,-98.61830228504337,-98.65366724675404,-98.19569564406143,-98.661804,-97.28372602694422
scene_0016,9.677419354838705,-100.0,0,-98.54880023912663,-98.5583583533591,-98.30327882533537,-98.56996,-97.25178204318951
scene_0016,16.129032258064512,-100.0,0,-98.46537201064054,-98.45189488030685,-98.42045715631942,-98.47357,-97.28132812499081
scene_0016,22.58064516129032,-100.0,0,-98.36917240586257,-98.33715763499151,-98.54015057178393,-98.36183,-97.36558392568529
scene_0016,29.032258064516128,-100.0,0,-98.26591243330662,-98.22066049666104,-98.65767855504883,-98.22669,-97.46032915317136
scene_0016,35.48387096774192,-100.0,0,-98.1646805959803,-98.11134860366332,-98.7711558797177,-98.07272,-97.5240572966714
scene_0016,41.935483870967744,-100.0,0,-98.07639374984475,-98.01925564087675,-98.88147242539432,-97.92426,-97.5892295465834
scene_0016,48.38709677419354,-100.0,0,-98.01231602544752,-97.95433480523488,-98.99185906053496,-97.81738,-97.67932837205964
scene_0016,54.83870967741933,-100.0,1,-97.98293208610296,-97.9256300376094,-99.10715308916217,-97.97096,-97.97096491224572
scene_0016,61.29032258064515,-100.0,0,-97.99725979639398,-97.94080591726897,-99.23293691403398,-97.82844,-97.72279238796378
scene_0016,67.74193548387095,-100.0,0,-98.06253998668849,-98.00596215677565,-99.37471500541719,-97.96083,-97.73662369159709
scene_0016,74.19354838709677,-100.0,0,-98.18417685763526,-98.12562684817863,-99.53723748949744,-98.17384,-97.8964063479643
scene_0016,80.64516129032256,-100.0,0,-98.36580015844822,-98.3028297769256,-99.72401032964079,-98.45825,-98.23052224192668
scene_0016,87.09677419354838,-100.0,0,-98.60934592238104,-98.539179429271,-99.93698064199735,-98.79792,-98.65125893264229
scene_0016,93.54838709677418,-100.0,1,-98.91508232042489,-98.83488973997812,-100.17636175917588,-99.37133,-99.37133157252856
scene_0016,100.0,-100.0,0,-99.28153086494048,-99.18871939485904,-100.44056299262252,-99.53958,-98.70743866740172
scene_0016,-100.0,-93.54838709677419,0,-102.73210633369604,-102.93811934086074,-102.38942942826759,-103.64437,-100.70865486313316
scene_0016,-93.54838709677419,-93.54838709677419,0,-102.23121404853272,-102.41019432944375,-101.70407592167723,-102.90582,-100.65555074200572
scene_0016,-87.09677419354838,-93.54838709677419,0,-101.69599439293293,-101.84685590739414,-101.01516050942934,-102.1808,-100.35135627776302
scene_0016,-80.64516129032259,-93.54838709677419,0,-101.14778425001717,-101.27520881244604,-100.34941628175216,-101.49953,-99.99623027980535
scene_0016,-74.19354838709677,-93.54838709677419,0,-100.6086976170453,-100.72016310916382,-99.72724344842021,-100.882225,-99.74771999008976
scene_0016,-67.74193548387098,-93.54838709677419,0,-100.09844122373983,-100.20154816272861,-99.16312657346778,-100.33768,-99.64371338688375
scene_0016,-61.29032258064517,-93.54838709677419,1,-99.63234905196614,-99.73306613201673,-98.66646220260205,-99.74941,-99.74941717429026
scene_0016,-54.83870967741936,-93.54838709677419,0,-99.22061404908771,-99.32245033724266,-98.24244607141067,-99.45955,-99.18233784797604
scene_0016,-48.38709677419355,-93.54838709677419,1,-98.86832654028957,-98.97217838863595,-97.89285598919835,-98.81603,-98.81603370391203
scene_0016,-41.935483870967744,-93.54838709677419,0,-98.57591948707088,-98.68033298624987,-97.61667890281902,-98.815575,-98.18990603526962
scene_0016,-35.483870967741936,-93.54838709677419,0,-98.33977214436968,-98.44144915054972,-97.41059115408646,-98.56278,-97.86668019377267
scene_0016,-29.032258064516128,-93.54838709677419,0,-98.15288920503237,-98.24734930178838,-97.269332072894,-98.34798,-97.74591075786262
scene_0016,-22.580645161290334,-93.54838709677419,1,-98.00569008819663,-98.08804370021636,-97.18602709464683,-97.978424,-97.97842193708485
scene_0016,-16.129032258064527,-93.54838709677419,0,-97.8869934601004,-97.95277560826563,-97.15252366640898,-98.01265,-97.54381728145091
scene_0016,-9.677419354838719,-93.54838709677419,0,-97.78525622328257,-97.83122742487159,-97.15980088987715,-97.883545,-97.33202846137567
scene_0016,-3.225806451612911,-93.54838709677419,0,-97.69002348971411,-97.71479388352753,-97.19849747412597,-97.774826,-97.17365884582637
scene_0016,3.225806451612897,-93.54838709677419,0,-97.59339601778575,-97.59771528644399,-97.25956718455662,-97.68223,-97.08732446930057
scene_0016,9.677419354838705,-93.54838709677419,0,-97.49119968116302,-97.47781455772224,-97.33501755106273,-97.60016,-97.03993018270106
scene_0016,16.129032258064512,-93.54838709677419,0,-97.38354169454483,-97.35664781350381,-97.41862919757168,-97.52019,-97.04687360301058
scene_0016,22.58064516129032,-93.54838709677419,0,-97.27459954169458,-97.23904554858129,-97.5065150300339,-97.43076,-97.11514845406941
scene_0016,29.032258064516128,-93.54838709677419,1,-97.17174034278247,-97.13220638707156,-97.5973867447759,-97.35828,-97.35827834511002
scene_0016,35.48387096774192,-93.54838709677419,0,-97.08427020343476,-97.04461123888817,-97.69245840173082,-97.19594,-97.19925279943664
scene_0016,41.935483870967744,-93.54838709677419,0,-97.02216413733767,-96.98501387387816,-97.79501088207161,-97.0766,-97.20108216339261
scene_0016,48.38709677419354,-93.54838709677419,1,-96.99503518704009,-96.96166868112192,-97.90972477078316,-97.23664,-97.23663983095332
scene_0016,54.83870967741933,-93.54838709677419,0,-97.01145058970863,-96.98184315943209,-98.04192723660285,-96.9965,-97.24726666672252
scene_0016,61.29032258064515,-93.54838709677419,0,-97.07857566737374,-97.05157965342246,-98.19688321269464,-97.08029,-97.22921336520966
scene_0016,67.74193548387095,-93.54838709677419,0,-97.20205781314932,-97.17563175711616,-98.37921165194301,-97.254135,-97.25840132402413
scene_0016,74.19354838709677,-93.54838709677419,0,-97.38604664290561,-97.35749556576928,-98.59245201242356,-97.51418,-97.42789482292363
scene_0016,80.64516129032256,-93.54838709677419,0,-97.63325883601583,-97.59946771493775,-98.83876496198305,-97.850876,-97.77776029757304
scene_0016,87.09677419354838,-93.54838709677419,0,-97.94501690168062,-97.90267768203785,-99.1187318424897,-98.24669,-98.23410452938373
scene_0016,93.54838709677418,-93.54838709677419,0,-98.32120869965534,-98.26705420236374,-99.43121738493022,-98.67466,-98.52555395000618
scene_0016,100.0,-93.54838709677419,0,-98.76012573344983,-98.6911930533369,-99.77327380680092,-99.10156,-98.4369640784064
scene_0016,-100.0,-87.09677419354838,0,-102.3371084437811,-102.50946424721029,-101.86665508676373,-102.938324,-101.42820859241213
scene_0016,-93.54838709677419,-87.09677419354838,0,-101.74442194156566,-101.88450322143416,-101.10092169431553,-102.16385,-101.2116403298637
scene_0016,-87.09677419354838,-87.09677419354838,0,-101.12613684523801,-101.23828458989024,-100.3475778877238,-101.40317,-100.63811535127039
scene_0016,-80.64516129032259,-87.09677419354838,0,-100.50898011192771,-100.60124639871978,-99.63384593015877,-100.68778,-100.01145617920918
scene_0016,-74.19354838709677,-87.09677419354838,0,-99.91673504766985,-99.99766531889902,-98.97865969062315,-100.03882,-99.53515598769746
scene_0016,-67.74193548387098,-87.09677419354838,0,-99.36782299037864,-99.44434878304557,-98.3939226177158,-99.46547,-99.27762945134377
scene_0016,-61.29032258064517,-87.09677419354838,1,-98.87453668547927,-98.95101203301424,-97.8859696500917,-99.41391,-99.41390592424271
scene_0016,-54.83870967741936,-87.09677419354838,0,-98.44331532516158,-98.5213655929546,-97.45685279192008,-98.538345,-98.68901608658302
scene_0016,-48.38709677419355,-87.09677419354838,0,-98.0754839073428,-98.15432653102944,-97.10534345444584,-98.17049,-98.1268308591126
scene_0016,-41.935483870967744,-87.09677419354838,1,-97.76811396343368,-97.84512561045952,-96.82767431506949,-97.56694,-97.56693376397628
scene_0016,-35.483870967741936,-87.09677419354838,0,-97.5148848573468,-97.5862973955264,-96.61809293264585,-97.587326,-97.30204101620808
scene_0016,-29.032258064516128,-87.09677419354838,1,-97.30696599020925,-97.36863140059235,-96.4693120658776,-97.05957,-97.05957602162876
scene_0016,-22.580645161290334,-87.09677419354838,0,-97.13399741770361,-97.18216851689257,-96.37293807905947,-97.166435,-97.17113667165779
scene_0016,-16.129032258064527,-87.09677419354838,1,-96.98522869415628,-97.01727474263325,-96.3199445398663,-97.062386,-97.0623851397567
scene_0016,-9.677419354838719,-87.09677419354838,0,-96.85079419998186,-96.86573637086262,-96.3012314548695,-96.8707,-96.82903126500699
scene_0016,-3.225806451612911,-87.09677419354838,0,-96.72298530270933,-96.72173169751574,-96.30826957741277,-96.760895,-96.67422982739565
scene_0016,3.225806451612897,-87.09677419354838,1,-96.5972817330132,-96.58249094524962,-96.33377809157936,-96.777885,-96.7778845357108
scene_0016,9.677419354838705,-87.09677419354838,0,-96.47289491897295,-96.44849500101272,-96.37233712004809,-96.60049,-96.54554267872368
scene_0016,16.129032258064512,-87.09677419354838,0,-96.35268687976782,-96.32317933649995,-96.42081548549913,-96.537766,-96.52531464197055
scene_0016,22.58064516129032,-87.09677419354838,0,-96.24251613831895,-96.21224794321762,-96.47851591685706,-96.47172,-96.55378562919839
scene_0016,29.032258064516128,-87.09677419354838,0,-96.15022799825633,-96.1227942176958,-96.54700255236484,-96.39021,-96.58039624771492
scene_0016,35.48387096774192,-87.09677419354838,0,-96.08456854450341,-96.06243503155027,-96.62965450441624,-96.293724,-96.55673711997736
scene_0016,41.935483870967744,-87.09677419354838,0,-96.05425067848495,-96.0386049074028,-96.73105002891872,-96.204796,-96.51504961804861
scene_0016,48.38709677419354,-87.09677419354838,0,-96.06728965926763,-96.05807260686333,-96.8563053887818,-96.159904,-96.49109391429232
scene_0016,54.83870967741933,-87.09677419354838,0,-96.1306189538833,-96.12667138289805,-97.01047089245932,-96.190186,-96.48370283498666
scene_0016,61.29032258064515,-87.09677419354838,0,-96.24993020958206,-96.24919351690542,-97.19804198586456,-96.31163,-96.49929100324846
scene_0016,67.74193548387095,-87.09677419354838,0,-96.42965639403224,-96.42938699413114,-97.42259750152576,-96.52818,-96.58832898338567
scene_0016,74.19354838709677,-87.09677419354838,0,-96.67301986635714,-96.66999624012065,-97.68654443008128,-96.83667,-96.8038339448531
scene_0016,80.64516129032256,-87.09677419354838,1,-96.98208081247046,-96.97279898332914,-97.99093291263122,-96.92064,-96.92064066073989
scene_0016,87.09677419354838,-87.09677419354838,0,-97.35773496239409,-97.33860056200692,-98.33530404068783,-97.68078,-97.63304902650364
scene_0016,93.54838709677418,-87.09677419354838,0,-97.79961774709923,-97.76715222315593,-98.71754227415899,-98.16794,-97.9383360492536
scene_0016,100.0,-87.09677419354838,0,-98.30587450993448,-98.25696083370156,-99.13372103905172,-98.65219,-97.94550134562988
scene_0016,-100.0,-80.64516129032259,1,-101.90370465141837,-102.03610610538233,-101.32657369323306,-102.34117,-102.34117254895435
scene_0016,-93.54838709677419,-80.64516129032259,1,-101.22171097290924,-101.32124277647785,-100.49344593600736,-101.46913,-101.46913338430377
scene_0016,-87.09677419354838,-80.64516129032259,0,-100.5288649440564,-100.60407759174365,-99.69081077483472,-100.63777,-100.55963219536928
scene_0016,-80.64516129032259,-80.64516129032259,0,-99.85437303597836,-99.9149359647585,-98.94414012476733,-99.88983,-99.69032647424865
scene_0016,-74.19354838709677,-80.64516129032259,0,-99.22090629477823,-99.27496095654243,-98.26923604014341,-99.21062,-98.99600374709058
scene_0016,-67.74193548387098,-80.64516129032259,1,-98.64369256614354,-98.69664724689962,-97.6744134287461,-98.17403,-98.17402840051875
scene_0016,-61.29032258064517,-80.64516129032259,0,-98.13104476354607,-98.18538356363483,-97.16247444594528,-98.08676,-98.2491608168124
scene_0016,-54.83870967741936,-80.64516129032259,0,-97.68546294473522,-97.7411148039163,-96.73222978174907,-97.635635,-97.82791612482166
scene_0016,-48.38709677419355,-80.64516129032259,0,-97.30481742653353,-97.35978632265468,-96.37959446781255,-97.248085,-97.29637147843914
scene_0016,-41.935483870967744,-80.64516129032259,1,-96.98343910174259,-97.03454132861702,-96.09837497453259,-96.675705,-96.67569926373187
scene_0016,-35.483870967741936,-80.64516129032259,0,-96.7131276397318,-96.7567624280219,-95.88087485107614,-96.63247,-96.58598422812348
scene_0016,-29.032258064516128,-80.64516129032259,0,-96.48415881566387,-96.5170597266826,-95.71842823896174,-96.391495,-96.49943793955114
scene_0016,-22.580645161290334,-80.64516129032259,1,-96.2863614325747,-96.30626047568144,-95.60194111329346,-96.54205,-96.54205324258605
scene_0016,-16.129032258064527,-80.64516129032259,0,-96.11026639661719,-96.11637911084146,-95.52248156920996,-96.018814,-96.29864410789665
scene_0016,-9.677419354838719,-80.64516129032259,0,-95.94823321514775,-95.94147086950647,-95.47191344447108,-95.879944,-96.08294965064118
scene_0016,-3.225806451612911,-80.64516129032259,1,-95.79537619216383,-95.77823116725773,-95.44351834461033,-95.80261,-95.80261619528673
scene_0016,3.225806451612897,-80.64516129032259,0,-95.65009513359851,-95.62622329762252,-95.43251406880029,-95.68489,-95.83506948735166
scene_0016,9.677419354838705,-80.64516129032259,0,-95.51409040444426,-95.48769749109049,-95.43636988646527,-95.6236,-95.7851346324058
scene_0016,16.129032258064512,-80.64516129032259,0,-95.39188329258855,-95.36706907013641,-95.45485023548079,-95.57832,-95.75964054533698
scene_0016,22.58064516129032,-80.64516129032259,0,-95.28999922531253,-95.27020200638758,-95.48977944997284,-95.535934,-95.75867420960444
scene_0016,29.032258064516128,-80.64516129032259,0,-95.21603700758534,-95.20366438991026,-95.54458590166146,-95.48212,-95.74779087048746
scene_0016,35.48387096774192,-80.64516129032259,0,-95.1778239654274,-95.17408709002048,-95.6237268395337,-95.41527,-95.70200395749666
scene_0016,41.935483870967744,-80.64516129032259,0,-95.18277678304814,-95.18769432707266,-95.732101217545,-95.35684,-95.63938012081485
scene_0016,48.38709677419354,-80.64516129032259,0,-95.23749965328207,-95.25001542797783,-95.87453203770107,-95.34348,-95.59729708896755
scene_0016,54.83870967741933,-80.64516129032259,0,-95.34758830928362,-95.36574780027115,-96.05535924443117,-95.40727,-95.60266131169394
scene_0016,61.29032258064515,-80.64516129032259,0,-95.51757885786594,-95.53872415677023,-96.27814609071102,-95.565704,-95.67828530462889
scene_0016,67.74193548387095,-80.64516129032259,0,-95.75097592367358,-95.77193568341984,-96.5454758354352,-95.82409,-95.86588051788493
scene_0016,74.19354838709677,-80.64516129032259,0,-96.05030273188231,-96.06756885770085,-96.8588032675869,-96.17989,-96.19690800378248
scene_0016,80.64516129032256,-80.64516129032259,0,-96.41712626362781,-96.4270206294541,-97.21832392061859,-96.622986,-96.637005908538
scene_0016,87.09677419354838,-80.64516129032259,1,-96.85201775361762,-96.85086102853548,-97.62282918112554,-97.177475,-97.17747270300761
scene_0016,93.54838709677418,-80.64516129032259,0,-97.35441038497166,-97.33871248868142,-98.06952565573938,-97.67801,-97.36363612715058
scene_0016,100.0,-80.64516129032259,0,-97.92231244800021,-97.8890113718183,-98.55381248847806,-98.21834,-97.42109241026775
scene_0016,-100.0,-74.19354838709677,0,-101.43197276347429,-101.52248580109611,-100.77831261299752,-101.580345,-101.52213647735125
scene_0016,-93.54838709677419,-74.19354838709677,0,-100.66895673197436,-100.73000535764663,-99.89329628340596,-100.74109,-101.03462082373781
scene_0016,-87.09677419354838,-74.19354838709677,0,-99.91381468090285,-99.95630103660504,-99.05685513382988,-99.91606,-100.1030479406139
scene_0016,-80.64516129032259,-74.19354838709677,0,-99.19503384675431,-99.22857620362402,-98.29084356857338,-99.13904,-99.1042289264759
scene_0016,-74.19354838709677,-74.19354838709677,0,-98.53195694584768,-98.56327365234358,-97.60691351844727,-98.432755,-98.30645498186317
scene_0016,-67.74193548387098,-74.19354838709677,1,-97.93553387712774,-97.96814363480642,-97.00940964664613,-97.86075,-97.86074985639715
scene_0016,-61.29032258064517,-74.19354838709677,1,-97.40987219732085,-97.44449649325671,-96.49762233170327,-97.43837,-97.43837570177081
scene_0016,-54.83870967741936,-74.19354838709677,0,-96.95383947456655,-96.9891016316146,-96.06738253698322,-96.790764,-96.85769601708995
scene_0016,-48.38709677419355,-74.19354838709677,0,-96.56245633424001,-96.59567264189914,-95.71216864812382,-96.38543,-96.40989230152228
scene_0016,-41.935483870967744,-74.19354838709677,0,-96.22808138882505,-96.25605408221944,-95.42391371413304,-96.03767,-96.06225743229253
scene_0016,-35.483870967741936,-74.19354838709677,0,-95.94148420452335,-95.96124543687104,-95.1936658072995,-95.74039,-95.86325199323244
scene_0016,-29.032258064516128,-74.19354838709677,0,-95.69289816288776,-95.70234972945318,-95.01220485354388,-95.48776,-95.75988592318456
scene_0016,-22.580645161290334,-74.19354838709677,0,-95.47308455527757,-95.47146116598311,-94.87066592311835,-95.275055,-95.6536352971355
scene_0016,-16.129032258064527,-74.19354838709677,0,-95.27435365771551,-95.26243568141706,-94.76116443757105,-95.09853,-95.47259958709923
scene_0016,-9.677419354838719,-74.19354838709677,1,-95.0914135851106,-95.07144621850134,-94.67737005948345,-95.20325,-95.20324562656576
scene_0016,-3.225806451612911,-74.19354838709677,0,-94.92189287495097,-94.89723080291058,-94.61494620233539,-94.84445,-95.06689724669259
scene_0016,3.225806451612897,-74.19354838709677,0,-94.76643097901926,-94.74099666197102,-94.57177406525625,-94.76444,-94.95710303280207
scene_0016,9.677419354838705,-74.19354838709677,0,-94.62833686348259,-94.60602337950392,-94.54791664936633,-94.71365,-94.8954134214302
scene_0016,16.129032258064512,-74.19354838709677,0,-94.51292883358242,-94.49707479802896,-94.54533604239352,-94.68565,-94.8718650348978
scene_0016,22.58064516129032,-74.19354838709677,0,-94.42673427860136,-94.4197550226029,-94.56743190474168,-94.66655,-94.86261976778329
scene_0016,29.032258064516128,-74.19354838709677,0,-94.37672394261921,-94.3799249729422,-94.61849857794752,-94.63996,-94.83566734772273
scene_0016,35.48387096774192,-74.19354838709677,0,-94.36969897976967,-94.38325012948502,-94.70319494090944,-94.60214,-94.77765159208258
scene_0016,41.935483870967744,-74.19354838709677,0,-94.41187693684529,-94.43490090343298,-94.8260931659726,-94.57344,-94.70720702130194
scene_0016,48.38709677419354,-74.19354838709677,0,-94.50866476489145,-94.53939047945583,-94.99133560853784,-94.59044,-94.67173405781503
scene_0016,54.83870967741933,-74.19354838709677,0,-94.66457465673982,-94.70051574875455,-95.20239684860374,-94.6861,-94.7208902764359
scene_0016,61.29032258064515,-74.19354838709677,0,-94.88322876527445,-94.9213617939933,-95.46192699995487,-94.87931,-94.87987420518874
scene_0016,67.74193548387095,-74.19354838709677,1,-95.16740239866081,-95.20433317773504,-95.77164290983421,-95.084625,-95.08462426258136
scene_0016,74.19354838709677,-74.19354838709677,0,-95.51906329422457,-95.55118050877323,-96.13223253418423,-95.57662,-95.65640249878098
scene_0016,80.64516129032256,-74.19354838709677,0,-95.93937120927892,-95.9629947428877,-96.5432409980279,-96.068634,-96.1821601955084
scene_0016,87.09677419354838,-74.19354838709677,0,-96.42860438347805,-96.440142436895,-97.00291247462488,-96.63121,-96.60993401027608
scene_0016,93.54838709677418,-74.19354838709677,1,-96.9859764706966,-96.98211190951866,-97.50797003176177,-96.82385,-96.82385676216191
scene_0016,100.0,-74.19354838709677,0,-97.60929993524506,-97.58723311417312,-98.05332837549089,-97.82268,-96.95675565162207
scene_0016,-100.0,-67.74193548387098,0,-100.92662547627974,-100.97725984129723,-100.2317504665659,-100.9695,-100.97223568514933
scene_0016,-93.54838709677419,-67.74193548387098,0,-100.09544071793074,-100.12269775684175,-99.31107128787461,-100.104965,-100.42370112791487
scene_0016,-87.09677419354838,-67.74193548387098,0,-99.29222508991325,-99.30746216933294,-98.45507746390957,-99.25477,-99.45986995624762
scene_0016,-80.64516129032259,-67.74193548387098,1,-98.54210037446214,-98.55366011369951,-97.68089069797529,-98.18849,-98.188493064913
scene_0016,-74.19354838709677,-67.74193548387098,0,-97.8597792582236,-97.87245768239,-96.99568748522303,-97.72475,-97.57825125020238
scene_0016,-67.74193548387098,-67.74193548387098,0,-97.25164451802193,-97.26709591402978,-96.39997225125201,-97.078445,-96.9421688463953
scene_0016,-61.29032258064517,-67.74193548387098,0,-96.71790451436499,-96.73541580936384,-95.88989261231474,-96.51448,-96.40406468581126
scene_0016,-54.83870967741936,-67.74193548387098,0,-96.25440007626074,-96.27175313216648,-95.45880441731859,-96.02654,-95.9329489088665
scene_0016,-48.38709677419355,-67.74193548387098,0,-95.85404312650141,-95.86834995943791,-95.09835802974088,-95.60614,-95.5907037096759
scene_0016,-41.935483870967744,-67.74193548387098,0,-95.50800861056358,-95.51646939376951,-94.79932491475432,-95.245026,-95.35751111451327
scene_0016,-35.483870967741936,-67.74193548387098,0,-95.20680550938155,-95.20734670144557,-94.55230820852954,-94.93608,-95.19011576908991
scene_0016,-29.032258064516128,-67.74193548387098,0,-94.94129412364265,-94.93303193578922,-94.34840759140526,-94.673546,-95.04631222914995
scene_0016,-22.580645161290334,-67.74193548387098,0,-94.70363540969018,-94.68710644106159,-94.17984334256269,-94.45278,-94.87833315483378
scene_0016,-16.129032258064527,-67.74193548387098,0,-94.4880855267599,-94.46520900257747,-94.04049345670529,-94.27036,-94.6651219343923
scene_0016,-9.677419354838719,-67.74193548387098,0,-94.29151605306039,-94.26530136822225,-93.92627171535455,-94.124084,-94.43693785684621
scene_0016,-3.225806451612911,-67.74193548387098,0,-94.11356722684629,-94.08763867774708,-93.83528213940083,-94.01317,-94.24477601959238
scene_0016,3.225806451612897,-67.74193548387098,0,-93.95642011136026,-93.93447089578558,-93.76772403912851,-93.93787,-94.10643775747452
scene_0016,9.677419354838705,-67.74193548387098,1,-93.82426690969722,-93.80955789673504,-93.72557571667677,-93.95131,-93.9513155132522
scene_0016,16.129032258064512,-67.74193548387098,0,-93.72262223300261,-93.71760895694344,-93.71213051299385,-93.886505,-93.996794144786
scene_0016,22.58064516129032,-67.74193548387098,0,-93.65762761926311,-93.66374984059023,-93.73147869636738,-93.890114,-93.98748757510023
scene_0016,29.032258064516128,-67.74193548387098,0,-93.63546396476126,-93.65308773158462,-93.78801930254916,-93.89001,-93.95909444361651
scene_0016,35.48387096774192,-67.74193548387098,0,-93.66192832854912,-93.6904038048762,-93.88605713378007,-93.88031,-93.9027612589222
scene_0016,41.935483870967744,-67.74193548387098,0,-93.74217892975577,-93.77996974069767,-94.02950616534113,-93.88014,-93.83867440335861
scene_0016,48.38709677419354,-67.74193548387098,1,-93.88061859251496,-93.92546420354964,-94.22169277645312,-93.760155,-93.76015706657988
scene_0016,54.83870967741933,-67.74193548387098,0,-94.08087303822613,-94.12995738561239,-94.46523512323326,-94.05101,-93.93174292644846
scene_0016,61.29032258064515,-67.74193548387098,0,-94.34582001000285,-94.39593188013097,-94.76196778775875,-94.2759,-94.1802765798036
scene_0016,67.74193548387095,-67.74193548387098,0,-94.67763084610809,-94.72531179799392,-95.11288022533266,-94.6085,-94.5943026114493
scene_0016,74.19354838709677,-67.74193548387098,0,-95.07779221379322,-95.11947569779828,-95.51804006544765,-95.04782,-95.16567541623783
scene_0016,80.64516129032256,-67.74193548387098,1,-95.54707899992226,-95.57923042477483,-95.97647578552225,-95.941315,-95.94131931243939
scene_0016,87.09677419354838,-67.74193548387098,0,-96.08544828613661,-96.10472117804166,-96.48599712225105,-96.19304,-96.19140530368404
scene_0016,93.54838709677418,-67.74193548387098,0,-96.69181850047858,-96.69524750343146,-97.04293712226757,-96.84007,-96.4595597174282
scene_0016,100.0,-67.74193548387098,0,-97.36368801416856,-97.34894557758507,-97.64181043200061,-97.47944,-96.58741706587469
scene_0016,-100.0,-61.29032258064517,0,-100.39675308088783,-100.41240928450992,-99.6968378073769,-100.40729,-100.39028486158693
scene_0016,-93.54838709677419,-61.29032258064517,0,-99.5128503336858,-99.51239110672296,-98.7557617459813,-99.52397,-99.79950615464944
scene_0016,-87.09677419354838,-61.29032258064517,0,-98.67595326881266,-98.66971426891185,-97.89218867260736,-98.65502,-98.83940707995234
scene_0016,-80.64516129032259,-61.29032258064517,0,-97.90619840991693,-97.9005836116483,-97.11818963990413,-97.83576,-97.80760816755196
scene_0016,-74.19354838709677,-61.29032258064517,0,-97.21327949505344,-97.21109776648501,-96.43669628096733,-97.08993,-96.93269162800976
scene_0016,-67.74193548387098,-61.29032258064517,0,-96.59931989742498,-96.60063434913272,-95.84485183595241,-96.42798,-96.2378881844059
scene_0016,-61.29032258064517,-61.29032258064517,0,-96.06125371625888,-96.06433611210707,-95.33625146959614,-95.84972,-95.66099919127113
scene_0016,-54.83870967741936,-61.29032258064517,1,-95.5926336885051,-95.59486594194726,-94.90243587156922,-94.841736,-94.84173394270863
scene_0016,-48.38709677419355,-61.29032258064517,0,-95.18501893179473,-95.18368789006074,-94.53395356518988,-94.91673,-94.94169857584782
scene_0016,-41.935483870967744,-61.29032258064517,0,-94.82911724912475,-94.82207210548852,-94.22120106226373,-94.545204,-94.76403504020267
scene_0016,-35.483870967741936,-61.29032258064517,0,-94.51579580921988,-94.50192988639506,-93.95514887895233,-94.227135,-94.5869209205735
scene_0016,-29.032258064516128,-61.29032258064517,0,-94.23698972425254,-94.21650260762704,-93.72797902853432,-93.956825,-94.38667151775226
scene_0016,-22.580645161290334,-61.29032258064517,0,-93.9864623506481,-93.96087286080717,-93.53360154412229,-93.72983,-94.15460316623474
scene_0016,-16.129032258064527,-61.29032258064517,0,-93.76032929554505,-93.73224786806098,-93.36799103591477,-93.542984,-93.90600060514438
scene_0016,-9.677419354838719,-61.29032258064517,0,-93.55726674254898,-93.52998484444335,-93.22929338569287,-93.39461,-93.67336396510949
scene_0016,-3.225806451612911,-61.29032258064517,0,-93.37838054128031,-93.35537288043474,-93.11769111222752,-93.2847,-93.48384996746228
scene_0016,3.225806451612897,-61.29032258064517,0,-93.226788886802,-93.21123350206081,-93.03506559499085,-93.21463,-93.34513021022076
scene_0016,9.677419354838705,-61.29032258064517,0,-93.10703167187879,-93.10143087161276,-92.98453308144623,-93.18503,-93.25968706654976
scene_0016,16.129032258064512,-61.29032258064517,0,-93.02443880772829,-93.03038310268498,-92.96994459001901,-93.190834,-93.22811377790535
scene_0016,22.58064516129032,-61.29032258064517,1,-92.98456728776694,-93.00264333760735,-92.99542669200719,-93.22032,-93.22032294958689
scene_0016,29.032258064516128,-61.29032258064517,0,-92.9927708450328,-93.02258629381548,-93.06501106006174,-93.2428,-93.20121376035259
scene_0016,35.48387096774192,-61.29032258064517,0,-93.05391899949396,-93.09420568347862,-93.18236898112119,-93.260635,-93.16364186397035
scene_0016,41.935483870967744,-61.29032258064517,0,-93.17224843321523,-93.2210072829618,-93.35064225890534,-93.288055,-93.12456309474112
scene_0016,48.38709677419354,-61.29032258064517,0,-93.35131252977911,-93.40597243234214,-93.57234744118777,-93.36087,-93.14515358756469
scene_0016,54.83870967741933,-61.29032258064517,0,-93.59399095330134,-93.65156468141916,-93.84932478957361,-93.51318,-93.29948870623168
scene_0016,61.29032258064515,-61.29032258064517,0,-93.9025243802464,-93.95975444715147,-94.18270355539995,-93.76637,-93.60972111933904
scene_0016,67.74193548387095,-61.29032258064517,1,-94.27854477044667,-94.3320397386284,-94.57285769692555,-94.03843,-94.03843029633153
scene_0016,74.19354838709677,-61.29032258064517,0,-94.72307549193786,-94.76944309018376,-95.01932899165476,-94.60327,-94.69677026549152
scene_0016,80.64516129032256,-61.29032258064517,0,-95.23647637693969,-95.27246453149642,-95.52069669080285,-95.1767,-95.31188460497526
scene_0016,87.09677419354838,-61.29032258064517,0,-95.81830557810363,-95.84096696063783,-96.07437489085683,-95.826675,-95.79954058140413
scene_0016,93.54838709677418,-61.29032258064517,0,-96.46706285267534,-96.47396328492314,-96.67632265216866,-96.51526,-96.13036004446606
scene_0016,100.0,-61.29032258064517,0,-97.1797687464268,-97.1692644124802,-97.32066163516103,-97.194984,-96.31595208670848
scene_0016,-100.0,-54.83870967741936,1,-99.85457108081418,-99.84172918057126,-99.18276794183538,-100.05574,-100.0557424293356
scene_0016,-93.54838709677419,-54.83870967741936,0,-98.9339237522008,-98.91212687677813,-98.23441604413219,-98.98548,-99.20280829722591
scene_0016,-87.09677419354838,-54.83870967741936,0,-98.07653609509074,-98.05422755272014,-97.37250934500837,-98.10551,-98.26438975159782
scene_0016,-80.64516129032259,-54.83870967741936,0,-97.29700935317152,-97.27848245480226,-96.60438142148747,-97.275475,-97.26272904944473
scene_0016,-74.19354838709677,-54.83870967741936,0,-96.60032221716484,-96.58661941002485,-95.92931400371663,-96.51938,-96.38235633963639
scene_0016,-67.74193548387098,-54.83870967741936,0,-95.9850010004482,-95.97498104229084,-95.34177262184743,-95.84777,-95.68297605384271
scene_0016,-61.29032258064517,-54.83870967741936,0,-95.44546719470691,-95.43680192413383,-94.83351390507895,-95.26053,-95.15050566987297
scene_0016,-54.83870967741936,-54.83870967741936,1,-94.97373507812006,-94.96376716323076,-94.39500223700605,-94.88758,-94.88758190490367
scene_0016,-48.38709677419355,-54.83870967741936,0,-94.56069908215555,-94.54714015272887,-94.01644444948302,-94.311615,-94.48616443521585
scene_0016,-41.935483870967744,-54.83870967741936,1,-94.19718698086024,-94.17863436695868,-93.68861376511462,-94.33196,-94.33196273002534
scene_0016,-35.483870967741936,-54.83870967741936,0,-93.87486082056112,-93.85110290572112,-93.40352572529804,-93.60907,-94.03096847900811
scene_0016,-29.032258064516128,-54.83870967741936,1,-93.58696282728097,-93.55904967674815,-93.15495647522296,-93.79418,-93.7941794022903
scene_0016,-22.580645161290334,-54.83870967741936,0,-93.32885021091032,-93.29893390398371,-92.93876086656442,-93.1026,-93.46436420430396
scene_0016,-16.129032258064527,-54.83870967741936,0,-93.09825437225822,-93.06924417761101,-92.75295407488053,-92.9132,-93.1826678674422
scene_0016,-9.677419354838719,-54.83870967741936,0,-92.89523584978087,-92.87034930651394,-92.5975560640576,-92.764244,-92.95380162066215
scene_0016,-3.225806451612911,-54.83870967741936,0,-92.72186720131111,-92.70417242562576,-92.47424369499595,-92.65656,-92.79006349500082
scene_0016,3.225806451612897,-54.83870967741936,0,-92.58173173107949,-92.5737630482329,-92.38588904694025,-92.5927,-92.68058916496224
scene_0016,9.677419354838705,-54.83870967741936,0,-92.47935196965271,-92.48284808402141,-92.33607161347238,-92.57453,-92.61478015275384
scene_0016,16.129032258064512,-54.83870967741936,0,-92.41965173474809,-92.43542816447078,-92.3286369308361,-92.59781,-92.59382084053814
scene_0016,22.58064516129032,-54.83870967741936,0,-92.40752077185346,-92.435459253848,-92.36734531852326,-92.646774,-92.60537030289345
scene_0016,29.032258064516128,-54.83870967741936,1,-92.44750970944287,-92.48663241633554,-92.45562429484515,-92.57485,-92.57485833719186
scene_0016,35.48387096774192,-54.83870967741936,0,-92.54364970708026,-92.59224410285476,-92.59641536109554,-92.74494,-92.60917549180132
scene_0016,41.935483870967744,-54.83870967741936,0,-92.69937151817068,-92.7551377299151,-92.79209292187348,-92.79993,-92.60716733199969
scene_0016,48.38709677419354,-54.83870967741936,1,-92.91749148418108,-92.97769329705838,-93.04442860876097,-92.58331,-92.58331459774391
scene_0016,54.83870967741933,-54.83870967741936,0,-93.20023275054895,-93.26184245783563,-93.35457498216775,-93.07654,-92.8562573996694
scene_0016,61.29032258064515,-54.83870967741936,1,-93.54925412299622,-93.60908900263615,-93.72304543219548,-93.14472,-93.14471780537363
scene_0016,67.74193548387095,-54.83870967741936,0,-93.96566309138251,-94.02051703928797,-94.14966998287197,-93.74465,-93.69724698479422
scene_0016,74.19354838709677,-54.83870967741936,0,-94.44999165137668,-94.49676994174135,-94.63350861962633,-94.2469,-94.30381175785223
scene_0016,80.64516129032256,-54.83870967741936,0,-95.00211267671888,-95.03798158195286,-95.17270469788878,-94.851746,-94.92653487896095
scene_0016,87.09677419354838,-54.83870967741936,0,-95.62107041545097,-95.64363698092623,-95.76426195786313,-95.53529,-95.47686225205007
scene_0016,93.54838709677418,-54.83870967741936,0,-96.30479155231528,-96.31233213914419,-96.40373202440115,-96.25832,-95.89181499117905
scene_0016,100.0,-54.83870967741936,0,-97.04963494880141,-97.04139303923586,-97.08480940424457,-96.97156,-96.1472325136826
scene_0016,-100.0,-48.38709677419355,0,-99.31370443905698,-99.27923083348497,-98.69733960349936,-99.36363,-99.18132691857637
scene_0016,-93.54838709677419,-48.38709677419355,0,-98.37116317155517,-98.33395991124848,-97.75212420505278,-98.46811,-98.5912292294748
scene_0016,-87.09677419354838,-48.38709677419355,0,-97.5044865661114,-97.4707944324936,-96.89846371986391,-97.586685,-97.69903574589708
scene_0016,-80.64516129032259,-48.38709677419355,0,-96.72301805515264,-96.69518241396949,-96.13966701031603,-96.75496,-96.73557768087846
scene_0016,-74.19354838709677,-48.38709677419355,0,-96.02773608804321,-96.00539467057638,-95.47215489284909,-95.996895,-95.87544171748124
scene_0016,-67.74193548387098,-48.38709677419355,0,-95.41438032474274,-95.39558813909397,-94.88849247860783,-95.32307,-95.19698139102447
scene_0016,-61.29032258064517,-48.38709677419355,0,-94.87562905341683,-94.85781090954008,-94.37935448656307,-94.73339,-94.71019756011802
scene_0016,-54.83870967741936,-48.38709677419355,1,-94.40264040152357,-94.3833544971067,-93.93486631282329,-94.47419,-94.47418867226654
scene_0016,-48.38709677419355,-48.38709677419355,0,-93.98621591939067,-93.96372311919754,-93.54559014654056,-93.77931,-94.05214680688661
scene_0016,-41.935483870967744,-48.38709677419355,0,-93.61773564442157,-93.5913596157759,-93.20328006811435,-93.39838,-93.77085304294567
scene_0016,-35.483870967741936,-48.38709677419355,0,-93.28991317445087,-93.26017564953604,-92.9014332641691,-93.07194,-93.47411175531437
scene_0016,-29.032258064516128,-48.38709677419355,0,-92.99735068573135,-92.96588394459063,-92.6356173979989,-92.794586,-93.13912695160575
scene_0016,-22.580645161290334,-48.38709677419355,0,-92.73684790065303,-92.70611899233977,-92.40355207007516,-92.56235,-92.78968516565027
scene_0016,-16.129032258064527,-48.38709677419355,0,-92.50743591896126,-92.48035019837468,-92.20495223870928,-92.37278,-92.4862509774158
scene_0016,-9.677419354838719,-48.38709677419355,0,-92.31015254514544,-92.28962211564763,-92.04118243938284,-92.22528,-92.2777192168403
scene_0016,-3.225806451612911,-48.38709677419355,0,-92.14762550468775,-92.13618289688648,-91.91480099968791,-92.12164,-92.16641206394803
scene_0016,3.225806451612897,-48.38709677419355,0,-92.02356017816962,-92.02307249696796,-91.829080538196,-92.06559,-92.11183439455817
scene_0016,9.677419354838705,-48.38709677419355,0,-91.94222866128055,-91.95373415534404,-91.7875753917192,-92.06046,-92.0859228444323
scene_0016,16.129032258064512,-48.38709677419355,1,-91.90803234160097,-91.93169221645101,-91.79377825052605,-92.01785,-92.01784913151144
scene_0016,22.58064516129032,-48.38709677419355,0,-91.92517500401783,-91.9603154594308,-91.85087911307461,-92.176636,-92.15677088713977
scene_0016,29.032258064516128,-48.38709677419355,1,-91.99745139714331,-92.04266509330375,-91.96161770005453,-92.2072,-92.20720508597394
scene_0016,35.48387096774192,-48.38709677419355,0,-92.12813462845504,-92.18141375869848,-92.12820817472839,-92.33315,-92.24208858815555
scene_0016,41.935483870967744,-48.38709677419355,0,-92.31993557907144,-92.37881608744793,-92.3523109016484,-92.41713,-92.28621220676344
scene_0016,48.38709677419354,-48.38709677419355,0,-92.57500576320874,-92.63671055617803,-92.63502694190362,-92.54289,-92.38826929192828
scene_0016,54.83870967741933,-48.38709677419355,0,-92.89495773685272,-92.95653409580498,-92.97689408084051,-92.74444,-92.60477847153219
scene_0016,61.29032258064515,-48.38709677419355,0,-93.28088100521468,-93.33933319010026,-93.37786637039797,-93.04512,-92.95797281898976
scene_0016,67.74193548387095,-48.38709677419355,0,-93.73333428206087,-93.78575666983822,-93.83726138837852,-93.45711,-93.44777581984144
scene_0016,74.19354838709677,-48.38709677419355,0,-94.25229581414193,-94.29601527726625,-94.35366043925151,-93.982544,-94.03658986916457
scene_0016,80.64516129032256,-48.38709677419355,1,-94.83705188554873,-94.86979087407175,-94.9247472270037,-94.61154,-94.61153766486777
scene_0016,87.09677419354838,-48.38709677419355,0,-95.48599968192342,-95.50607367396421,-95.54707143398792,-95.32204,-95.27669535759664
scene_0016,93.54838709677418,-48.38709677419355,0,-96.196335327108,-96.20289926889525,-96.2157277079597,-96.071945,-95.77138873295083
scene_0016,100.0,-48.38709677419355,0,-96.96359369621584,-96.95694966720578,-96.92395228308725,-96.811356,-96.0895754093473
scene_0016,-100.0,-41.935483870967744,0,-98.78756227476599,-98.73786020664866,-98.24666819064993,-98.83185,-98.57467962529458
scene_0016,-93.54838709677419,-41.935483870967744,0,-97.83588117453122,-97.78835478488475,-97.3122793893321,-97.9472,-98.01000024575814
scene_0016,-87.09677419354838,-41.935483870967744,1,-96.9688803394388,-96.92765559378815,-96.47118908988239,-97.14964,-97.14964267063766
scene_0016,-80.64516129032259,-41.935483870967744,1,-96.19141821038895,-96.15723094793725,-95.72358846548723,-96.18785,-96.18784737540629
scene_0016,-74.19354838709677,-41.935483870967744,0,-95.50135761329331,-95.47283524925548,-95.06389343107445,-95.50444,-95.39915095247814
scene_0016,-67.74193548387098,-41.935483870967744,1,-94.89246770226104,-94.86721484049173,-94.48355482020546,-94.692955,-94.69295363158724
scene_0016,-61.29032258064517,-41.935483870967744,0,-94.35638264300913,-94.33184107460626,-93.97288938455793,-94.25363,-94.23445731221568
scene_0016,-54.83870967741936,-41.935483870967744,0,-93.88397672222192,-93.85806854381705,-93.52233615801347,-93.7464,-93.86731081000536
scene_0016,-48.38709677419355,-41.935483870967744,0,-93.46639353100359,-93.43794941232679,-93.12335652546037,-93.30771,-93.54496214826841
scene_0016,-41.935483870967744,-41.935483870967744,0,-93.09584328915673,-93.06481037143874,-92.76906330430025,-92.92963,-93.24280824838452
scene_0016,-35.483870967741936,-41.935483870967744,0,-92.76619288275207,-92.73362479079267,-92.45459255690298,-92.60556,-92.92195654521655
scene_0016,-29.032258064516128,-41.935483870967744,0,-92.47332739324796,-92.44118256717854,-92.17721410374753,-92.33037,-92.54591996432171
scene_0016,-22.580645161290334,-41.935483870967744,0,-92.2152594281016,-92.18606308022268,-91.93619679674495,-92.1004,-92.15577580439071
scene_0016,-16.129032258064527,-41.935483870967744,0,-91.99199255685252,-91.96843787788596,-91.73247986492831,-91.91368,-91.84213268039116
scene_0016,-9.677419354838719,-41.935483870967744,0,-91.8051871810966,-91.78975306439638,-91.56822946251444,-91.770355,-91.66748734909157
scene_0016,-3.225806451612911,-41.935483870967744,1,-91.65770911614366,-91.65235422853114,-91.4463663031504,-91.607445,-91.60744973247455
scene_0016,3.225806451612897,-41.935483870967744,0,-91.55314954817392,-91.5591141960291,-91.37013536721524,-91.62742,-91.64367954494331
scene_0016,9.677419354838705,-41.935483870967744,0,-91.49538984266823,-91.5131087772687,-91.3427611782183,-91.637955,-91.6648122873549
scene_0016,16.129032258064512,-41.935483870967744,0,-91.4882559443744,-91.51736509071638,-91.36720346471407,-91.702515,-91.72678863764139
scene_0016,22.58064516129032,-41.935483870967744,1,-91.53527713581937,-91.57468787271482,-91.44600609246679,-91.90637,-91.90637549515087
scene_0016,29.032258064516128,-41.935483870967744,0,-91.63954114399402,-91.68755547995401,-91.58121964025509,-91.91783,-91.92703265650394
scene_0016,35.48387096774192,-41.935483870967744,0,-91.80362474403242,-91.85806990760078,-91.77437363258811,-92.027054,-92.00861429536187
scene_0016,41.935483870967744,-41.935483870967744,0,-92.02957465510922,-92.0879428387368,-92.02647529849364,-92.1432,-92.10283476014531
scene_0016,48.38709677419354,-41.935483870967744,0,-92.31891448108621,-92.37850050058907,-92.33801492072467,-92.29739,-92.24731547405872
scene_0016,54.83870967741933,-41.935483870967744,0,-92.6726566361225,-92.73069206544506,-92.70896133644939,-92.5228,-92.48232454321789
scene_0016,61.29032258064515,-41.935483870967744,0,-93.0913014214557,-93.14508814817052,-93.13873384840618,-92.84358,-92.83480441392572
scene_0016,67.74193548387095,-41.935483870967744,0,-93.57480744737512,-93.62185678724033,-93.62613835627386,-93.27356,-93.31142350521421
scene_0016,74.19354838709677,-41.935483870967744,0,-94.12251792052533,-94.16070370443917,-94.16925614285634,-93.81638,-93.89355372032253
scene_0016,80.64516129032256,-41.935483870967744,1,-94.73302597381931,-94.76076143587292,-94.76527420900055,-94.53828,-94.5382799293831
scene_0016,87.09677419354838,-41.935483870967744,0,-95.40395978891843,-95.42040820351318,-95.4102478280762,-95.192024,-95.20201772873665
scene_0016,93.54838709677418,-41.935483870967744,0,-96.1316662521701,-96.13699277273669,-96.09879168456045,-95.9606,-95.7643157987454
scene_0016,100.0,-41.935483870967744,0,-96.91077357955017,-96.90643785340681,-96.82370974854072,-96.718155,-96.13119272096553
scene_0016,-100.0,-35.483870967741936,1,-98.2881475643965,-98.22869716638758,-97.83522769929299,-98.098335,-98.0983311121537
scene_0016,-93.54838709677419,-35.483870967741936,0,-97.33765166994793,-97.2839143497187,-96.91699959234575,-97.406555,-97.49192706305473
scene_0016,-87.09677419354838,-35.483870967741936,0,-96.47719327363953,-96.43148899724422,-96.09113350145256,-96.55951,-96.69753218618516
scene_0016,-80.64516129032259,-35.483870967741936,0,-95.70812620563338,-95.66997460162816,-95.35565567217571,-95.75965,-95.81960449254456
scene_0016,-74.19354838709677,-35.483870967741936,0,-95.0260890405334,-94.99346785447639,-94.70381065871557,-95.0299,-94.99032838228405
scene_0016,-67.74193548387098,-35.483870967741936,0,-94.42362058366639,-94.39396125426134,-94.12666083672855,-94.38043,-94.2960077329303
scene_0016,-61.29032258064517,-35.483870967741936,0,-93.89190071522195,-93.86283346987157,-93.61478749236144,-93.81127,-93.77508772415376
scene_0016,-54.83870967741936,-35.483870967741936,0,-93.42196592287945,-93.3918337958326,-93.15944176647726,-93.31653,-93.36415746889573
scene_0016,-48.38709677419355,-35.483870967741936,0,-93.0056004085607,-92.97375022556032,-92.75331901456943,-92.88834,-93.01163703226642
scene_0016,-41.935483870967744,-35.483870967741936,0,-92.63598646321759,-92.6028433929859,-92.39102252377144,-92.519165,-92.71231193729868
scene_0016,-35.483870967741936,-35.483870967741936,0,-92.30812769667197,-92.27507433653754,-92.06923955112248,-92.2027,-92.41260242097773
scene_0016,-29.032258064516128,-35.483870967741936,0,-92.0190347160322,-91.98813938055554,-91.78665670534399,-91.93419,-92.03044160969347
scene_0016,-22.580645161290334,-35.483870967741936,1,-91.76767548246295,-91.74133520651577,-91.5436683637154,-91.52423,-91.52422831001233
scene_0016,-16.129032258064527,-35.483870967741936,0,-91.55472456552286,-91.53529553664887,-91.3419567961609,-91.53001,-91.32509493348776
scene_0016,-9.677419354838719,-35.483870967741936,1,-91.38217640558719,-91.37165445063462,-91.18403014381781,-90.93805,-90.93804954144329
scene_0016,-3.225806451612911,-35.483870967741936,1,-91.25290206907026,-91.25269301927487,-91.0727914373424,-91.386536,-91.38654130160076
scene_0016,3.225806451612897,-35.483870967741936,0,-91.17022231408194,-91.18101568414146,-91.01118578963232,-91.27357,-91.26423112314382
scene_0016,9.677419354838705,-35.483870967741936,0,-91.13754781214782,-91.15928561537282,-91.0019445197292,-91.30301,-91.3090695005761
scene_0016,16.129032258064512,-35.483870967741936,0,-91.15811039275417,-91.19003032409793,-91.04742240805734,-91.39352,-91.40240448147284
scene_0016,22.58064516129032,-35.483870967741936,0,-91.23478598954296,-91.27551455740527,-91.14951077112912,-91.52823,-91.55131711761732
scene_0016,29.032258064516128,-35.483870967741936,0,-91.36999486609062,-91.4176687041204,-91.30960378394684,-91.67883,-91.707691008019
scene_0016,35.48387096774192,-35.483870967741936,0,-91.56565776985329,-91.61805713948885,-91.52859578323857,-91.826706,-91.8488548965024
scene_0016,41.935483870967744,-35.483870967741936,0,-91.82318566123534,-91.87787060063492,-91.80689032974516,-91.979294,-91.99351989587373
scene_0016,48.38709677419354,-35.483870967741936,0,-92.14348283995696,-92.19792812421458,-92.14440550388116,-92.164536,-92.17438426818941
scene_0016,54.83870967741933,-35.483870967741936,0,-92.52694642504278,-92.57867594974486,-92.54056307052032,-92.414154,-92.42323821786147
scene_0016,61.29032258064515,-35.483870967741936,0,-92.97344785992472,-93.0201722258389,-92.99425132660993,-92.75307,-92.77391741985161
scene_0016,67.74193548387095,-35.483870967741936,0,-93.48228378190448,-93.52204688704921,-93.50375271097428,-93.19687,-93.24659832444038
scene_0016,74.19354838709677,-35.483870967741936,0,-94.05208415285232,-94.08342552936006,-94.06662807835832,-93.75114,-93.83653074052464
scene_0016,80.64516129032256,-35.483870967741936,0,-94.68066540568444,-94.70280458584368,-94.67955081071318,-94.40895,-94.51004615674664
scene_0016,87.09677419354838,-35.483870967741936,0,-95.36481649332151,-95.37786300620195,-95.33808713543941,-95.14732,-95.19649639179437
scene_0016,93.54838709677418,-35.483870967741936,1,-96.10000799254188,-96.10519401075419,-96.03642644588754,-96.08894,-96.08894056971879
scene_0016,100.0,-35.483870967741936,0,-96.8800220886391,-96.87994156381544,-96.76708030549904,-96.69321,-96.23064493543691
scene_0016,-100.0,-29.032258064516128,1,-97.82538784615312,-97.7606023970346,-97.46610577270788,-97.62352,-97.62351655779143
scene_0016,-93.54838709677419,-29.032258064516128,0,-96.88410293861709,-96.82734920572844,-96.56757505336554,-96.85701,-96.99478030807704
scene_0016,-87.09677419354838,-29.032258064516128,0,-96.03530972156477,-95.98749400830242,-95.75853055644657,-96.04494,-96.27469054970794
scene_0016,-80.64516129032259,-29.032258064516128,0,-95.27785174736685,-95.23765102617197,-95.03573586033438,-95.27783,-95.47171911840893
scene_0016,-74.19354838709677,-29.032258064516128,0,-94.60595142262788,-94.57098851688797,-94.39201245796171,-94.57764,-94.68490338173535
scene_0016,-67.74193548387098,-29.032258064516128,1,-94.01154422966388,-93.97927228840143,-93.81864526509779,-93.75835,-93.75834228357849
scene_0016,-61.29032258064517,-29.032258064516128,0,-93.48582401126437,-93.45415119074458,-93.30695045055245,-93.4073,-93.42517128974134
scene_0016,-54.83870967741936,-29.032258064516128,0,-93.02031113592916,-92.98798971499079,-92.84929871978748,-92.93167,-92.94692385140822
scene_0016,-48.38709677419355,-29.032258064516128,1,-92.6076073600311,-92.57440252470008,-92.43973879407466,-92.46533,-92.46533094746735
scene_0016,-41.935483870967744,-29.032258064516128,1,-92.24190092337025,-92.20855902114124,-92.07428728114657,-92.10891,-92.10891070169782
scene_0016,-35.483870967741936,-29.032258064516128,1,-91.91923588731706,-91.88728864597928,-91.75093064886207,-92.18407,-92.1840658769024
scene_0016,-29.032258064516128,-29.032258064516128,0,-91.63755211036718,-91.6090125719178,-91.46939787203212,-91.60193,-91.59905925685196
scene_0016,-22.580645161290334,-29.032258064516128,0,-91.39652120781489,-91.37353813457956,-91.23078231817303,-91.387634,-91.24748633694735
scene_0016,-16.129032258064527,-29.032258064516128,0,-91.19723044657341,-91.1817645384877,-91.0370996364698,-91.216354,-90.99435245992068
scene_0016,-9.677419354838719,-29.032258064516128,0,-91.04178425182609,-91.03535279270292,-90.89085830722732,-91.090004,-90.88580655354778
scene_0016,-3.225806451612911,-29.032258064516128,0,-90.9328935824941,-90.93640680855347,-90.79469570736228,-91.01393,-90.90743688359355
scene_0016,3.225806451612897,-29.032258064516128,0,-90.87350833937674,-90.88719883969105,-90.75110467710195,-90.99682,-90.95277609661454
scene_0016,9.677419354838705,-29.032258064516128,0,-90.86652486767157,-90.88995608099331,-90.762252019644,-91.04758,-91.00157270060363
scene_0016,16.129032258064512,-29.032258064516128,0,-90.91457794183182,-90.9467108296863,-90.82987518581638,-91.16677,-91.11169561703235
scene_0016,22.58064516129032,-29.032258064516128,0,-91.01990980926985,-91.05920660775107,-90.95523655664988,-91.33732,-91.31463995867523
scene_0016,29.032258064516128,-29.032258064516128,0,-91.18429947946665,-91.22884737401561,-91.13911395808688,-91.52871,-91.54283777693401
scene_0016,35.48387096774192,-29.032258064516128,0,-91.4090323000477,-91.4566754082758,-91.38180858606634,-91.718765,-91.74151629000632
scene_0016,41.935483870967744,-29.032258064516128,0,-91.69489069701868,-91.74336417544703,-91.68315521000602,-91.91072,-91.92812219907125
scene_0016,48.38709677419354,-29.032258064516128,0,-92.04214962107953,-92.08921416892048,-92.04252303382705,-92.12864,-92.1397237088899
scene_0016,54.83870967741933,-29.032258064516128,0,-92.45056323325754,-92.49414147193404,-92.45879834527929,-92.40233,-92.39516284368693
scene_0016,61.29032258064515,-29.032258064516128,0,-92.91933189430345,-92.95765004837376,-92.93034201735752,-92.75726,-92.74682141937046
scene_0016,67.74193548387095,-29.032258064516128,0,-93.44704039179545,-93.4787793870899,-93.45491632695527,-93.21107,-93.22967283479258
scene_0016,74.19354838709677,-29.032258064516128,1,-94.03155979252372,-94.0560191351008,-94.02957698181237,-93.80723,-93.80723330942801
scene_0016,80.64516129032256,-29.032258064516128,0,-94.66990698473032,-94.68718206807188,-94.6505285400396,-94.43315,-94.55462519195542
scene_0016,87.09677419354838,-29.032258064516128,0,-95.358058952141,-95.3692267985274,-95.31294576283743,-95.17433,-95.25824666726812
scene_0016,93.54838709677418,-29.032258064516128,1,-96.09072471007714,-96.09802319071152,-96.01077142733266,-95.41584,-95.41584328128269
scene_0016,100.0,-29.032258064516128,0,-96.86108878087762,-96.86805856320058,-96.73651444857684,-96.72486,-96.38925958480714
scene_0016,-100.0,-22.580645161290334,0,-97.40689818873858,-97.3401827281519,-97.14133182785318,-97.12674,-96.92261841006544
scene_0016,-93.54838709677419,-22.580645161290334,0,-96.48093760321697,-96.4235851780741,-96.26483147092885,-96.34204,-96.48694272003212
scene_0016,-87.09677419354838,-22.580645161290334,0,-95.64762074788962,-95.59951347806788,-95.47368015872321,-95.56897,-95.86714675009719
scene_0016,-80.64516129032259,-22.580645161290334,0,-94.90418405209408,-94.86347314654765,-94.76417266035139,-94.83844,-95.1660701965591
scene_0016,-74.19354838709677,-22.580645161290334,0,-94.24412057508215,-94.20829410309041,-94.12932928260238,-94.171326,-94.46811916437704
scene_0016,-67.74193548387098,-22.580645161290334,1,-93.65926738322459,-93.6259202271857,-93.56111971268065,-94.00246,-94.00245783102869
scene_0016,-61.29032258064517,-22.580645161290334,0,-93.14118309999161,-93.1085266391353,-93.05189215743765,-93.0553,-93.2089013608973
scene_0016,-54.83870967741936,-22.580645161290334,0,-92.68208264344611,-92.64922202089076,-92.59525712314505,-92.60129,-92.655363187572
scene_0016,-48.38709677419355,-22.580645161290334,0,-92.27546323232812,-92.24246578830041,-92.18655851558957,-92.207886,-92.17247825061963
scene_0016,-41.935483870967744,-22.580645161290334,0,-91.91647565377119,-91.8842624390112,-91.82301092002483,-91.868454,-91.78677333720418
scene_0016,-35.483870967741936,-22.580645161290334,1,-91.60206268117071,-91.57217032464169,-91.50357336627549,-91.45325,-91.45325027234966
scene_0016,-29.032258064516128,-22.580645161290334,0,-91.3308885392474,-91.30516134457606,-91.2286402536818,-91.33145,-91.20449342332353
scene_0016,-22.580645161290334,-22.580645161290334,0,-91.10310175487527,-91.08337594177833,-90.99963726832378,-91.12784,-90.95836430514764
scene_0016,-16.129032258064527,-22.580645161290334,0,-90.91999154352165,-90.90782302369792,-90.81860303739893,-90.96669,-90.78331648893791
scene_0016,-9.677419354838719,-22.580645161290334,0,-90.78360382909511,-90.78007170062905,-90.68781658475379,-90.85082,-90.70195548754111
scene_0016,-3.225806451612911,-22.580645161290334,0,-90.69637447159434,-90.70197131335037,-90.60950393875933,-90.78689,-90.6998130389482
scene_0016,3.225806451612897,-22.580645161290334,0,-90.66081878877598,-90.67542178795998,-90.58563275512093,-90.785385,-90.73107261145145
scene_0016,9.677419354838705,-22.580645161290334,0,-90.67929530437014,-90.7022021910359,-90.6177865372735,-90.85723,-90.78352795683189
scene_0016,16.129032258064512,-22.580645161290334,1,-90.7538438545083,-90.78385441390697,-90.70710097103911,-90.72902,-90.72901935836315
scene_0016,22.58064516129032,-22.580645161290334,0,-90.88608659773533,-90.92161223611897,-90.85424240626564,-91.20998,-91.16920856760427
scene_0016,29.032258064516128,-22.580645161290334,0,-91.07717508510952,-91.11636316955598,-91.05941008417133,-91.44103,-91.45784453829306
scene_0016,35.48387096774192,-22.580645161290334,0,-91.327765747724,-91.36863031788525,-91.32234707296917,-91.67204,-91.69523052802367
scene_0016,41.935483870967744,-22.580645161290334,1,-91.63800799217724,-91.67856277790322,-91.6423485310755,-91.81914,-91.81913417215937
scene_0016,48.38709677419354,-22.580645161290334,1,-92.00753198339207,-92.04592490626622,-92.01825910332008,-92.24133,-92.24133651896608
scene_0016,54.83870967741933,-22.580645161290334,0,-92.43542618194866,-92.47007648946342,-92.44845375474193,-92.44671,-92.39274155354369
scene_0016,61.29032258064515,-22.580645161290334,0,-92.92019740839353,-92.94993722823318,-92.93079828749694,-92.815155,-92.75309481478031
scene_0016,67.74193548387095,-22.580645161290334,0,-93.45970868548076,-93.48392997658391,-93.46258750425395,-93.27583,-93.25891567615159
scene_0016,74.19354838709677,-22.580645161290334,0,-94.05109272574379,-94.06989805807382,-94.04046094806274,-93.83858,-93.91182715162518
scene_0016,80.64516129032256,-22.580645161290334,0,-94.69064226647332,-94.70499310473156,-94.66029894064,-94.49994,-94.68296352258541
scene_0016,87.09677419354838,-22.580645161290334,0,-95.37368320905884,-95.38553182901174,-95.31710589587763,-95.23927,-95.45517671247835
scene_0016,93.54838709677418,-22.580645161290334,0,-96.09444334505872,-96.10682380264444,-96.00489417186978,-96.01781,-96.12365794254262
scene_0016,100.0,-22.580645161290334,1,-96.8459385798004,-96.86297877524387,-96.71659023151864,-96.92979,-96.92978634492968
scene_0016,-100.0,-16.129032258064527,0,-97.03802501643368,-96.9719350889716,-96.86216722794099,-96.65908,-96.39035554908554
scene_0016,-93.54838709677419,-16.129032258064527,0,-96.13206953243994,-96.07592622603518,-96.00934756215844,-95.910675,-96.00515350728787
scene_0016,-87.09677419354838,-16.129032258064527,0,-95.3171508570278,-95.2701547339033,-95.23701986170255,-95.173195,-95.47513040020226
scene_0016,-80.64516129032259,-16.129032258064527,0,-94.58966704049153,-94.54969224151668,-94.54166527688308,-94.476074,-94.8612828687201
scene_0016,-74.19354838709677,-16.129032258064527,0,-93.94294040577245,-93.90749108538381,-93.91697885451097,-93.83917,-94.23500014054851
scene_0016,-67.74193548387098,-16.129032258064527,0,-93.36909912535525,-93.33597156958248,-93.35592055795428,-93.27139,-93.62871805473007
scene_0016,-61.29032258064517,-16.129032258064527,0,-92.86031347869717,-92.82800316544942,-92.85200604821168,-92.77284,-93.02925936857291
scene_0016,-54.83870967741936,-16.129032258064527,0,-92.4096120737857,-92.37749753218893,-92.40005590667113,-92.33865,-92.4509314655003
scene_0016,-48.38709677419355,-16.129032258064527,0,-92.01139173019298,-91.97972714175144,-91.99653523879748,-91.96222,-91.91841502668257
scene_0016,-41.935483870967744,-16.129032258064527,0,-91.66167367982752,-91.63143156997037,-91.6395783833633,-91.63733,-91.45944760074866
scene_0016,-35.483870967741936,-16.129032258064527,0,-91.35813909054029,-91.33075611036315,-91.32878732167677,-91.35898,-91.10930393015306
scene_0016,-29.032258064516128,-16.129032258064527,0,-91.09998256983005,-91.07706704288023,-91.06489433669896,-91.123726,-90.88888983861648
scene_0016,-22.580645161290334,-16.129032258064527,0,-90.88763615387145,-90.87069125649784,-90.84937403609595,-90.929855,-90.74166583531391
scene_0016,-16.129032258064527,-16.129032258064527,0,-90.7224249002809,-90.71262700602732,-90.68407270798417,-90.77783,-90.63453989405112
scene_0016,-9.677419354838719,-16.129032258064527,0,-90.60621226320356,-90.60426505095803,-90.57089835754665,-90.671295,-90.57369654127554
scene_0016,-3.225806451612911,-16.129032258064527,0,-90.54107993463717,-90.54714712005881,-90.51158993722902,-90.618,-90.5642041391113
scene_0016,3.225806451612897,-16.129032258064527,0,-90.52906817431989,-90.54277513882784,-90.50756488072929,-90.629944,-90.601191358417
scene_0016,9.677419354838705,-16.129032258064527,0,-90.57198473473244,-90.59247309237412,-90.55983228149668,-90.71979,-90.68732647942838
scene_0016,16.129032258064512,-16.129032258064527,0,-90.67127715433797,-90.69729542786669,-90.66895422040808,-90.890884,-90.85541663016198
scene_0016,22.58064516129032,-16.129032258064527,0,-90.82795558588339,-90.85797168860995,-90.83503773485342,-91.12594,-91.12991875225248
scene_0016,29.032258064516128,-16.129032258064527,1,-91.04255065222134,-91.07487584470084,-91.0577424991288,-91.55441,-91.55441490966851
scene_0016,35.48387096774192,-16.129032258064527,0,-91.315091472879,-91.34800946456195,-91.33629276774799,-91.65615,-91.70205423235319
scene_0016,41.935483870967744,-16.129032258064527,0,-91.64509141829144,-91.6769894942557,-91.66948552898359,-91.91811,-91.94306244079952
scene_0016,48.38709677419354,-16.129032258064527,0,-92.03153221749169,-92.06103331185614,-92.05568970664729,-92.19298,-92.18884022469923
scene_0016,54.83870967741933,-16.129032258064527,1,-92.47284018574094,-92.49893555054201,-92.49283358737858,-92.23465,-92.23465176654054
scene_0016,61.29032258064515,-16.129032258064527,1,-92.96685139079237,-92.98903283861384,-92.9783795932149,-92.78674,-92.78673845604109
scene_0016,67.74193548387095,-16.129032258064527,0,-93.51076565095327,-93.52915416849703,-93.50928730225348,-93.350494,-93.33842783542264
scene_0016,74.19354838709677,-16.129032258064527,1,-94.10109258196081,-94.11655627642853,-94.08196748554069,-93.91511,-93.9151094564929
scene_0016,80.64516129032256,-16.129032258064527,0,-94.73359666568165,-94.74784544862345,-94.6922320590182,-94.57251,-94.81189265400002
scene_0016,87.09677419354838,-16.129032258064527,1,-95.4032524460422,-95.41888982912937,-95.33524729755922,-95.7914,-95.79139857117922
scene_0016,93.54838709677418,-16.129032258064527,1,-96.10422492994121,-96.12472975892841,-96.00550025033145,-96.361626,-96.36162498513909
scene_0016,100.0,-16.129032258064527,0,-96.82989281818533,-96.85949785034877,-96.69679052756479,-96.84523,-96.69175258301509
scene_0016,-100.0,-9.677419354838719,0,-96.72203294111229,-96.65846242975304,-96.62929808754905,-96.30452,-95.95580962049793
scene_0016,-93.54838709677419,-9.677419354838719,1,-95.83979872499414,-95.78622013403601,-95.80152091337153,-95.53462,-95.53462453254745
scene_0016,-87.09677419354838,-9.677419354838719,0,-95.04567602410194,-95.00088839271103,-95.04902844471879,-94.87767,-95.12143881502689
scene_0016,-80.64516129032259,-9.677419354838719,0,-94.33585092998484,-94.29763499272646,-94.36899612842285,-94.207985,-94.5447732644525
scene_0016,-74.19354838709677,-9.677419354838719,0,-93.70391409274876,-93.66988384378287,-93.75612600236474,-93.595924,-93.9590611943474
scene_0016,-67.74193548387098,-9.677419354838719,0,-93.14257324980974,-93.11074250766966,-93.20453420484063,-93.05001,-93.40308235520695
scene_0016,-61.29032258064517,-9.677419354838719,0,-92.64477117958627,-92.61387446178104,-92.7089137171962,-92.570404,-92.85708453011118
scene_0016,-54.83870967741936,-9.677419354838719,0,-92.20439937702791,-92.17400319389753,-92.26516964171041,-92.152466,-92.30966199756483
scene_0016,-48.38709677419355,-9.677419354838719,0,-91.81670885328985,-91.7871525026375,-91.87066224810462,-91.78995,-91.77733124093083
scene_0016,-41.935483870967744,-9.677419354838719,0,-91.4784742435661,-91.45068752418324,-91.52416479488355,-91.47696,-91.29824558811887
scene_0016,-35.483870967741936,-9.677419354838719,1,-91.18795527644032,-91.1632075190297,-91.22563386830129,-90.653854,-90.65385489580902
scene_0016,-29.032258064516128,-9.677419354838719,0,-90.94470474698508,-90.9243392848842,-90.97588268088005,-90.98245,-90.73992657474443
scene_0016,-22.580645161290334,-9.677419354838719,0,-90.74927976414546,-90.73447869962875,-90.77623330449724,-90.79645,-90.63253212158159
scene_0016,-16.129032258064527,-9.677419354838719,0,-90.60291378556292,-90.594522270466,-90.62820198509235,-90.65175,-90.54119190276957
scene_0016,-9.677419354838719,-9.677419354838719,0,-90.5071982079237,-90.50562030246908,-90.53324749667883,-90.55257,-90.47399677809794
scene_0016,-3.225806451612911,-9.677419354838719,0,-90.46380685260922,-90.46897077621614,-90.49259148970182,-90.507515,-90.4569763692011
scene_0016,3.225806451612897,-9.677419354838719,0,-90.47427959826287,-90.48566119011124,-90.50710521322209,-90.529755,-90.51637627372128
scene_0016,9.677419354838705,-9.677419354838719,0,-90.53986696953373,-90.55655654558669,-90.5772492828435,-90.63324,-90.65401664616275
scene_0016,16.129032258064512,-9.677419354838719,0,-90.66142786358543,-90.68222606274674,-90.7030509208122,-90.8223,-90.86158736514493
scene_0016,22.58064516129032,-9.677419354838719,0,-90.839367899858,-90.86289877589547,-90.88410428997838,-91.07962,-91.1314731167617
scene_0016,29.032258064516128,-9.677419354838719,1,-91.07360502313477,-91.09843801094037,-91.11958238715474,-91.36301,-91.36300624699176
scene_0016,35.48387096774192,-9.677419354838719,0,-91.36355055247478,-91.38832596254375,-91.40825223070492,-91.66098,-91.71908469097335
scene_0016,41.935483870967744,-9.677419354838719,0,-91.708096646645,-91.7316514360032,-91.74848811178137,-91.94679,-92.00071325653855
scene_0016,48.38709677419354,-9.677419354838719,0,-92.10560436987913,-92.12709583926181,-92.13828022618975,-92.24071,-92.28985656473827
scene_0016,54.83870967741933,-9.677419354838719,1,-92.5538898023794,-92.57291449024356,-92.57523804483486,-92.80147,-92.8014649172778
scene_0016,61.29032258064515,-9.677419354838719,0,-93.05020881748938,-93.06691219866215,-93.05658938809628,-92.95271,-92.96387259032359
scene_0016,67.74193548387095,-9.677419354838719,0,-93.59124420238183,-93.6064139290008,-93.57917741263962,-93.419716,-93.4521714241069
scene_0016,74.19354838709677,-9.677419354838719,0,-94.17310161588729,-94.18823319480516,-94.13945860275545,-93.98126,-94.09120078017153
scene_0016,80.64516129032256,-9.677419354838719,0,-94.79132310860334,-94.8086426375675,-94.73350528881414,-94.6367,-94.84938123279736
scene_0016,87.09677419354838,-9.677419354838719,0,-95.44092788020443,-95.46335280892552,-95.357015996301,-95.36751,-95.6064462282367
scene_0016,93.54838709677418,-9.677419354838719,0,-96.11648855796369,-96.14750607258757,-96.00533579799688,-96.136475,-96.21143028098862
scene_0016,100.0,-9.677419354838719,0,-96.8122463302155,-96.8556920895019,-96.67348657108766,-96.89437,-96.5860124629699
scene_0016,-100.0,-3.225806451612911,0,-96.46034115090879,-96.40069847626314,-96.44292240815636,-96.05737,-95.64017681346127
scene_0016,-93.54838709677419,-3.225806451612911,0,-95.60498012047921,-95.55500185161839,-95.64152192461697,-95.3633,-95.29401484430794
scene_0016,-87.09677419354838,-3.225806451612911,1,-94.83381729470318,-94.79211873749225,-94.9100435291542,-94.98932,-94.98932180350803
scene_0016,-80.64516129032259,-3.225806451612911,0,-94.14331914923955,-94.10771663057406,-94.2467261085014,-94.03197,-94.223500613785
scene_0016,-74.19354838709677,-3.225806451612911,0,-93.52767883907538,-93.49594755848743,-93.64748770241496,-93.440315,-93.67476774425064
scene_0016,-67.74193548387098,-3.225806451612911,0,-92.98038799174954,-92.95074807531245,-93.10766139261182,-92.912384,-93.1877741437329
scene_0016,-61.29032258064517,-3.225806451612911,0,-92.49525568931104,-92.46662509910905,-92.62304930286203,-92.44835,-92.71640987983113
scene_0016,-54.83870967741936,-3.225806451612911,1,-92.067036396886,-92.03909052666802,-92.19047406216751,-92.27579,-92.27579180852453
scene_0016,-48.38709677419355,-3.225806451612911,1,-91.69176130887188,-91.66484343866573,-91.80796445236327,-91.68243,-91.68242460181958
scene_0016,-41.935483870967744,-3.225806451612911,1,-91.36683457501971,-91.34176740361855,-91.47468797431237,-91.403244,-91.40324908788361
scene_0016,-35.483870967741936,-3.225806451612911,0,-91.09094741002147,-91.06879833268093,-91.19072912774146,-91.12962,-91.00045717327089
scene_0016,-29.032258064516128,-3.225806451612911,0,-90.8638653220101,-90.84571341379669,-90.95679775628781,-90.91043,-90.79550625468184
scene_0016,-22.580645161290334,-3.225806451612911,0,-90.68614519809995,-90.67288621874276,-90.77393245090376,-90.73071,-90.64285943326678
scene_0016,-16.129032258064527,-3.225806451612911,0,-90.55883386746636,-90.55104429217042,-90.64324137005727,-90.59175,-90.49924817015487
scene_0016,-9.677419354838719,-3.225806451612911,1,-90.48318781665583,-90.48105410188428,-90.56570121028976,-90.42476,-90.42475349433863
scene_0016,-3.225806451612911,-3.225806451612911,0,-90.46043831454567,-90.46374644494776,-90.54201810893818,-90.45923,-90.34234536352673
scene_0016,3.225806451612897,-3.225806451612911,0,-90.49161142742852,-90.49978544898279,-90.57254350637733,-90.488846,-90.42760321299802
scene_0016,9.677419354838705,-3.225806451612911,1,-90.57740114381333,-90.58957738025791,-90.65723296930584,-90.66207,-90.66206722459563
scene_0016,16.129032258064512,-3.225806451612911,0,-90.71808710387208,-90.73321169979931,-90.79563513502404,-90.80344,-90.87021378844496
scene_0016,22.58064516129032,-3.225806451612911,0,-90.91348580451285,-90.9304256225467,-90.98689955179984,-91.07611,-91.14906659313866
scene_0016,29.032258064516128,-3.225806451612911,0,-91.162924493863,-91.180584002004,-91.22979487045156,-91.38328,-91.44263680863907
scene_0016,35.48387096774192,-3.225806451612911,0,-91.4652290765114,-91.48266791534441,-91.52273168395853,-91.6926,-91.74152254657342
scene_0016,41.935483870967744,-3.225806451612911,0,-91.81872028441663,-91.83526730084468,-91.86378683525737,-91.99457,-92.04019441594033
scene_0016,48.38709677419354,-3.225806451612911,1,-92.22121552272596,-92.23657506196116,-92.25072801831173,-92.371765,-92.37176666266336
scene_0016,54.83870967741933,-3.225806451612911,0,-92.6700368203297,-92.68438202593236,-92.6810389257515,-92.63516,-92.67409779019921
scene_0016,61.29032258064515,-3.225806451612911,0,-93.16202795551156,-93.17607393665173,-93.15194603082979,-93.02375,-93.05538748384802
scene_0016,67.74193548387095,-3.225806451612911,0,-93.6935858065556,-93.70863317691766,-93.66044829930584,-93.489975,-93.53960878629229
scene_0016,74.19354838709677,-3.225806451612911,0,-94.26071187469901,-94.27864898534912,-94.20335064176699,-94.04799,-94.13565022836582
scene_0016,80.64516129032256,-3.225806451612911,0,-94.85908915264268,-94.88234026737157,-94.77730065708855,-94.69807,-94.80625199682072
scene_0016,87.09677419354838,-3.225806451612911,1,-95.48418640156088,-95.51559427957072,-95.37882613627528,-95.505005,-95.50500474710714
scene_0016,93.54838709677418,-3.225806451612911,0,-96.13138597185878,-96.1740220162688,-96.00436795717204,-96.18475,-96.03397177912552
scene_0016,100.0,-3.225806451612911,0,-96.79612266569765,-96.85302668688202,-96.6502996680581,-96.93619,-96.41411511414121
scene_0016,-100.0,3.225806451612897,0,-96.25276191347352,-96.19811568512402,-96.30275785851977,-95.898735,-95.43367341596534
scene_0016,-93.54838709677419,3.225806451612897,0,-95.42717124161781,-95.38161060345884,-95.52919831047197,-95.2264,-95.07110954962857
scene_0016,-87.09677419354838,3.225806451612897,0,-94.68111081005146,-94.64323088611907,-94.82008464836312,-94.56354,-94.55107838759652
scene_0016,-80.64516129032259,3.225806451612897,1,-94.01169859085174,-93.97943849208117,-94.17496932669042,-93.7254,-93.7254035226072
scene_0016,-74.19354838709677,3.225806451612897,0,-93.41397474112566,-93.38529423630172,-93.59110323011258,-93.36296,-93.45408378736192
scene_0016,-67.74193548387098,3.225806451612897,0,-92.88235147469706,-92.85565234536817,-93.06503303086552,-92.85102,-93.03148366883985
scene_0016,-61.29032258064517,3.225806451612897,0,-92.4115487506895,-92.38587791336653,-92.5935700469856,-92.40083,-92.62644921677854
scene_0016,-54.83870967741936,3.225806451612897,0,-91.99715322736981,-91.97222983224329,-92.17429016753974,-92.00814,-92.2140760805301
scene_0016,-48.38709677419355,3.225806451612897,0,-91.63589038196078,-91.61200378103784,-91.80569797628775,-91.66719,-91.80757942188833
scene_0016,-41.935483870967744,3.225806451612897,1,-91.32567591822203,-91.30350481878453,-91.4871669170057,-91.453674,-91.45367976781868
scene_0016,-35.483870967741936,3.225806451612897,0,-91.06550540954792,-91.04590724434638,-91.21874984852796,-91.120186,-91.16406166290496
scene_0016,-29.032258064516128,3.225806451612897,1,-90.85523978568276,-90.83905175847578,-91.00093579150374,-91.043236,-91.04323639950479
scene_0016,-22.580645161290334,3.225806451612897,0,-90.69534070427281,-90.68322149430819,-90.83440772405993,-90.733,-90.72526159268205
scene_0016,-16.129032258064527,3.225806451612897,0,-90.5866008970739,-90.57892789578231,-90.7198350296243,-90.59885,-90.5049701532725
scene_0016,-9.677419354838719,3.225806451612897,0,-90.52990134688487,-90.52672587753591,-90.65771576328254,-90.50976,-90.31593446853674
scene_0016,-3.225806451612911,3.225806451612897,0,-90.52601282371671,-90.52706710919152,-90.64827043090196,-90.47537,-90.23576824809231
scene_0016,3.225806451612897,3.225806451612897,0,-90.57544697338025,-90.58019210033524,-90.69138094597628,-90.51016,-90.34576016976212
scene_0016,9.677419354838705,3.225806451612897,0,-90.67835356747507,-90.6860565823421,-90.78656500588662,-90.62962,-90.59010630717802
scene_0016,16.129032258064512,3.225806451612897,0,-90.83445597680006,-90.84428525942222,-90.93297588725784,-90.83927,-90.88237402031963
scene_0016,22.58064516129032,3.225806451612897,0,-91.04301572207532,-91.05414566994466,-91.12941919065253,-91.12181,-91.18300082380252
scene_0016,29.032258064516128,3.225806451612897,0,-91.30281801232513,-91.31453590381915,-91.37438028505036,-91.44005,-91.48022711509782
scene_0016,35.48387096774192,3.225806451612897,0,-91.6121724809847,-91.62398162030055,-91.66605841614789,-91.760574,-91.77537295866573
scene_0016,41.935483870967744,3.225806451612897,0,-91.9689260868948,-91.98063974396581,-92.00240526681141,-92.072464,-92.06629778705033
scene_0016,48.38709677419354,3.225806451612897,0,-92.37048781028054,-92.38230808563871,-92.3811670131508,-92.385925,-92.35625946318079
scene_0016,54.83870967741933,3.225806451612897,0,-92.81386693426586,-92.82644173533654,-92.79992953378797,-92.72336,-92.6816823848182
scene_0016,61.29032258064515,3.225806451612897,0,-93.2957279919154,-93.31017822536488,-93.2561663801761,-93.111404,-93.0978293112679
scene_0016,67.74193548387095,3.225806451612897,0,-93.81246548635488,-93.83037395334894,-93.74728840564359,-93.57384,-93.60368630383067
scene_0016,74.19354838709677,3.225806451612897,0,-94.36029986092746,-94.38365392833109,-94.27069261450926,-94.125595,-94.17111191958111
scene_0016,80.64516129032256,3.225806451612897,0,-94.93539262244542,-94.96647528060585,-94.82380591552642,-94.767746,-94.76451260544466
scene_0016,87.09677419354838,3.225806451612897,0,-95.53397303420896,-95.57520195122223,-95.404117203311,-95.48324,-95.35248622144567
scene_0016,93.54838709677418,3.225806451612897,0,-96.15246196910108,-96.20618355763638,-96.00918878491098,-96.23626,-95.89560367941448
scene_0016,100.0,3.225806451612897,0,-96.78757157718509,-96.85582599962089,-96.63663592459312,-96.97884,-96.29637874833753
scene_0016,-100.0,9.677419354838705,0,-96.09772933543256,-96.04891765436655,-96.20800674620271,-95.80952,-95.33229049571506
scene_0016,-93.54838709677419,9.677419354838705,0,-95.30476434532902,-95.2642920175508,-95.46398587068744,-95.15842,-94.96930639133384
scene_0016,-87.09677419354838,9.677419354838705,0,-94.5860670953175,-94.5526288462145,-94.77874867064712,-94.51639,-94.44448957433933
scene_0016,-80.64516129032259,9.677419354838705,1,-93.93966832624984,-93.91138398013732,-94.15331579990362,-93.840546,-93.84053974835025
scene_0016,-74.19354838709677,9.677419354838705,0,-93.36162281255176,-93.33664458243332,-93.58632841210482,-93.353165,-93.37423123149537
scene_0016,-67.74193548387098,9.677419354838705,0,-92.84734659298122,-92.8242307587625,-93.07551718971851,-92.8569,-92.96902452328338
scene_0016,-61.29032258064517,9.677419354838705,0,-92.3924809607253,-92.370357926372,-92.61860809780288,-92.42032,-92.59843157807029
scene_0016,-54.83870967741936,9.677419354838705,0,-91.99339783431638,-91.9719832243335,-92.21379920123708,-92.03931,-92.23443894378528
scene_0016,-48.38709677419355,9.677419354838705,0,-91.64743156980904,-91.62692566280325,-91.85993180361936,-91.70834,-91.88019256922111
scene_0016,-41.935483870967744,9.677419354838705,0,-91.3529058273067,-91.33382975596511,-91.55646145635167,-91.422264,-91.56105113121205
scene_0016,-35.483870967741936,9.677419354838705,0,-91.10901722052455,-91.09203042548906,-91.30331568721527,-91.17709,-91.29656724130842
scene_0016,-29.032258064516128,9.677419354838705,0,-90.91563294385486,-90.90136726845132,-91.10070545708288,-90.97032,-91.07215075468463
scene_0016,-22.580645161290334,9.677419354838705,0,-90.77305237688856,-90.76198589270552,-90.94893697507271,-90.80125,-90.84102653556505
scene_0016,-16.129032258064527,9.677419354838705,0,-90.68177159972566,-90.67415268757571,-90.84825156537735,-90.67154,-90.59709566836467
scene_0016,-9.677419354838719,9.677419354838705,0,-90.64227648963845,-90.63809836942838,-90.79870586020091,-90.58636,-90.37612942687645
scene_0016,-3.225806451612911,9.677419354838705,1,-90.65487730992066,-90.65389637889001,-90.80009380685374,-89.977295,-89.97729182459443
scene_0016,3.225806451612897,9.677419354838705,0,-90.71958760986037,-90.72137559567479,-90.85190574133145,-90.594055,-90.37892772690563
scene_0016,9.677419354838705,9.677419354838705,0,-90.83604378403699,-90.84006300751369,-90.9533171830276,-90.71763,-90.63358005607773
scene_0016,16.129032258064512,9.677419354838705,0,-91.00345863139057,-91.0091504907306,-91.10319982795573,-90.932144,-90.94098405377386
scene_0016,22.58064516129032,9.677419354838705,0,-91.22060190368867,-91.22748005071,-91.30014833480908,-91.22039,-91.25151631314706
scene_0016,29.032258064516128,9.677419354838705,0,-91.48580214505654,-91.49354304727851,-91.54251806146236,-91.544945,-91.54659867665464
scene_0016,35.48387096774192,9.677419354838705,0,-91.7969661998312,-91.80549053312112,-91.82847037356876,-91.871735,-91.84368163765453
scene_0016,41.935483870967744,9.677419354838705,0,-92.15161489783468,-92.16115345065391,-92.15602321096894,-92.188705,-92.13747149512503
scene_0016,48.38709677419354,9.677419354838705,0,-92.54693508009466,-92.55807276560861,-92.52310512963247,-92.50487,-92.42043678670923
scene_0016,54.83870967741933,9.677419354838705,1,-92.97984888809145,-92.99354042874339,-92.92761101178115,-92.58383,-92.58382540276499
scene_0016,61.29032258064515,9.677419354838705,0,-93.4471007780701,-93.46465214316399,-93.36745709841549,-93.22592,-93.18782271290527
scene_0016,67.74193548387095,9.677419354838705,0,-93.94536082803523,-93.96837209092787,-93.84063203873791,-93.68143,-93.71402322106084
scene_0016,74.19354838709677,9.677419354838705,0,-94.47133957518673,-94.50160791769788,-94.34523939688015,-94.22382,-94.2748694937883
scene_0016,80.64516129032256,9.677419354838705,0,-95.02190517722825,-95.06129140000078,-94.87952565240542,-94.854805,-94.83778398806405
scene_0016,87.09677419354838,9.677419354838705,1,-95.5941888515651,-95.64445655268834,-95.4418863122419,-95.093376,-95.09337841178026
scene_0016,93.54838709677418,9.677419354838705,0,-96.18566036855347,-96.24830296599079,-96.03084141128565,-96.29856,-95.91954391740272
scene_0016,100.0,9.677419354838705,0,-96.79415300610933,-96.87022861927278,-96.64497044837904,-97.029106,-96.31732500984273
scene_0016,-100.0,16.129032258064512,0,-95.99252934806081,-95.95023395651947,-96.15730225853181,-95.77504,-95.3100836400688
scene_0016,-93.54838709677419,16.129032258064512,0,-95.23512194288597,-95.20030653051458,-95.44484934455099,-95.14618,-94.97524315617228
scene_0016,-87.09677419354838,16.129032258064512,0,-94.5462404187859,-94.51778525047908,-94.7851939130029,-94.525986,-94.46449716719515
scene_0016,-80.64516129032259,16.129032258064512,0,-93.9249871008356,-93.90123200391412,-94.18090340547809,-93.93905,-93.89815057699803
scene_0016,-74.19354838709677,16.129032258064512,0,-93.36853100557649,-93.34782284240563,-93.63203379331246,-93.40196,-93.39820410507919
scene_0016,-67.74193548387098,16.129032258064512,0,-92.87333240103328,-92.8543600160263,-93.13747241795306,-92.9222,-92.98443055564502
scene_0016,-61.29032258064517,16.129032258064512,0,-92.4359417455999,-92.41788718541271,-92.6957957541139,-92.49997,-92.62249679444581
scene_0016,-54.83870967741936,16.129032258064512,0,-92.05346392028673,-92.03601079229327,-92.30574381848282,-92.13132,-92.28227222473325
scene_0016,-48.38709677419355,16.129032258064512,0,-91.72376573899231,-91.70701034308026,-91.96641815037106,-91.81093,-91.95459298874684
scene_0016,-41.935483870967744,16.129032258064512,0,-91.44549479742544,-91.42980524243416,-91.67729843607754,-91.53389,-91.65459191310269
scene_0016,-35.483870967741936,16.129032258064512,0,-91.21797122515889,-91.20383423955674,-91.43815561627125,-91.29639,-91.40277470332484
scene_0016,-29.032258064516128,16.129032258064512,0,-91.04100719056345,-91.02889273152151,-91.2489203955628,-91.096085,-91.20175781870343
scene_0016,-22.580645161290334,16.129032258064512,0,-90.91469966068635,-90.90496188337784,-91.10954749429382,-90.93243,-91.01390801473529
scene_0016,-16.129032258064527,16.129032258064512,1,-90.83923005369932,-90.83205220443037,-91.01989957681192,-90.735,-90.73499741024443
scene_0016,-9.677419354838719,16.129032258064512,0,-90.81469187245281,-90.81007404443505,-90.97966191398143,-90.72577,-90.65921674019351
scene_0016,-3.225806451612911,16.129032258064512,1,-90.84095631386893,-90.83873948517736,-90.98828999248853,-90.55542,-90.55541751638039
scene_0016,3.225806451612897,16.129032258064512,0,-90.9175776401108,-90.91749475677446,-91.04498713920086,-90.73927,-90.62655836292078
scene_0016,9.677419354838705,16.129032258064512,0,-91.04373517709067,-91.04547945529401,-91.14870693918161,-90.86531,-90.81128233647433
scene_0016,16.129032258064512,16.129032258064512,0,-91.21820675880463,-91.22150794502622,-91.29817479633627,-91.08226,-91.08671678959142
scene_0016,22.58064516129032,16.129032258064512,1,-91.43936842627645,-91.44406872808557,-91.49192353345919,-91.45915,-91.45915138213626
scene_0016,29.032258064516128,16.129032258064512,0,-91.70521630158831,-91.71133863140255,-91.72833880077924,-91.70037,-91.66551088507353
scene_0016,35.48387096774192,16.129032258064512,0,-92.01340798728681,-92.02120989180706,-92.00571084775811,-92.02962,-91.98331409912615
scene_0016,41.935483870967744,16.129032258064512,0,-92.36132196346776,-92.3713292355856,-92.32228970091184,-92.34796,-92.31032274073868
scene_0016,48.38709677419354,16.129032258064512,0,-92.7461338213146,-92.75914857477132,-92.6763409151033,-92.66333,-92.61926108315484
scene_0016,54.83870967741933,16.129032258064512,0,-93.16490750835312,-93.18198678640998,-93.06619885672292,-92.99646,-92.96080511669153
scene_0016,61.29032258064515,16.129032258064512,0,-93.61469798759308,-93.63710109470773,-93.49031401879682,-93.373604,-93.39748221909966
scene_0016,67.74193548387095,16.129032258064512,0,-94.09265899071166,-94.12176483995242,-93.94729026431907,-93.81903,-93.91287285950273
scene_0016,74.19354838709677,16.129032258064512,0,-94.59614631016905,-94.63334603968212,-94.43590723490274,-94.348724,-94.47145708187719
scene_0016,80.64516129032256,16.129032258064512,0,-95.12280400848559,-95.16937844444666,-94.9551224902258,-94.965,-95.05247839114658
scene_0016,87.09677419354838,16.129032258064512,1,-95.6706188169167,-95.7276142293523,-95.50404722911709,-95.84838,-95.84837949584191
scene_0016,93.54838709677418,16.129032258064512,0,-96.23792751610851,-96.30604557254327,-96.08188857179256,-96.37648,-96.12003537327223
scene_0016,100.0,16.129032258064512,0,-96.82336352255184,-96.90288160634236,-96.68785018186722,-97.09131,-96.47749078366873
scene_0016,-100.0,22.58064516129032,0,-95.93355278943005,-95.89834298780019,-96.1486362301094,-95.78516,-95.29492290545605
scene_0016,-93.54838709677419,22.58064516129032,1,-95.2147407323916,-95.18607044922321,-95.47023458081397,-95.1743,-95.17430110521858
scene_0016,-87.09677419354838,22.58064516129032,0,-94.55833281272533,-94.53532763586017,-94.83817015996166,-94.58406,-94.48976500181467
scene_0016,-80.64516129032259,22.58064516129032,0,-93.96456241911828,-93.945810601874,-94.25656840792081,-94.019516,-93.93978728909235
scene_0016,-74.19354838709677,22.58064516129032,0,-93.43174891554939,-93.41579523990974,-93.72690639882697,-93.50279,-93.45182628995111
scene_0016,-67.74193548387098,22.58064516129032,0,-92.95740076605637,-92.94305456876208,-93.24921874998162,-93.04108,-93.0416305210241
scene_0016,-61.29032258064517,22.58064516129032,0,-92.5389501738866,-92.52542873116974,-92.82291130289393,-92.63457,-92.6809917174694
scene_0016,-54.83870967741936,22.58064516129032,1,-92.17418419058868,-92.16112818509524,-92.44724376444269,-92.389725,-92.38973046821378
scene_0016,-48.38709677419355,22.58064516129032,0,-91.86143978543087,-91.84884304239009,-92.12156552228578,-91.970764,-92.04177209144076
scene_0016,-41.935483870967744,22.58064516129032,0,-91.59962695046217,-91.58772157383652,-91.84538565707439,-91.703674,-91.76676248014188
scene_0016,-35.483870967741936,22.58064516129032,1,-91.38813861552423,-91.37727058504368,-91.61834499862402,-91.41821,-91.41820774688752
scene_0016,-29.032258064516128,22.58064516129032,0,-91.226698554117,-91.21721946580959,-91.44014178596116,-91.28143,-91.36743568051953
scene_0016,-22.580645161290334,22.58064516129032,0,-91.1151882918517,-91.10737842369,-91.31044641261619,-91.12369,-91.23587289491014
scene_0016,-16.129032258064527,22.58064516129032,1,-91.05348231320463,-91.04751063688568,-91.22882678101155,-91.25363,-91.25362954302454
scene_0016,-9.677419354838719,22.58064516129032,0,-91.04130940533794,-91.03722887982698,-91.1946949614262,-90.92567,-91.06350047583814
scene_0016,-3.225806451612911,22.58064516129032,0,-91.07814842650993,-91.07592030891168,-91.20727837162076,-90.900894,-91.02559426880106
scene_0016,3.225806451612897,22.58064516129032,0,-91.16316003287645,-91.16269870729803,-91.2656141791034,-90.94408,-91.02119829965609
scene_0016,9.677419354838705,22.58064516129032,1,-91.29515199085466,-91.29638126264892,-91.3685633670589,-90.99687,-90.99687575679035
scene_0016,16.129032258064512,22.58064516129032,0,-91.47257409496714,-91.47548631439886,-91.51484011821205,-91.288895,-91.34507950891344
scene_0016,22.58064516129032,22.58064516129032,0,-91.69353858976002,-91.69824882229511,-91.70305218757547,-91.579895,-91.61658462596166
scene_0016,29.032258064516128,22.58064516129032,1,-91.95586254027563,-91.96265100983025,-91.93174826943677,-91.70086,-91.70085628533451
scene_0016,35.48387096774192,22.58064516129032,0,-92.25712913141894,-92.26646628240344,-92.19946872024587,-92.2358,-92.23519621129543
scene_0016,41.935483870967744,22.58064516129032,1,-92.59476492736553,-92.60731480025127,-92.50479623742608,-92.64212,-92.64211377481169
scene_0016,48.38709677419354,22.58064516129032,0,-92.96612943589274,-92.98272881585818,-92.84640318341623,-92.864235,-92.92583818949971
scene_0016,54.83870967741933,22.58064516129032,0,-93.36861188079432,-93.39022500454126,-93.22309221423525,-93.190765,-93.27802629325012
scene_0016,61.29032258064515,22.58064516129032,0,-93.79972810642207,-93.82737959587884,-93.63382677050078,-93.55797,-93.69237164882192
scene_0016,67.74193548387095,22.58064516129032,0,-94.25720844993803,-94.29190035741996,-94.07774784592029,-93.99019,-94.17200278032057
scene_0016,74.19354838709677,22.58064516129032,0,-94.73906577369627,-94.78168771072411,-94.55417324733392,-94.50377,-94.70255565257324
scene_0016,80.64516129032256,22.58064516129032,0,-95.24363218464575,-95.29487585145074,-95.0625752216669,-95.10161,-95.2687215705852
scene_0016,87.09677419354838,22.58064516129032,0,-95.7695536066928,-95.82984404083446,-95.60253170331562,-95.76898,-95.83414595667841
scene_0016,93.54838709677418,22.58064516129032,0,-96.31573329514447,-96.3851884324751,-96.17364533729616,-96.47279,-96.33125546693537
scene_0016,100.0,22.58064516129032,0,-96.88121821045499,-96.95964588303153,-96.77542266367286,-97.16805,-96.68479284315735
scene_0016,-100.0,29.032258064516128,0,-95.91659324612084,-95.88894701632172,-96.17925173253381,-95.83327,-95.23452978750674
scene_0016,-93.54838709677419,29.032258064516128,0,-95.23946776521302,-95.21735521217879,-95.53798134984942,-95.255295,-94.91761844874767
scene_0016,-87.09677419354838,29.032258064516128,0,-94.61835572900738,-94.60118595240704,-94.93600746638614,-94.68514,-94.44887483295113
scene_0016,-80.64516129032259,29.032258064516128,0,-94.05458209673392,-94.04121371231271,-94.37895063988846,-94.145355,-93.9487565553031
scene_0016,-74.19354838709677,29.032258064516128,0,-93.54758962505046,-93.53677314788521,-93.86969596379964,-93.651184,-93.51634705660217
scene_0016,-67.74193548387098,29.032258064516128,0,-93.09590454462152,-93.08656935579094,-93.40943521650982,-93.20947,-93.14348749394291
scene_0016,-61.29032258064517,29.032258064516128,0,-92.6978012478481,-92.68919841211469,-92.99842592986656,-92.82044,-92.78672412487155
scene_0016,-54.83870967741936,29.032258064516128,0,-92.35170275110158,-92.34343400025205,-92.63648114504062,-92.48048,-92.44882100420128
scene_0016,-48.38709677419355,29.032258064516128,0,-92.0563701816755,-92.04834025085034,-92.32324512864359,-92.184746,-92.16562294381572
scene_0016,-41.935483870967744,29.032258064516128,0,-91.81093792456812,-91.8032666904618,-92.05831839094186,-91.92878,-91.93368666465217
scene_0016,-35.483870967741936,29.032258064516128,1,-91.61484807097531,-91.60777315091903,-91.84128860192035,-91.80931,-91.80931095027631
scene_0016,-29.032258064516128,29.032258064516128,0,-91.46773067664215,-91.4615225152107,-91.67171179154614,-91.52394,-91.56881701284075
scene_0016,-22.580645161290334,29.032258064516128,0,-91.36926647076356,-91.36416861177922,-91.54907516981763,-91.37276,-91.43706193855108
scene_0016,-16.129032258064527,29.032258064516128,0,-91.31905774151875,-91.31525670052376,-91.47276130858279,-91.257645,-91.3700197920173
scene_0016,-9.677419354838719,29.032258064516128,1,-91.31652290710451,-91.31414583464124,-91.44202430020582,-91.40292,-91.40292083243375
scene_0016,-3.225806451612911,29.032258064516128,1,-91.3608220417672,-91.35995644680513,-91.45598204240486,-91.683975,-91.68398034568997
scene_0016,3.225806451612897,29.032258064516128,0,-91.4508149015711,-91.45154278368886,-91.51362468776105,-91.20689,-91.41040206522328
scene_0016,9.677419354838705,29.032258064516128,0,-91.58504963498274,-91.5874879071656,-91.61383699561136,-91.33446,-91.49254741292168
scene_0016,16.129032258064512,29.032258064516128,0,-91.76177878715181,-91.76611832386175,-91.75543125111236,-91.551125,-91.7204581536451
scene_0016,22.58064516129032,29.032258064516128,0,-91.9789986812552,-91.98553531878409,-91.93718707565354,-91.84032,-92.00897479396826
scene_0016,29.032258064516128,29.032258064516128,0,-92.23450811182713,-92.24366026911964,-92.15789448675702,-92.165085,-92.29792649311815
scene_0016,35.48387096774192,29.032258064516128,0,-92.52598201969128,-92.5382912558264,-92.41639675333482,-92.49088,-92.6146242010009
scene_0016,41.935483870967744,29.032258064516128,0,-92.85105517346085,-92.86716797851346,-92.71162982023324,-92.803566,-92.94751703076109
scene_0016,48.38709677419354,29.032258064516128,0,-93.20740983608182,-93.2280412658548,-93.04265529816638,-93.10906,-93.27849845391164
scene_0016,54.83870967741933,29.032258064516128,0,-93.59286013936622,-93.61874244806934,-93.40868421305757,-93.42641,-93.62733825195748
scene_0016,61.29032258064515,29.032258064516128,0,-94.00542477157342,-94.03724672162096,-93.80908885956529,-93.78091,-94.01396735592158
scene_0016,67.74193548387095,29.032258064516128,0,-94.44337900081891,-94.4817236599813,-94.24340015712225,-94.19685,-94.44480921335186
scene_0016,74.19354838709677,29.032258064516128,0,-94.90527732771784,-94.95056747963018,-94.71128777429078,-94.69086,-94.91832533408216
scene_0016,80.64516129032256,29.032258064516128,0,-95.38993929651944,-95.442399748342,-95.21251984010297,-95.26648,-95.42571586676476
scene_0016,87.09677419354838,29.032258064516128,0,-95.89639303942334,-95.95603796555127,-95.74689814074468,-95.90988,-95.94509029110642
scene_0016,93.54838709677418,29.032258064516128,0,-96.42377360504105,-96.49042472747959,-96.31416314054646,-96.589195,-96.44064701431245
scene_0016,100.0,29.032258064516128,1,-96.9711755906927,-97.04451378084805,-96.91386083963125,-97.07663,-97.07662603894305
scene_0016,-100.0,35.48387096774192,0,-95.93720054435991,-95.91751253583729,-96.24549260616591,-95.91508,-95.1902937505653
scene_0016,-93.54838709677419,35.48387096774192,0,-95.30478310437661,-95.28956174633885,-95.64514711480908,-95.36667,-94.86021729325711
scene_0016,-87.09677419354838,35.48387096774192,0,-94.72186359900574,-94.71081917833521,-95.07647110141703,-94.82561,-94.41580713040013
scene_0016,-80.64516129032259,35.48387096774192,0,-94.19072069432167,-94.18299833553947,-94.5464198955351,-94.31327,-93.97774922678775
scene_0016,-74.19354838709677,35.48387096774192,0,-93.71182841074797,-93.706396867029,-94.05923519977827,-93.84411,-93.6429147348437
scene_0016,-67.74193548387098,35.48387096774192,0,-93.28466412551542,-93.28058310240164,-93.61728060313796,-93.42462,-93.34651396263816
scene_0016,-61.29032258064517,35.48387096774192,0,-92.90829176247723,-92.9048573737998,-93.22171910671882,-93.05502,-93.01001781136692
scene_0016,-54.83870967741936,35.48387096774192,1,-92.58172809529917,-92.5785183618185,-92.87299549241442,-92.48833,-92.48832913787126
scene_0016,-48.38709677419355,35.48387096774192,0,-92.30412803642211,-92.30097924749026,-92.57114434546062,-92.45065,-92.37287322023985
scene_0016,-41.935483870967744,35.48387096774192,0,-92.07483498837982,-92.07178018595178,-92.31596539977568,-92.207115,-92.15485828167034
scene_0016,-35.483870967741936,35.48387096774192,0,-91.89334266945698,-91.89053871295458,-92.10710954147545,-91.99808,-91.96901442871766
scene_0016,-29.032258064516128,35.48387096774192,0,-91.75920933450146,-91.75687150930678,-91.94411202225609,-91.82172,-91.7896944164288
scene_0016,-22.580645161290334,35.48387096774192,0,-91.67195664300168,-91.6703116980612,-91.82640001187283,-91.67785,-91.62511384437364
scene_0016,-16.129032258064527,35.48387096774192,1,-91.63097575744018,-91.63023713669784,-91.75329248935259,-91.39213,-91.39212216227793
scene_0016,-9.677419354838719,35.48387096774192,0,-91.63545430557068,-91.63581800750627,-91.72400293624891,-91.499374,-91.55348059998917
scene_0016,-3.225806451612911,35.48387096774192,0,-91.68433067031467,-91.6859868201771,-91.73764972402616,-91.480316,-91.61238606705949
scene_0016,3.225806451612897,35.48387096774192,0,-91.7762770261733,-91.77943063782101,-91.79327534840897,-91.52633,-91.67594726353401
scene_0016,9.677419354838705,35.48387096774192,0,-91.90970940435699,-91.91460352437986,-91.88987339497208,-91.65346,-91.83046404089126
scene_0016,16.129032258064512,35.48387096774192,0,-92.08282131407309,-92.0897563717316,-92.02642091075555,-91.868,-92.13177559983463
scene_0016,22.58064516129032,35.48387096774192,0,-92.29363648260276,-92.30298091146635,-92.20191334363058,-92.15371,-92.48424095179942
scene_0016,29.032258064516128,35.48387096774192,0,-92.54007561580269,-92.55226447702968,-92.41539912000053,-92.474144,-92.78038239130663
scene_0016,35.48387096774192,35.48387096774192,0,-92.82003143304898,-92.83555173502045,-92.66601107547405,-92.79491,-93.04904227638187
scene_0016,41.935483870967744,35.48387096774192,0,-93.13144552334083,-93.15080908089753,-92.95299221236152,-93.10138,-93.3311202634464
scene_0016,48.38709677419354,35.48387096774192,0,-93.47237991570042,-93.49608675755923,-93.2757135512706,-93.39847,-93.63863516862466
scene_0016,54.83870967741933,35.48387096774192,0,-93.84107588555482,-93.86957316268686,-93.63368210486658,-93.70423,-93.97625522737403
scene_0016,61.29032258064515,35.48387096774192,0,-94.23599267360835,-94.2696354593165,-94.02653715913915,-94.043365,-94.33343169069886
scene_0016,67.74193548387095,35.48387096774192,0,-94.6558196298947,-94.69484066493476,-94.45403301641925,-94.44002,-94.71248936795475
scene_0016,74.19354838709677,35.48387096774192,0,-95.09945680166508,-95.14395195142171,-94.91600603316046,-94.91103,-95.11975013921267
scene_0016,80.64516129032256,35.48387096774192,0,-95.56596096442519,-95.61589590176266,-95.4123230584363,-95.4606,-95.55479492010423
scene_0016,87.09677419354838,35.48387096774192,0,-96.05445623396238,-96.10969778535063,-95.94280712536468,-96.07596,-96.0087680848153
scene_0016,93.54838709677418,35.48387096774192,1,-96.56401038550982,-96.62438332679373,-96.50713436130765,-96.334755,-96.33474872520365
scene_0016,100.0,35.48387096774192,0,-97.09347970657586,-97.1588468083017,-97.10469351879162,-97.37062,-96.83444468175145
scene_0016,-100.0,41.935483870967744,0,-95.99108123840995,-95.97966876111208,-96.34264714533484,-96.02767,-95.2486189799657
scene_0016,-93.54838709677419,41.935483870967744,0,-95.40614545096273,-95.3980692412665,-95.78774036403942,-95.51184,-94.93522155673165
scene_0016,-87.09677419354838,41.935483870967744,0,-94.86425709382685,-94.85952358403053,-95.25643981769578,-95.00284,-94.52554516325785
scene_0016,-80.64516129032259,41.935483870967744,1,-94.36841718017538,-94.3664653583,-94.75674216989715,-93.87382,-93.87381169785728
scene_0016,-74.19354838709677,41.935483870967744,0,-93.91997150438124,-93.9200023846094,-94.29411968786391,-94.07922,-93.91672373145175
scene_0016,-67.74193548387098,41.935483870967744,0,-93.51924142767308,-93.52046267226791,-93.87209598542212,-93.684296,-93.69711756663773
scene_0016,-61.29032258064517,41.935483870967744,0,-93.1660101322705,-93.1677831610056,-93.4927992393385,-93.336174,-93.3968959988128
scene_0016,-54.83870967741936,41.935483870967744,0,-92.85984578204689,-92.86174741902369,-93.15740808385382,-93.03168,-93.0272826814863
scene_0016,-48.38709677419355,41.935483870967744,0,-92.60027853196247,-92.60210048396698,-92.86647334245723,-92.76651,-92.69337244845686
scene_0016,-41.935483870967744,41.935483870967744,0,-92.38686456318449,-92.38857629836927,-92.62013167792334,-92.53676,-92.4390391885725
scene_0016,-35.483870967741936,41.935483870967744,0,-92.21917453854716,-92.22087189585649,-92.41823845037915,-92.33945,-92.245534439777
scene_0016,-29.032258064516128,41.935483870967744,0,-92.09674088236248,-92.09859670637547,-92.26044690982611,-92.172935,-92.06513695120586
scene_0016,-22.580645161290334,41.935483870967744,0,-92.01899147707013,-92.02121783645218,-92.14625581046143,-92.03717,-91.8785238387083
scene_0016,-16.129032258064527,41.935483870967744,0,-91.98518925044166,-91.98801479558092,-92.07504122866395,-91.934326,-91.75223022597945
scene_0016,-9.677419354838719,41.935483870967744,1,-91.9943894460755,-91.99805095472394,-92.04608256909026,-91.78342,-91.78341452432996
scene_0016,-3.225806451612911,41.935483870967744,1,-92.04542010063864,-92.05016445054135,-92.0585881531436,-91.66747,-91.66747156858503
scene_0016,3.225806451612897,41.935483870967744,0,-92.13688668961233,-92.14297822237623,-92.11172251596597,-91.90085,-91.9101008090762
scene_0016,9.677419354838705,41.935483870967744,1,-92.26719887377932,-92.27492705148285,-92.20463542820198,-91.99502,-91.99501705472359
scene_0016,16.129032258064512,41.935483870967744,0,-92.43461538020887,-92.44429844464133,-92.33649144606233,-92.23823,-92.49398485455299
scene_0016,22.58064516129032,41.935483870967744,1,-92.63730186511083,-92.6492835972469,-92.50649821669339,-93.15396,-93.15396301859634
scene_0016,29.032258064516128,41.935483870967744,0,-92.87339582640335,-92.88803423309301,-92.71393160614278,-92.83339,-93.20431257400833
scene_0016,35.48387096774192,41.935483870967744,0,-93.14107212085928,-93.15872073633653,-92.95815580450409,-93.14729,-93.44560020742954
scene_0016,41.935483870967744,41.935483870967744,0,-93.43860240399835,-93.4595866738286,-93.23863676831436,-93.44565,-93.6952242681113
scene_0016,48.38709677419354,41.935483870967744,1,-93.7644019499879,-93.78899464205388,-93.5549475822574,-93.93966,-93.93965909685713
scene_0016,54.83870967741933,41.935483870967744,1,-94.11705793099591,-94.1454584777668,-93.90676447332154,-94.3567,-94.35670304572683
scene_0016,61.29032258064515,41.935483870967744,0,-94.49533437833765,-94.52765733093209,-94.29385220882097,-94.34547,-94.64285262335247
scene_0016,67.74193548387095,41.935483870967744,0,-94.89815063340512,-94.93442792586224,-94.71603737357322,-94.71985,-94.9810200416768
scene_0016,74.19354838709677,41.935483870967744,0,-95.32453193530935,-95.3647324555174,-95.1731674680295,-95.164505,-95.33478599480273
scene_0016,80.64516129032256,41.935483870967744,0,-95.77353264102241,-95.81760082014,-95.66505281531505,-95.68429,-95.71225317041227
scene_0016,87.09677419354838,41.935483870967744,0,-96.24413422860592,-96.29204717659412,-96.19138683551907,-96.267555,-96.12007215806199
scene_0016,93.54838709677418,41.935483870967744,0,-96.73512162903562,-96.78696191522522,-96.75163829470395,-96.885414,-96.54191740439502
scene_0016,100.0,41.935483870967744,0,-97.2449427100397,-97.30098127755946,-97.34490670418772,-97.4978,-96.89096223439921
scene_0016,-100.0,48.38709677419354,0,-96.07451416651853,-96.07163152374723,-96.46489599713185,-96.16851,-95.44606620005803
scene_0016,-93.54838709677419,48.38709677419354,0,-95.53937448592333,-95.53863307598705,-95.96045411275134,-95.68826,-95.19197308751447
scene_0016,-87.09677419354838,48.38709677419354,0,-95.04113201338961,-95.04280207667223,-95.47146905941383,-95.2143,-94.85032660405808
scene_0016,-80.64516129032259,48.38709677419354,0,-94.58319852600171,-94.58700522278949,-95.00651807541166,-94.76531,-94.54714076555149
scene_0016,-74.19354838709677,48.38709677419354,1,-94.16756578901416,-94.17295162979167,-94.5720558319617,-94.47109,-94.47109392152413
scene_0016,-67.74193548387098,48.38709677419354,0,-93.79524661070991,-93.80158650173448,-94.17268140073388,-93.985886,-94.12834080793618
scene_0016,-61.29032258064517,48.38709677419354,1,-93.46664850520807,-93.47339354477037,-93.81151422670848,-94.02966,-94.02966566885979
scene_0016,-54.83870967741936,48.38709677419354,0,-93.18184100751574,-93.1885926614467,-93.49056070938676,-93.37721,-93.45820120261817
scene_0016,-48.38709677419355,48.38709677419354,0,-92.94071553783782,-92.94724515446093,-93.21101894854151,-93.129684,-93.07492275308137
scene_0016,-41.935483870967744,48.38709677419354,0,-92.74305706095052,-92.74929012801422,-92.97350982882863,-92.915054,-92.78036943163882
scene_0016,-35.483870967741936,48.38709677419354,0,-92.58855467024274,-92.59453794657142,-92.7782427451212,-92.73062,-92.58904520584889
scene_0016,-29.032258064516128,48.38709677419354,1,-92.47677811030188,-92.48264345916408,-92.62513134781649,-92.49924,-92.49923465664658
scene_0016,-22.580645161290334,48.38709677419354,0,-92.40714268618333,-92.41307615433568,-92.51387478419745,-92.44805,-92.24212713920663
scene_0016,-16.129032258064527,48.38709677419354,1,-92.37887864364478,-92.38509846036027,-92.4440169937087,-91.97485,-91.97484606542565
scene_0016,-9.677419354838719,48.38709677419354,0,-92.39101472598676,-92.39775819452097,-92.41499292758867,-92.29289,-92.07643661611473
scene_0016,-3.225806451612911,48.38709677419354,0,-92.44238020537969,-92.44989716848117,-92.42616720450502,-92.27992,-92.13375027853093
scene_0016,3.225806451612897,48.38709677419354,0,-92.53162559870292,-92.54017518815462,-92.47686810058086,-92.32784,-92.26015582904293
scene_0016,9.677419354838705,48.38709677419354,0,-92.65725944791639,-92.6671069156623,-92.56641795938224,-92.452255,-92.47069235723416
scene_0016,16.129032258064512,48.38709677419354,0,-92.81769672504721,-92.82910798925025,-92.69415998461051,-92.65946,-92.79434770684175
scene_0016,22.58064516129032,48.38709677419354,0,-93.01131334912557,-93.02454617077574,-92.85948077977659,-92.934006,-93.18206332392344
scene_0016,29.032258064516128,48.38709677419354,0,-93.2365007919661,-93.25179295232273,-93.06182775866526,-93.24082,-93.50636800863603
scene_0016,35.48387096774192,48.38709677419354,0,-93.4917147150643,-93.50927094535612,-93.30072052223754,-93.546234,-93.7661940050313
scene_0016,41.935483870967744,48.38709677419354,0,-93.77551200165483,-93.79549250854915,-93.57575536090756,-93.834724,-94.01912620600211
scene_0016,48.38709677419354,48.38709677419354,0,-94.0865714185975,-94.10908547972187,-93.88660209668751,-94.10908,-94.30288744024008
scene_0016,54.83870967741933,48.38709677419354,0,-94.42369441461439,-94.44880257943441,-94.23299244472003,-94.38511,-94.6218945115435
scene_0016,61.29032258064515,48.38709677419354,0,-94.78578412048637,-94.81351201568194,-94.6146988768601,-94.68601,-94.9469899638776
scene_0016,67.74193548387095,48.38709677419354,0,-95.1718022930114,-95.20216795274939,-95.03150254737244,-95.03534,-95.26645225042061
scene_0016,74.19354838709677,48.38709677419354,0,-95.5807055551879,-95.61376069037814,-95.48314813401953,-95.4504,-95.59214689549395
scene_0016,80.64516129032256,48.38709677419354,0,-96.0113636956575,-96.04724751746073,-95.96928240539609,-95.93678,-95.94379058872576
scene_0016,87.09677419354838,48.38709677419354,1,-96.46246396859085,-96.50146620073036,-96.48937191325803,-96.24671,-96.24671227892046
scene_0016,93.54838709677418,48.38709677419354,0,-96.9324063776606,-96.9750339870476,-97.04259343957091,-97.065186,-96.76027850155614
scene_0016,100.0,48.38709677419354,0,-97.41919604629771,-97.46623600391145,-97.62768882913878,-97.642105,-97.08937197547029
scene_0016,-100.0,54.83870967741933,0,-96.18473096738441,-96.19059744700513,-96.60553934604468,-96.334496,-95.75352887156686
scene_0016,-93.54838709677419,54.83870967741933,0,-95.7010235782461,-95.70778182647217,-96.15659538781924,-95.89265,-95.59026613529367
scene_0016,-87.09677419354838,54.83870967741933,1,-95.24862936063462,-95.2567487057192,-95.71543393322428,-95.23383,-95.23382892859644
scene_0016,-80.64516129032259,54.83870967741933,0,-94.83100350254458,-94.84046425729302,-95.2905769704808,-95.04319,-95.03026374331156
scene_0016,-74.19354838709677,54.83870967741933,0,-94.45049934940133,-94.46098114817524,-94.88904881158525,-94.66441,-94.77891526567811
scene_0016,-67.74193548387098,54.83870967741933,0,-94.10862068307678,-94.11967884338574,-94.5163129945729,-94.32536,-94.51474371776301
scene_0016,-61.29032258064517,54.83870967741933,0,-93.80627188930822,-93.81746971658636,-94.17642170778765,-94.0262,-94.21571125324427
scene_0016,-54.83870967741936,54.83870967741933,0,-93.5439560840244,-93.55494503984622,-93.87225218117011,-93.76423,-93.85660465230214
scene_0016,-48.38709677419355,54.83870967741933,0,-93.32190578592945,-93.33245995065083,-93.60575269566527,-93.535774,-93.48849617242817
scene_0016,-41.935483870967744,54.83870967741933,1,-93.14015223487907,-93.15016998301274,-93.37816041424753,-93.05136,-93.05135637986352
scene_0016,-35.483870967741936,54.83870967741933,0,-92.99854988695532,-93.00803655316662,-93.19017877130734,-93.16704,-93.02107938937388
scene_0016,-29.032258064516128,54.83870967741933,0,-92.89677514622537,-92.90581805975252,-93.04211569554312,-93.023056,-92.88396434699462
scene_0016,-22.580645161290334,54.83870967741933,0,-92.83431613724046,-92.84305967663066,-92.93398945440588,-92.90579,-92.7297778126948
scene_0016,-16.129032258064527,54.83870967741933,0,-92.8104658098832,-92.81909042751585,-92.86560990762132,-92.81753,-92.60771181437067
scene_0016,-9.677419354838719,54.83870967741933,0,-92.82432566545957,-92.8330319216924,-92.83664186373777,-92.76368,-92.57786517995714
scene_0016,-3.225806451612911,54.83870967741933,0,-92.87482293049017,-92.88381975540045,-92.84665547424763,-92.75397,-92.62778460293282
scene_0016,3.225806451612897,54.83870967741933,0,-92.96074052993463,-92.9702361675787,-92.89516689944561,-92.8026,-92.73404892151194
scene_0016,9.677419354838705,54.83870967741933,1,-93.0807567954547,-93.09095097200027,-92.9816711323297,-92.94982,-92.94982318177391
scene_0016,16.129032258064512,54.83870967741933,1,-93.23349037404446,-93.24456688439264,-93.10566792924404,-92.91577,-92.91577155208986
scene_0016,22.58064516129032,54.83870967741933,0,-93.41754511792487,-93.42966495517524,-93.26668121393703,-93.39433,-93.4523856030789
scene_0016,29.032258064516128,54.83870967741933,0,-93.63154969846389,-93.64484579383844,-93.46427199832975,-93.69226,-93.77090484534332
scene_0016,35.48387096774192,54.83870967741933,0,-93.87418718749629,-93.88876256887626,-93.69804469521742,-93.98776,-94.0472812267189
scene_0016,41.935483870967744,54.83870967741933,0,-94.14421079286689,-94.16014235174117,-93.96764659128458,-94.26488,-94.31496369987407
scene_0016,48.38709677419354,54.83870967741933,0,-94.44044321094901,-94.45779320393841,-94.27276012339446,-94.52527,-94.6085574619618
scene_0016,54.83870967741933,54.83870967741933,0,-94.76175852996774,-94.7805954181011,-94.61308739118918,-94.783516,-94.93500598184627
scene_0016,61.29032258064515,54.83870967741933,0,-95.10704712970801,-95.12747642549189,-94.98832599025744,-95.06189,-95.26821931170704
scene_0016,67.74193548387095,54.83870967741933,0,-95.47516543236425,-95.49736997255097,-95.39813471699146,-95.38359,-95.58346760326546
scene_0016,74.19354838709677,54.83870967741933,0,-95.86487356844876,-95.88916116422665,-95.84208694151786,-95.76611,-95.8997338494619
scene_0016,80.64516129032256,54.83870967741933,0,-96.27476500421176,-96.30161983455471,-96.31960844402087,-96.215805,-96.2570007531749
scene_0016,87.09677419354838,54.83870967741933,0,-96.70319298017705,-96.73332546312979,-96.82989526536016,-96.72357,-96.67653038305049
scene_0016,93.54838709677418,54.83870967741933,1,-97.14819933082353,-97.18258760340277,-97.37180570177753,-97.168945,-97.16894603074408
scene_0016,100.0,54.83870967741933,0,-97.6074519893545,-97.64736666311845,-97.94371917973092,-97.80224,-97.42899252720024
scene_0016,-100.0,61.29032258064515,0,-96.32020841958287,-96.33504529423502,-96.75767516301589,-96.521164,-96.08130950457232
scene_0016,-93.54838709677419,61.29032258064515,1,-95.88868927875872,-95.9031492711282,-96.3684638251412,-96.19263,-96.19262230795643
scene_0016,-87.09677419354838,61.29032258064515,0,-95.4837336009779,-95.4983853264494,-95.98055366123103,-95.724045,-95.79575719875467
scene_0016,-80.64516129032259,61.29032258064515,0,-95.1084524505693,-95.12346904588108,-95.60165033157023,-95.348694,-95.51373226904134
scene_0016,-74.19354838709677,61.29032258064515,0,-94.76523473340703,-94.78050505762167,-95.23876090994187,-95.00454,-95.20664145508292
scene_0016,-67.74193548387098,61.29032258064515,1,-94.45582955131866,-94.47108710636392,-94.89783365055659,-94.76889,-94.76888712911881
scene_0016,-61.29032258064517,61.29032258064515,0,-94.18147190882536,-94.19640583685663,-94.5836575243703,-94.424225,-94.55997608084547
scene_0016,-54.83870967741936,61.29032258064515,0,-93.94300179329434,-93.95733436996221,-94.29992300304248,-94.18573,-94.25092382020463
scene_0016,-48.38709677419355,61.29032258064515,0,-93.74095310565323,-93.75448235045788,-94.049362547865,-93.97758,-93.9609921511034
scene_0016,-41.935483870967744,61.29032258064515,1,-93.57560822717127,-93.58822213213489,-93.83391614251109,-93.70818,-93.70817971431835
scene_0016,-35.483870967741936,61.29032258064515,0,-93.4470251229837,-93.45869680546402,-93.65489123832211,-93.64113,-93.5735290088015
scene_0016,-29.032258064516128,61.29032258064515,0,-93.35504820522934,-93.36582079423862,-93.51310335117378,-93.50961,-93.44629727253232
scene_0016,-22.580645161290334,61.29032258064515,0,-93.29931391585345,-93.30928184352985,-93.40899352249578,-93.40257,-93.31418941966493
scene_0016,-16.129032258064527,61.29032258064515,0,-93.27925925871853,-93.28855010072068,-93.34272380292354,-93.32234,-93.20776702469215
scene_0016,-9.677419354838719,61.29032258064515,0,-93.29413793450072,-93.3028967936516,-93.31425377458245,-93.27429,-93.16789449157659
scene_0016,-3.225806451612911,61.29032258064515,1,-93.34304534187962,-93.35142234165515,-93.32340135959004,-93.23659,-93.23658589812487
scene_0016,3.225806451612897,61.29032258064515,0,-93.42495102983435,-93.43309181344782,-93.36989069645215,-93.317184,-93.2745973963705
scene_0016,9.677419354838705,61.29032258064515,0,-93.53873539233653,-93.54677446053755,-93.45338921422032,-93.43703,-93.40040059652767
scene_0016,16.129032258064512,61.29032258064515,1,-93.6832264640551,-93.69128349966795,-93.57353543364763,-93.64478,-93.64478020252253
scene_0016,22.58064516129032,61.29032258064515,0,-93.85723249163911,-93.86541226947685,-93.72995855207913,-93.89249,-93.82506575194759
scene_0016,29.032258064516128,61.29032258064515,0,-94.05956637897218,-94.06796323685141,-93.92229051858689,-94.18042,-94.08832886915236
scene_0016,35.48387096774192,61.29032258064515,0,-94.2890589883868,-94.29776698601273,-94.15017103605393,-94.4648,-94.34771454156525
scene_0016,41.935483870967744,61.29032258064515,0,-94.54455947043593,-94.55368920217234,-94.41324568510977,-94.729294,-94.61784548333077
scene_0016,48.38709677419354,61.29032258064515,1,-94.82492213697732,-94.83462467158392,-94.71115710033499,-94.91644,-94.9164363524158
scene_0016,54.83870967741933,61.29032258064515,1,-95.12898073737017,-95.13947836665649,-95.04352879765649,-95.24047,-95.24046906234852
scene_0016,61.29032258064515,61.29032258064515,0,-95.45551222048859,-95.46713468008038,-95.40994081632176,-95.467255,-95.62584702559897
scene_0016,67.74193548387095,61.29032258064515,0,-95.80319308130576,-95.81641674870197,-95.80989576974514,-95.759186,-95.93223782831969
scene_0016,74.19354838709677,61.29032258064515,0,-96.17055216341596,-96.18603853426036,-96.24277317692969,-96.10666,-96.23554396796027
scene_0016,80.64516129032256,61.29032258064515,0,-96.55592432251623,-96.57455291215348,-96.70776906757901,-96.51688,-96.60201754258004
scene_0016,87.09677419354838,61.29032258064515,0,-96.95740967372689,-96.98029950120701,-97.20381685319849,-96.98218,-97.05266435498532
scene_0016,93.54838709677418,61.29032258064515,0,-97.3728432573939,-97.40135639824778,-97.7294844422549,-97.47944,-97.52576440507872
scene_0016,100.0,61.29032258064515,0,-97.79977982778527,-97.83550039262951,-98.28284180478971,-97.97545,-97.86206024138505
scene_0016,-100.0,67.74193548387095,0,-96.48083719177026,-96.50489607471218,-96.9153689854246,-96.72225,-96.33931828750062
scene_0016,-93.54838709677419,67.74193548387095,0,-96.10121733042307,-96.12368468660497,-96.58836206688663,-96.36363,-96.33821207469873
scene_0016,-87.09677419354838,67.74193548387095,0,-95.74447827675041,-95.76589033245013,-96.25809725182266,-96.00943,-96.19241986329533
scene_0016,-80.64516129032259,67.74193548387095,0,-95.41302224337642,-95.4336471205729,-95.93070259593154,-95.673584,-95.94994556383456
scene_0016,-74.19354838709677,67.74193548387095,0,-95.10893277930691,-95.12880868504917,-95.61246201595739,-95.36552,-95.63583058450382
scene_0016,-67.74193548387098,67.74193548387095,0,-94.83392422121068,-94.85293578993864,-95.30925860187786,-95.08946,-95.26439308139831
scene_0016,-61.29032258064517,67.74193548387095,0,-94.5893556433556,-94.6073146284357,-95.02625078463238,-94.84554,-94.91770397221345
scene_0016,-54.83870967741936,67.74193548387095,0,-94.37626886346686,-94.39297961675747,-94.76773842381908,-94.63156,-94.65101632777188
scene_0016,-48.38709677419355,67.74193548387095,0,-94.19542616615863,-94.21072852688143,-94.53715932037633,-94.44459,-94.46393049328
scene_0016,-41.935483870967744,67.74193548387095,0,-94.04733775326706,-94.06112813272807,-94.33716159242616,-94.28197,-94.31943486941712
scene_0016,-35.483870967741936,67.74193548387095,0,-93.93227862713618,-93.94451424169776,-94.16971119569251,-94.14183,-94.20059218553891
scene_0016,-29.032258064516128,67.74193548387095,0,-93.85029942508966,-93.86099177178976,-94.036208396148,-94.02332,-94.07781033031257
scene_0016,-22.580645161290334,67.74193548387095,0,-93.80123675652713,-93.81043976241895,-93.93759852526237,-93.92693,-93.94543558861217
scene_0016,-16.129032258064527,67.74193548387095,0,-93.78472733547505,-93.79252419679644,-93.8744701165011,-93.85507,-93.83149134497144
scene_0016,-9.677419354838719,67.74193548387095,0,-93.80022797167163,-93.80671925224362,-93.84713813525926,-93.81303,-93.76906592428583
scene_0016,-3.225806451612911,67.74193548387095,0,-93.84704121446373,-93.85233566917385,-93.85571242822685,-93.810104,-93.7713166818209
scene_0016,3.225806451612897,67.74193548387095,0,-93.92434466631805,-93.92855359737683,-93.90015258236964,-93.85988,-93.83072453525506
scene_0016,9.677419354838705,67.74193548387095,0,-94.03122091317724,-94.03445658268511,-93.98031070671165,-93.97694,-93.93929485073537
scene_0016,16.129032258064512,67.74193548387095,0,-94.16668467061798,-94.1690632291396,-94.09596361048304,-94.16734,-94.09008513134896
scene_0016,22.58064516129032,67.74193548387095,0,-94.32970401914021,-94.3313533988615,-94.2468356568771,-94.41725,-94.27290217244843
scene_0016,29.032258064516128,67.74193548387095,0,-94.51921334808162,-94.5202864723356,-94.43261332031774,-94.69435,-94.47833612007526
scene_0016,35.48387096774192,67.74193548387095,0,-94.73411667673524,-94.7348100675269,-94.65295220060872,-94.96674,-94.7042394691019
scene_0016,41.935483870967744,67.74193548387095,0,-94.97328120650444,-94.97385859597549,-94.90747695022247,-95.21767,-94.96395327932743
scene_0016,48.38709677419354,67.74193548387095,0,-95.23552212914839,-95.23634201670235,-95.19577423699474,-95.44638,-95.27783116885296
scene_0016,54.83870967741933,67.74193548387095,0,-95.51958075147881,-95.5211260495655,-95.51737847432582,-95.66478,-95.64833673542209
scene_0016,61.29032258064515,67.74193548387095,1,-95.82409881017936,-95.82700586691296,-95.87174958572825,-96.13769,-96.13768179507255
scene_0016,67.74193548387095,67.74193548387095,0,-96.14759239145882,-96.1526758616398,-96.25824151551478,-96.15373,-96.2930989219994
scene_0016,74.19354838709677,67.74193548387095,0,-96.48842911624742,-96.49669848222496,-96.67605954760643,-96.46442,-96.57142614100164
scene_0016,80.64516129032256,67.74193548387095,0,-96.84481219283116,-96.8574753386533,-97.12420376524949,-96.833145,-96.93413270716583
scene_0016,87.09677419354838,67.74193548387095,0,-97.21477456375118,-97.23322382711711,-97.60139523226307,-97.25379,-97.40151512393194
scene_0016,93.54838709677418,67.74193548387095,0,-97.59618566204222,-97.62196239259544,-98.10598083611916,-97.705414,-97.93843591379544
scene_0016,100.0,67.74193548387095,0,-97.9867722207683,-98.02150721914961,-98.63581248045003,-98.15735,-98.32475948268214
scene_0016,-100.0,74.19354838709677,0,-96.66796577607292,-96.70151962306647,-97.07509468435529,-96.92992,-96.53371926347978
scene_0016,-93.54838709677419,74.19354838709677,0,-96.33879742681884,-96.36971638627219,-96.81017021674278,-96.61458,-96.5730735381243
scene_0016,-87.09677419354838,74.19354838709677,0,-96.03005152563577,-96.05868795080829,-96.53987450705776,-96.30301,-96.48586203762292
scene_0016,-80.64516129032259,74.19354838709677,0,-95.74312278807776,-95.76970999322477,-96.2681732758597,-96.007454,-96.2933697225213
scene_0016,-74.19354838709677,74.19354838709677,1,-95.47946774923597,-95.50409815690591,-95.99993360855004,-96.157166,-96.15716554888282
scene_0016,-67.74193548387098,74.19354838709677,0,-95.24047152837697,-95.26312198648426,-95.74032152923813,-95.49292,-95.61322241067973
scene_0016,-61.29032258064517,74.19354838709677,0,-95.0273769031649,-95.04795389228678,-95.49434062548626,-95.277756,-95.2412392363076
scene_0016,-54.83870967741936,74.19354838709677,0,-94.84125024669247,-94.85963552650571,-95.26653073661576,-95.088776,-95.00254566182959
scene_0016,-48.38709677419355,74.19354838709677,1,-94.68296547521261,-94.69905152566241,-95.06080933135236,-95.06142,-95.06142074572199
scene_0016,-41.935483870967744,74.19354838709677,0,-94.55319541211422,-94.56690720643734,-94.88042119664752,-94.77935,-94.87409058524807
scene_0016,-35.483870967741936,74.19354838709677,1,-94.4524066654671,-94.46371093682518,-94.72795980976066,-94.870026,-94.87002106177914
scene_0016,-29.032258064516128,74.19354838709677,0,-94.38085806385888,-94.38976345618093,-94.60542952685773,-94.54979,-94.71356022104106
scene_0016,-22.580645161290334,74.19354838709677,0,-94.33860408254274,-94.34515607967889,-94.51432609128689,-94.46428,-94.57792137353547
scene_0016,-16.129032258064527,74.19354838709677,0,-94.32550433575933,-94.32977839614966,-94.45572082699238,-94.40094,-94.44580114011727
scene_0016,-9.677419354838719,74.19354838709677,0,-94.34123902711804,-94.34333451785702,-94.43033998875926,-94.365,-94.35597194049477
scene_0016,-3.225806451612911,74.19354838709677,0,-94.38532896525939,-94.38536566249738,-94.43863494414023,-94.36554,-94.33482621640215
scene_0016,3.225806451612897,74.19354838709677,0,-94.4571578140959,-94.45527607614338,-94.48084149380202,-94.41576,-94.38654550033081
scene_0016,9.677419354838705,74.19354838709677,0,-94.5559938482092,-94.55235908434787,-94.55702814026697,-94.52986,-94.48686556973301
scene_0016,16.129032258064512,74.19354838709677,0,-94.68100863311257,-94.67582031781967,-94.66713387652588,-94.713806,-94.61752681014514
scene_0016,22.58064516129032,74.19354838709677,0,-94.83129064580824,-94.82479577760682,-94.81099636853243,-94.95427,-94.76901144162206
scene_0016,29.032258064516128,74.19354838709677,0,-95.00585274027159,-94.998363247012,-94.98837143362829,-95.22008,-94.93826384456614
scene_0016,35.48387096774192,74.19354838709677,0,-95.20363338006815,-95.19554649431292,-95.1989445803355,-95.47997,-95.13755003163129
scene_0016,41.935483870967744,74.19354838709677,0,-95.42349255412952,-95.41531262950942,-95.44233513316883,-95.71681,-95.38721753723092
scene_0016,48.38709677419354,74.19354838709677,1,-95.66420413720891,-95.65656379038862,-95.71809314751201,-95.61035,-95.61035280268169
scene_0016,54.83870967741933,74.19354838709677,0,-95.92444706278927,-95.91812497443325,-96.02568893482399,-96.12595,-96.05282012871425
scene_0016,61.29032258064515,74.19354838709677,0,-96.20279798557512,-96.19873026499008,-96.3644945698745,-96.327965,-96.39087808077375
scene_0016,67.74193548387095,74.19354838709677,0,-96.49772809365119,-96.4970099054271,-96.7337562411889,-96.55646,-96.65775495592331
scene_0016,74.19354838709677,74.19354838709677,1,-96.80760637925474,-96.81148065090883,-97.13255574323381,-96.73812,-96.73811487732713
scene_0016,80.64516129032256,74.19354838709677,1,-97.13071100259334,-97.14054157825181,-97.55975882487029,-97.373924,-97.37392120944753
scene_0016,87.09677419354838,74.19354838709677,1,-97.46524941710247,-97.4824770667248,-98.01394757581875,-97.45812,-97.45812820669659
scene_0016,93.54838709677418,74.19354838709677,0,-97.80938672949908,-97.8354679863491,-98.49333369979908,-97.935425,-98.2664142538024
scene_0016,100.0,74.19354838709677,1,-98.16128045000639,-98.19761126552443,-98.99564966575994,-99.069756,-99.06975796760848
scene_0016,-100.0,80.64516129032256,0,-96.88435433522814,-96.92761984615251,-97.2369505767013,-97.135635,-96.70350237410231
scene_0016,-93.54838709677419,80.64516129032256,0,-96.6029774594871,-96.64288963893013,-97.0310453767614,-96.86344,-96.77297856456521
scene_0016,-87.09677419354838,80.64516129032256,0,-96.3408362985626,-96.37741390895714,-96.82021776455312,-96.59436,-96.71123486316947
scene_0016,-80.64516129032259,80.64516129032256,0,-96.09812016109586,-96.1314141729419,-96.60601770875766,-96.33895,-96.53255237270639
scene_0016,-74.19354838709677,80.64516129032256,0,-95.8753922788934,-95.90542480237717,-96.39138559600683,-96.10435,-96.25194856932387
scene_0016,-67.74193548387098,80.64516129032256,0,-95.67342794622242,-95.7001763077161,-96.18015436345736,-95.89377,-95.88534162109929
scene_0016,-61.29032258064517,80.64516129032256,0,-95.49309606002949,-95.51650380572909,-95.97657532088574,-95.70726,-95.52630235749805
scene_0016,-54.83870967741936,80.64516129032256,1,-95.33527358110351,-95.35527254156243,-95.78492687623593,-95.07898,-95.07898403378107
scene_0016,-48.38709677419355,80.64516129032256,0,-95.20078284924526,-95.21731537650403,-95.60923210147892,-95.39937,-95.29342579203393
scene_0016,-41.935483870967744,80.64516129032256,0,-95.09034476911154,-95.10338048594863,-95.45308394009814,-95.27382,-95.34770479168711
scene_0016,-35.483870967741936,80.64516129032256,0,-95.00454418141425,-95.01408970783436,-95.3195605340923,-95.16525,-95.36799643876073
scene_0016,-29.032258064516128,80.64516129032256,0,-94.94380595618793,-94.9499086602753,-95.21120694411223,-95.07326,-95.31176075738483
scene_0016,-22.580645161290334,80.64516129032256,0,-94.90838121073374,-94.9111292178783,-95.1300602209418,-94.9986,-95.18554909415697
scene_0016,-16.129032258064527,80.64516129032256,0,-94.8983428913813,-94.89786378588346,-95.07769892719588,-94.943756,-95.03742328854918
scene_0016,-9.677419354838719,80.64516129032256,0,-94.91358930337222,-94.91004959894016,-95.05530329903074,-94.91388,-94.93015636039716
scene_0016,-3.225806451612911,80.64516129032256,1,-94.95385350989943,-94.94746037678368,-95.06371688096792,-94.792015,-94.79200993288407
scene_0016,3.225806451612897,80.64516129032256,0,-95.01871615734527,-95.00972226493863,-95.10350410723171,-94.968475,-94.94781387798866
scene_0016,9.677419354838705,80.64516129032256,0,-95.10761933823146,-95.09633108206987,-95.17500087811842,-95.07953,-95.0384356414732
scene_0016,16.129032258064512,80.64516129032256,0,-95.21987954934585,-95.20666839163859,-95.27835684967897,-95.2569,-95.16074284505979
scene_0016,22.58064516129032,80.64516129032256,0,-95.35469852489979,-95.34001467315223,-95.4135691386444,-95.48783,-95.30627977657345
scene_0016,29.032258064516128,80.64516129032256,0,-95.51117157199988,-95.49555874017345,-95.58050764280873,-95.74222,-95.46885625046008
scene_0016,35.48387096774192,80.64516129032256,1,-95.6882938576899,-95.67240340780594,-95.77893234563447,-95.58905,-95.58905059642828
scene_0016,41.935483870967744,80.64516129032256,0,-95.88496576640765,-95.86956814890183,-96.00850292192561,-96.212166,-95.91410997305394
scene_0016,48.38709677419354,80.64516129032256,0,-96.09999887160724,-96.08599002431389,-96.26878076056946,-96.40706,-96.20612008165168
scene_0016,54.83870967741933,80.64516129032256,0,-96.33212419091535,-96.32052448640613,-96.55922321533951,-96.58328,-96.5146841568069
scene_0016,61.29032258064515,80.64516129032256,0,-96.58000420250599,-96.5719477206345,-96.87916951408936,-96.75899,-96.79794381580491
scene_0016,67.74193548387095,80.64516129032256,0,-96.84224960775238,-96.83896201181184,-97.2278173227126,-96.955444,-97.03798551514109
scene_0016,74.19354838709677,80.64516129032256,1,-97.11744108111758,-97.12020522086517,-97.6041885002353,-97.42633,-97.42632381136076
scene_0016,80.64516129032256,80.64516129032256,1,-97.40415533515329,-97.41426487076245,-98.00708214185465,-97.48543,-97.48542448448482
scene_0016,87.09677419354838,80.64516129032256,0,-97.7009938607689,-97.71969661911841,-98.43501267404153,-97.80388,-97.93148728505957
scene_0016,93.54838709677418,80.64516129032256,0,-98.00661182101798,-98.03504611047234,-98.88613069632513,-98.16201,-98.43689549730553
scene_0016,100.0,80.64516129032256,0,-98.31974393249963,-98.3588724432591,-99.3581247256754,-98.52364,-98.78442694717607
scene_0016,-100.0,87.09677419354838,0,-97.13409240639253,-97.18706381140831,-97.40507480428612,-97.33157,-96.86780181835424
scene_0016,-93.54838709677419,87.09677419354838,0,-96.89665219181036,-96.9460406967063,-97.25253524436124,-97.101425,-96.9710459787668
scene_0016,-87.09677419354838,87.09677419354838,0,-96.67844903236002,-96.72381968144154,-97.0977280094749,-96.873764,-96.91889524738677
scene_0016,-80.64516129032259,87.09677419354838,0,-96.47838750240871,-96.51946812692509,-96.93991354188027,-96.657486,-96.73259533949312
scene_0016,-74.19354838709677,87.09677419354838,0,-96.29595683459993,-96.33256252815369,-96.77991046376475,-96.458626,-96.4636129253355
scene_0016,-67.74193548387098,87.09677419354838,0,-96.1310875882665,-96.16308040107738,-96.61979644576816,-96.27989,-96.13960159090237
scene_0016,-61.29032258064517,87.09677419354838,0,-95.98402613960259,-96.01130058747509,-96.46253860525071,-96.12133,-95.83501124097276
scene_0016,-54.83870967741936,87.09677419354838,0,-95.85522685536047,-95.87771070034634,-96.31161652439047,-95.98155,-95.6622812047247
scene_0016,-48.38709677419355,87.09677419354838,0,-95.7452600652792,-95.76292158332258,-96.17068746232485,-95.85872,-95.67492872104772
scene_0016,-41.935483870967744,87.09677419354838,0,-95.6547342528546,-95.66759020569054,-96.04332269023499,-95.751205,-95.7827182815198
scene_0016,-35.483870967741936,87.09677419354838,0,-95.58423177771422,-95.59235329058872,-95.93282381158548,-95.65802,-95.87313669100816
scene_0016,-29.032258064516128,87.09677419354838,0,-95.53425801110228,-95.53777382310469,-95.84211320178918,-95.57893,-95.87136427276741
scene_0016,-22.580645161290334,87.09677419354838,0,-95.50520370827053,-95.504301598738,-95.77368461611316,-95.51484,-95.75902057551201
scene_0016,-16.129032258064527,87.09677419354838,0,-95.49731989483051,-95.49224760327265,-95.72959751611698,-95.46828,-95.59277093293757
scene_0016,-9.677419354838719,87.09677419354838,0,-95.51070383249167,-95.50177072128915,-95.71149978036841,-95.44433,-95.47320485219059
scene_0016,-3.225806451612911,87.09677419354838,1,-95.54529406204624,-95.53287436771049,-95.72066632468801,-95.62343,-95.62342995259246
scene_0016,3.225806451612897,87.09677419354838,0,-95.60087228430902,-95.58541025450782,-95.75804443675565,-95.50262,-95.49005826438886
scene_0016,9.677419354838705,87.09677419354838,0,-95.67706997520618,-95.65908661636752,-95.82429958802058,-95.61067,-95.56482743446406
scene_0016,16.129032258064512,87.09677419354838,0,-95.77337806855599,-95.75347870087127,-95.91985781820668,-95.78157,-95.68968078747304
scene_0016,22.58064516129032,87.09677419354838,0,-95.88915864553331,-95.86804001772572,-96.04494245238544,-96.00313,-95.85440140404069
scene_0016,29.032258064516128,87.09677419354838,0,-96.02365819342809,-96.00211357878116,-96.19960399117394,-96.24631,-96.04335005183655
scene_0016,35.48387096774192,87.09677419354838,0,-96.17602250601894,-96.15494301590026,-96.38374263471141,-96.48122,-96.25668160990483
scene_0016,41.935483870967744,87.09677419354838,0,-96.3453135990083,-96.32568394648523,-96.5971231803215,-96.69005,-96.50582718299334
scene_0016,48.38709677419354,87.09677419354838,0,-96.53052905759681,-96.5134162163681,-96.8393820706917,-96.86842,-96.76593227060224
scene_0016,54.83870967741933,87.09677419354838,0,-96.73062401698515,-96.7171576729587,-97.11002623896042,-97.02411,-97.00287486253879
scene_0016,61.29032258064515,87.09677419354838,0,-96.94453554078207,-96.93587992474141,-97.40842315574204,-97.17422,-97.20517836336354
scene_0016,67.74193548387095,87.09677419354838,0,-97.17120858359755,-97.1685261678236,-97.73378117740641,-97.33951,-97.37637703751528
scene_0016,74.19354838709677,87.09677419354838,0,-97.40962210586059,-97.41403066718782,-98.08511897298632,-97.53824,-97.52719453367507
scene_0016,80.64516129032256,87.09677419354838,0,-97.65881336799309,-97.6713389447757,-98.46122253328016,-97.7808,-97.71705626075835
scene_0016,87.09677419354838,87.09677419354838,0,-97.9178980804948,-97.93942723175277,-98.86058814023295,-98.06555,-98.05112870835578
scene_0016,93.54838709677418,87.09677419354838,0,-98.1860840154024,-98.21731937104481,-99.28134985914645,-98.378136,-98.46136630047036
scene_0016,100.0,87.09677419354838,0,-98.4626759391646,-98.5040991799774,-99.72119086471152,-98.695786,-98.7188574627585
scene_0016,-100.0,93.54838709677418,0,-97.42252455511002,-97.48472477401727,-97.58693881154976,-97.51166,-97.0093651910108
scene_0016,-93.54838709677419,93.54838709677418,0,-97.22407436457603,-97.28308270854632,-97.48048825496326,-97.32169,-97.16592704920939
scene_0016,-87.09677419354838,93.54838709677418,0,-97.0458348775999,-97.1006989050212,-97.37592743754774,-97.13362,-97.14135371536133
scene_0016,-80.64516129032259,93.54838709677418,1,-96.8854616887885,-96.93548149276552,-97.27064757499542,-96.75122,-96.75122435078072
scene_0016,-74.19354838709677,93.54838709677418,0,-96.74129124662664,-96.78595252781646,-97.16348313875406,-96.790054,-96.69949546367465
scene_0016,-67.74193548387098,93.54838709677418,0,-96.61224815281994,-96.65117749825697,-97.0546257031815,-96.641754,-96.40075129743641
scene_0016,-61.29032258064517,93.54838709677418,0,-96.49774780628006,-96.53068714614535,-96.94542524892911,-96.509895,-96.14400621845539
scene_0016,-54.83870967741936,93.54838709677418,0,-96.39759810835363,-96.42439273785477,-96.8381178131396,-96.39334,-96.01352236959607
scene_0016,-48.38709677419355,93.54838709677418,0,-96.31190282743012,-96.33249717669479,-96.73552514342373,-96.29056,-96.04044165882587
scene_0016,-41.935483870967744,93.54838709677418,0,-96.24096928290349,-96.25540586597575,-96.64076761235707,-96.200294,-96.17419892016005
scene_0016,-35.483870967741936,93.54838709677418,0,-96.18522330940525,-96.19364206327302,-96.55701970930227,-96.121796,-96.32011767493003
scene_0016,-29.032258064516128,93.54838709677418,0,-96.14513439060718,-96.14777124769616,-96.48732303417758,-96.05505,-96.3728283784387
scene_0016,-22.580645161290334,93.54838709677418,0,-96.12115322118674,-96.11833788490839,-96.43445908310747,-96.00106,-96.27426860345302
scene_0016,-16.129032258064527,93.54838709677418,0,-96.11366291294759,-96.10581634381937,-96.40087543446671,-95.96243,-96.096295533836
scene_0016,-9.677419354838719,93.54838709677418,1,-96.12294390728975,-96.11057607161653,-96.38865450176152,-95.698845,-95.6988454483579
scene_0016,-3.225806451612911,93.54838709677418,0,-96.14915167715536,-96.13285983052933,-96.39951294144626,-95.95462,-95.92117008387714
scene_0016,3.225806451612897,93.54838709677418,0,-96.19230566872282,-96.17277301421194,-96.43482083540023,-96.00595,-95.94016089429229
scene_0016,9.677419354838705,93.54838709677418,0,-96.25228768017939,-96.23028179434675,-96.49563178757359,-96.111145,-96.00887372526343
scene_0016,16.129032258064512,93.54838709677418,0,-96.32884792739273,-96.30521798353928,-96.5827172984726,-96.27585,-96.14530211884653
scene_0016,22.58064516129032,93.54838709677418,0,-96.42161727326594,-96.39728887321674,-96.69660076756406,-96.48842,-96.3423638783583
scene_0016,29.032258064516128,93.54838709677418,0,-96.53012436132207,-96.50609075202844,-96.83758803656144,-96.72085,-96.56973935347148
scene_0016,35.48387096774192,93.54838709677418,0,-96.65381658581333,-96.63112520290285,-97.00579249764502,-96.94394,-96.80148887198158
scene_0016,41.935483870967744,93.54838709677418,0,-96.79208388907172,-96.77181753542861,-97.20115350090545,-97.13956,-97.04511380951034
scene_0016,48.38709677419354,93.54838709677418,0,-96.94428429220964,-96.92753680332268,-97.42344718463346,-97.30223,-97.2698993372151
scene_0016,54.83870967741933,93.54838709677418,0,-97.10976987310943,-97.09761679472734,-97.67228900313314,-97.438385,-97.42709381626177
scene_0016,61.29032258064515,93.54838709677418,0,-97.28791167332488,-97.28137720723649,-97.9471272148923,-97.564156,-97.54032525150109
scene_0016,67.74193548387095,93.54838709677418,0,-97.47812182508177,-97.47814399038673,-98.24722648818093,-97.6998,-97.6364875450916
scene_0016,74.19354838709677,93.54838709677418,0,-97.67987111889873,-97.6872676235096,-98.57164065132378,-97.86366,-97.70976703798505
scene_0016,80.64516129032256,93.54838709677418,1,-97.89270033769301,-97.90813795965605,-98.9191735442765,-97.61163,-97.61163704583261
scene_0016,87.09677419354838,93.54838709677418,0,-98.11622398618266,-98.14019425524728,-99.28832702990749,-98.30921,-98.04316363794653
scene_0016,93.54838709677418,93.54838709677418,0,-98.35012552648008,-98.38292914584443,-99.67723566053883,-98.578384,-98.34935175465904
scene_0016,100.0,93.54838709677418,1,-98.59414383746825,-98.63588561966264,-100.0835885002202,-98.72722,-98.72721641115359
scene_0016,-100.0,100.0,0,-97.75618977782953,-97.82638095309497,-97.79168778571211,-97.672226,-97.06106467441673
scene_0016,-93.54838709677419,100.0,1,-97.59089485895004,-97.65895577594002,-97.72364990251118,-97.41966,-97.41965957981722
scene_0016,-87.09677419354838,100.0,0,-97.44742948458435,-97.51189943829854,-97.66236015851686,-97.36922,-97.30338361198474
scene_0016,-80.64516129032259,100.0,1,-97.3223277339589,-97.38203557760643,-97.60389058178063,-97.44212,-97.4421190348387
scene_0016,-74.19354838709677,100.0,0,-97.21279395585381,-97.26681614239142,-97.54546365454254,-97.09296,-96.90628420692592
scene_0016,-67.74193548387098,100.0,0,-97.11667527820886,-97.1643045122683,-97.48553209092637,-96.973274,-96.61065625096045
scene_0016,-61.29032258064517,100.0,0,-97.0324162552714,-97.07314097430344,-97.42375370811567,-96.86652,-96.38164322489258
scene_0016,-54.83870967741936,100.0,0,-96.95899788909664,-96.99248999904201,-97.3608686586011,-96.771774,-96.2758962350718
scene_0016,-48.38709677419355,100.0,0,-96.89586339298134,-96.92197067680225,-97.2985021573112,-96.68787,-96.3101093516909
scene_0016,-41.935483870967744,100.0,0,-96.84283425778283,-96.86157419333017,-97.23892541544612,-96.61381,-96.45126923197654
scene_0016,-35.483870967741936,100.0,0,-96.80002148736689,-96.81157424341865,-97.18480883651804,-96.54912,-96.62566950754783
scene_0016,-29.032258064516128,100.0,1,-96.76773758372573,-96.77243714391183,-97.13899575004724,-96.930984,-96.93097885586646
scene_0016,-22.580645161290334,100.0,0,-96.74641468283286,-96.7447379859137,-97.10431514867862,-96.44949,-96.64475686806155
scene_0016,-16.129032258064527,100.0,0,-96.73653324881202,-96.72908775523521,-97.08344147561411,-96.41832,-96.49550506054732
scene_0016,-9.677419354838719,100.0,1,-96.73856424617122,-96.7260744519055,-97.07880096140272,-96.55748,-96.55748266322612
scene_0016,-3.225806451612911,100.0,0,-96.752926108253,-96.73621934581709,-97.09251842788683,-96.41885,-96.28465142823474
scene_0016,3.225806451612897,100.0,0,-96.7799564076705,-96.7599479583942,-97.12639580497516,-96.47055,-96.26460920808833
scene_0016,9.677419354838705,100.0,0,-96.81989707377113,-96.79757430905474,-97.18191314710742,-96.57303,-96.32118213088111
scene_0016,16.129032258064512,100.0,0,-96.87289132052547,-96.84929639764175,-97.26024382888264,-96.73189,-96.461744340564
scene_0016,22.58064516129032,100.0,0,-96.93899008343973,-96.9152007004029,-97.36227710354117,-96.936035,-96.67694369039646
scene_0016,29.032258064516128,100.0,1,-97.0181656186877,-96.99527349629204,-97.48864281402936,-97.0399,-97.0399036338126
scene_0016,35.48387096774192,100.0,0,-97.11032990208523,-97.08941698667168,-97.63973446751307,-97.370415,-97.15579534588848
scene_0016,41.935483870967744,100.0,0,-97.21535552160056,-97.19746833888581,-97.81572800065311,-97.553696,-97.3851282716154
scene_0016,48.38709677419354,100.0,1,-97.33309686280037,-97.31921993133759,-98.01659435977439,-97.76176,-97.76175849520297
scene_0016,54.83870967741933,100.0,0,-97.46340954756305,-97.45443920053226,-98.24210453838889,-97.81964,-97.66900569132514
scene_0016,61.29032258064515,100.0,0,-97.6061663205727,-97.60288660858885,-98.49182602092122,-97.92268,-97.71429627796742
scene_0016,67.74193548387095,100.0,0,-97.76126790025245,-97.76433039151368,-98.76510975331463,-98.03062,-97.76127149090306
scene_0016,74.19354838709677,100.0,1,-97.92864772040556,-97.93855693881248,-99.06106688363471,-97.975685,-97.97567987818442
scene_0016,80.64516129032256,100.0,0,-98.10826996516299,-98.12537590604501,-99.3785346871638,-98.32831,-97.8152983680846
scene_0016,87.09677419354838,100.0,0,-98.30012080397881,-98.3246194695664,-99.71603143218795,-98.53092,-97.92527074333783
scene_0016,93.54838709677418,100.0,0,-98.50419321653209,-98.53613547754962,-100.07170061073877,-98.7594,-98.08803735646948
scene_0016,100.0,100.0,0,-98.72046621201909,-98.75977460396203,-100.44324615053435,-98.995735,-98.15569834248916
scene_0019,-100.0,-100.0,0,-102.35085413181984,-102.37247182456014,-102.01153361572203,-103.74609,-99.63670395212681
scene_0019,-93.54838709677419,-100.0,0,-102.15611396738547,-102.17123070583,-101.80010536726232,-103.15247,-100.19975476185891
scene_0019,-87.09677419354838,-100.0,0,-101.92806915713284,-101.94328704323445,-101.57487082394022,-102.522766,-100.59064603826258
scene_0019,-80.64516129032259,-100.0,0,-101.64151844684275,-101.66355947786218,-101.32212800746893,-101.8789,-100.78444532979496
scene_0019,-74.19354838709677,-100.0,1,-101.28258621071275,-101.31673846066701,-101.0325990884283,-101.002945,-101.00293894669326
scene_0019,-67.74193548387098,-100.0,0,-100.85288612032286,-100.90180591413615,-100.7035533625877,-100.6308,-100.38159461273975
scene_0019,-61.29032258064517,-100.0,0,-100.36831242083151,-100.43171908823594,-100.3392808610428,-100.05497,-99.86320191447568
scene_0019,-54.83870967741936,-100.0,0,-99.85342240806312,-99.92868066801442,-99.94983339993888,-99.51962,-99.2591732560011
scene_0019,-48.38709677419355,-100.0,0,-99.33467877288902,-99.41779715107812,-99.54866304194346,-99.02484,-98.59334848179891
scene_0019,-41.935483870967744,-100.0,0,-98.83540178851402,-98.92195013725839,-99.15009040147304,-98.568695,-97.95949842068043
scene_0019,-35.483870967741936,-100.0,0,-98.37335217528555,-98.45906307738005,-98.76732191703039,-98.1498,-97.4412786779564
scene_0019,-29.032258064516128,-100.0,0,-97.96039129609888,-98.0414513718404,-98.41128971833017,-97.76912,-97.07394057800202
scene_0019,-22.580645161290334,-100.0,0,-97.60325498966591,-97.67639241314042,-98.09022797101606,-97.43045,-96.86024387836324
scene_0019,-16.129032258064527,-100.0,0,-97.30469649933504,-97.3671700743781,-97.80974461935129,-97.13897,-96.76624179208878
scene_0019,-9.677419354838719,-100.0,0,-97.06459792120893,-97.1141572797225,-97.57314963265641,-96.8978,-96.69936949285992
scene_0019,-3.225806451612911,-100.0,0,-96.88089754873747,-96.91574967141904,-97.38186961414216,-96.70584,-96.56783292295175
scene_0019,3.225806451612897,-100.0,0,-96.75030942437652,-96.76910360301284,-97.23585207567433,-96.56076,-96.41748673932598
scene_0019,9.677419354838705,-100.0,0,-96.66886142369962,-96.67069174212246,-97.13391650613723,-96.46211,-96.30223610068268
scene_0019,16.129032258064512,-100.0,1,-96.63228857666086,-96.61670660137926,-97.07404144014843,-96.26283,-96.26283991231946
scene_0019,22.58064516129032,-100.0,0,-96.6363132756619,-96.60334134372422,-97.05359280770855,-96.40506,-96.19170436444955
scene_0019,29.032258064516128,-100.0,0,-96.67683556869319,-96.62697133711289,-97.0695052077989,-96.44443,-96.1653495419774
scene_0019,35.48387096774192,-100.0,0,-96.7500498740151,-96.68425476772468,-97.11842893048951,-96.525604,-96.12250155745673
scene_0019,41.935483870967744,-100.0,0,-96.85250059288552,-96.77216777504623,-97.19685423288345,-96.645004,-96.10572856706096
scene_0019,48.38709677419354,-100.0,0,-96.98108795180289,-96.8879887746928,-97.30122193296845,-96.79854,-96.15424749469386
scene_0019,54.83870967741933,-100.0,0,-97.13303596073888,-97.02924690226673,-97.42802645720744,-96.981544,-96.27275276730872
scene_0019,61.29032258064515,-100.0,0,-97.30583544567554,-97.19364981312486,-97.57391436018577,-97.18895,-96.44500572290171
scene_0019,67.74193548387095,-100.0,0,-97.49717570625911,-97.37900567710297,-97.73577824451468,-97.415146,-96.63997974697745
scene_0019,74.19354838709677,-100.0,0,-97.70487784684435,-97.58315278876786,-97.91084321525665,-97.65422,-96.8205905321995
scene_0019,80.64516129032256,-100.0,0,-97.9268410327333,-97.8039077869127,-98.09674085546554,-97.9001,-96.9589470368783
scene_0019,87.09677419354838,-100.0,0,-98.16100996569162,-98.03904024440932,-98.29156457910292,-98.14691,-97.04318347276158
scene_0019,93.54838709677418,-100.0,0,-98.40536808362899,-98.28627760296945,-98.49390037565345,-98.38936,-97.06116779664774
scene_0019,100.0,-100.0,0,-98.6579567846084,-98.54334032592129,-98.7028284476586,-98.622955,-96.98699509723626
scene_0019,-100.0,-93.54838709677419,0,-102.1871810365887,-102.19910660325313,-101.81891318743071,-103.39873,-100.21348032210926
scene_0019,-93.54838709677419,-93.54838709677419,0,-101.99310876662723,-102.00160064070914,-101.579765639946,-102.778824,-100.78720322792267
scene_0019,-87.09677419354838,-93.54838709677419,0,-101.73983807949226,-101.75312776621239,-101.30796692501028,-102.122055,-101.08708860347294
scene_0019,-80.64516129032259,-93.54838709677419,0,-101.40116032720046,-101.42681957214594,-100.99128209005309,-101.45148,-101.11879030039188
scene_0019,-74.19354838709677,-93.54838709677419,0,-100.96911378431645,-101.01212435624973,-100.62514367908403,-100.78988,-100.90042012427222
scene_0019,-67.74193548387098,-93.54838709677419,0,-100.45633297402972,-100.51805455902462,-100.21375270821491,-100.15568,-100.44845928577024
scene_0019,-61.29032258064517,-93.54838709677419,0,-99.89060614117415,-99.96909204621326,-99.76878619609586,-99.560585,-99.86549474526524
scene_0019,-54.83870967741936,-93.54838709677419,1,-99.30547550296214,-99.39667824231437,-99.30644418434782,-99.45709,-99.45709203988378
scene_0019,-48.38709677419355,-93.54838709677419,0,-98.73207035364453,-98.83113499203975,-98.84414583776909,-98.502594,-98.47342012909424
scene_0019,-41.935483870967744,-93.54838709677419,0,-98.19471844627208,-98.29687303540265,-98.39793839516085,-98.037735,-97.77938425894531
scene_0019,-35.483870967741936,-93.54838709677419,0,-97.70995424802543,-97.81093416419252,-97.98102622932875,-97.61359,-97.20936281246009
scene_0019,-29.032258064516128,-93.54838709677419,0,-97.28742697286707,-97.38358045013112,-97.60328871159318,-97.231476,-96.79206416380805
scene_0019,-22.580645161290334,-93.54838709677419,0,-96.93144939141439,-97.01968887273355,-97.27143612981122,-96.895966,-96.53541886082948
scene_0019,-16.129032258064527,-93.54838709677419,0,-96.6425111729589,-96.72022091470127,-96.98947077724627,-96.61286,-96.41749659466483
scene_0019,-9.677419354838719,-93.54838709677419,1,-96.41851341469908,-96.48346975959774,-96.75922864016519,-96.7675,-96.76750137890382
scene_0019,-3.225806451612911,-93.54838709677419,0,-96.25569947263529,-96.30602528678492,-96.58088297120898,-96.207825,-96.22990020693703
scene_0019,3.225806451612897,-93.54838709677419,0,-96.14933597555088,-96.18349193006969,-96.45336320412875,-96.07773,-96.0989745014046
scene_0019,9.677419354838705,-93.54838709677419,0,-96.09420979934298,-96.11101582417118,-96.37468242282242,-95.99333,-95.99489289389382
scene_0019,16.129032258064512,-93.54838709677419,0,-96.08499405554214,-96.08366978062065,-96.34218457056855,-95.955765,-95.91855185446435
scene_0019,22.58064516129032,-93.54838709677419,0,-96.11651831704442,-96.09672942931215,-96.35272849443793,-95.96541,-95.88528708521785
scene_0019,29.032258064516128,-93.54838709677419,1,-96.18396304109456,-96.14586050167182,-96.40282612133942,-96.1588,-96.15880191358492
scene_0019,35.48387096774192,-93.54838709677419,0,-96.28298792144719,-96.2272287646877,-96.48875002134315,-96.11978,-95.90204361143572
scene_0019,41.935483870967744,-93.54838709677419,0,-96.40979897880777,-96.33754076713561,-96.60662293754328,-96.25832,-95.95814092093175
scene_0019,48.38709677419354,-93.54838709677419,0,-96.5611587700014,-96.47402417778308,-96.7524991278974,-96.43236,-96.08939452443667
scene_0019,54.83870967741933,-93.54838709677419,0,-96.73434669292706,-96.63435928998297,-96.92244465303702,-96.6371,-96.29627008016945
scene_0019,61.29032258064515,-93.54838709677419,0,-96.92708019768614,-96.8165763777978,-97.11262095251055,-96.86718,-96.56200407663567
scene_0019,67.74193548387095,-93.54838709677419,0,-97.13741109206435,-97.01893556987685,-97.31937308882125,-97.1167,-96.84834607699742
scene_0019,74.19354838709677,-93.54838709677419,0,-97.36361285235208,-97.23980601938453,-97.53932094631976,-97.37935,-97.10247414098876
scene_0019,80.64516129032256,-93.54838709677419,0,-97.60407442393944,-97.47755936979223,-97.76944869072574,-97.6487,-97.28808214970257
scene_0019,87.09677419354838,-93.54838709677419,1,-97.8572135817061,-97.73048931203535,-98.00718535443289,-97.39463,-97.39462533178292
scene_0019,93.54838709677418,-93.54838709677419,0,-98.12141908853246,-97.99676502168218,-98.25046803535726,-98.183,-97.45916867203914
scene_0019,100.0,-93.54838709677419,0,-98.39502632659276,-98.27442197436622,-98.49777932430504,-98.437515,-97.39521546400859
scene_0019,-100.0,-87.09677419354838,0,-102.03482128276792,-102.04019847762383,-101.59473829295854,-102.99657,-100.6086319197456
scene_0019,-93.54838709677419,-87.09677419354838,0,-101.81477370706567,-101.82102808789944,-101.30542847934571,-102.34638,-101.16593587621406
scene_0019,-87.09677419354838,-87.09677419354838,0,-101.50351737389875,-101.52002128694252,-100.96465454659752,-101.6584,-101.30676771979535
scene_0019,-80.64516129032259,-87.09677419354838,1,-101.0793729272941,-101.11355709157519,-100.56508975787068,-101.12156,-101.12155983397273
scene_0019,-74.19354838709677,-87.09677419354838,0,-100.54687512028109,-100.60225967320493,-100.10983572688758,-100.2664,-100.6933416474155
scene_0019,-67.74193548387098,-87.09677419354838,0,-99.93404971120935,-100.00992602295466,-99.61142627967696,-99.606186,-100.12241820355965
scene_0019,-61.29032258064517,-87.09677419354838,0,-99.28103472733633,-99.37368487557961,-99.08841330641813,-98.98889,-99.4617913949067
scene_0019,-54.83870967741936,-87.09677419354838,1,-98.6278463942727,-98.73223183830676,-98.56123053542247,-98.67837,-98.67836906418302
scene_0019,-48.38709677419355,-87.09677419354838,1,-98.00686604932207,-98.11789886498121,-98.04885952251082,-97.994804,-97.99480090232385
scene_0019,-41.935483870967744,-87.09677419354838,0,-97.44057975946325,-97.553747668141,-97.56693449041245,-97.423904,-97.32589718349129
scene_0019,-35.483870967741936,-87.09677419354838,0,-96.94248464607837,-97.0540027674309,-97.12713958953375,-96.99371,-96.73944682222643
scene_0019,-29.032258064516128,-87.09677419354838,0,-96.51911828739217,-96.62584597207767,-96.73742734801903,-96.60997,-96.27896281947747
scene_0019,-22.580645161290334,-87.09677419354838,0,-96.17208167889032,-96.27136802052526,-96.40261226368516,-96.27812,-95.96421843026349
scene_0019,-16.129032258064527,-87.09677419354838,0,-95.89965550774421,-95.98919611901776,-96.12504729630102,-96.004715,-95.7745197243053
scene_0019,-9.677419354838719,-87.09677419354838,1,-95.69797403700235,-95.77571119756215,-95.90523632519258,-95.34995,-95.34995077307526
scene_0019,-3.225806451612911,-87.09677419354838,0,-95.56184693650277,-95.62592040589138,-95.74233034395037,-95.632126,-95.61417446466768
scene_0019,3.225806451612897,-87.09677419354838,0,-95.48533625693082,-95.53408125684884,-95.63450432826997,-95.519325,-95.56374444156526
scene_0019,9.677419354838705,-87.09677419354838,1,-95.4621750835017,-95.49415909767922,-95.57923196788056,-95.53231,-95.53231684179671
scene_0019,16.129032258064512,-87.09677419354838,0,-95.48608650866416,-95.50017363943644,-95.57348069867803,-95.43018,-95.40395849746827
scene_0019,22.58064516129032,-87.09677419354838,0,-95.55103671909762,-95.5464660851235,-95.61384824656224,-95.45706,-95.34438492403802
scene_0019,29.032258064516128,-87.09677419354838,1,-95.65143690076485,-95.62790012182774,-95.69665860818523,-95.17944,-95.17944691406981
scene_0019,35.48387096774192,-87.09677419354838,0,-95.78229582303045,-95.73999874133949,-95.8180319879878,-95.65042,-95.47854604238863
scene_0019,41.935483870967744,-87.09677419354838,0,-95.93931836155002,-95.8790144040724,-95.97394034166655,-95.81101,-95.6569176198213
scene_0019,48.38709677419354,-87.09677419354838,0,-96.11894445693495,-96.04193146214067,-96.16025788741973,-96.0087,-95.89185882594988
scene_0019,54.83870967741933,-87.09677419354838,0,-96.31832696323309,-96.22640512168675,-96.3728140143316,-96.23848,-96.19605701286383
scene_0019,61.29032258064515,-87.09677419354838,0,-96.53525357786748,-96.43064805706216,-96.60745412502772,-96.49468,-96.56077797120241
scene_0019,67.74193548387095,-87.09677419354838,0,-96.76802515939313,-96.65328163082557,-96.8601117918806,-96.77106,-96.9444736220168
scene_0019,74.19354838709677,-87.09677419354838,0,-97.01530804767508,-96.89317181199839,-97.12689297886706,-97.06089,-97.27279619144625
scene_0019,80.64516129032256,-87.09677419354838,1,-97.27598018269245,-97.14926975946017,-97.40416997283293,-97.49664,-97.49664080037299
scene_0019,87.09677419354838,-87.09677419354838,0,-97.5489896797904,-97.42047414815775,-97.6886793310058,-97.653496,-97.63540321191445
scene_0019,93.54838709677418,-87.09677419354838,0,-97.83324078757923,-97.70552775571487,-97.97761511619211,-97.94347,-97.73117440924581
scene_0019,100.0,-87.09677419354838,0,-98.1275169801672,-98.00295572098915,-98.26870667285652,-98.22208,-97.69974741515861
scene_0019,-100.0,-80.64516129032259,0,-101.86280636368485,-101.86484923117534,-101.3167873814385,-102.543724,-100.67210268692016
scene_0019,-93.54838709677419,-80.64516129032259,1,-101.58489907649633,-101.59264288409557,-100.95685318755883,-101.6547,-101.65469876887258
scene_0019,-87.09677419354838,-80.64516129032259,0,-101.18276356458837,-101.2057412036364,-100.53079704055358,-101.13693,-101.14525278921232
scene_0019,-80.64516129032259,-80.64516129032259,0,-100.6468472850362,-100.69109642214892,-100.03928229848364,-100.40117,-100.75734164282537
scene_0019,-74.19354838709677,-80.64516129032259,0,-99.9997824386238,-100.06649823914654,-99.49438470318638,-99.6782,-100.18441939560032
scene_0019,-67.74193548387098,-80.64516129032259,0,-99.28559767163756,-99.37195585386488,-98.91608614904406,-98.989,-99.51185408967454
scene_0019,-61.29032258064517,-80.64516129032259,0,-98.5532400022389,-98.65435549358261,-98.32739261431291,-98.34694,-98.78935225129908
scene_0019,-54.83870967741936,-80.64516129032259,0,-97.84446894616869,-97.95511850373015,-97.75014333819442,-97.757645,-98.05054830614999
scene_0019,-48.38709677419355,-80.64516129032259,0,-97.18918944128455,-97.30473743421997,-97.20252650278329,-97.22113,-97.32976542485501
scene_0019,-41.935483870967744,-80.64516129032259,0,-96.60591564313721,-96.72257672825283,-96.69822912764496,-96.73508,-96.66196580978058
scene_0019,-35.483870967741936,-80.64516129032259,1,-96.10425550462337,-96.21900915767925,-96.24664752943387,-96.14554,-96.1455391800631
scene_0019,-29.032258064516128,-80.64516129032259,0,-95.68755097448884,-95.79793933648563,-95.85358438968909,-95.91272,-95.58846185710576
scene_0019,-22.580645161290334,-80.64516129032259,0,-95.35498411645153,-95.45890983401343,-95.52205397704418,-95.585014,-95.25019740205863
scene_0019,-16.129032258064527,-80.64516129032259,0,-95.10306514100026,-95.19863347671317,-95.25300787949371,-95.32248,-95.04372458043106
scene_0019,-9.677419354838719,-80.64516129032259,0,-94.92662738700096,-95.01204331384385,-95.04591691962023,-95.12598,-94.9421746627863
scene_0019,-3.225806451612911,-80.64516129032259,0,-94.81948442033313,-94.89300313910739,-94.89920724820044,-94.98619,-94.93067057689592
scene_0019,3.225806451612897,-80.64516129032259,0,-94.7748764068904,-94.83480220612515,-94.81057299291086,-94.892715,-94.92979341435688
scene_0019,9.677419354838705,-80.64516129032259,0,-94.7857953309944,-94.83052248165842,-94.77719314276939,-94.843155,-94.88156572971488
scene_0019,16.129032258064512,-80.64516129032259,0,-94.84524591449315,-94.87333365577783,-94.79587782281799,-94.8403,-94.79337631310759
scene_0019,22.58064516129032,-80.64516129032259,0,-94.9464732927754,-94.95674427883034,-94.8631643677721,-94.88643,-94.73330889552503
scene_0019,29.032258064516128,-80.64516129032259,1,-95.08316863793631,-95.07481702708988,-94.97537902749133,-94.70061,-94.7006069301708
scene_0019,35.48387096774192,-80.64516129032259,0,-95.24964927839068,-95.222342181584,-95.12867652942015,-95.12338,-94.992823615752
scene_0019,41.935483870967744,-80.64516129032259,0,-95.44100067368974,-95.39495631878113,-95.31906717760266,-95.3086,-95.25648018118724
scene_0019,48.38709677419354,-80.64516129032259,0,-95.65316450592192,-95.58919313977748,-95.5424394946026,-95.5327,-95.5686471797746
scene_0019,54.83870967741933,-80.64516129032259,0,-95.88296026234522,-95.80245943625917,-95.79458531210186,-95.79042,-95.95103250700122
scene_0019,61.29032258064515,-80.64516129032259,0,-96.12803583722413,-96.03293911016436,-96.07123334082826,-96.075806,-96.3947777637839
scene_0019,67.74193548387095,-80.64516129032259,0,-96.38675332666173,-96.27943866202715,-96.36809623200448,-96.38216,-96.85165809991288
scene_0019,74.19354838709677,-80.64516129032259,1,-96.65802611980892,-96.54119549505,-96.68093462477572,-97.41765,-97.41765198560891
scene_0019,80.64516129032256,-80.64516129032259,0,-96.94112988361445,-96.81767383146116,-97.00563938125272,-97.02888,-97.45526072210114
scene_0019,87.09677419354838,-80.64516129032259,0,-97.23551179531304,-97.10837181579775,-97.33833005098145,-97.354614,-97.6038800834172
scene_0019,93.54838709677418,-80.64516129032259,0,-97.54061973598895,-97.41265871924921,-97.67546378803507,-97.67297,-97.73105313250855
scene_0019,100.0,-80.64516129032259,1,-97.85576759833368,-97.7296548976546,-98.01394504619145,-98.08801,-98.08801202610668
scene_0019,-100.0,-74.19354838709677,0,-101.64186259579056,-101.64305290062606,-100.96937691694718,-102.049934,-100.31631984504972
scene_0019,-93.54838709677419,-74.19354838709677,0,-101.27596861731232,-101.28717451219603,-100.52527112752075,-101.32976,-100.66423888782404
scene_0019,-87.09677419354838,-74.19354838709677,0,-100.75929516611527,-100.78900956373884,-100.00802869443831,-100.56968,-100.5514217975503
scene_0019,-80.64516129032259,-74.19354838709677,0,-100.10109636833201,-100.1530617759297,-99.4275197938022,-99.797134,-100.089673384315
scene_0019,-74.19354838709677,-74.19354838709677,0,-99.34325932872765,-99.41631678995412,-98.80365105996387,-99.03954,-99.44731036890074
scene_0019,-67.74193548387098,-74.19354838709677,0,-98.54156179010026,-98.63149825389114,-98.16107663066506,-98.319336,-98.72622253679185
scene_0019,-61.29032258064517,-74.19354838709677,0,-97.74780103348242,-97.84949332666062,-97.52414135348324,-97.65085,-97.98046712536069
scene_0019,-54.83870967741936,-74.19354838709677,0,-97.0009126829533,-97.10967091007349,-96.91361958136817,-97.04006,-97.24341360853958
scene_0019,-48.38709677419355,-74.19354838709677,0,-96.32595584440179,-96.43800388482367,-96.34542001638715,-96.48697,-96.53967695698711
scene_0019,-41.935483870967744,-74.19354838709677,0,-95.73675374057503,-95.84920488489787,-95.83065334659365,-95.98911,-95.88333216422306
scene_0019,-35.483870967741936,-74.19354838709677,0,-95.23919187839257,-95.34983311638568,-95.37636292528525,-95.54523,-95.2880956513371
scene_0019,-29.032258064516128,-74.19354838709677,0,-94.83393973534304,-94.94099083873076,-94.98643207544065,-95.15802,-94.8047016942134
scene_0019,-22.580645161290334,-74.19354838709677,0,-94.5183666411819,-94.62027762770947,-94.66241923182592,-94.8349,-94.49777770207668
scene_0019,-16.129032258064527,-74.19354838709677,0,-94.28778951006073,-94.38309172021849,-94.40423168401807,-94.58414,-94.32772286825427
scene_0019,-9.677419354838719,-74.19354838709677,0,-94.13625643181666,-94.22346555276226,-94.21063051297189,-94.40573,-94.25809139621784
scene_0019,-3.225806451612911,-74.19354838709677,0,-94.05703789767763,-94.13460396942178,-94.07959163256324,-94.287,-94.26876874655224
scene_0019,3.225806451612897,-74.19354838709677,0,-94.0429487847041,-94.10924920120813,-94.00855514694652,-94.21436,-94.29241406301475
scene_0019,9.677419354838705,-74.19354838709677,0,-94.08658328595453,-94.13995591366358,-93.9945922609713,-94.18464,-94.2615513516307
scene_0019,16.129032258064512,-74.19354838709677,0,-94.18051457438153,-94.21932767748599,-94.03451305337774,-94.201515,-94.18970432089672
scene_0019,22.58064516129032,-74.19354838709677,1,-94.31748823419836,-94.34024145356278,-94.12493262676209,-94.07249,-94.07248044615702
scene_0019,29.032258064516128,-74.19354838709677,0,-94.49062032775893,-94.49606686987933,-94.26230851609446,-94.385925,-94.26348478161782
scene_0019,35.48387096774192,-74.19354838709677,1,-94.69359587123962,-94.68087143709457,-94.442958928818,-94.61192,-94.61191778183826
scene_0019,41.935483870967744,-74.19354838709677,0,-94.9208517374501,-94.88959224175231,-94.66306925033254,-94.76396,-94.77881597885829
scene_0019,48.38709677419354,-74.19354838709677,0,-95.16772111321768,-95.11815066195012,-94.9186930395115,-95.01645,-95.12515960404954
scene_0019,54.83870967741933,-74.19354838709677,0,-95.43051628123244,-95.36349024350811,-95.20575320606481,-95.3042,-95.55665928979215
scene_0019,61.29032258064515,-74.19354838709677,0,-95.70653315999706,-95.62352819184096,-95.52004893907338,-95.62091,-96.04836700762716
scene_0019,67.74193548387095,-74.19354838709677,0,-95.99397314228071,-95.89702495264444,-95.85727394421612,-95.959465,-96.52983952710161
scene_0019,74.19354838709677,-74.19354838709677,0,-96.29179184067104,-96.18338979917877,-96.21305129502917,-96.31218,-96.9083226217088
scene_0019,80.64516129032256,-74.19354838709677,0,-96.59949624991116,-96.4824493847195,-96.58298931849802,-96.67113,-97.13537545880577
scene_0019,87.09677419354838,-74.19354838709677,0,-96.91691846061403,-96.79420895077678,-96.96276104273723,-97.02854,-97.27321899320987
scene_0019,93.54838709677418,-74.19354838709677,0,-97.24399442569589,-97.11863276860059,-97.34820659889476,-97.37738,-97.38569718906624
scene_0019,100.0,-74.19354838709677,0,-97.58057152733744,-97.45546357565269,-97.73545366294888,-97.71173,-97.42857195540483
scene_0019,-100.0,-67.74193548387098,0,-101.35181182677557,-101.35328908969558,-100.5478566918031,-101.53019,-99.7158407121317
scene_0019,-93.54838709677419,-67.74193548387098,0,-100.87768694687446,-100.89206543009139,-100.01620897141788,-100.773056,-99.89795923358285
scene_0019,-87.09677419354838,-67.74193548387098,0,-100.23919131554871,-100.27304065547006,-99.41322201723979,-99.97493,-99.71981117577953
scene_0019,-80.64516129032259,-67.74193548387098,0,-99.46649493496463,-99.52117491472372,-98.75673636777499,-99.164856,-99.24131618822203
scene_0019,-74.19354838709677,-67.74193548387098,0,-98.61644138116165,-98.68917371774101,-98.07154963018219,-98.37197,-98.58826184414951
scene_0019,-67.74193548387098,-67.74193548387098,0,-97.74968849504043,-97.83585219854848,-97.38372188003973,-97.62019,-97.86410196077773
scene_0019,-61.29032258064517,-67.74193548387098,0,-96.91552880221123,-97.01048874930883,-96.7164162848047,-96.92483,-97.12510097594331
scene_0019,-54.83870967741936,-67.74193548387098,0,-96.14747003360085,-96.24741862036976,-96.08791747980598,-96.29227,-96.4067685878941
scene_0019,-48.38709677419355,-67.74193548387098,0,-95.46515821646022,-95.56725311156634,-95.51135037136865,-95.72244,-95.7331913941039
scene_0019,-41.935483870967744,-67.74193548387098,0,-94.87815896769135,-94.98034753253249,-94.99531858251476,-95.21275,-95.10602361655853
scene_0019,-35.483870967741936,-67.74193548387098,0,-94.38938587495693,-94.49015349608759,-94.54485442195816,-94.761955,-94.52812379235326
scene_0019,-29.032258064516128,-67.74193548387098,1,-93.99758463765059,-94.09572566003027,-94.16234405780345,-93.80355,-93.80355243385283
scene_0019,-22.580645161290334,-67.74193548387098,0,-93.69895327148684,-93.79339134865354,-93.84829333761999,-94.055084,-93.7958650466308
scene_0019,-16.129032258064527,-67.74193548387098,0,-93.48813994376957,-93.5777974928994,-93.60190960615299,-93.816635,-93.64129564699765
scene_0019,-9.677419354838719,-67.74193548387098,0,-93.35883870691532,-93.44254883271319,-93.42152127901556,-93.65698,-93.57605537023758
scene_0019,-3.225806451612911,-67.74193548387098,0,-93.3041437250551,-93.38059923116454,-93.30486972139826,-93.56004,-93.6031285582605
scene_0019,3.225806451612897,-67.74193548387098,1,-93.31677021379065,-93.38450731863378,-93.24930630445414,-93.74094,-93.74094386599805
scene_0019,9.677419354838705,-67.74193548387098,0,-93.3892131229946,-93.44662985891581,-93.25192119216082,-93.499756,-93.65844791719836
scene_0019,16.129032258064512,-67.74193548387098,0,-93.51388939222912,-93.55929935024251,-93.30962370783531,-93.537056,-93.62532660710052
scene_0019,22.58064516129032,-67.74193548387098,0,-93.68329146856924,-93.71501205106011,-93.41918853825658,-93.6254,-93.62805188127805
scene_0019,29.032258064516128,-67.74193548387098,0,-93.89016479552764,-93.9066353906159,-93.577277860137,-93.7661,-93.73235218533577
scene_0019,35.48387096774192,-67.74193548387098,0,-94.12770803631078,-94.1276281019168,-93.78044659427893,-93.95766,-93.93610364975922
scene_0019,41.935483870967744,-67.74193548387098,0,-94.38978174509265,-94.37225306250784,-94.02513617909932,-94.196625,-94.20970000683258
scene_0019,48.38709677419354,-67.74193548387098,0,-94.67110071597196,-94.63575405469967,-94.30766129252314,-94.47832,-94.5711106009544
scene_0019,54.83870967741933,-67.74193548387098,0,-94.96738002250943,-94.91446615181248,-94.62419366198999,-94.79697,-95.03602164958255
scene_0019,61.29032258064515,-67.74193548387098,0,-95.27540712371217,-95.20583654198214,-94.97074732898315,-95.145874,-95.56365820655971
scene_0019,67.74193548387095,-67.74193548387098,0,-95.59302270015795,-95.50834694701585,-95.34317030415642,-95.51751,-96.0538226917255
scene_0019,74.19354838709677,-67.74193548387098,0,-95.91900864658376,-95.8213462608228,-95.73714823093832,-95.90369,-96.41685609863134
scene_0019,80.64516129032256,-67.74193548387098,0,-96.25289826512028,-96.14481729273902,-96.14822614341261,-96.29588,-96.63991255523118
scene_0019,87.09677419354838,-67.74193548387098,0,-96.59473628584253,-96.47911032213145,-96.57185422442853,-96.68583,-96.77181013617127
scene_0019,93.54838709677418,-67.74193548387098,1,-96.94482180478062,-96.82467708198604,-97.00346214110476,-96.71057,-96.71056416162784
scene_0019,100.0,-67.74193548387098,0,-97.30346533108003,-97.18183321838639,-97.43856361264585,-97.42995,-96.95375519272368
scene_0019,-100.0,-61.29032258064517,0,-100.98710253229183,-100.98854074729405,-100.06010194762887,-101.00272,-99.09146289119697
scene_0019,-93.54838709677419,-61.29032258064517,0,-100.39972560736288,-100.41513441405345,-99.44779220625128,-100.20977,-99.1300511537919
scene_0019,-87.09677419354838,-61.29032258064517,0,-99.64932020158129,-99.68313816353975,-98.77323868784744,-99.37476,-98.87855650678173
scene_0019,-80.64516129032259,-61.29032258064517,0,-98.78346428585992,-98.83527436143316,-98.0593503369233,-98.52835,-98.3800007529131
scene_0019,-74.19354838709677,-61.29032258064517,1,-97.8667326214193,-97.93308421006242,-97.3325271793909,-97.69593,-97.69593245148583
scene_0019,-67.74193548387098,-61.29032258064517,0,-96.95856828072154,-97.0351577148497,-96.61769887212209,-96.91908,-97.01736072891438
scene_0019,-61.29032258064517,-61.29032258064517,0,-96.10279344973407,-96.1857962145161,-95.93545813446168,-96.197845,-96.29741370363469
scene_0019,-54.83870967741936,-61.29032258064517,1,-95.32697588503868,-95.41348893947782,-95.30117476563933,-95.5716,-95.57159931672942
scene_0019,-48.38709677419355,-61.29032258064517,0,-94.64600500597084,-94.73399575807078,-94.72534979962064,-94.95866,-94.97226743843146
scene_0019,-41.935483870967744,-61.29032258064517,0,-94.06615183218076,-94.15423575193392,-94.2144993357451,-94.43783,-94.39808123004562
scene_0019,-35.483870967741936,-61.29032258064517,0,-93.5882455384455,-93.67544978525457,-93.77212182955648,-93.9807,-93.87982365394193
scene_0019,-29.032258064516128,-61.29032258064517,0,-93.20981265724939,-93.29537858005031,-93.39954253099869,-93.59096,-93.44871344381119
scene_0019,-22.580645161290334,-61.29032258064517,1,-92.92640876919228,-93.00964078487195,-93.09657478411992,-93.3295,-93.32949541818975
scene_0019,-16.129032258064527,-61.29032258064517,0,-92.73240796072854,-92.8125623515698,-92.86200660162878,-93.05199,-92.96721721558922
scene_0019,-9.677419354838719,-61.29032258064517,0,-92.6214548563554,-92.69766082655146,-92.69394463104157,-92.91099,-92.8734688507353
scene_0019,-3.225806451612911,-61.29032258064517,0,-92.58671868975723,-92.65792689369603,-92.5900502327799,-92.83568,-92.90776715127926
scene_0019,3.225806451612897,-61.29032258064517,0,-92.62104069396928,-92.68599796497058,-92.54769715164417,-92.805954,-92.99471091416571
scene_0019,9.677419354838705,-61.29032258064517,0,-92.71703473098306,-92.77428658860666,-92.56407333028665,-92.81709,-93.05184381728506
scene_0019,16.129032258064512,-61.29032258064517,0,-92.86718118978143,-92.91510522924574,-92.63624316541222,-92.87462,-93.07424300202396
scene_0019,22.58064516129032,-61.29032258064517,0,-93.06394051933147,-93.10081346453075,-92.76118160224064,-92.98418,-93.1028202559852
scene_0019,29.032258064516128,-61.29032258064517,0,-93.29990135420309,-93.32399998063919,-92.93578788434857,-93.147766,-93.18252275266846
scene_0019,35.48387096774192,-61.29032258064517,0,-93.56796655472321,-93.57769783713516,-93.15688430849478,-93.36417,-93.33811587886234
scene_0019,41.935483870967744,-61.29032258064517,0,-93.86156785053389,-93.85561727950652,-93.42120375128964,-93.62999,-93.58742504711782
scene_0019,48.38709677419354,-61.29032258064517,0,-94.17488727893317,-94.15236796744034,-93.72536886173597,-93.94039,-93.95336082847847
scene_0019,54.83870967741933,-61.29032258064517,0,-94.50305406077113,-94.4636353241596,-94.06586553452875,-94.28938,-94.44275378156276
scene_0019,61.29032258064515,-61.29032258064517,0,-94.84228242786125,-94.78627706969564,-94.43901352025787,-94.66989,-95.00969654288318
scene_0019,67.74193548387095,-61.29032258064517,0,-95.18992158617561,-95.1183169403261,-94.84093773146984,-95.07399,-95.51485491162899
scene_0019,74.19354838709677,-61.29032258064517,0,-95.54440305978272,-95.45883068493991,-95.26754488386925,-95.49295,-95.86655503689099
scene_0019,80.64516129032256,-61.29032258064517,0,-95.9050894123046,-95.80773925544531,-95.71451140993089,-95.917755,-96.10094873118922
scene_0019,87.09677419354838,-61.29032258064517,0,-96.27204610066838,-96.16553957271557,-96.17728980565198,-96.33958,-96.27280818352253
scene_0019,93.54838709677418,-61.29032258064517,0,-96.64576981806492,-96.53301029892638,-96.65114125063823,-96.75035,-96.42004772226002
scene_0019,100.0,-61.29032258064517,0,-97.02690968712055,-96.91092818030211,-97.13120183257661,-97.14334,-96.54323180119933
scene_0019,-100.0,-54.83870967741936,0,-100.55759001485126,-100.5576307315093,-99.52429536289529,-100.48613,-98.57915367476525
scene_0019,-93.54838709677419,-54.83870967741936,0,-99.86706442855666,-99.88056442678555,-98.84564000653688,-99.66029,-98.49411882526678
scene_0019,-87.09677419354838,-54.83870967741936,0,-99.02673590656497,-99.05637176094366,-98.11806908927919,-98.7915,-98.15960161986716
scene_0019,-80.64516129032259,-54.83870967741936,0,-98.09477992118647,-98.13917334914807,-97.36637773804732,-97.911804,-97.62228210424114
scene_0019,-74.19354838709677,-54.83870967741936,0,-97.13681133960064,-97.19254912815984,-96.61604351165636,-97.05359,-96.96041526448617
scene_0019,-67.74193548387098,-54.83870967741936,0,-96.2075033719641,-96.27093271968869,-95.88947230614893,-96.24356,-96.25074018706994
scene_0019,-61.29032258064517,-54.83870967741936,0,-95.34452799566955,-95.41265397717444,-95.2042797611283,-95.49885,-95.54501688822145
scene_0019,-54.83870967741936,-54.83870967741936,0,-94.57027584727837,-94.64096146032064,-94.57311833325326,-94.82658,-94.87913351313354
scene_0019,-48.38709677419355,-54.83870967741936,0,-93.89601399200687,-93.96785401329672,-94.00432481900596,-94.22662,-94.27520980686023
scene_0019,-41.935483870967744,-54.83870967741936,1,-93.32574168217016,-93.39784763763866,-93.50283660056778,-93.685455,-93.68545949125705
scene_0019,-35.483870967741936,-54.83870967741936,1,-92.85898571596596,-92.93078264431935,-93.07107461586298,-93.43868,-93.43868246604741
scene_0019,-29.032258064516128,-54.83870967741936,0,-92.49260950313226,-92.56367212401938,-92.70967338929037,-92.84351,-92.82561113513029
scene_0019,-22.580645161290334,-54.83870967741936,0,-92.22191026337418,-92.29183787702745,-92.4180373770424,-92.536026,-92.50460064515642
scene_0019,-16.129032258064527,-54.83870967741936,0,-92.04125416377761,-92.10957642161817,-92.1947446324502,-92.32204,-92.2816984334611
scene_0019,-9.677419354838719,-54.83870967741936,1,-91.94442845105564,-92.01053487258953,-92.03783025904386,-92.04401,-92.04400596068949
scene_0019,-3.225806451612911,-54.83870967741936,0,-91.9248286107949,-91.98791777083281,-91.94498047190281,-92.144104,-92.21893181282272
scene_0019,3.225806451612897,-54.83870967741936,0,-91.97555689297462,-92.03460452118114,-91.91366217807114,-92.13469,-92.336787730422
scene_0019,9.677419354838705,-54.83870967741936,0,-92.08948266600086,-92.14323076315469,-91.94120667352252,-92.16515,-92.44899338005469
scene_0019,16.129032258064512,-54.83870967741936,0,-92.25929945349858,-92.30627052634222,-92.02486070019275,-92.24188,-92.52561625478526
scene_0019,22.58064516129032,-54.83870967741936,0,-92.47760339956173,-92.51614458517918,-92.16181398745229,-92.37151,-92.57554093378414
scene_0019,29.032258064516128,-54.83870967741936,0,-92.73700965680389,-92.76537029885392,-92.3492093957257,-92.5567,-92.63609500206852
scene_0019,35.48387096774192,-54.83870967741936,0,-93.0303142380952,-93.04675696294564,-92.58413966760392,-92.79649,-92.7552113194397
scene_0019,41.935483870967744,-54.83870967741936,0,-93.35069791087494,-93.35363750287542,-92.8636333764423,-93.08755,-92.98765117540782
scene_0019,48.38709677419354,-54.83870967741936,0,-93.69195607233188,-93.68011342334091,-93.18463180368019,-93.4249,-93.36937622052132
scene_0019,54.83870967741933,-54.83870967741936,1,-94.04872643239719,-94.02127849740738,-93.54395809447544,-93.69212,-93.69212301741354
scene_0019,61.29032258064515,-54.83870967741936,1,-94.41667841237708,-94.37338192842448,-93.93828010973104,-94.531136,-94.53113347133248
scene_0019,67.74193548387095,-54.83870967741936,1,-94.79262815970151,-94.73389684216853,-94.3640689220109,-95.221664,-95.22165797571027
scene_0019,74.19354838709677,-54.83870967741936,0,-95.17455274023175,-95.10147502615058,-94.8175559185085,-95.0965,-95.29249590480202
scene_0019,80.64516129032256,-54.83870967741936,0,-95.56149466129543,-95.47578990035264,-95.29469297920834,-95.55177,-95.5809847715908
scene_0019,87.09677419354838,-54.83870967741936,0,-95.95336833113193,-95.8572902108827,-95.79112211616673,-96.00336,-95.83980417712024
scene_0019,93.54838709677418,-54.83870967741936,0,-96.35069706807586,-96.24690065683023,-96.30216305482877,-96.44275,-96.07344093133071
scene_0019,100.0,-54.83870967741936,0,-96.75431816174311,-96.64570948180385,-96.82282902514594,-96.86282,-96.25658346195675
scene_0019,-100.0,-48.38709677419355,0,-100.0842933700013,-100.08127113359646,-98.96430061480882,-99.99645,-98.24640347685747
scene_0019,-93.54838709677419,-48.38709677419355,0,-99.31119836550563,-99.32011899370278,-98.23707255363276,-99.14224,-98.04955054861979
scene_0019,-87.09677419354838,-48.38709677419355,0,-98.40788446654088,-98.43025258444392,-97.47541183545954,-98.24431,-97.61468850732756
scene_0019,-80.64516129032259,-48.38709677419355,0,-97.43624161628077,-97.470370139647,-96.70353076038538,-97.33598,-97.00957222812733
scene_0019,-74.19354838709677,-48.38709677419355,0,-96.45858029863786,-96.5014593554511,-95.94455554267257,-96.45097,-96.30990364121084
scene_0019,-67.74193548387098,-48.38709677419355,0,-95.52362794719684,-95.57231139637446,-95.21792053128124,-95.61721,-95.57895366194455
scene_0019,-61.29032258064517,-48.38709677419355,0,-94.66357104579134,-94.71577486032115,-94.53844481193046,-94.85256,-94.8721327275924
scene_0019,-54.83870967741936,-48.38709677419355,0,-93.89684649231478,-93.95102683467555,-93.91652512381675,-94.164474,-94.22176087648569
scene_0019,-48.38709677419355,-48.38709677419355,0,-93.23224041818109,-93.28745347341597,-93.35885158292913,-93.55279,-93.63345561687419
scene_0019,-41.935483870967744,-48.38709677419355,0,-92.67235132599424,-92.72806548152258,-92.8692470926753,-93.01439,-93.10057004105863
scene_0019,-35.483870967741936,-48.38709677419355,0,-92.21601067159503,-92.27193752951874,-92.44942984046206,-92.5481,-92.60686102686495
scene_0019,-29.032258064516128,-48.38709677419355,1,-91.85982253109964,-91.91578209883613,-92.09962874100793,-92.02125,-92.02124858415935
scene_0019,-22.580645161290334,-48.38709677419355,0,-91.59908788519667,-91.65490468385273,-91.8190482507387,-91.856476,-91.83962032655381
scene_0019,-16.129032258064527,-48.38709677419355,0,-91.42833406661624,-91.48375680787503,-91.60620522452602,-91.65382,-91.63337303293672
scene_0019,-9.677419354838719,-48.38709677419355,0,-91.34160267801342,-91.3962413401349,-91.4591662677002,-91.54703,-91.54384379791443
scene_0019,-3.225806451612911,-48.38709677419355,0,-91.33259589076097,-91.38587269780788,-91.375711299979,-91.51102,-91.5857129756698
scene_0019,3.225806451612897,-48.38709677419355,0,-91.39474565524799,-91.44585932524144,-91.35344377300869,-91.52008,-91.71039012981379
scene_0019,9.677419354838705,-48.38709677419355,0,-91.52124886816046,-91.56915412359518,-91.38986271932424,-91.56814,-91.85976355463511
scene_0019,16.129032258064512,-48.38709677419355,1,-91.70509902127796,-91.7485055023519,-91.48240741905985,-91.96341,-91.9634064695629
scene_0019,22.58064516129032,-48.38709677419355,0,-91.93913724259623,-91.97653326994056,-91.62848208516957,-91.810165,-92.05736895868719
scene_0019,29.032258064516128,-48.38709677419355,0,-92.21613977947457,-92.24584634115385,-91.82546546057523,-92.014854,-92.12146428068098
scene_0019,35.48387096774192,-48.38709677419355,0,-92.52895244187089,-92.5492107275939,-92.07070840704944,-92.27571,-92.24279562519183
scene_0019,41.935483870967744,-48.38709677419355,1,-92.87067371932189,-92.87976512708511,-92.36152128380829,-92.33774,-92.33773800826543
scene_0019,48.38709677419354,-48.38709677419355,0,-93.23487683132703,-93.23126792105239,-92.69515204956649,-92.95088,-92.92763386245291
scene_0019,54.83870967741933,-48.38709677419355,0,-93.61584820269344,-93.59834586559836,-93.06875551359306,-93.35369,-93.45297874802387
scene_0019,61.29032258064515,-48.38709677419355,0,-94.00880890909414,-93.97670530547671,-93.47935399832524,-93.79022,-93.95331117500487
scene_0019,67.74193548387095,-48.38709677419355,1,-94.41008063082384,-94.36326570993268,-93.92378989519679,-94.012344,-94.01234935540494
scene_0019,74.19354838709677,-48.38709677419355,0,-94.81716187885115,-94.756185057826,-94.39867127488091,-94.72867,-94.75632789844353
scene_0019,80.64516129032256,-48.38709677419355,0,-95.2286941387587,-95.1547654959748,-94.90031295928112,-95.21106,-95.12673694897731
scene_0019,87.09677419354838,-48.38709677419355,0,-95.64431770618276,-95.55925023523264,-95.42467737762593,-95.689125,-95.48982253779937
scene_0019,93.54838709677418,-48.38709677419355,0,-96.06443721698271,-95.97054167715228,-95.96732214880615,-96.15396,-95.82776371356758
scene_0019,100.0,-48.38709677419355,0,-96.48993107953797,-96.38988083247695,-96.52336451836662,-96.598114,-96.08885504046462
scene_0019,-100.0,-41.935483870967744,0,-99.59278322240628,-99.58536306182714,-98.40484990096218,-99.545425,-98.1137407583268
scene_0019,-93.54838709677419,-41.935483870967744,0,-98.7621319275145,-98.76470137425464,-97.6468432323916,-98.66843,-97.81018448872533
scene_0019,-87.09677419354838,-41.935483870967744,0,-97.82213390680852,-97.83555050414725,-96.86788079745804,-97.74713,-97.2459267945551
scene_0019,-80.64516129032259,-41.935483870967744,0,-96.83332226859703,-96.85597558416568,-96.09012694248227,-96.81593,-96.53825882964496
scene_0019,-74.19354838709677,-41.935483870967744,0,-95.8526873128089,-95.88208669145253,-95.33382461621778,-95.909645,-95.77117695530146
scene_0019,-67.74193548387098,-41.935483870967744,0,-94.9232723262729,-94.95710437063097,-94.61555158853585,-95.05713,-94.99003276981017
scene_0019,-61.29032258064517,-41.935483870967744,0,-94.07293894510674,-94.10948337312763,-93.94775744499681,-94.2769,-94.26679086873125
scene_0019,-54.83870967741936,-41.935483870967744,0,-93.31738156146601,-93.35553768673219,-93.33908709014841,-93.576675,-93.62590529249317
scene_0019,-48.38709677419355,-41.935483870967744,0,-92.66386353595495,-92.70302208436897,-92.79504408396079,-92.956245,-93.04590151840877
scene_0019,-41.935483870967744,-41.935483870967744,0,-92.11425663587939,-92.1541422654991,-92.31871052351562,-92.41238,-92.50498780381733
scene_0019,-35.483870967741936,-41.935483870967744,0,-91.66714326427586,-91.7076749948269,-91.91138632915468,-91.94388,-91.9971920657635
scene_0019,-29.032258064516128,-41.935483870967744,0,-91.31915275616892,-91.36033223618796,-91.57310299308378,-91.55554,-91.55455940244534
scene_0019,-22.580645161290334,-41.935483870967744,1,-91.06576583949818,-91.10759000626433,-91.3030131438819,-91.248924,-91.2489205499158
scene_0019,-16.129032258064527,-41.935483870967744,0,-90.9017765357132,-90.94416840893055,-91.09967528582656,-91.06683,-91.04296311179013
scene_0019,-9.677419354838719,-41.935483870967744,0,-90.82154254946317,-90.86429493596371,-90.96125673539416,-90.97452,-90.9702094802052
scene_0019,-3.225806451612911,-41.935483870967744,0,-90.81910982643834,-90.86183887732012,-90.88567542467621,-90.9549,-91.0026542646669
scene_0019,3.225806451612897,-41.935483870967744,0,-90.88826696901972,-90.93037489803271,-90.87069707754887,-90.98011,-91.10966523155751
scene_0019,9.677419354838705,-41.935483870967744,0,-91.02256702751981,-91.06321559799262,-90.9140001148347,-91.04354,-91.2658129872829
scene_0019,16.129032258064512,-41.935483870967744,1,-91.21534376554811,-91.25344223744892,-91.01321714314012,-91.61305,-91.61305226802497
scene_0019,22.58064516129032,-41.935483870967744,0,-91.4597434912802,-91.49395633611208,-91.16595913469702,-91.316574,-91.53665788836253
scene_0019,29.032258064516128,-41.935483870967744,0,-91.74878929663267,-91.7775696844214,-91.36982632120423,-91.5381,-91.6465727653761
scene_0019,35.48387096774192,-41.935483870967744,0,-92.07548988041131,-92.0971441089186,-91.62240826392988,-91.817055,-91.82776032618744
scene_0019,41.935483870967744,-41.935483870967744,0,-92.43299837542791,-92.44578347154096,-91.92127439801124,-92.15012,-92.14226813953428
scene_0019,48.38709677419354,-41.935483870967744,0,-92.81481691524323,-92.81706841327164,-92.26395548727963,-92.53218,-92.61925568383282
scene_0019,54.83870967741933,-41.935483870967744,1,-93.21503060593392,-93.20531063566293,-92.64791581310294,-93.30394,-93.30393977722728
scene_0019,61.29032258064515,-41.935483870967744,0,-93.62854242693744,-93.60579140175571,-93.0705155449516,-93.415565,-93.64272788175639
scene_0019,67.74193548387095,-41.935483870967744,0,-94.05127217301896,-94.01494296629477,-93.5289626357694,-93.90001,-94.03879544126355
scene_0019,74.19354838709677,-41.935483870967744,1,-94.48028183640491,-94.4304355788369,-94.02025383723968,-94.349594,-94.349596999088
scene_0019,80.64516129032256,-41.935483870967744,1,-94.9137989113236,-94.85114721944144,-94.54110518115884,-94.74753,-94.74752025579264
scene_0019,87.09677419354838,-41.935483870967744,0,-95.3511265441202,-95.2770147433664,-95.08787372154782,-95.40584,-95.23117118060776
scene_0019,93.54838709677418,-41.935483870967744,0,-95.79245028055817,-95.70878691650196,-95.65647471011674,-95.892166,-95.67080958105944
scene_0019,100.0,-41.935483870967744,0,-96.23856891488012,-96.14771512980347,-96.24230188567098,-96.35662,-96.01876597870199
scene_0019,-100.0,-35.483870967741936,0,-99.10743101450075,-99.09494227238551,-97.8681366722887,-99.1398,-98.1585948824587
scene_0019,-93.54838709677419,-35.483870967741936,0,-98.24385369495627,-98.23935170128478,-97.09506166521919,-98.24629,-97.75859770550136
scene_0019,-87.09677419354838,-35.483870967741936,0,-97.2898992741342,-97.29394873913853,-96.3124112672115,-97.30817,-97.02986074636581
scene_0019,-80.64516129032259,-35.483870967741936,1,-96.30176201187555,-96.31300155006478,-95.53967213467428,-96.15304,-96.15303574217387
scene_0019,-74.19354838709677,-35.483870967741936,1,-95.33061959360398,-95.34706318294644,-94.79421913905935,-95.46152,-95.46151946653583
scene_0019,-67.74193548387098,-35.483870967741936,0,-94.41467947297258,-94.43453621084173,-94.09013439586168,-94.573425,-94.47057828877513
scene_0019,-61.29032258064517,-35.483870967741936,0,-93.57864554588872,-93.60062945818157,-93.43796694778237,-93.78251,-93.73183457346786
scene_0019,-54.83870967741936,-35.483870967741936,0,-92.83648026811181,-92.85982033429896,-92.84505381950237,-93.07425,-93.104890539096
scene_0019,-48.38709677419355,-35.483870967741936,0,-92.19466482198855,-92.21899679074845,-92.3160784941557,-92.44839,-92.53053675466829
scene_0019,-41.935483870967744,-35.483870967741936,0,-91.65484527653588,-91.68008132043329,-91.85366333569763,-91.90162,-91.9816201836372
scene_0019,-35.483870967741936,-35.483870967741936,0,-91.21567881109824,-91.24189148452376,-91.45889641646937,-91.43272,-91.46371403108571
scene_0019,-29.032258064516128,-35.483870967741936,0,-90.87402204154137,-90.90135033400105,-91.13175917305868,-91.04669,-91.0139122449716
scene_0019,-22.580645161290334,-35.483870967741936,0,-90.62565637010586,-90.65423110321998,-90.87145527511309,-90.75585,-90.6852782411593
scene_0019,-16.129032258064527,-35.483870967741936,0,-90.46571039141512,-90.49559383758833,-90.67665493241665,-90.57268,-90.50383110327874
scene_0019,-9.677419354838719,-35.483870967741936,0,-90.38889196318533,-90.42002727704151,-90.54567214658478,-90.492645,-90.44734823673002
scene_0019,-3.225806451612911,-35.483870967741936,0,-90.38960468204836,-90.42177241901001,-90.47659102490945,-90.486725,-90.47446103413554
scene_0019,3.225806451612897,-35.483870967741936,0,-90.46199798472075,-90.49477890553989,-90.46735431393792,-90.525406,-90.55415670962407
scene_0019,9.677419354838705,-35.483870967741936,1,-90.59998440924576,-90.63272973171291,-90.51582420000322,-90.57628,-90.57627293447119
scene_0019,16.129032258064512,-35.483870967741936,0,-90.79724853607655,-90.8290607090506,-90.61982270357447,-90.723785,-90.84649046815242
scene_0019,22.58064516129032,-35.483870967741936,0,-91.04726708985126,-91.07699586170425,-90.77715679164129,-90.9005,-91.01280097919818
scene_0019,29.032258064516128,-35.483870967741936,0,-91.34335641425672,-91.36961609996574,-90.98563160633518,-91.13588,-91.21551220884771
scene_0019,35.48387096774192,-35.483870967741936,0,-91.67876014427281,-91.69997402316159,-91.24305386528235,-91.4296,-91.47532910990083
scene_0019,41.935483870967744,-35.483870967741936,0,-92.04678479148367,-92.06126086823487,-91.54722643488552,-91.778404,-91.84009607117187
scene_0019,48.38709677419354,-35.483870967741936,0,-92.44098306626283,-92.4470215624369,-91.89593423555061,-92.17708,-92.32830314782211
scene_0019,54.83870967741933,-35.483870967741936,0,-92.85537405848663,-92.8514011088231,-92.28692095769524,-92.618904,-92.87617976432054
scene_0019,61.29032258064515,-35.483870967741936,0,-93.28467740534967,-93.26939257609561,-92.71785552985749,-93.09584,-93.3915169252851
scene_0019,67.74193548387095,-35.483870967741936,1,-93.72452843186265,-93.69704785063897,-93.18628690313416,-94.02958,-94.0295833799488
scene_0019,74.19354838709677,-35.483870967741936,0,-94.17163690883392,-94.13161133551358,-93.68958556536464,-94.11714,-94.18041871225586
scene_0019,80.64516129032256,-35.483870967741936,0,-94.62385657707473,-94.57154625254553,-94.22487040461037,-94.64075,-94.55678076214836
scene_0019,87.09677419354838,-35.483870967741936,0,-95.08014617493455,-95.01644159891657,-94.7889203209307,-95.15901,-95.02537636413837
scene_0019,93.54838709677418,-35.483870967741936,0,-95.54042200513358,-95.46680977239446,-95.37807165835946,-95.662415,-95.55207456080615
scene_0019,100.0,-35.483870967741936,0,-96.00532122029404,-95.92380344456649,-95.98810551518939,-96.143005,-95.99572392705964
scene_0019,-100.0,-29.032258064516128,0,-98.64815521892119,-98.63063053532724,-97.37219468503228,-98.782005,-98.292412702286
scene_0019,-93.54838709677419,-29.032258064516128,1,-97.77316218681726,-97.76177547131864,-96.59683701916892,-98.15668,-98.15667993551588
scene_0019,-87.09677419354838,-29.032258064516128,1,-96.823537635283,-96.81875718506141,-95.82089471792384,-96.58864,-96.58863652491455
scene_0019,-80.64516129032259,-29.032258064516128,0,-95.84971510339798,-95.8504728931891,-95.06107925758037,-95.97335,-95.9815879825046
scene_0019,-74.19354838709677,-29.032258064516128,0,-94.8972977965386,-94.90204596637015,-94.3321704473689,-95.04325,-94.99312684807194
scene_0019,-67.74193548387098,-29.032258064516128,1,-94.0005783286845,-94.00794237487419,-93.64617102599412,-93.82918,-93.82917113562108
scene_0019,-61.29032258064517,-29.032258064516128,0,-93.18206812953036,-93.191094941925,-93.01214614519228,-93.37387,-93.31262082540903
scene_0019,-54.83870967741936,-29.032258064516128,0,-92.4547685315479,-92.46493530397024,-92.43647808435864,-92.661896,-92.69221555221864
scene_0019,-48.38709677419355,-29.032258064516128,0,-91.82492684419532,-91.83605305285163,-91.92330467829464,-92.034134,-92.109639575898
scene_0019,-41.935483870967744,-29.032258064516128,0,-91.29433116834221,-91.30647049023615,-91.47499150339482,-91.48716,-91.54489948531264
scene_0019,-35.483870967741936,-29.032258064516128,0,-90.86195111906846,-90.87529361888923,-91.09256041102454,-91.01975,-91.01029082498441
scene_0019,-29.032258064516128,-29.032258064516128,1,-90.52501895112673,-90.53981066874786,-90.77604512267618,-90.55848,-90.55848072635698
scene_0019,-22.580645161290334,-29.032258064516128,0,-90.27970484961708,-90.29618295199738,-90.52477089495656,-90.35171,-90.19935903095421
scene_0019,-16.129032258064527,-29.032258064516128,0,-90.12151968108746,-90.13985906041398,-90.3375670285092,-90.17641,-90.03955350783706
scene_0019,-9.677419354838719,-29.032258064516128,0,-90.04554232666018,-90.06580989905758,-90.21292463234487,-90.10631,-90.01056042681026
scene_0019,-3.225806451612911,-29.032258064516128,0,-90.04653777291404,-90.06865201196142,-90.14911177785967,-90.11122,-90.0433340133358
scene_0019,3.225806451612897,-29.032258064516128,0,-90.11901042024874,-90.14270521839093,-90.14425635683125,-90.16054,-90.11107130123153
scene_0019,9.677419354838705,-29.032258064516128,0,-90.25722332539942,-90.28201693800314,-90.19640477320722,-90.24701,-90.21982995875264
scene_0019,16.129032258064512,-29.032258064516128,0,-90.45520604053452,-90.48037757538083,-90.30356255596271,-90.37912,-90.3761832695564
scene_0019,22.58064516129032,-29.032258064516128,1,-90.70676922479228,-90.73134678626786,-90.46372124520686,-90.414314,-90.41431664633988
scene_0019,29.032258064516128,-29.032258064516128,0,-91.00554146945586,-91.02830739540336,-90.67487448613876,-90.812225,-90.88687345316484
scene_0019,35.48387096774192,-29.032258064516128,1,-91.34504117722508,-91.36456037368715,-90.93502511515538,-91.09479,-91.09478631728007
scene_0019,41.935483870967744,-29.032258064516128,0,-91.7187924121676,-91.7334690142423,-91.24218407415617,-91.477974,-91.54060650529118
scene_0019,48.38709677419354,-29.032258064516128,0,-92.12048726998728,-92.12865219502953,-91.5943611826163,-91.88913,-92.00381255017136
scene_0019,54.83870967741933,-29.032258064516128,0,-92.54418813981334,-92.54421537747373,-91.98954708580622,-92.34395,-92.53801831366124
scene_0019,61.29032258064515,-29.032258064516128,0,-92.9845521350395,-92.97499539759129,-92.42568505417309,-92.834236,-93.07421398747096
scene_0019,67.74193548387095,-29.032258064516128,0,-93.4370493902311,-93.41678450563593,-92.90063073173599,-93.35061,-93.54672188942581
scene_0019,74.19354838709677,-29.032258064516128,0,-93.89814039664593,-93.86649468686032,-93.41209745626132,-93.88272,-93.93528827703874
scene_0019,80.64516129032256,-29.032258064516128,0,-94.36537842984613,-94.32222821829379,-93.95758449481967,-94.41975,-94.32258662723868
scene_0019,87.09677419354838,-29.032258064516128,0,-94.8374127735361,-94.7832348234547,-94.53428563861371,-94.951065,-94.79841309571668
scene_0019,93.54838709677418,-29.032258064516128,0,-95.3138849991924,-95.24975597345193,-95.13897639816543,-95.46698,-95.38005319244968
scene_0019,100.0,-29.032258064516128,1,-95.79522925076077,-95.7227765737091,-95.76788003435944,-96.246124,-96.24613226281917
scene_0019,-100.0,-22.580645161290334,0,-98.2295311402653,-98.20756864979128,-96.93063748931942,-98.47121,-98.37919197534515
scene_0019,-93.54838709677419,-22.580645161290334,0,-97.36048177592941,-97.3430477969138,-96.16285444415256,-97.564804,-97.85713947440928
scene_0019,-87.09677419354838,-22.580645161290334,0,-96.42925887996876,-96.41681363853644,-95.40124333225306,-96.61384,-96.94164587431955
scene_0019,-80.64516129032259,-22.580645161290334,1,-95.48003322058152,-95.47178149348277,-94.65991666070123,-96.055466,-96.05546837256057
scene_0019,-74.19354838709677,-22.580645161290334,0,-94.55328709904755,-94.54803891523653,-93.95141112749627,-94.72206,-94.79943885568784
scene_0019,-67.74193548387098,-22.580645161290334,0,-93.68015292855098,-93.67685911314331,-93.28603106825932,-93.84795,-93.81674863319182
scene_0019,-61.29032258064517,-22.580645161290334,0,-92.88165566203037,-92.87961833309762,-92.67169259149031,-93.051285,-93.05510258877418
scene_0019,-54.83870967741936,-22.580645161290334,0,-92.17038448638768,-92.16927035377444,-92.11408814404368,-92.34005,-92.40556014244032
scene_0019,-48.38709677419355,-22.580645161290334,0,-91.55274552962034,-91.55251526408684,-91.6170075401404,-91.71398,-91.79038499635948
scene_0019,-41.935483870967744,-22.580645161290334,0,-91.03093762512475,-91.03175520685333,-91.18270212490364,-91.1696,-91.20417463251414
scene_0019,-35.483870967741936,-22.580645161290334,0,-90.60442106885594,-90.6065697820405,-90.81222831119477,-90.70568,-90.66172358154574
scene_0019,-29.032258064516128,-22.580645161290334,0,-90.27091810576243,-90.27473028322497,-90.50574231174426,-90.327385,-90.18975488031825
scene_0019,-22.580645161290334,-22.580645161290334,1,-90.02705733626948,-90.03285690300969,-90.26273906654991,-89.65216,-89.65215426358606
scene_0019,-16.129032258064527,-22.580645161290334,0,-89.8687702235971,-89.87682474953738,-90.08223901808557,-89.8787,-89.72146342736497
scene_0019,-9.677419354838719,-22.580645161290334,0,-89.79152310904712,-89.80200214935363,-89.962930606952,-89.816124,-89.71830963298916
scene_0019,-3.225806451612911,-22.580645161290334,0,-89.79044379786075,-89.80338125752878,-89.90327714742543,-89.82894,-89.75545180226389
scene_0019,3.225806451612897,-22.580645161290334,0,-89.86038351261386,-89.87564304251299,-89.90159594509478,-89.886024,-89.81816365998603
scene_0019,9.677419354838705,-22.580645161290334,0,-89.99594291919153,-90.01318676240714,-89.95611614867127,-89.979965,-89.93081910862256
scene_0019,16.129032258064512,-22.580645161290334,0,-90.19148359305773,-90.21014680850021,-90.06502037789915,-90.11944,-90.1018835450971
scene_0019,22.58064516129032,-22.580645161290334,1,-90.4411421166911,-90.46041564239943,-90.22647384330811,-90.24045,-90.24045231519486
scene_0019,29.032258064516128,-22.580645161290334,1,-90.73886150972572,-90.75768890565642,-90.43864352804519,-90.96097,-90.96096608861244
scene_0019,35.48387096774192,-22.580645161290334,0,-91.07845252028505,-91.09554609694132,-90.69970902589387,-90.88042,-90.94867830151664
scene_0019,41.935483870967744,-22.580645161290334,0,-91.45369415947167,-91.46757604585942,-91.00786578476091,-91.24924,-91.24544788079967
scene_0019,48.38709677419354,-22.580645161290334,0,-91.85847766212733,-91.86754964619327,-91.36132074672487,-91.66875,-91.65869676928455
scene_0019,54.83870967741933,-22.580645161290334,1,-92.2869902706974,-92.28963261954024,-91.75827966253863,-92.202675,-92.20267604167958
scene_0019,61.29032258064515,-22.580645161290334,0,-92.73392533553584,-92.72861947982122,-92.19692465720948,-92.6311,-92.72430018548417
scene_0019,67.74193548387095,-22.580645161290334,0,-93.19469501810994,-93.1801589803102,-92.67537991534022,-93.156235,-93.23486756192644
scene_0019,74.19354838709677,-22.580645161290334,0,-93.66561436766908,-93.64093488361499,-93.1916626463514,-93.69707,-93.6770031486025
scene_0019,80.64516129032256,-22.580645161290334,0,-94.14402395483735,-94.10876732472198,-93.74361583021553,-94.24266,-94.09717218005437
scene_0019,87.09677419354838,-22.580645161290334,1,-94.62832453435465,-94.58261055831358,-94.32881876096948,-94.45749,-94.45749177187692
scene_0019,93.54838709677418,-22.580645161290334,1,-95.11791066485725,-95.062440281791,-94.9444713576957,-94.9768,-94.97679264466589
scene_0019,100.0,-22.580645161290334,0,-95.61300725374296,-95.54904283884434,-95.58724907467175,-95.805855,-95.70677693915971
scene_0019,-100.0,-16.129032258064527,1,-97.86135105116381,-97.83591414239669,-96.55313303086389,-98.62009,-98.62009196252039
scene_0019,-93.54838709677419,-16.129032258064527,0,-97.01142307148531,-96.98917183480125,-95.80026656982949,-97.30226,-97.76187799863305
scene_0019,-87.09677419354838,-16.129032258064527,0,-96.10906769033024,-96.0904806957535,-95.05843559264494,-96.35564,-96.84990311152397
scene_0019,-80.64516129032259,-16.129032258064527,0,-95.19214785088766,-95.17665410985293,-94.33943588766446,-95.400536,-95.77294737236569
scene_0019,-74.19354838709677,-16.129032258064527,0,-94.29643674496917,-94.28312474799624,-93.65390158597765,-94.473335,-94.65760219908924
scene_0019,-67.74193548387098,-16.129032258064527,1,-93.450416809305,-93.43848547024828,-93.01075269785265,-93.476555,-93.47655599274488
scene_0019,-61.29032258064517,-16.129032258064527,1,-92.6740797778414,-92.66302480347545,-92.41701042939991,-93.06736,-93.0673603787069
scene_0019,-54.83870967741936,-16.129032258064527,0,-91.97996036080994,-91.96959313655144,-91.87786868467816,-92.10684,-92.20247592812444
scene_0019,-48.38709677419355,-16.129032258064527,0,-91.37489077015192,-91.36528160742769,-91.39690762119795,-91.48617,-91.5526279061159
scene_0019,-41.935483870967744,-16.129032258064527,0,-90.86167379856242,-90.85307440641338,-90.97636240100411,-90.94726,-90.95800431668872
scene_0019,-35.483870967741936,-16.129032258064527,0,-90.44039620782866,-90.43316581088723,-90.61739276050042,-90.48882,-90.43927944867374
scene_0019,-29.032258064516128,-16.129032258064527,0,-90.10936248287467,-90.10390494347061,-90.3203252473174,-90.116005,-90.02078129258226
scene_0019,-22.580645161290334,-16.129032258064527,0,-89.86571921441426,-89.86243099313654,-90.0848573383035,-89.84146,-89.7300363147613
scene_0019,-16.129032258064527,-16.129032258064527,0,-89.70585359253162,-89.70507992059746,-89.91022254115839,-89.67798,-89.61155565365216
scene_0019,-9.677419354838719,-16.129032258064527,0,-89.62563631530159,-89.62763275885584,-89.79532035735289,-89.6205,-89.61255436581223
scene_0019,-3.225806451612911,-16.129032258064527,0,-89.62056147601395,-89.62545877906342,-89.73881670482727,-89.638275,-89.64019708496936
scene_0019,3.225806451612897,-16.129032258064527,1,-89.68582111809623,-89.69359226046632,-89.73922049668948,-89.60631,-89.60630575629885
scene_0019,9.677419354838705,-16.129032258064527,0,-89.81634162970843,-89.8267712506297,-89.79494141916896,-89.798965,-89.79946183671191
scene_0019,16.129032258064512,-16.129032258064527,0,-90.00680244212019,-90.01946011437616,-89.90433302792809,-89.943146,-89.977497314473
scene_0019,22.58064516129032,-16.129032258064527,0,-90.25165351500989,-90.26587376223178,-90.0657243221178,-90.14214,-90.22300506090694
scene_0019,29.032258064516128,-16.129032258064527,0,-90.545145681902,-90.56001897760726,-90.27744205700388,-90.40036,-90.49448581887322
scene_0019,35.48387096774192,-16.129032258064527,0,-90.88138594321934,-90.89576593680297,-90.53782524165156,-90.71765,-90.71245065270888
scene_0019,41.935483870967744,-16.129032258064527,0,-91.25442711146235,-91.26695956400644,-90.84523252497294,-91.090805,-90.96181825751933
scene_0019,48.38709677419354,-16.129032258064527,0,-91.65839684478003,-91.6675747172352,-91.1980424721539,-91.51457,-91.34854980358212
scene_0019,54.83870967741933,-16.129032258064527,1,-92.08766446532738,-92.09191088159187,-91.59464603899787,-91.744316,-91.74431693453286
scene_0019,61.29032258064515,-16.129032258064527,1,-92.53703525680291,-92.53481165529223,-92.03342982867078,-92.451035,-92.45103508631132
scene_0019,67.74193548387095,-16.129032258064527,0,-93.00195251616726,-92.99188386204426,-92.5127479328613,-93.01437,-92.98573004752387
scene_0019,74.19354838709677,-16.129032258064527,0,-93.47867995521158,-93.45968379171023,-93.03087929884734,-93.559105,-93.47946234085808
scene_0019,80.64516129032256,-16.129032258064527,0,-93.96443402263954,-93.93583715436233,-93.58596663429128,-94.10844,-93.95167850357194
scene_0019,87.09677419354838,-16.129032258064527,0,-94.45743947147058,-94.41906660803396,-94.1759319292506,-94.651596,-94.46289877230387
scene_0019,93.54838709677418,-16.129032258064527,0,-94.95689207005235,-94.90911510067426,-94.79836291928117,-95.17873,-95.02964780020397
scene_0019,100.0,-16.129032258064527,0,-95.46282719674893,-95.40657074549038,-95.45036462097318,-95.6816,-95.54720635253874
scene_0019,-100.0,-9.677419354838719,0,-97.54976795859272,-97.52199230165758,-96.24612916386086,-97.97942,-97.99187480141926
scene_0019,-93.54838709677419,-9.677419354838719,0,-96.72837042668044,-96.70270833421793,-95.5135555015977,-97.08792,-97.47807998967662
scene_0019,-87.09677419354838,-9.677419354838719,0,-95.86236791537144,-95.83931370397846,-94.79536237165325,-96.15289,-96.62661279020965
scene_0019,-80.64516129032259,-9.677419354838719,0,-94.98347245339666,-94.96262278199198,-94.1013257667176,-95.20967,-95.5969901528226
scene_0019,-74.19354838709677,-9.677419354838719,0,-94.12302960483663,-94.10367759030936,-93.44046989989019,-94.29422,-94.52664817532226
scene_0019,-67.74193548387098,-9.677419354838719,0,-93.30714008264421,-93.2886652245623,-92.82057470037402,-93.43645,-93.55215284289844
scene_0019,-61.29032258064517,-9.677419354838719,0,-92.554991459806,-92.5370303322056,-92.24795218719736,-92.655624,-92.74190627026024
scene_0019,-54.83870967741936,-9.677419354838719,0,-91.87925759475014,-91.8617282436697,-91.72743183184241,-91.95962,-92.02736845617059
scene_0019,-48.38709677419355,-9.677419354838719,0,-91.28735852054913,-91.27041439094364,-91.26247866363201,-91.3481,-91.37383104219901
scene_0019,-41.935483870967744,-9.677419354838719,0,-90.7828321597913,-90.76679404409758,-90.85537785446506,-90.81757,-90.79951337437092
scene_0019,-35.483870967741936,-9.677419354838719,1,-90.36649399569392,-90.35178314715331,-90.50743891787688,-90.25155,-90.25155204395506
scene_0019,-29.032258064516128,-9.677419354838719,1,-90.03730692643822,-90.02438714549591,-90.21919140906546,-90.05638,-90.05637725373879
scene_0019,-22.580645161290334,-9.677419354838719,0,-89.79298922762352,-89.7823184679305,-89.99055816523216,-89.73137,-89.76384479103214
scene_0019,-16.129032258064527,-9.677419354838719,1,-89.63041878462839,-89.62240818712266,-89.82100127589786,-89.56783,-89.56783100653793
scene_0019,-9.677419354838719,-9.677419354838719,0,-89.54589040037204,-89.54086823534965,-89.70964115168769,-89.517,-89.67659275610507
scene_0019,-3.225806451612911,-9.677419354838719,0,-89.53527211816053,-89.53345062102866,-89.6553515528578,-89.53679,-89.68401798917688
scene_0019,3.225806451612897,-9.677419354838719,0,-89.59409520759463,-89.59553917710369,-89.65683430826476,-89.60075,-89.70654794656434
scene_0019,9.677419354838705,-9.677419354838719,0,-89.71760362572283,-89.72220071830719,-89.71267743803202,-89.70165,-89.78733340977925
scene_0019,16.129032258064512,-9.677419354838719,0,-89.90078272787781,-89.9082165758299,-89.82139994486893,-89.847946,-89.92941078968529
scene_0019,22.58064516129032,-9.677419354838719,0,-90.13838320274448,-90.14811177100938,-89.98148591644397,-90.04881,-90.12547877305485
scene_0019,29.032258064516128,-9.677419354838719,1,-90.42495380162693,-90.4361966767637,-90.19140991342603,-90.387436,-90.38743704335367
scene_0019,35.48387096774192,-9.677419354838719,0,-90.75489448835071,-90.7666338432067,-90.449654957758,-90.62687,-90.5280619201975
scene_0019,41.935483870967744,-9.677419354838719,1,-91.12253919568204,-91.13353963561858,-90.75472379326051,-90.586784,-90.58678383452859
scene_0019,48.38709677419354,-9.677419354838719,0,-91.52227356150757,-91.53112547963003,-91.10514345189858,-91.42468,-91.17645983767724
scene_0019,54.83870967741933,-9.677419354838719,0,-91.94868726519292,-91.95387630746664,-91.49946249694864,-91.89213,-91.70256732131688
scene_0019,61.29032258064515,-9.677419354838719,0,-92.39675296071476,-92.3967545991973,-91.93623959441112,-92.39483,-92.28287400113929
scene_0019,67.74193548387095,-9.677419354838719,0,-92.86201532166545,-92.85540876172531,-92.41402124824799,-92.923325,-92.84744055232099
scene_0019,74.19354838709677,-9.677419354838719,0,-93.34076637267826,-93.32635713546729,-92.93130558693606,-93.46721,-93.36953481707803
scene_0019,80.64516129032256,-9.677419354838719,0,-93.83017960171203,-93.80711663862348,-93.4864879847548,-94.01555,-93.87952715255699
scene_0019,87.09677419354838,-9.677419354838719,0,-94.3283773784425,-94.29624990344152,-94.07778305427723,-94.55762,-94.42631908245812
scene_0019,93.54838709677418,-9.677419354838719,1,-94.83441438971869,-94.79331637294224,-94.70311625580536,-95.06119,-95.06118655243372
scene_0019,100.0,-9.677419354838719,0,-95.34817237193352,-95.29872820133829,-95.35997731268503,-95.58531,-95.48680993508961
scene_0019,-100.0,-3.225806451612911,1,-97.29848647187232,-97.26952507735881,-96.01355661122568,-97.58577,-97.58577160891446
scene_0019,-93.54838709677419,-3.225806451612911,0,-96.51180380375533,-96.48414903700277,-95.30522525333431,-96.91933,-97.10748239003516
scene_0019,-87.09677419354838,-3.225806451612911,0,-95.68717291464432,-95.66132474387305,-94.61343849752433,-96.003174,-96.34602566858142
scene_0019,-80.64516129032259,-3.225806451612911,0,-94.85040723678394,-94.82607702119753,-93.94622144739019,-95.07903,-95.40406765281702
scene_0019,-74.19354838709677,-3.225806451612911,0,-94.02858062602688,-94.00520008025634,-93.31122397584508,-94.18219,-94.40132893001355
scene_0019,-67.74193548387098,-3.225806451612911,0,-93.24547847439854,-93.22254690585915,-92.71526839295332,-93.341965,-93.44753594608602
scene_0019,-61.29032258064517,-3.225806451612911,0,-92.51952417301915,-92.49677037082655,-92.16408888617846,-92.57727,-92.61355905522049
scene_0019,-54.83870967741936,-3.225806451612911,0,-91.86358182745636,-91.84099438341207,-91.66224165768989,-91.89578,-91.89816652424155
scene_0019,-48.38709677419355,-3.225806451612911,1,-91.28572677993942,-91.26351648770395,-91.21313940208728,-91.22099,-91.22099302116834
scene_0019,-41.935483870967744,-3.225806451612911,0,-90.79030680558765,-90.76884524754237,-90.81916112806007,-90.77793,-90.72996949227374
scene_0019,-35.483870967741936,-3.225806451612911,0,-90.37893772460761,-90.35869474274278,-90.48179741155435,-90.336716,-90.31809300875607
scene_0019,-29.032258064516128,-3.225806451612911,0,-90.05130260428254,-90.03279117849574,-90.2018035724235,-89.978264,-90.03134552968447
scene_0019,-22.580645161290334,-3.225806451612911,0,-89.80574031319384,-89.78947012594396,-89.97934441903749,-89.71452,-89.8561591372242
scene_0019,-16.129032258064527,-3.225806451612911,0,-89.63965506311645,-89.62609313067898,-89.81412247359177,-89.55766,-89.80056041428386
scene_0019,-9.677419354838719,-3.225806451612911,1,-89.54978907954919,-89.53932515846303,-89.7054869607831,-90.007675,-90.00767519859524
scene_0019,-3.225806451612911,-3.225806451612911,1,-89.53239695892763,-89.52531176671813,-89.65252393305678,-89.731384,-89.73138779671163
scene_0019,3.225806451612897,-3.225806451612911,0,-89.58335294013864,-89.57978798391724,-89.65412943080506,-89.58501,-89.79967014582611
scene_0019,9.677419354838705,-3.225806451612911,0,-89.69821542281316,-89.69814418460219,-89.70906812542773,-89.68545,-89.83671972368121
scene_0019,16.129032258064512,-3.225806451612911,0,-89.87226784794251,-89.87546916331308,-89.81601988343701,-89.83133,-89.91838490130124
scene_0019,22.58064516129032,-3.225806451612911,0,-90.10055150466803,-90.10658715630548,-89.9736163854808,-90.03139,-90.05824138914298
scene_0019,29.032258064516128,-3.225806451612911,0,-90.37790342504618,-90.38610317456624,-90.18046948834424,-90.28964,-90.24924363956364
scene_0019,35.48387096774192,-3.225806451612911,0,-90.6990105556686,-90.70846887645551,-90.43519250896557,-90.60579,-90.4721668486995
scene_0019,41.935483870967744,-3.225806451612911,0,-91.0584890540293,-91.0680784041096,-90.73641506812439,-90.97664,-90.76745982566118
scene_0019,48.38709677419354,-3.225806451612911,0,-91.45099409620249,-91.45939928788601,-91.08279155903057,-91.397,-91.19165774901865
scene_0019,54.83870967741933,-3.225806451612911,0,-91.87136049073496,-91.87713718953349,-91.47300268490702,-91.86017,-91.71389261986519
scene_0019,61.29032258064515,-3.225806451612911,0,-92.31476768144739,-92.31642511970996,-91.9057488089909,-92.35806,-92.27448044003077
scene_0019,67.74193548387095,-3.225806451612911,0,-92.7769151810927,-92.77301904779077,-92.37973303937211,-92.88136,-92.82286377923599
scene_0019,74.19354838709677,-3.225806451612911,0,-93.25418774151339,-93.24347471692862,-92.89363098231341,-93.419785,-93.33573750054154
scene_0019,80.64516129032256,-3.225806451612911,0,-93.74378576482815,-93.72527757336792,-93.44604289447963,-93.96252,-93.83774699148132
scene_0019,87.09677419354838,-3.225806451612911,0,-94.243797437963,-94.21690090386866,-94.03542251885682,-94.49896,-94.38462491626183
scene_0019,93.54838709677418,-3.225806451612911,0,-94.75319542931601,-94.7177765989788,-94.65997523249933,-95.019424,-94.9711654440687
scene_0019,100.0,-3.225806451612911,0,-95.27175147970068,-95.2281761742633,-95.3175164413406,-95.51581,-95.47146530199828
scene_0019,-100.0,3.225806451612897,0,-97.10975567294463,-97.08067051092041,-95.8573946329075,-97.64458,-97.20482207992237
scene_0019,-93.54838709677419,3.225806451612897,0,-96.36128918733769,-96.33295563503194,-95.17629656948407,-96.79573,-96.77835957784212
scene_0019,-87.09677419354838,3.225806451612897,0,-95.58097566240171,-95.55389514440333,-94.51300489731794,-95.90541,-96.0992938768072
scene_0019,-80.64516129032259,3.225806451612897,0,-94.78905295169477,-94.76301012331712,-93.87401833573017,-95.00726,-95.24541978109625
scene_0019,-74.19354838709677,3.225806451612897,0,-94.00840255860177,-93.98291222384725,-93.26579309701442,-94.135605,-94.31051625976691
scene_0019,-67.74193548387098,3.225806451612897,0,-93.26041681325357,-93.23504348858519,-92.69432472244402,-93.31894,-93.38429385693664
scene_0019,-61.29032258064517,3.225806451612897,1,-92.56264439882878,-92.53716231621304,-92.16485845614898,-92.433914,-92.4339083167768
scene_0019,-54.83870967741936,3.225806451612897,1,-91.92806680694672,-91.90249807011845,-91.68173620596006,-91.9347,-91.93469732544375
scene_0019,-48.38709677419355,3.225806451612897,0,-91.36539410377807,-91.33997891157776,-91.24835814106255,-91.33087,-91.24275417202087
scene_0019,-41.935483870967744,3.225806451612897,0,-90.87980268881743,-90.85494280914475,-90.86722533978715,-90.825714,-90.74451235319782
scene_0019,-35.483870967741936,3.225806451612897,0,-90.47374832951705,-90.44994688396571,-90.54003068159258,-90.39608,-90.37315888712855
scene_0019,-29.032258064516128,3.225806451612897,0,-90.14768003365155,-90.12548724297346,-90.26777193401239,-90.0464,-90.10836636680938
scene_0019,-22.580645161290334,3.225806451612897,0,-89.90060014765861,-89.88056721780691,-90.05086914050148,-89.787994,-89.9431911470534
scene_0019,-16.129032258064527,3.225806451612897,0,-89.73047466760602,-89.71311470452419,-89.88927556427936,-89.63245,-89.88817311849773
scene_0019,-9.677419354838719,3.225806451612897,0,-89.63451963384665,-89.62027350494098,-89.78257675676097,-89.57561,-89.8987428314762
scene_0019,-3.225806451612911,3.225806451612897,0,-89.609393531231,-89.59859873820655,-89.73007582611926,-89.590576,-89.90712260177148
scene_0019,3.225806451612897,3.225806451612897,0,-89.65132272186648,-89.64418399231712,-89.73086505168473,-89.650024,-89.9130235703541
scene_0019,9.677419354838705,3.225806451612897,0,-89.75618235769481,-89.75274353640842,-89.78388504740855,-89.74745,-89.9185162949601
scene_0019,16.129032258064512,3.225806451612897,0,-89.91955106948659,-89.9196689011971,-89.8879730791605,-89.89045,-89.9435213160285
scene_0019,22.58064516129032,3.225806451612897,0,-90.13675456440099,-90.14007606475103,-90.04190214423637,-90.08711,-90.04111120276944
scene_0019,29.032258064516128,3.225806451612897,0,-90.4029109213556,-90.40885716149562,-90.24441219525232,-90.341095,-90.24800144051183
scene_0019,35.48387096774192,3.225806451612897,0,-90.71298835759451,-90.72074848964161,-90.49423453352027,-90.65192,-90.53652475412844
scene_0019,41.935483870967744,3.225806451612897,0,-91.06188391869368,-91.07042388856499,-90.79010995892524,-91.01636,-90.89752633791818
scene_0019,48.38709677419354,3.225806451612897,0,-91.44452829462757,-91.45261858279498,-91.13080076055434,-91.42932,-91.33942376238181
scene_0019,54.83870967741933,3.225806451612897,0,-91.85601735776244,-91.86228291112238,-91.51509605762581,-91.88422,-91.84239007453692
scene_0019,61.29032258064515,3.225806451612897,0,-92.2917650572669,-92.29475813333858,-91.94180932871734,-92.37311,-92.37021465994897
scene_0019,67.74193548387095,3.225806451612897,0,-92.74766563956317,-92.74595872937753,-92.40976615916905,-92.88687,-92.88743045485843
scene_0019,74.19354838709677,3.225806451612897,0,-93.22024714751122,-93.2125391046657,-92.91777923946978,-93.41539,-93.36529556344306
scene_0019,80.64516129032256,3.225806451612897,0,-93.70679456328273,-93.69201959586505,-93.46460640099083,-93.948105,-93.81477474609524
scene_0019,87.09677419354838,3.225806451612897,1,-94.20542138347992,-94.18284882706196,-94.04888592406493,-94.3051,-94.3050948577875
scene_0019,93.54838709677418,3.225806451612897,0,-94.71507344753591,-94.68438701784918,-94.6690414791426,-94.98537,-94.92142925744601
scene_0019,100.0,3.225806451612897,1,-95.23545756760015,-95.19680607324061,-95.32314695716829,-95.59421,-95.59420968998934
scene_0019,-100.0,9.677419354838705,0,-96.98509318212635,-96.95679188824428,-95.7780744905956,-97.53684,-96.95563455587549
scene_0019,-93.54838709677419,9.677419354838705,0,-96.2761627210216,-96.2482870322239,-95.12662399793595,-96.718765,-96.56532840997724
scene_0019,-87.09677419354838,9.677419354838705,0,-95.54134925780369,-95.51441111535519,-94.49356217157826,-95.860565,-95.9491022421339
scene_0019,-80.64516129032259,9.677419354838705,0,-94.79571641683948,-94.7695495370053,-93.88403728321295,-94.99467,-95.16738547817181
scene_0019,-74.19354838709677,9.677419354838705,0,-94.05801916882963,-94.03218018025767,-93.30344284663974,-94.15411,-94.29768564447104
scene_0019,-67.74193548387098,9.677419354838705,0,-93.347100021564,-93.32117221709959,-92.75703522182329,-93.36633,-93.41548572647628
scene_0019,-61.29032258064517,9.677419354838705,0,-92.67941471002109,-92.65317333980876,-92.24962544719305,-92.64899,-92.5958055499473
scene_0019,-54.83870967741936,9.677419354838705,0,-92.06788507109792,-92.04134710087713,-91.78537500862683,-92.00923,-91.89627768336211
scene_0019,-48.38709677419355,9.677419354838705,0,-91.52175226937558,-91.49515577590977,-91.36769404540169,-91.44667,-91.31697633422365
scene_0019,-41.935483870967744,9.677419354838705,1,-91.04698230200609,-91.02073456164491,-90.99922279588142,-90.78848,-90.78847839065003
scene_0019,-35.483870967741936,9.677419354838705,0,-90.64687454876248,-90.62149295872487,-90.68187113998493,-90.54152,-90.51252780813051
scene_0019,-29.032258064516128,9.677419354838705,0,-90.32266990646289,-90.29872707235285,-90.41689267438193,-90.2014,-90.2413761611794
scene_0019,-22.580645161290334,9.677419354838705,1,-90.0740680334919,-90.05214445325998,-90.20497480007504,-89.971,-89.9710024387559
scene_0019,-16.129032258064527,9.677419354838705,0,-89.89962982870473,-89.88027374316927,-90.04633203465883,-89.792366,-89.93879180175485
scene_0019,-9.677419354838719,9.677419354838705,0,-89.79707314865317,-89.7807657489936,-89.94079474152174,-89.73083,-89.93358751755241
scene_0019,-3.225806451612911,9.677419354838705,0,-89.76348149524793,-89.75060558892899,-89.88788919921502,-89.73901,-89.98408715170928
scene_0019,3.225806451612897,9.677419354838705,0,-89.79544738885465,-89.7862581445405,-89.88690743857427,-89.79204,-90.03397666113003
scene_0019,9.677419354838705,9.677419354838705,0,-89.889170312535,-89.88376750727389,-89.93696678742324,-89.88397,-90.03955987077435
scene_0019,16.129032258064512,9.677419354838705,0,-90.04052634801879,-90.03882849426239,-90.03705985598941,-90.021706,-90.03943091024601
scene_0019,22.58064516129032,9.677419354838705,1,-90.24512404931153,-90.2468458243407,-90.18609600498519,-89.9594,-89.95939359221038
scene_0019,29.032258064516128,9.677419354838705,0,-90.49835892525908,-90.50299439081445,-90.38293533572707,-90.45956,-90.35996253201395
scene_0019,35.48387096774192,9.677419354838705,0,-90.79547687870004,-90.80229193098829,-90.62641604205518,-90.762115,-90.69872614318155
scene_0019,41.935483870967744,9.677419354838705,0,-91.13165462017024,-91.13969272832037,-90.9153756340198,-91.11696,-91.10522010348316
scene_0019,48.38709677419354,9.677419354838705,0,-91.50210195197054,-91.51020722906517,-91.2486661143651,-91.51905,-91.55865094058316
scene_0019,54.83870967741933,9.677419354838705,0,-91.90218657142645,-91.9090472719486,-91.62516266488592,-91.96196,-92.0364463184888
scene_0019,61.29032258064515,9.677419354838705,0,-92.32757669886897,-92.33179016832165,-92.04376476370469,-92.437965,-92.52440983529905
scene_0019,67.74193548387095,9.677419354838705,0,-92.77439096218886,-92.77454798247719,-92.50338787100397,-92.93817,-93.00605699762829
scene_0019,74.19354838709677,9.677419354838705,1,-93.23933970239139,-93.23412258692544,-93.00294283765113,-93.53561,-93.53560498246168
scene_0019,80.64516129032256,9.677419354838705,0,-93.7198386826401,-93.70812425784317,-93.54129894259054,-93.971375,-93.84258401145871
scene_0019,87.09677419354838,9.677419354838705,1,-94.21407639640712,-94.19503317327029,-94.11722488077729,-94.064224,-94.06422819770059
scene_0019,93.54838709677418,9.677419354838705,0,-94.72102028369736,-94.69418941786564,-94.72930005602548,-94.98116,-94.87335190915806
scene_0019,100.0,9.677419354838705,1,-95.24035444580466,-95.20570660827104,-95.37578622014595,-95.46724,-95.46724311852039
scene_0019,-100.0,16.129032258064512,0,-96.9257521207592,-96.89896442225064,-95.77473707720716,-97.47496,-96.85692518083923
scene_0019,-93.54838709677419,16.129032258064512,0,-96.25595856659655,-96.22946532641814,-95.15506940403293,-96.69264,-96.49702171843602
scene_0019,-87.09677419354838,16.129032258064512,0,-95.56633479815414,-95.54068323646128,-94.55387401181545,-95.871704,-95.91953948940777
scene_0019,-80.64516129032259,16.129032258064512,0,-94.86725954372817,-94.84232859777586,-93.97507652824419,-95.04312,-95.18779606142319
scene_0019,-74.19354838709677,16.129032258064512,0,-94.17347142567732,-94.14883643515886,-93.4230933718986,-94.23847,-94.378832635388
scene_0019,-67.74193548387098,16.129032258064512,0,-93.50109244944574,-93.47632099722287,-92.9024910746037,-93.48392,-93.55358413599227
scene_0019,-61.29032258064517,16.129032258064512,0,-92.86520675754025,-92.84003581432248,-92.41767142320712,-92.796265,-92.76014079562546
scene_0019,-54.83870967741936,16.129032258064512,0,-92.27841980257901,-92.25282233055552,-91.97262771876427,-92.18237,-92.06422929986715
scene_0019,-48.38709677419355,16.129032258064512,0,-91.75032479430895,-91.72450178866865,-91.57078801349937,-91.64177,-91.52662295407482
scene_0019,-41.935483870967744,16.129032258064512,0,-91.28757909217028,-91.26191386586953,-91.21493996659834,-91.171196,-91.11351164635354
scene_0019,-35.483870967741936,16.129032258064512,0,-90.89428863489792,-90.86928895251614,-90.90722065631479,-90.76904,-90.77446253713227
scene_0019,-29.032258064516128,16.129032258064512,1,-90.57248719896955,-90.54872886917136,-90.64915145046689,-90.502426,-90.50242513555845
scene_0019,-22.580645161290334,16.129032258064512,0,-90.32259222783628,-90.3006693515756,-90.44169978566188,-90.18994,-90.20100466377072
scene_0019,-16.129032258064527,16.129032258064512,0,-90.14378706617427,-90.12426953141875,-90.28535366993111,-90.03252,-90.02104257490599
scene_0019,-9.677419354838719,16.129032258064512,0,-90.03431870978551,-90.01771557568283,-90.18019905358527,-89.9638,-89.97279155267294
scene_0019,-3.225806451612911,16.129032258064512,0,-89.99171904615386,-89.97844603367908,-90.12599395279264,-89.96239,-90.05695161481944
scene_0019,3.225806451612897,16.129032258064512,1,-90.01296466474867,-90.00331431771878,-90.12223602939146,-90.281784,-90.28177785208217
scene_0019,9.677419354838705,16.129032258064512,0,-90.09459165082586,-90.08870544991488,-90.1682222449239,-90.09034,-90.20706605803784
scene_0019,16.129032258064512,16.129032258064512,0,-90.23278075564774,-90.23062337206524,-90.26310037822184,-90.22056,-90.23567446086943
scene_0019,22.58064516129032,16.129032258064512,0,-90.42342660423232,-90.4247634776872,-90.40591281465495,-90.403244,-90.35425132179714
scene_0019,29.032258064516128,16.129032258064512,1,-90.66220275132355,-90.6665831878606,-90.59563324728208,-90.61815,-90.61815418910717
scene_0019,35.48387096774192,16.129032258064512,0,-90.94463244276812,-90.95138132636572,-90.8311968992858,-90.93254,-90.94082271839812
scene_0019,41.935483870967744,16.129032258064512,0,-91.26617261657111,-91.27439441669658,-91.11152466466217,-91.27491,-91.36545976227109
scene_0019,48.38709677419354,16.129032258064512,0,-91.62231564606572,-91.63091442247237,-91.43554121566162,-91.663055,-91.81686941917422
scene_0019,54.83870967741933,16.129032258064512,0,-92.00870936260323,-92.01642765597597,-91.80218665740415,-92.09072,-92.26222095851125
scene_0019,61.29032258064515,16.129032258064512,0,-92.4212910730241,-92.42676876983359,-92.21042071508322,-92.55042,-92.70601266927626
scene_0019,67.74193548387095,16.129032258064512,0,-92.85642612577169,-92.85827768456488,-92.65921768909861,-93.03354,-93.15075084247124
scene_0019,74.19354838709677,16.129032258064512,0,-93.31103704983286,-93.30794230170451,-93.14754946107263,-93.530594,-93.5659939448941
scene_0019,80.64516129032256,16.129032258064512,0,-93.78270661365968,-93.77350744790049,-93.67435261507117,-94.0316,-93.95322401396952
scene_0019,87.09677419354838,16.129032258064512,0,-94.26973837454965,-94.25353186102528,-94.23847418071776,-94.52676,-94.38723811221391
scene_0019,93.54838709677418,16.129032258064512,0,-94.77116178097832,-94.74738032856743,-94.83858854943806,-95.007095,-94.897184809384
scene_0019,100.0,16.129032258064512,0,-95.28667500613403,-95.25514615530008,-95.47307577276231,-95.46515,-95.35233475184732
scene_0019,-100.0,22.58064516129032,0,-96.93297322904938,-96.9082602721184,-95.8453765126204,-97.46646,-96.90259296123907
scene_0019,-93.54838709677419,22.58064516129032,0,-96.30063079891494,-96.27623111771933,-95.2595668079745,-96.72352,-96.56732113626232
scene_0019,-87.09677419354838,22.58064516129032,0,-95.65465678159924,-95.63119184155406,-94.69197163504661,-95.94354,-95.99859800819769
scene_0019,-80.64516129032259,22.58064516129032,0,-95.00131943082737,-94.9787302769497,-94.14537524557534,-95.15593,-95.28879014367394
scene_0019,-74.19354838709677,22.58064516129032,0,-94.35153645598038,-94.32941493770038,-93.6232593917223,-94.39056,-94.53473048986109
scene_0019,-67.74193548387098,22.58064516129032,0,-93.718582481373,-93.69646223244203,-93.12951325011679,-93.672195,-93.78939374593693
scene_0019,-61.29032258064517,22.58064516129032,0,-93.11588075989289,-93.09343064131531,-92.66812489827171,-93.016754,-93.06521620704277
scene_0019,-54.83870967741936,22.58064516129032,1,-92.55541471688662,-92.53252787198753,-92.24290986813716,-92.14958,-92.14957962900473
scene_0019,-48.38709677419355,22.58064516129032,0,-92.04688819930468,-92.02369195887155,-91.85730727892991,-91.91342,-91.91248150108082
scene_0019,-41.935483870967744,22.58064516129032,0,-91.597494159338,-91.5743141191945,-91.51425170505709,-91.46191,-91.52779731466778
scene_0019,-35.483870967741936,22.58064516129032,0,-91.21206359103324,-91.18936866948422,-91.2161136224819,-91.07438,-91.1662631059423
scene_0019,-29.032258064516128,22.58064516129032,0,-90.89339388970166,-90.87173865476788,-90.96469358319764,-90.75377,-90.8027636229146
scene_0019,-22.580645161290334,22.58064516129032,0,-90.6426224233528,-90.62259424473314,-90.76125349499264,-90.50845,-90.46103066362531
scene_0019,-16.129032258064527,22.58064516129032,0,-90.45957295616947,-90.44174608806293,-90.60657016335263,-90.34749,-90.20168902824284
scene_0019,-9.677419354838719,22.58064516129032,1,-90.34304531141117,-90.32794132386766,-90.50099955354058,-89.89743,-89.89743382241943
scene_0019,-3.225806451612911,22.58064516129032,0,-90.29104328784595,-90.27909635669288,-90.44454371922073,-90.25527,-90.18577948698443
scene_0019,3.225806451612897,22.58064516129032,0,-90.30094792198632,-90.29247357126201,-90.43691533427021,-90.287506,-90.32881593613129
scene_0019,9.677419354838705,22.58064516129032,0,-90.36964796808775,-90.36481444926824,-90.47759702144062,-90.36139,-90.42287716856144
scene_0019,16.129032258064512,22.58064516129032,1,-90.49364053570564,-90.49244286739098,-90.56589421008469,-90.43425,-90.43425078187022
scene_0019,22.58064516129032,22.58064516129032,0,-90.6691142165336,-90.67135185974793,-90.70098119618011,-90.65444,-90.67073080167646
scene_0019,29.032258064516128,22.58064516129032,1,-90.89202569949313,-90.89728580392773,-90.88194056437908,-90.95913,-90.95913031751549
scene_0019,35.48387096774192,22.58064516129032,1,-91.15817910580687,-91.1658281028289,-91.10779628876641,-91.04309,-91.04309448755708
scene_0019,41.935483870967744,22.58064516129032,0,-91.46331501354979,-91.47250187089247,-91.37754074928026,-91.486374,-91.65147367849269
scene_0019,48.38709677419354,22.58064516129032,0,-91.80321320367335,-91.8128876669139,-91.69015564392689,-91.857956,-92.07850029698616
scene_0019,54.83870967741933,22.58064516129032,0,-92.17380944114203,-92.18275784649249,-92.04462637290862,-92.267624,-92.49627103051861
scene_0019,61.29032258064515,22.58064516129032,1,-92.57132224371904,-92.57822187314792,-92.43994892401689,-92.76321,-92.76320631834918
scene_0019,67.74193548387095,22.58064516129032,0,-92.99238108069196,-92.99587163386435,-92.87512758125551,-93.1713,-93.326977959711
scene_0019,74.19354838709677,22.58064516129032,0,-93.43414362383156,-93.43291158091533,-93.34916087256134,-93.64788,-93.72130292270803
scene_0019,80.64516129032256,22.58064516129032,0,-93.89438754160857,-93.887256630084,-93.86101201235759,-94.12833,-94.1153984246408
scene_0019,87.09677419354838,22.58064516129032,0,-94.37156269059605,-94.3575820901924,-94.40955861552101,-94.60321,-94.54315463679788
scene_0019,93.54838709677418,22.58064516129032,1,-94.86479263116733,-94.84331452421658,-94.9935146077688,-95.02052,-95.02052069608797
scene_0019,100.0,22.58064516129032,0,-95.37381956453797,-95.34455930276124,-95.61131504286081,-95.503265,-95.37604771053299
scene_0019,-100.0,29.032258064516128,0,-97.00806986363928,-96.9858591645648,-95.98690641317813,-97.51955,-97.05349203508962
scene_0019,-93.54838709677419,29.032258064516128,0,-96.41061353757732,-96.38883195202769,-95.43711113056789,-96.81823,-96.74100356959923
scene_0019,-87.09677419354838,29.032258064516128,0,-95.805794865085,-95.7851870645431,-94.90508446108538,-96.08148,-96.14540770892779
scene_0019,-80.64516129032259,29.032258064516128,0,-95.19641272842499,-95.17701683543223,-94.39250596566711,-95.337006,-95.42828471811019
scene_0019,-74.19354838709677,29.032258064516128,1,-94.58986287367057,-94.57130641399965,-93.90192211326297,-94.7348,-94.73480369453344
scene_0019,-67.74193548387098,29.032258064516128,0,-93.99653287472559,-93.97831688712702,-93.43651827659171,-93.9324,-94.06628464698619
scene_0019,-61.29032258064517,29.032258064516128,1,-93.4279327267877,-93.40964235458826,-92.99983139072481,-93.68035,-93.68035038937361
scene_0019,-54.83870967741936,29.032258064516128,0,-92.89510531187946,-92.87652565684269,-92.59546374724908,-92.75296,-92.92233061925978
scene_0019,-48.38709677419355,29.032258064516128,0,-92.40758127647176,-92.38873113492325,-92.226840249128,-92.25956,-92.47206432663316
scene_0019,-41.935483870967744,29.032258064516128,0,-91.9728827716635,-91.95399385739066,-91.89703046223728,-91.827156,-92.08409227982176
scene_0019,-35.483870967741936,29.032258064516128,0,-91.59643910666333,-91.57790758621366,-91.60863901185003,-91.45392,-91.67944693884928
scene_0019,-29.032258064516128,29.032258064516128,1,-91.28174766956532,-91.26407689551444,-91.36375619080589,-91.23834,-91.23834532884177
scene_0019,-22.580645161290334,29.032258064516128,0,-91.03064474210603,-91.0143895768339,-91.16395512487081,-90.89898,-90.83861365012488
scene_0019,-16.129032258064527,29.032258064516128,0,-90.84359861529023,-90.82931554709319,-91.01032093886332,-90.73244,-90.53584015082996
scene_0019,-9.677419354838719,29.032258064516128,0,-90.71997860453116,-90.7081823098132,-90.90349915987801,-90.64177,-90.4059326190392
scene_0019,-3.225806451612911,29.032258064516128,0,-90.6582816145226,-90.64940706823599,-90.84375348888398,-90.61288,-90.45930161290133
scene_0019,3.225806451612897,29.032258064516128,0,-90.65631423745936,-90.6506831659963,-90.8310260397167,-90.63094,-90.59313911374971
scene_0019,9.677419354838705,29.032258064516128,0,-90.71133661001339,-90.70912746228811,-90.86499566211727,-90.69246,-90.71908347738088
scene_0019,16.129032258064512,29.032258064516128,0,-90.8201776658911,-90.82139901151918,-90.94513185721962,-90.80147,-90.84261573020211
scene_0019,22.58064516129032,29.032258064516128,0,-90.97933220846701,-90.98380035917025,-91.07074307628743,-90.96178,-91.01016047797191
scene_0019,29.032258064516128,29.032258064516128,1,-91.18504962814234,-91.19237218030233,-91.24101896466686,-91.29943,-91.29942703160518
scene_0019,35.48387096774192,29.032258064516128,0,-91.43342265553119,-91.44299042639012,-91.45506648751001,-91.43758,-91.50524629023437
scene_0019,41.935483870967744,29.032258064516128,1,-91.72048242852325,-91.73147273155723,-91.71193995138981,-92.14928,-92.14927904142246
scene_0019,48.38709677419354,29.032258064516128,0,-92.04230334920419,-92.05369752436118,-92.01066478937457,-92.100815,-92.25655257430336
scene_0019,54.83870967741933,29.032258064516128,0,-92.39511773810712,-92.40573513707928,-92.3502546511237,-92.49023,-92.67950795189192
scene_0019,61.29032258064515,29.032258064516128,1,-92.7754363680657,-92.78398550961121,-92.72972085274088,-93.41244,-93.41244220635603
scene_0019,67.74193548387095,29.032258064516128,0,-93.18016706171157,-93.18531252309191,-93.14807258910989,-93.35008,-93.51023438193775
scene_0019,74.19354838709677,29.032258064516128,0,-93.60672039550184,-93.6071615443019,-93.60430546964409,-93.80385,-93.89008511566269
scene_0019,80.64516129032256,29.032258064516128,0,-94.05308997270853,-94.0476454318796,-94.09737486603667,-94.2614,-94.2887493729933
scene_0019,87.09677419354838,29.032258064516128,0,-94.5178952938454,-94.50558570099386,-94.62614920924437,-94.71375,-94.71158320037021
scene_0019,93.54838709677418,29.032258064516128,0,-95.00037803185668,-94.98049967196722,-95.18933670758389,-95.15267,-95.1276424222691
scene_0019,100.0,29.032258064516128,0,-95.50034690197732,-95.47253026511923,-95.78537700508286,-95.57126,-95.46984503497421
scene_0019,-100.0,35.48387096774192,0,-97.15238758636075,-97.13302649710971,-96.19518808744209,-97.64141,-97.22956208774441
scene_0019,-93.54838709677419,35.48387096774192,1,-96.58675620497151,-96.56798013489333,-95.6837031489696,-97.26159,-97.26159533724372
scene_0019,-87.09677419354838,35.48387096774192,1,-96.01993491361236,-96.0026652332362,-95.18952027979999,-96.16095,-96.1609502830486
scene_0019,-80.64516129032259,35.48387096774192,0,-95.45193149222443,-95.4363514580639,-94.71320981178204,-95.5902,-95.58494374758033
scene_0019,-74.19354838709677,35.48387096774192,0,-94.88701818826293,-94.87282919232298,-94.2563386532644,-94.9082,-94.89355564210413
scene_0019,-67.74193548387098,35.48387096774192,0,-94.33276735426645,-94.31945993095701,-93.82131850088226,-94.266174,-94.31225688988812
scene_0019,-61.29032258064517,35.48387096774192,0,-93.79859977944818,-93.7856777917881,-93.4111575226875,-93.67798,-93.86245707490936
scene_0019,-54.83870967741936,35.48387096774192,0,-93.29432418452164,-93.28144891064389,-93.02917513037238,-93.14917,-93.46388879413769
scene_0019,-48.38709677419355,35.48387096774192,0,-92.82899792477336,-92.8160508593838,-92.67873048891077,-92.67929,-93.09380301629429
scene_0019,-41.935483870967744,35.48387096774192,0,-92.41022862809155,-92.39731216453254,-92.36299856256107,-92.26539,-92.71536477954733
scene_0019,-35.483870967741936,35.48387096774192,0,-92.04387574365339,-92.03127644170439,-92.08480921369468,-91.90551,-92.2743430926259
scene_0019,-29.032258064516128,35.48387096774192,0,-91.73403716333792,-91.72217223365763,-91.84654998649711,-91.60129,-91.78955188453332
scene_0019,-22.580645161290334,35.48387096774192,1,-91.483200283726,-91.47256063170121,-91.65012379856014,-91.26189,-91.26188637244476
scene_0019,-16.129032258064527,35.48387096774192,0,-91.29246421068892,-91.28356085671713,-91.49694860175963,-91.18424,-90.99704295022028
scene_0019,-9.677419354838719,35.48387096774192,0,-91.16177395306377,-91.15509026721385,-91.38798572912665,-91.078674,-90.84912579701987
scene_0019,-3.225806451612911,35.48387096774192,0,-91.09013570834196,-91.08608557457143,-91.32378546318293,-91.032,-90.87013783935913
scene_0019,3.225806451612897,35.48387096774192,1,-91.07580152763184,-91.07469270564486,-91.30454101500021,-90.978226,-90.97822251947116
scene_0019,9.677419354838705,35.48387096774192,0,-91.11642297518031,-91.1184249868106,-91.33014474800247,-91.080475,-91.09833466211533
scene_0019,16.129032258064512,35.48387096774192,0,-91.20917922784388,-91.21429564877312,-91.40024269427764,-91.17596,-91.21280963024624
scene_0019,22.58064516129032,35.48387096774192,0,-91.35088745505615,-91.35893327360807,-91.51428505724999,-91.32234,-91.33615854249871
scene_0019,29.032258064516128,35.48387096774192,0,-91.53810366467197,-91.54868918869232,-91.67157149312706,-91.51966,-91.47694627350624
scene_0019,35.48387096774192,35.48387096774192,0,-91.7672212677789,-91.77974475185036,-91.87129060039157,-91.765884,-91.65389357432969
scene_0019,41.935483870967744,35.48387096774192,0,-92.0345727697761,-92.04822432331603,-92.1125533198361,-92.057434,-91.91759064759239
scene_0019,48.38709677419354,35.48387096774192,0,-92.33653740316932,-92.35031664531539,-92.39441994147884,-92.38968,-92.29867840651264
scene_0019,54.83870967741933,35.48387096774192,0,-92.66965433702967,-92.68240354124961,-92.71592018984683,-92.75696,-92.77537358584615
scene_0019,61.29032258064515,35.48387096774192,1,-93.03073761558451,-93.0411906921793,-93.07606545131353,-92.99736,-92.9973606299647
scene_0019,67.74193548387095,35.48387096774192,0,-93.416985674812,-93.4238314017022,-93.47385162920344,-93.56917,-93.66180004024304
scene_0019,74.19354838709677,35.48387096774192,0,-93.82607579539597,-93.82803156123848,-93.90825035744946,-93.99817,-94.05518420036816
scene_0019,80.64516129032256,35.48387096774192,0,-94.25623280283983,-94.2521232685333,-94.37818535056637,-94.43097,-94.46435152843458
scene_0019,87.09677419354838,35.48387096774192,0,-94.70626211040356,-94.69509615197177,-94.88248949098468,-94.85898,-94.89148186875249
scene_0019,93.54838709677418,35.48387096774192,0,-95.17553974831685,-95.15657918627804,-95.41983684564455,-95.27436,-95.30185366621276
scene_0019,100.0,35.48387096774192,0,-95.66395572222676,-95.63677072446325,-95.9886422154984,-95.67056,-95.63056365302357
scene_0019,-100.0,41.935483870967744,0,-97.36716847696725,-97.35098973104976,-96.4650631705638,-97.836975,-97.3715835801747
scene_0019,-93.54838709677419,41.935483870967744,0,-96.8301622789405,-96.81470791635603,-95.99428652601296,-97.22177,-97.07861698058576
scene_0019,-87.09677419354838,41.935483870967744,0,-96.29781866573123,-96.28423942069512,-95.54052139613253,-96.57425,-96.4968201309922
scene_0019,-80.64516129032259,41.935483870967744,0,-95.76803673173185,-95.75671595324273,-95.10319045894812,-95.91849,-95.79744131358729
scene_0019,-74.19354838709677,41.935483870967744,0,-95.24244219404127,-95.2332075617047,-94.68279443285807,-95.278786,-95.12746375612198
scene_0019,-67.74193548387098,41.935483870967744,1,-94.72597958254012,-94.71835227850093,-94.2808531018146,-94.3638,-94.36380124530486
scene_0019,-61.29032258064517,41.935483870967744,0,-94.2259071078756,-94.21933189723127,-93.89971814532353,-94.12056,-94.2589257129307
scene_0019,-54.83870967741936,41.935483870967744,0,-93.75056501195873,-93.74457996515405,-93.54230966993418,-93.61989,-93.97840595748579
scene_0019,-48.38709677419355,41.935483870967744,0,-93.30825079895536,-93.3025820522322,-93.21183045831643,-93.17276,-93.67659939591547
scene_0019,-41.935483870967744,41.935483870967744,1,-92.90639591047083,-92.90098581979079,-92.91150242716512,-93.45696,-93.45696252764799
scene_0019,-35.483870967741936,41.935483870967744,0,-92.55108968657794,-92.54607818040964,-92.6443537619501,-92.42854,-92.86232999057013
scene_0019,-29.032258064516128,41.935483870967744,0,-92.24689758676136,-92.24257736570848,-92.41306855377971,-92.130295,-92.38024102076808
scene_0019,-22.580645161290334,41.935483870967744,0,-91.9968822124628,-91.99364357990184,-92.21989763502864,-91.88607,-91.90743185062576
scene_0019,-16.129032258064527,41.935483870967744,0,-91.80273917652062,-91.80101418214005,-92.06662129283086,-91.701584,-91.54427447751064
scene_0019,-9.677419354838719,41.935483870967744,0,-91.66498198161631,-91.66519262130231,-91.95455123469117,-91.57843,-91.3794783345632
scene_0019,-3.225806451612911,41.935483870967744,0,-91.58313478233568,-91.58564688625988,-91.8845592135568,-91.51123,-91.3840116002764
scene_0019,3.225806451612897,41.935483870967744,0,-91.55591186934075,-91.56099479836851,-91.8571215890434,-91.493576,-91.46468007710698
scene_0019,9.677419354838705,41.935483870967744,0,-91.5813762709132,-91.58916814482669,-91.87237163107449,-91.52399,-91.55066507860073
scene_0019,16.129032258064512,41.935483870967744,0,-91.657077921153,-91.66755637376541,-91.93015382813869,-91.60407,-91.6198895083832
scene_0019,22.58064516129032,41.935483870967744,0,-91.78017593666156,-91.79313499742531,-92.03007648543345,-91.734764,-91.67813349190438
scene_0019,29.032258064516128,41.935483870967744,0,-91.94755100652145,-91.9625853992904,-92.1715603785365,-91.915146,-91.73526347508957
scene_0019,35.48387096774192,41.935483870967744,0,-92.15591364002776,-92.17241236638256,-92.35388219144134,-92.1427,-91.8142043296131
scene_0019,41.935483870967744,41.935483870967744,1,-92.40191257800669,-92.41906393206622,-92.57621199501266,-91.73382,-91.73381572992055
scene_0019,48.38709677419354,41.935483870967744,1,-92.68224539630494,-92.69905537722865,-92.83764420357763,-92.24771,-92.24771304299117
scene_0019,54.83870967741933,41.935483870967744,0,-92.993770507043,-93.0090958447464,-93.1372213607385,-93.067184,-92.93099735507253
scene_0019,61.29032258064515,41.935483870967744,1,-93.33361675818297,-93.34621244432196,-93.47394980647903,-93.727264,-93.72726192418399
scene_0019,67.74193548387095,41.935483870967744,1,-93.69928412402807,-93.70786359778376,-93.84680580024767,-93.756516,-93.75651524607139
scene_0019,74.19354838709677,41.935483870967744,0,-94.08872711388214,-94.09203141268665,-94.25473003400496,-94.23093,-94.24839855273248
scene_0019,80.64516129032256,41.935483870967744,1,-94.50041197624202,-94.49728266213614,-94.69660766744546,-94.64459,-94.6445899359393
scene_0019,87.09677419354838,41.935483870967744,0,-94.93333975907431,-94.9227897020466,-95.17123005482134,-95.0394,-95.09456053410273
scene_0019,93.54838709677418,41.935483870967744,0,-95.38702961982142,-95.36830603260972,-95.67723322789558,-95.42975,-95.51469606777229
scene_0019,100.0,41.935483870967744,0,-95.86145985616608,-95.83409532968645,-96.21300703074687,-95.80217,-95.84986319732369
scene_0019,-100.0,48.38709677419354,0,-97.65333566852192,-97.64072946595053,-96.79043647503664,-98.10841,-97.55498742968469
scene_0019,-93.54838709677419,48.38709677419354,0,-97.14194899663252,-97.13013764376433,-96.36271970367814,-97.536835,-97.26973417451515
scene_0019,-87.09677419354838,48.38709677419354,0,-96.64050643725972,-96.6309174893186,-95.95213199598453,-96.93437,-96.74779006015434
scene_0019,-80.64516129032259,48.38709677419354,0,-96.14545570846332,-96.13872836228711,-95.55689104875603,-96.32326,-96.10687798273561
scene_0019,-74.19354838709677,48.38709677419354,0,-95.65630142124081,-95.65245007468734,-95.17630990528376,-95.72583,-95.48922077437341
scene_0019,-67.74193548387098,48.38709677419354,0,-95.17565011247294,-95.17428251760961,-94.81084826604963,-95.160484,-95.02092925967459
scene_0019,-61.29032258064517,48.38709677419354,1,-94.70863675189406,-94.70917941636895,-94.4620134175079,-94.82321,-94.82320341897969
scene_0019,-54.83870967741936,48.38709677419354,0,-94.2619840589004,-94.26387081428513,-94.13214683298949,-94.1656,-94.48421380222791
scene_0019,-48.38709677419355,48.38709677419354,0,-93.84298596460526,-93.84578400088203,-93.82414650789961,-93.74025,-94.1902315118131
scene_0019,-41.935483870967744,48.38709677419354,0,-93.45864173260311,-93.46211148526152,-93.54117625005992,-93.36012,-93.80038362616118
scene_0019,-35.483870967741936,48.38709677419354,0,-93.11505312769597,-93.11915414083414,-93.28640320453613,-93.023,-93.35230278456977
scene_0019,-29.032258064516128,48.38709677419354,1,-92.81709396640511,-92.82195495507219,-93.06278913280906,-93.11837,-93.11837514743188
scene_0019,-22.580645161290334,48.38709677419354,1,-92.56830008932027,-92.57417015154786,-92.8729450572719,-92.52778,-92.52778385152965
scene_0019,-16.129032258064527,48.38709677419354,1,-92.37090805164163,-92.37810133693357,-92.71904662699556,-92.01278,-92.01277559067718
scene_0019,-9.677419354838719,48.38709677419354,1,-92.22597752689005,-92.2348187381937,-92.60280029562003,-91.956985,-91.95698783429958
scene_0019,-3.225806451612911,48.38709677419354,0,-92.13354991306554,-92.14432428967652,-92.52544760904047,-92.050125,-92.00048766939037
scene_0019,3.225806451612897,48.38709677419354,0,-92.09281383163588,-92.10572303808469,-92.48779520270853,-92.01088,-92.04518064332105
scene_0019,9.677419354838705,48.38709677419354,0,-92.10226265070288,-92.11738702330267,-92.49026006283307,-92.02252,-92.07548585007049
scene_0019,16.129032258064512,48.38709677419354,0,-92.1598389125217,-92.17710638207038,-92.53292210717441,-92.085304,-92.08269284132581
scene_0019,22.58064516129032,48.38709677419354,0,-92.2630662425805,-92.28222858239906,-92.61557851270298,-92.19857,-92.0848933039623
scene_0019,29.032258064516128,48.38709677419354,0,-92.409171992963,-92.42978953424424,-92.73779613661624,-92.36034,-92.10171960629224
scene_0019,35.48387096774192,48.38709677419354,0,-92.5952044352703,-92.61664080592863,-92.89895975377243,-92.5676,-92.16440101272616
scene_0019,41.935483870967744,48.38709677419354,0,-92.8181474372213,-92.8395760195366,-93.09831470145554,-92.81653,-92.34539978035411
scene_0019,48.38709677419354,48.38709677419354,0,-93.07503372210658,-93.09545723874699,-93.33500296552936,-93.1026,-92.71834502235305
scene_0019,54.83870967741933,48.38709677419354,0,-93.36305544041566,-93.38133929133589,-93.60809185191533,-93.42059,-93.22510152181037
scene_0019,61.29032258064515,48.38709677419354,0,-93.67966831201633,-93.69458703154173,-93.91659424262123,-93.76448,-93.71742333561116
scene_0019,67.74193548387095,48.38709677419354,0,-94.02268349830138,-94.03297815800485,-94.25947909556486,-94.127426,-94.11764210286633
scene_0019,74.19354838709677,48.38709677419354,0,-94.39034009659672,-94.39478295264763,-94.6356703527643,-94.502014,-94.49575340163935
scene_0019,80.64516129032256,48.38709677419354,0,-94.78135104553286,-94.77881259540182,-95.04403179954402,-94.88043,-94.90021845451247
scene_0019,87.09677419354838,48.38709677419354,0,-95.19491636223869,-95.18442957157367,-95.483334693007,-95.25508,-95.3285600134844
scene_0019,93.54838709677418,48.38709677419354,1,-95.63069973228566,-95.6115166970082,-95.95220419234265,-95.68096,-95.68096100927194
scene_0019,100.0,48.38709677419354,1,-96.08876695867235,-96.06040462490017,-96.44903986822717,-96.25006,-96.25006032245949
scene_0019,-100.0,54.83870967741933,1,-98.01119722346772,-98.00268484708462,-97.16445405225113,-97.887726,-97.88772305012185
scene_0019,-93.54838709677419,54.83870967741933,0,-97.5229314683525,-97.51517072098055,-96.78183258513498,-97.92725,-97.59999302538859
scene_0019,-87.09677419354838,54.83870967741933,0,-97.04905850242172,-97.04379279220285,-96.41712488987822,-97.37004,-97.12509506927519
scene_0019,-80.64516129032259,54.83870967741933,0,-96.58518596076678,-96.58336175613614,-96.06729366315443,-96.80362,-96.53611033067087
scene_0019,-74.19354838709677,54.83870967741933,0,-96.12924020022885,-96.13112063211602,-95.73032716218958,-96.24838,-95.95869425099207
scene_0019,-67.74193548387098,54.83870967741933,0,-95.68185771619147,-95.68720177013876,-95.40541489132454,-95.72095,-95.51351648952469
scene_0019,-61.29032258064517,54.83870967741933,1,-95.24619719228096,-95.25446880870463,-95.09296665501236,-95.297806,-95.2978061344149
scene_0019,-54.83870967741936,54.83870967741933,0,-94.82731425255403,-94.83787960787757,-94.79448659843771,-94.78526,-94.98995278099696
scene_0019,-48.38709677419355,54.83870967741933,0,-94.43132286242462,-94.44360296160002,-94.51233804246614,-94.38074,-94.69979405651603
scene_0019,-41.935483870967744,54.83870967741933,0,-94.06456456635183,-94.07812815111251,-94.24944930288989,-94.0157,-94.26963566716393
scene_0019,-35.483870967741936,54.83870967741933,1,-93.73293799622144,-93.74753718384795,-94.00901162745276,-93.52208,-93.52207964376058
scene_0019,-29.032258064516128,54.83870967741933,0,-93.44145188455383,-93.4570136306135,-93.79420999283565,-93.39644,-93.44292031228264
scene_0019,-22.580645161290334,54.83870967741933,1,-93.19399348283356,-93.2105830040594,-93.60801137220949,-93.2413,-93.24129993174061
scene_0019,-16.129032258064527,54.83870967741933,0,-92.993265828835,-93.01103603797655,-93.4530190320746,-92.93083,-92.89162600887832
scene_0019,-9.677419354838719,54.83870967741933,0,-92.84083761679463,-92.85997453250278,-93.33138924099566,-92.764206,-92.75043802882396
scene_0019,-3.225806451612911,54.83870967741933,0,-92.7372568209993,-92.75792697962403,-93.24479971715238,-92.647644,-92.71886729267707
scene_0019,3.225806451612897,54.83870967741933,0,-92.68219301714838,-92.70449607634582,-93.19445658806487,-92.58431,-92.71114491522533
scene_0019,9.677419354838705,54.83870967741933,0,-92.67458694947385,-92.69851505702172,-93.18112713998046,-92.57503,-92.667417852423
scene_0019,16.129032258064512,54.83870967741933,0,-92.71279646141966,-92.7382013052494,-93.20518772440897,-92.61863,-92.60498072062667
scene_0019,22.58064516129032,54.83870967741933,0,-92.79473489029782,-92.8213032861319,-93.2666787590745,-92.71272,-92.5674174143954
scene_0019,29.032258064516128,54.83870967741933,0,-92.91800189071506,-92.94524096538298,-93.36536114672765,-92.854225,-92.58367918113387
scene_0019,35.48387096774192,54.83870967741933,0,-93.08000814238979,-93.10724135737334,-93.50077033264148,-93.039566,-92.68024300559586
scene_0019,41.935483870967744,54.83870967741933,0,-93.27809521966662,-93.30447043901465,-93.67226555620867,-93.264755,-92.89201767886414
scene_0019,48.38709677419354,54.83870967741933,0,-93.50965064865976,-93.53416104891578,-93.87907267156598,-93.52532,-93.23230681003577
scene_0019,54.83870967741933,54.83870967741933,0,-93.77221637453644,-93.79373417430864,-94.12031931204851,-93.81624,-93.65051713712278
scene_0019,61.29032258064515,54.83870967741933,0,-94.06358699405871,-94.08090881432324,-94.39506125491846,-94.131775,-94.06012010858142
scene_0019,67.74193548387095,54.83870967741933,0,-94.38189263474463,-94.39379397654,-94.70229869437766,-94.46552,-94.42490011686324
scene_0019,74.19354838709677,54.83870967741933,0,-94.7256606580107,-94.73095578530035,-95.04098082165726,-94.810486,-94.78375755642301
scene_0019,80.64516129032256,54.83870967741933,0,-95.0938506369995,-95.0914533898804,-95.40999669408322,-95.15939,-95.17501962323786
scene_0019,87.09677419354838,54.83870967741933,0,-95.48585826843508,-95.4748392497632,-95.8081498961409,-95.50513,-95.59359177143489
scene_0019,93.54838709677418,54.83870967741933,0,-95.90148570342338,-95.88112197204953,-96.23411400900991,-95.84114,-96.00059250441012
scene_0019,100.0,54.83870967741933,0,-96.34087768844972,-96.31069245344435,-96.6863655007697,-96.16202,-96.31320441445885
scene_0019,-100.0,61.29032258064515,0,-98.44005147747127,-98.43635472132279,-97.57980977704469,-98.87245,-98.32925681697425
scene_0019,-93.54838709677419,61.29032258064515,0,-97.97321776741178,-97.97008179845191,-97.24361861361209,-98.38886,-98.09744448364044
scene_0019,-87.09677419354838,61.29032258064515,0,-97.52412701232552,-97.52363908402927,-96.92704822312126,-97.87704,-97.65836734250303
scene_0019,-80.64516129032259,61.29032258064515,0,-97.08810037846018,-97.09155737708171,-96.62580192508285,-97.35536,-97.10358862541977
scene_0019,-74.19354838709677,61.29032258064515,0,-96.66202011478106,-96.66999179820755,-96.33642638377593,-96.84219,-96.54281352025927
scene_0019,-67.74193548387098,61.29032258064515,1,-96.24497028937267,-96.25743365276206,-96.05661449199656,-95.93499,-95.93499019542253
scene_0019,-61.29032258064517,61.29032258064515,0,-95.83837141509456,-95.85489254034923,-95.78536939050962,-95.89532,-95.78419442229865
scene_0019,-54.83870967741936,61.29032258064515,1,-95.44566375800414,-95.46559186149793,-95.523010442037,-95.40592,-95.40591873903473
scene_0019,-48.38709677419355,61.29032258064515,1,-95.07168869573142,-95.09432700646535,-95.27103023565296,-95.465935,-95.46593917628961
scene_0019,-41.935483870967744,61.29032258064515,1,-94.72195751836236,-94.74668691675782,-95.03183875728497,-94.95627,-94.95626925991027
scene_0019,-35.483870967741936,61.29032258064515,0,-94.40197333691873,-94.4283207758648,-94.80844721890206,-94.41893,-94.33358455342878
scene_0019,-29.032258064516128,61.29032258064515,0,-94.11670833434513,-94.14436564515212,-94.60414559840999,-94.1285,-94.01532736950602
scene_0019,-22.580645161290334,61.29032258064515,0,-93.87027007175823,-93.89907608341468,-94.42221698415719,-93.86754,-93.81673633384725
scene_0019,-16.129032258064527,61.29032258064515,0,-93.66574079805689,-93.69564104315644,-94.26571451981874,-93.637924,-93.65503734974683
scene_0019,-9.677419354838719,61.29032258064515,0,-93.50514934290646,-93.53614533655745,-94.13730953074213,-93.44554,-93.546615255664
scene_0019,-3.225806451612911,61.29032258064515,0,-93.3895310084447,-93.42162758846231,-94.03920643910433,-93.300285,-93.48946890666623
scene_0019,3.225806451612897,61.29032258064515,1,-93.31903798179675,-93.35219403079515,-93.9731126652144,-93.50253,-93.50252847588561
scene_0019,9.677419354838705,61.29032258064515,0,-93.29307368450408,-93.32715933150209,-93.94024914507608,-93.17824,-93.30764673367428
scene_0019,16.129032258064512,61.29032258064515,0,-93.31043471272336,-93.3451968464837,-93.94138776787022,-93.20085,-93.17753513498728
scene_0019,22.58064516129032,61.29032258064515,0,-93.36945173902599,-93.40448909746749,-93.97690434792045,-93.27414,-93.10989682997835
scene_0019,29.032258064516128,61.29032258064515,0,-93.46812563232183,-93.50287453573819,-94.04683850990713,-93.39379,-93.13481990135841
scene_0019,35.48387096774192,61.29032258064515,0,-93.60425750731588,-93.63798918406638,-94.15095439032217,-93.55567,-93.2677450569891
scene_0019,41.935483870967744,61.29032258064515,0,-93.77557206185887,-93.80740225215582,-94.28879803855506,-93.75558,-93.50840787557973
scene_0019,48.38709677419354,61.29032258064515,0,-93.97983303331507,-94.00874401949714,-94.45974878031636,-93.9891,-93.82429267148123
scene_0019,54.83870967741933,61.29032258064515,0,-94.21494848563013,-94.23982286100461,-94.6630626534569,-94.25139,-94.16527660162414
scene_0019,61.29032258064515,61.29032258064515,0,-94.47906244351758,-94.49872688356984,-94.89790645740784,-94.53703,-94.48354294966873
scene_0019,67.74193548387095,61.29032258064515,0,-94.77062854826255,-94.78390477451927,-95.16338109062565,-94.84002,-94.77986220559286
scene_0019,74.19354838709677,61.29032258064515,0,-95.08846121671843,-95.09422049042796,-95.45853278653948,-95.15385,-95.10129172436572
scene_0019,80.64516129032256,61.29032258064515,0,-95.43176034673523,-95.42897743433728,-95.7823506769432,-95.471756,-95.47876871382141
scene_0019,87.09677419354838,61.29032258064515,0,-95.8001068082482,-95.78790957772523,-96.1337488756297,-95.787125,-95.88680978125194
scene_0019,93.54838709677418,61.29032258064515,0,-96.19342745883816,-96.17113911153852,-96.51153104405056,-96.09392,-96.27128703839809
scene_0019,100.0,61.29032258064515,0,-96.61192976073531,-96.57910204358522,-96.91433525254148,-96.38709,-96.5526693972343
scene_0019,-100.0,67.74193548387095,0,-98.93766030523253,-98.93975782005083,-98.02918370654366,-99.35278,-98.95982215295592
scene_0019,-93.54838709677419,67.74193548387095,0,-98.49168304770356,-98.49398435942588,-97.73959710736273,-98.91335,-98.75876961192984
scene_0019,-87.09677419354838,67.74193548387095,0,-98.06543197265296,-98.07038193987331,-97.47245499160285,-98.446884,-98.34052862671277
scene_0019,-80.64516129032259,67.74193548387095,0,-97.65443244489057,-97.66370988611273,-97.222287390027,-97.96983,-97.80971397829845
scene_0019,-74.19354838709677,67.74193548387095,0,-97.25502914680746,-97.2695594683523,-96.9841555678689,-97.498474,-97.27337353606327
scene_0019,-67.74193548387098,67.74193548387095,0,-96.86519419923924,-96.8852349463242,-96.75406313287668,-97.045906,-96.82426354998108
scene_0019,-61.29032258064517,67.74193548387095,0,-96.48491683683332,-96.51020307071923,-96.52927633669594,-96.620285,-96.49755659568416
scene_0019,-54.83870967741936,67.74193548387095,0,-96.11616668180524,-96.14608967989446,-96.3085045088974,-96.22485,-96.22767849026164
scene_0019,-48.38709677419355,67.74193548387095,0,-95.76251092807956,-95.79629672214787,-96.09191233313265,-95.85916,-95.91286601784121
scene_0019,-41.935483870967744,67.74193548387095,1,-95.42852874996197,-95.46538682977365,-95.88096832492451,-95.45406,-95.45406430729523
scene_0019,-35.483870967741936,67.74193548387095,1,-95.11917950270211,-95.15840414884255,-95.67816636064065,-94.75799,-94.75798475463505
scene_0019,-29.032258064516128,67.74193548387095,0,-94.83924834851283,-94.88026922981942,-95.48667781109792,-94.91655,-94.72975296316356
scene_0019,-22.580645161290334,67.74193548387095,0,-94.59293745676341,-94.63532685208514,-95.30999521441456,-94.64627,-94.56989725176766
scene_0019,-16.129032258064527,67.74193548387095,0,-94.38361834442155,-94.42706748816983,-95.1516166952511,-94.39716,-94.44740560503041
scene_0019,-9.677419354838719,67.74193548387095,0,-94.2137258308905,-94.25800327543865,-95.01480070412299,-94.17673,-94.34656396283191
scene_0019,-3.225806451612911,67.74193548387095,0,-94.084758608862,-94.1296612336106,-94.90240083006472,-94.00046,-94.25845144444678
scene_0019,3.225806451612897,67.74193548387095,0,-93.99735037045355,-94.04265464666848,-94.81677548528012,-93.88213,-94.14990406889886
scene_0019,9.677419354838705,67.74193548387095,0,-93.95138188901635,-93.99680035743337,-94.75975879124762,-93.82512,-93.99048746615921
scene_0019,16.129032258064512,67.74193548387095,1,-93.94611307397327,-93.99125910758747,-94.73267615403864,-93.69847,-93.69847665333772
scene_0019,22.58064516129032,67.74193548387095,0,-93.98032172819357,-94.02468448334122,-94.73638889458684,-93.876205,-93.71105032270958
scene_0019,29.032258064516128,67.74193548387095,0,-94.05244133245651,-94.09537209158323,-94.77135501079735,-93.97264,-93.71835053417297
scene_0019,35.48387096774192,67.74193548387095,0,-94.16069355113837,-94.20140415646878,-94.83769632589853,-94.10972,-93.85963986706247
scene_0019,41.935483870967744,67.74193548387095,1,-94.30321270629541,-94.34078625801838,-94.93526514508122,-94.17453,-94.17452878879084
scene_0019,48.38709677419354,67.74193548387095,0,-94.47815978491829,-94.51157310919292,-95.06370578131549,-94.48815,-94.42569175716416
scene_0019,54.83870967741933,67.74193548387095,0,-94.68382321116638,-94.71197977960398,-95.22250788296903,-94.720474,-94.71944651029904
scene_0019,61.29032258064515,67.74193548387095,0,-94.91870314171439,-94.94047423468956,-95.41104949867295,-94.97489,-94.9572400867361
scene_0019,67.74193548387095,67.74193548387095,0,-95.18157581482747,-95.1958469305899,-95.62862839039394,-95.24581,-95.17368807536084
scene_0019,74.19354838709677,67.74193548387095,0,-95.47153472589292,-95.47725373738626,-95.87448038941908,-95.52721,-95.44663529902424
scene_0019,80.64516129032256,67.74193548387095,0,-95.78800614615523,-95.78422965603261,-96.1477836917385,-95.81284,-95.81605616814056
scene_0019,87.09677419354838,67.74193548387095,0,-96.13073758977097,-96.1166724029021,-96.44764799187436,-96.096634,-96.2165022327092
scene_0019,93.54838709677418,67.74193548387095,1,-96.49975896205682,-96.47479654104865,-96.7730873234165,-96.46221,-96.46220711543309
scene_0019,100.0,67.74193548387095,0,-96.89531691640653,-96.85905996168052,-97.1229754774693,-96.63743,-96.8258467745106
scene_0019,-100.0,74.19354838709677,0,-99.49954703512415,-99.50870150864917,-98.50576385700327,-99.88301,-99.71827120284888
scene_0019,-93.54838709677419,74.19354838709677,0,-99.07527401318495,-99.08411370470063,-98.26133854202041,-99.487366,-99.53445943261823
scene_0019,-87.09677419354838,74.19354838709677,0,-98.67107441146396,-98.68239596530134,-98.04335574887682,-99.06584,-99.11469373877422
scene_0019,-80.64516129032259,74.19354838709677,0,-98.28310028934155,-98.29898027485369,-97.8453850522658,-98.632904,-98.59806765182185
scene_0019,-74.19354838709677,74.19354838709677,0,-97.90762430869611,-97.92937951360142,-97.66109009532856,-98.20278,-98.09154065334967
scene_0019,-67.74193548387098,74.19354838709677,0,-97.5419477707047,-97.57016873219699,-97.48469884059028,-97.78676,-97.66836439226606
scene_0019,-61.29032258064517,74.19354838709677,0,-97.1849810514897,-97.21963357467324,-97.31145948508832,-97.39183,-97.3395321012951
scene_0019,-54.83870967741936,74.19354838709677,0,-96.83744625746684,-96.87802369346807,-97.13801709780898,-97.02072,-97.04653688398614
scene_0019,-48.38709677419355,74.19354838709677,0,-96.50172507415171,-96.54742303248176,-96.96264483071695,-96.673035,-96.70880510035823
scene_0019,-41.935483870967744,74.19354838709677,0,-96.18144505739164,-96.23132706360855,-96.78528572396695,-96.346596,-96.29593479483518
scene_0019,-35.483870967741936,74.19354838709677,0,-95.8809365240306,-95.9340655921429,-96.60740065320711,-96.03862,-95.89451477321245
scene_0019,-29.032258064516128,74.19354838709677,0,-95.60468841098088,-95.66021186657156,-96.43166020647456,-95.745865,-95.61017975653085
scene_0019,-22.580645161290334,74.19354838709677,0,-95.35689515650147,-95.41408260901673,-96.26154736126247,-95.46482,-95.41638627850841
scene_0019,-16.129032258064527,74.19354838709677,0,-95.1411389820668,-95.19938200575916,-96.10094502081344,-95.19461,-95.26276180178729
scene_0019,-9.677419354838719,74.19354838709677,0,-94.96021134061216,-95.01899708454788,-95.95376950098539,-94.944336,-95.12996492790032
scene_0019,-3.225806451612911,74.19354838709677,0,-94.81605234876818,-94.87492307787122,-95.82368700687948,-94.73533,-95.00458227321657
scene_0019,3.225806451612897,74.19354838709677,0,-94.70977735956001,-94.7682856817843,-95.71392528300343,-94.58693,-94.87386455903075
scene_0019,9.677419354838705,74.19354838709677,0,-94.64176057866275,-94.69942736255318,-95.62717383150652,-94.503815,-94.7260966536627
scene_0019,16.129032258064512,74.19354838709677,0,-94.61175139521424,-94.66803097119794,-95.56555560178666,-94.48015,-94.54940225665256
scene_0019,22.58064516129032,74.19354838709677,0,-94.61900597496057,-94.67326140510936,-95.53064973328404,-94.50784,-94.3803772292769
scene_0019,29.032258064516128,74.19354838709677,0,-94.66242254369331,-94.71391246291668,-95.52354626584744,-94.58008,-94.32518435202675
scene_0019,35.48387096774192,74.19354838709677,0,-94.74067293767932,-94.78855051480956,-95.54491727560601,-94.69138,-94.42923312742536
scene_0019,41.935483870967744,74.19354838709677,0,-94.85232547967611,-94.8956492310347,-95.59509292780339,-94.83714,-94.67787823552052
scene_0019,48.38709677419354,74.19354838709677,0,-94.99595547957415,-95.03371087905542,-95.67413452516682,-95.01298,-94.98554730589844
scene_0019,54.83870967741933,74.19354838709677,1,-95.17024017579352,-95.2013702296091,-95.7818994180389,-95.364296,-95.3642925869117
scene_0019,61.29032258064515,74.19354838709677,0,-95.3740351916877,-95.39747745251123,-95.91809461740627,-95.43672,-95.446828759535
scene_0019,67.74193548387095,74.19354838709677,0,-95.60642991468117,-95.62115691894667,-96.08231725221304,-95.674675,-95.60518937766895
scene_0019,74.19354838709677,74.19354838709677,1,-95.86677978180563,-95.87183972835925,-96.27408081296764,-95.675156,-95.67515309262379
scene_0019,80.64516129032256,74.19354838709677,0,-96.15471426793768,-96.14926899518215,-96.49282658118491,-96.17528,-96.19113108848715
scene_0019,87.09677419354838,74.19354838709677,0,-96.47012026932542,-96.45347823432024,-96.73791987993576,-96.4267,-96.56366506584435
scene_0019,93.54838709677418,74.19354838709677,0,-96.8131013088232,-96.7847442457174,-97.00863088537349,-96.67197,-96.85982551465806
scene_0019,100.0,74.19354838709677,1,-97.18391329267604,-97.14351638763335,-97.30409978889647,-97.34651,-97.34651434279672
scene_0019,-100.0,80.64516129032256,1,-100.11808302643162,-100.13581042365728,-99.00373766621718,-100.672676,-100.67267191575768
scene_0019,-93.54838709677419,80.64516129032256,0,-99.71808874877004,-99.73486156983228,-98.80107478930299,-100.0924,-100.31804996313967
scene_0019,-87.09677419354838,80.64516129032256,0,-99.33662424079216,-99.35555655707066,-98.62987413098705,-99.714745,-99.87576880045593
scene_0019,-80.64516129032259,80.64516129032256,1,-98.97080772822962,-98.99436748704744,-98.4830903072387,-99.401665,-99.40166019066109
scene_0019,-74.19354838709677,80.64516129032256,0,-98.6172506035065,-98.64716294679198,-98.35324812438279,-98.934845,-98.88740535167634
scene_0019,-67.74193548387098,80.64516129032256,0,-98.2730064525202,-98.31023121254945,-98.23289508458899,-98.554245,-98.50830048775225
scene_0019,-61.29032258064517,80.64516129032256,0,-97.93628348420121,-97.98106650295733,-98.11512844212432,-98.18889,-98.2166648131219
scene_0019,-54.83870967741936,80.64516129032256,0,-97.60684111039068,-97.65883050182978,-97.99414438281714,-97.84103,-97.94513165561622
scene_0019,-48.38709677419355,80.64516129032256,0,-97.28604850350396,-97.34445449988198,-97.86572460870504,-97.51026,-97.62668529533673
scene_0019,-41.935483870967744,80.64516129032256,1,-96.97665086476464,-97.040419228193,-97.72756582939277,-97.22745,-97.22744549356933
scene_0019,-35.483870967741936,80.64516129032256,0,-96.6823429491246,-96.7503120797928,-97.5793804406998,-96.89104,-96.87276287656016
scene_0019,-29.032258064516128,80.64516129032256,0,-96.4072697526793,-96.47829021625537,-97.42274783214711,-96.595474,-96.54950650981361
scene_0019,-22.580645161290334,80.64516129032256,0,-96.15555914142283,-96.22856687686216,-97.26075601121083,-96.30269,-96.27211356659643
scene_0019,-16.129032258064527,80.64516129032256,0,-95.93095407825297,-96.00499988796669,-97.09751817332625,-96.01037,-96.04193942072037
scene_0019,-9.677419354838719,80.64516129032256,0,-95.73657122032783,-95.81081624765037,-96.93766302303314,-95.72933,-95.85418803825635
scene_0019,-3.225806451612911,80.64516129032256,0,-95.57478110376192,-95.64847050940284,-96.78588174786708,-95.486694,-95.68873607159313
scene_0019,3.225806451612897,80.64516129032256,0,-95.44718747665131,-95.51961374506217,-96.64658154619022,-95.3074,-95.54795295002684
scene_0019,9.677419354838705,80.64516129032256,0,-95.35467772697729,-95.42514264595775,-96.52366106240756,-95.197525,-95.44212648769945
scene_0019,16.129032258064512,80.64516129032256,1,-95.29751830266594,-95.36529993308882,-96.42039738878344,-95.54198,-95.54196986768572
scene_0019,22.58064516129032,80.64516129032256,1,-95.27547427322597,-95.33980282062087,-96.3394206306525,-94.91217,-94.91216199116862
scene_0019,29.032258064516128,80.64516129032256,0,-95.2879378758702,-95.34798248195278,-96.28274847319757,-95.20099,-94.97818089410708
scene_0019,35.48387096774192,80.64516129032256,1,-95.33405561243725,-95.38892264420214,-96.25185587827934,-94.87972,-94.87972448936814
scene_0019,41.935483870967744,80.64516129032256,0,-95.41284682894084,-95.46158912614044,-96.24776042956945,-95.404015,-95.21464809293464
scene_0019,48.38709677419354,80.64516129032256,0,-95.52330888645207,-95.56494453544106,-96.27110957450455,-95.55023,-95.49115263067841
scene_0019,54.83870967741933,80.64516129032256,0,-95.66450540150927,-95.69804390136385,-96.32226090000331,-95.720535,-95.74087693604598
scene_0019,61.29032258064515,80.64516129032256,0,-95.83563498057731,-95.86010818287988,-96.4013502546767,-95.91045,-95.91929470180297
scene_0019,67.74193548387095,80.64516129032256,1,-96.03607867582376,-96.05057366900598,-96.50834505561035,-96.0446,-96.0445964443179
scene_0019,74.19354838709677,80.64516129032256,0,-96.26542518313016,-96.2691164041665,-96.64308172243196,-96.32979,-96.27125622322663
scene_0019,80.64516129032256,80.64516129032256,0,-96.52347358154893,-96.51565188113727,-96.80528711674293,-96.549,-96.55827200993559
scene_0019,87.09677419354838,80.64516129032256,1,-96.81021406416883,-96.79031118142733,-96.9945843439286,-97.056335,-97.05633398940398
scene_0019,93.54838709677418,80.64516129032256,1,-97.12578746757244,-97.09339529373283,-97.21048345967134,-96.82909,-96.82909178548705
scene_0019,100.0,80.64516129032256,0,-97.47042430667854,-97.42530931527017,-97.45235763988177,-97.1871,-97.03651391657873
scene_0019,-100.0,87.09677419354838,0,-100.78137447100747,-100.80930860908973,-99.51858237059318,-101.01768,-101.17783460489991
scene_0019,-93.54838709677419,87.09677419354838,0,-100.41020106264463,-100.43651393346619,-99.35223274282258,-100.70594,-100.99537065254928
scene_0019,-87.09677419354838,87.09677419354838,0,-100.0539262194215,-100.08197371021984,-99.22298629693881,-100.370346,-100.5162809623136
scene_0019,-80.64516129032259,87.09677419354838,0,-99.71085407702213,-99.74345660730414,-99.12361955141238,-100.02162,-99.99645080481392
scene_0019,-74.19354838709677,87.09677419354838,0,-99.37826648585579,-99.41754749170627,-99.04593698315209,-99.669945,-99.55540197112458
scene_0019,-67.74193548387098,87.09677419354838,0,-99.05335368337715,-99.10065484497662,-98.98112028097474,-99.32311,-99.23450892457782
scene_0019,-61.29032258064517,87.09677419354838,1,-98.73400260913112,-98.78987838376894,-98.92022486061136,-99.055214,-99.0552097230645
scene_0019,-54.83870967741936,87.09677419354838,0,-98.41933997609354,-98.48362941355157,-98.85481752603565,-98.65983,-98.80866314834964
scene_0019,-48.38709677419355,87.09677419354838,0,-98.10997164541513,-98.18193358736103,-98.77769277273963,-98.3448,-98.53825934679432
scene_0019,-41.935483870967744,87.09677419354838,0,-97.80792151629274,-97.88640688692422,-98.68355006356104,-98.03887,-98.1699694330972
scene_0019,-35.483870967741936,87.09677419354838,0,-97.51633409698749,-97.59996307865678,-98.56948710032925,-97.738884,-97.76232707679367
scene_0019,-29.032258064516128,87.09677419354838,1,-97.2390434670512,-97.32635889998157,-98.43518753425579,-97.488396,-97.4883947435429
scene_0019,-22.580645161290334,87.09677419354838,0,-96.98011641409373,-97.06969553514574,-98.28275587799256,-97.13484,-96.99531140072482
scene_0019,-16.129032258064527,87.09677419354838,0,-96.74345405499207,-96.83397356230401,-98.11624833712087,-96.82023,-96.68198709208869
scene_0019,-9.677419354838719,87.09677419354838,1,-96.53249935541038,-96.62275913266097,-97.94102293582489,-96.48398,-96.48397750914947
scene_0019,-3.225806451612911,87.09677419354838,1,-96.35006293184165,-96.43897946865962,-97.76305644509762,-96.30162,-96.301618740998
scene_0019,3.225806451612897,87.09677419354838,1,-96.19825521003342,-96.28483710792592,-97.58834952052621,-96.00783,-96.00782737983393
scene_0019,9.677419354838705,87.09677419354838,0,-96.07850105536767,-96.16181752437683,-97.4224882250011,-95.88577,-96.03622383976608
scene_0019,16.129032258064512,87.09677419354838,0,-95.99161056483177,-96.0707610866734,-97.2703767703338,-95.813614,-95.96994015524683
scene_0019,22.58064516129032,87.09677419354838,1,-95.93788273112794,-96.01197319016094,-97.1361194807103,-95.704384,-95.70438831280661
scene_0019,29.032258064516128,87.09677419354838,0,-95.91722376629528,-95.9853518714214,-97.02301313384675,-95.81702,-95.67949065576823
scene_0019,35.48387096774192,87.09677419354838,0,-95.92926693518609,-95.99051782534255,-96.93360922303418,-95.87633,-95.63308525220505
scene_0019,41.935483870967744,87.09677419354838,0,-95.97348488975015,-96.02693639607466,-96.86981233654939,-95.966705,-95.74002803057806
scene_0019,48.38709677419354,87.09677419354838,1,-96.04928854765645,-96.09402459161252,-96.8329901618495,-95.97413,-95.97413445801484
scene_0019,54.83870967741933,87.09677419354838,0,-96.15610871301857,-96.19123868589483,-96.82407933422773,-96.22344,-96.16439228867026
scene_0019,61.29032258064515,87.09677419354838,0,-96.29345817541198,-96.31813983746225,-96.84367814112917,-96.381546,-96.35092254296288
scene_0019,67.74193548387095,87.09677419354838,0,-96.46097317921647,-96.47443662064694,-96.89212179253035,-96.55372,-96.50500293318072
scene_0019,74.19354838709677,87.09677419354838,1,-96.65843405787756,-96.6600045579049,-96.96953891306725,-96.65404,-96.6540360865107
scene_0019,80.64516129032256,87.09677419354838,0,-96.88576550255448,-96.87488366364713,-97.07588956996537,-96.921936,-96.81154571410792
scene_0019,87.09677419354838,87.09677419354838,0,-97.14301733371809,-97.119255586585,-97.2109859436533,-97.10887,-96.93154793099399
scene_0019,93.54838709677418,87.09677419354838,0,-97.43032668705192,-97.39340207142583,-97.37449699918365,-97.29216,-96.95606446205505
scene_0019,100.0,87.09677419354838,0,-97.74786213732058,-97.69764607670635,-97.56593845894797,-97.46837,-96.89924663538261
scene_0019,-100.0,93.54838709677418,0,-101.47208846224225,-101.51167764356343,-100.04696487083564,-101.57744,-101.69526627378488
scene_0019,-93.54838709677419,93.54838709677418,0,-101.13629294355292,-101.17373400901135,-99.90966945292179,-101.304245,-101.50542899751244
scene_0019,-87.09677419354838,93.54838709677418,1,-100.80963149355989,-100.84839249306762,-99.81511868280924,-100.77931,-100.77931245517212
scene_0019,-80.64516129032259,93.54838709677418,0,-100.49162482928767,-100.53479365771899,-99.75635549287057,-100.6979,-100.44399362686246
scene_0019,-74.19354838709677,93.54838709677418,0,-100.18043060003208,-100.23047986324114,-99.7249643934566,-100.382065,-100.01955472010306
scene_0019,-67.74193548387098,93.54838709677418,0,-99.87368841509523,-99.93231985611004,-99.71125445933103,-100.06674,-99.74334874992249
scene_0019,-61.29032258064517,93.54838709677418,0,-99.56932461993495,-99.63739904192168,-99.70461862414815,-99.755516,-99.59374438683079
scene_0019,-54.83870967741936,93.54838709677418,0,-99.26619086106328,-99.34374757524606,-99.69413124451586,-99.44978,-99.48423967617323
scene_0019,-48.38709677419355,93.54838709677418,0,-98.96444603511837,-99.0508052283393,-99.66939065412808,-99.14918,-99.27984177265508
scene_0019,-41.935483870967744,93.54838709677418,0,-98.66564665659209,-98.75957322240112,-99.62152367015578,-98.851974,-98.88667683931925
scene_0019,-35.483870967741936,93.54838709677418,0,-98.37257474783203,-98.47247073945954,-99.5441697118961,-98.55487,-98.39739613357771
scene_0019,-29.032258064516128,93.54838709677418,0,-98.08888423877696,-98.19297500131168,-99.43420442010694,-98.25202,-97.91252418052127
scene_0019,-22.580645161290334,93.54838709677418,0,-97.81866972588139,-97.92515649575832,-99.29199629499733,-97.93495,-97.46654896918554
scene_0019,-16.129032258064527,93.54838709677418,0,-97.56605243246531,-97.6732175190171,-99.12112022902876,-97.59868,-97.09641958908739
scene_0019,-9.677419354838719,93.54838709677418,0,-97.33484793961573,-97.44111183673195,-98.92762116009548,-97.25722,-96.81521948066401
scene_0019,-3.225806451612911,93.54838709677418,0,-97.12834435887503,-97.232283327315,-98.71904369021559,-96.94885,-96.61010989288795
scene_0019,3.225806451612897,93.54838709677418,0,-96.94919024177784,-97.04952696699729,-98.503467318723,-96.70926,-96.48828440634118
scene_0019,9.677419354838705,93.54838709677418,0,-96.79937376207405,-96.89495364752162,-98.28872342475726,-96.54707,-96.46163887399402
scene_0019,16.129032258064512,93.54838709677418,0,-96.68026782241358,-96.7700310964524,-98.0818714356804,-96.451645,-96.47290389685693
scene_0019,22.58064516129032,93.54838709677418,1,-96.59271623314517,-96.67567287540845,-97.88892725943782,-96.76891,-96.76891452923971
scene_0019,29.032258064516128,93.54838709677418,0,-96.53714029229005,-96.6123517800081,-97.71478947919626,-96.408875,-96.267725258733
scene_0019,35.48387096774192,93.54838709677418,0,-96.5136502986578,-96.58021975759303,-97.56329560559948,-96.443436,-96.15199339470712
scene_0019,41.935483870967744,93.54838709677418,0,-96.52215130593989,-96.57922191146449,-97.43734854582237,-96.507484,-96.1700842384989
scene_0019,48.38709677419354,93.54838709677418,0,-96.56243623537918,-96.60919658245456,-97.3390694485066,-96.59668,-96.30343227897546
scene_0019,54.83870967741933,93.54838709677418,0,-96.63426228188415,-96.66995682337398,-97.26994911423856,-96.70708,-96.49280216125285
scene_0019,61.29032258064515,93.54838709677418,0,-96.73740855261752,-96.76135099508754,-97.23098274361284,-96.83479,-96.68724498077057
scene_0019,67.74193548387095,93.54838709677418,0,-96.87171427197102,-96.88330193312095,-97.2227813179714,-96.975845,-96.83538561948194
scene_0019,74.19354838709677,93.54838709677418,0,-97.03709782085083,-97.03582531696989,-97.24565803487349,-97.12613,-96.90365661203029
scene_0019,80.64516129032256,93.54838709677418,0,-97.23355742843653,-97.21902859848788,-97.29969093136609,-97.281494,-96.92235715667991
scene_0019,87.09677419354838,93.54838709677418,0,-97.46115452337483,-97.43309213325149,-97.38476399380866,-97.43798,-96.90197154601191
scene_0019,93.54838709677418,93.54838709677418,0,-97.71998057383075,-97.67823400993822,-97.50058931444553,-97.591995,-96.82822702319753
scene_0019,100.0,93.54838709677418,0,-98.01010769572338,-97.9546594941887,-97.64671263985319,-97.740524,-96.69987789722288
scene_0019,-100.0,100.0,1,-102.16660904361952,-102.21858805597138,-100.586103188539,-102.43823,-102.43823167405834
scene_0019,-93.54838709677419,100.0,0,-101.87438397231927,-101.9240689690666,-100.46939282619036,-101.8658,-101.68599450635566
scene_0019,-87.09677419354838,100.0,1,-101.58364978161157,-101.63443534922507,-100.4003225159613,-101.308525,-101.3085246068451
scene_0019,-80.64516129032259,100.0,0,-101.29488633157132,-101.34998591337116,-100.37256143755384,-101.33084,-100.63725691272211
scene_0019,-74.19354838709677,100.0,0,-101.0071265741582,-101.06926035675777,-100.37793560918773,-101.047775,-100.21343150184191
scene_0019,-67.74193548387098,100.0,0,-100.71864324852955,-100.7898038243498,-100.40642931758467,-100.7612,-99.95889021010244
scene_0019,-61.29032258064517,100.0,0,-100.42770344731906,-100.50901273580487,-100.44634005887414,-100.473755,-99.85102453046056
scene_0019,-54.83870967741936,100.0,0,-100.1332439676724,-100.22491283203951,-100.48471453747403,-100.1864,-99.8054897360083
scene_0019,-48.38709677419355,100.0,1,-99.83534696895354,-99.93673845550947,-100.50816892214817,-100.02928,-100.02927726936511
scene_0019,-41.935483870967744,100.0,0,-99.53544560613093,-99.64522547175783,-100.50410732600957,-99.60937,-99.2335780461478
scene_0019,-35.483870967741936,100.0,0,-99.23625542571278,-99.35259700440471,-100.46219328002809,-99.31464,-98.6864710776766
scene_0019,-29.032258064516128,100.0,0,-98.94148976807995,-99.06229226677836,-100.37575133297028,-99.007996,-98.14711965164466
scene_0019,-22.580645161290334,100.0,0,-98.6554555478979,-98.77853891194533,-100.242688124912,-98.67949,-97.6678440054367
scene_0019,-16.129032258064527,100.0,0,-98.38263035816854,-98.50588303548523,-100.06562085278122,-98.32295,-97.27563792442191
scene_0019,-9.677419354838719,100.0,0,-98.12729890789592,-98.2487707809299,-99.85117083947051,-97.95384,-96.98093589494201
scene_0019,-3.225806451612911,100.0,0,-97.89329146151113,-98.01123714288201,-99.60867469297419,-97.61545,-96.78203699803117
scene_0019,3.225806451612897,100.0,0,-97.68383381844757,-97.796718721536,-99.34871864155654,-97.34833,-96.67997903593793
scene_0019,9.677419354838705,100.0,0,-97.50149566583552,-97.60797905852795,-99.08185855204212,-97.16224,-96.66654311720534
scene_0019,16.129032258064512,100.0,0,-97.34821322022354,-97.44712069323126,-98.81772396020651,-97.04514,-96.69352760979893
scene_0019,22.58064516129032,100.0,0,-97.22536019611994,-97.31565462220684,-98.56453408892659,-96.98149,-96.67282020102009
scene_0019,29.032258064516128,100.0,0,-97.13384443320832,-97.21460098357852,-98.32894704550048,-96.95941,-96.55629901241801
scene_0019,35.48387096774192,100.0,0,-97.07421279291816,-97.1446006496682,-98.11612805434274,-96.97097,-96.44237057687705
scene_0019,41.935483870967744,100.0,0,-97.04675224019672,-97.10602353416279,-97.92993346611348,-97.01057,-96.42165751414588
scene_0019,48.38709677419354,100.0,0,-97.05157946137246,-97.09906463530258,-97.77313623634853,-97.07388,-96.50660319581655
scene_0019,54.83870967741933,100.0,0,-97.08871470869045,-97.12382281337042,-97.64764776740266,-97.15712,-96.6656020003191
scene_0019,61.29032258064515,100.0,0,-97.15813790438183,-97.18036012099213,-97.55471320093395,-97.25665,-96.84914179995678
scene_0019,67.74193548387095,100.0,1,-97.25982657881605,-97.26874138362639,-97.49507151774665,-97.15996,-97.15995692736121
scene_0019,74.19354838709677,100.0,0,-97.39377614229633,-97.38905487434008,-97.46907979423804,-97.49002,-96.97180901621564
scene_0019,80.64516129032256,100.0,0,-97.56000343211609,-97.54141549799932,-97.4768047724728,-97.6165,-96.88947923829338
scene_0019,87.09677419354838,100.0,0,-97.75853452051601,-97.72595200021408,-97.51808623107537,-97.74476,-96.77506165101958
scene_0019,93.54838709677418,100.0,0,-97.98937746773703,-97.94277941710796,-97.59257665743246,-97.87164,-96.63416578378387
scene_0019,100.0,100.0,0,-98.25248009636479,-98.19195734039135,-97.69976112646194,-97.99452,-96.465721945193
