snapshot,time_s,east_km,north_km,gt_dbm,satebeam_dbm,omp_dbm,deeprm_td_dbm,kriging_dbm
0,0.0,-100.0,-100.0,-104.40000924220628,-104.36100302585713,-103.94601417402575,-104.80676,-101.0479365753728
0,0.0,-93.54838709677419,-100.0,-104.34175609741472,-104.30729748915968,-103.91834453299197,-104.70666,-101.79039780346498
0,0.0,-87.09677419354838,-100.0,-104.28374421703688,-104.25396218010295,-103.8793808685999,-104.59312,-102.45745487729259
0,0.0,-80.64516129032259,-100.0,-104.22180449489318,-104.19667198723359,-103.82544131052173,-104.468605,-102.93882632306105
0,0.0,-74.19354838709677,-100.0,-104.15148838575539,-104.13085756990009,-103.75336743975015,-104.33484,-103.16352720977449
0,0.0,-67.74193548387098,-100.0,-104.06842697931589,-104.05206122653239,-103.66073567199008,-104.19189,-103.22957200193665
0,0.0,-61.29032258064517,-100.0,-103.96869592994635,-103.95629844124223,-103.54601631679436,-104.03798,-103.25867983737129
0,0.0,-54.83870967741936,-100.0,-103.84915129099774,-103.8403901780744,-103.4086585736134,-103.87018,-103.31858084728307
0,0.0,-48.38709677419355,-100.0,-103.70769560512166,-103.70222512949192,-103.24909011068642,-103.68544,-103.40884917606698
0,0.0,-41.935483870967744,-100.0,-103.54343776150118,-103.54091534229988,-103.06863374895654,-103.64735,-103.64735126855473
0,0.0,-35.483870967741936,-100.0,-103.35672523421457,-103.3568239394204,-102.86935716060853,-103.47866,-103.47866464668914
0,0.0,-29.032258064516128,-100.0,-103.14904975333181,-103.15146629549373,-102.65388062176116,-103.01752,-102.87637419441532
0,0.0,-22.580645161290334,-100.0,-102.92285014228987,-102.92730880705221,-102.4251707104307,-102.76308,-102.50578831509526
0,0.0,-16.129032258064527,-100.0,-102.68125172763203,-102.68750502286451,-102.18634471029281,-102.4076,-102.40759586259657
0,0.0,-9.677419354838719,-100.0,-102.42778635819843,-102.43561336733343,-101.94050342227071,-102.23647,-101.92472219691778
0,0.0,-3.225806451612911,-100.0,-102.16613121752219,-102.17533463708884,-101.69060174647397,-101.9764,-101.59953363485165
0,0.0,3.225806451612897,-100.0,-101.89989226512778,-101.91029494458422,-101.43935896058761,-101.72479,-101.28079948142214
0,0.0,9.677419354838705,-100.0,-101.63244425012742,-101.64388581150001,-101.18920529059751,-101.484116,-101.04057434893699
0,0.0,16.129032258064512,-100.0,-101.36682759809723,-101.37916146977331,-100.94225839428317,-101.25505,-100.88106530594722
0,0.0,22.58064516129032,-100.0,-101.10569485163333,-101.11878585356445,-100.70032237954862,-101.037224,-100.7554262635544
0,0.0,29.032258064516128,-100.0,-100.85129576055397,-100.86501824478576,-100.46490232704043,-100.82968,-100.65624474816022
0,0.0,35.48387096774192,-100.0,-100.60548959849973,-100.61972607498055,-100.23722836265179,-100.78327,-100.78326801974961
0,0.0,41.935483870967744,-100.0,-100.36977460213333,-100.3844147503736,-100.01828465975228,-100.44151,-100.14515463921609
0,0.0,48.38709677419354,-100.0,-100.14532654640166,-100.16026651226386,-99.80884004632678,-100.25925,-99.72891394987136
0,0.0,54.83870967741933,-100.0,-99.93304068644142,-99.94818257662541,-99.60947799778364,-100.08404,-99.37164175676327
0,0.0,61.29032258064515,-100.0,-99.73357323899666,-99.74882474438259,-99.4206246615017,-99.915405,-99.13652782545068
0,0.0,67.74193548387095,-100.0,-99.5473801019145,-99.56265419946264,-99.24257419206523,-99.752975,-99.03787348885646
0,0.0,74.19354838709677,-100.0,-99.37475161549929,-99.38996631429615,-99.0755111117796,-99.59637,-99.03936545053358
0,0.0,80.64516129032256,-100.0,-99.21584291571284,-99.23092102516974,-98.91952969269168,-99.445206,-99.05209463163418
0,0.0,87.09677419354838,-100.0,-99.07069989801607,-99.08556880528758,-98.77465052491206,-99.2991,-98.98963741607656
0,0.0,93.54838709677418,-100.0,-98.9392810798894,-98.95387252980419,-98.64083452577677,-99.157715,-98.85342127583813
0,0.0,100.0,-100.0,-98.82147578401631,-98.83572565884684,-98.51799468181773,-98.78317,-98.78317091531322
0,0.0,-100.0,-93.54838709677419,-104.20867761209125,-104.18238514705575,-103.91390104274471,-104.80963,-101.64484849022833
0,0.0,-93.54838709677419,-93.54838709677419,-104.15842289240646,-104.13666945245984,-103.87746683681462,-104.66797,-102.43177626879927
0,0.0,-87.09677419354838,-93.54838709677419,-104.10428466226078,-104.08669601673924,-103.8225604596503,-104.51059,-103.11932898237811
0,0.0,-80.64516129032259,-93.54838709677419,-104.04075932466903,-104.02688231284053,-103.74573861314893,-103.91433,-103.91432707762601
0,0.0,-74.19354838709677,-93.54838709677419,-103.96253245158607,-103.95188237893059,-103.64454599756479,-104.16815,-103.71850341502446
0,0.0,-67.74193548387098,-93.54838709677419,-103.86492594418763,-103.85702794395227,-103.51768168054696,-103.7209,-103.72090309193965
0,0.0,-61.29032258064517,-93.54838709677419,-103.74430401588911,-103.73872625877851,-103.36505829222915,-103.80265,-103.59923000410402
0,0.0,-54.83870967741936,-93.54838709677419,-103.59838182763636,-103.5947584704864,-103.18774618363608,-103.606735,-103.54246230477203
0,0.0,-48.38709677419355,-93.54838709677419,-103.42638837771798,-103.42443101006397,-102.98781566758841,-103.39692,-103.50136010094135
0,0.0,-41.935483870967744,-93.54838709677419,-103.22905944842978,-103.22855735910773,-102.76810761184272,-103.17018,-103.40516879409574
0,0.0,-35.483870967741936,-93.54838709677419,-103.0084699783422,-103.00928127627483,-102.53197108921424,-102.92556,-103.15386246485676
0,0.0,-29.032258064516128,-93.54838709677419,-102.76774630588123,-102.76978315095297,-102.28300535532512,-102.66463,-102.76540100028316
0,0.0,-22.580645161290334,-93.54838709677419,-102.51071674201657,-102.51392828221111,-102.02483453448144,-102.22134,-102.22133256847303
0,0.0,-16.129032258064527,-93.54838709677419,-102.24155973402397,-102.24591582419734,-101.76093123348448,-102.11183,-102.14252917736097
0,0.0,-9.677419354838719,-93.54838709677419,-101.96449568646426,-101.96997342277788,-101.49449376875586,-101.832535,-101.88752083377437
0,0.0,-3.225806451612911,-93.54838709677419,-101.68354873383144,-101.69012270374837,-101.2283731541477,-101.74026,-101.74025272580809
0,0.0,3.225806451612897,-93.54838709677419,-101.4023857383762,-101.41002197462917,-100.96504113120122,-101.29788,-101.19569064974861
0,0.0,9.677419354838705,-93.54838709677419,-101.1242259794102,-101.132879046735,-100.70658882674084,-101.04966,-100.9208893457479
0,0.0,16.129032258064512,-93.54838709677419,-100.85180757392834,-100.86141998743406,-100.45474608480754,-100.938194,-100.9382004352348
0,0.0,22.58064516129032,-93.54838709677419,-100.58739456221345,-100.59789773892936,-100.21091312893203,-100.508995,-100.50899521753892
0,0.0,29.032258064516128,-93.54838709677419,-100.33280989498577,-100.34412596837828,-99.97619820036057,-100.38783,-100.41616177475422
0,0.0,35.48387096774192,-93.54838709677419,-100.08948247573842,-100.10152647420102,-99.75145671830545,-100.19161,-100.2335791494845
0,0.0,41.935483870967744,-93.54838709677419,-99.85849968118643,-99.87118173565494,-99.53732909413914,-100.00564,-99.91706532115437
0,0.0,48.38709677419354,-93.54838709677419,-99.64065970554009,-99.65388708546263,-99.33427553934493,-99.82894,-99.53206629908998
0,0.0,54.83870967741933,-93.54838709677419,-99.43652037344243,-99.45019924873678,-99.1426070627,-99.66068,-99.18923935526647
0,0.0,61.29032258064515,-93.54838709677419,-99.24644271667094,-99.26047960947028,-98.96251241901766,-99.50015,-98.96384041918364
0,0.0,67.74193548387095,-93.54838709677419,-99.0706287053454,-99.08493163610514,-98.79408112080738,-99.34671,-98.8816306544305
0,0.0,74.19354838709677,-93.54838709677419,-98.90915319610464,-98.92363255114535,-98.6373228190527,-99.19974,-98.90878877613093
0,0.0,80.64516129032256,-93.54838709677419,-98.76199053195285,-98.7765596898063,-98.49218345088026,-99.157394,-99.15738912046349
0,0.0,87.09677419354838,-93.54838709677419,-98.62903640249208,-98.6436121590897,-98.35855857808477,-98.92293,-98.8719216383089
0,0.0,93.54838709677418,-93.54838709677419,-98.51012562409952,-98.52462845514204,-98.23630432790361,-98.79196,-98.7185059120442
0,0.0,100.0,-93.54838709677419,-98.40504647938346,-98.41940067429177,-98.12524631401836,-98.665245,-98.48833514181977
0,0.0,-100.0,-87.09677419354838,-104.06326415161891,-104.04828033881051,-103.88920155515373,-104.77519,-102.14675898807786
0,0.0,-93.54838709677419,-87.09677419354838,-104.0189334580804,-104.00692956692025,-103.8296187937698,-104.586075,-102.90524444221509
0,0.0,-87.09677419354838,-87.09677419354838,-103.96291117355494,-103.95311696328234,-103.74344758709277,-104.37866,-103.4987864914051
0,0.0,-80.64516129032259,-87.09677419354838,-103.88882939385601,-103.88053210385884,-103.62842409312124,-104.16113,-103.83704284872803
0,0.0,-74.19354838709677,-87.09677419354838,-103.79126131265856,-103.78386414892583,-103.48377176669301,-103.94031,-103.88516133575585
0,0.0,-67.74193548387098,-87.09677419354838,-103.66621391416876,-103.65927721003332,-103.3101966637618,-103.719315,-103.76717988189954
0,0.0,-61.29032258064517,-87.09677419354838,-103.51147308575855,-103.50473302886886,-103.10973201031004,-103.49705,-103.60445292733556
0,0.0,-54.83870967741936,-87.09677419354838,-103.32673816019923,-103.32010156848395,-102.8854665463005,-103.269485,-103.43428284725796
0,0.0,-48.38709677419355,-87.09677419354838,-103.11352520461675,-103.10704356534868,-102.641209736412,-103.23475,-103.23475261006722
0,0.0,-41.935483870967744,-87.09677419354838,-102.8748700017681,-102.8686999525078,-102.38114967633257,-102.77945,-103.00988474666073
0,0.0,-35.483870967741936,-87.09677419354838,-102.61490237823743,-102.60926148676185,-102.10954866347251,-102.51125,-102.71199296199117
0,0.0,-29.032258064516128,-87.09677419354838,-102.33837924420772,-102.33350501408404,-101.83050348378538,-102.2283,-102.36223811600868
0,0.0,-22.580645161290334,-87.09677419354838,-102.05025325048274,-102.04637058441783,-101.54777940743276,-101.93471,-102.04864745456602
0,0.0,-16.129032258064527,-87.09677419354838,-101.75532705496094,-101.75262626599165,-101.26471321667948,-101.636665,-101.81599419967588
0,0.0,-9.677419354838719,-87.09677419354838,-101.45801289542923,-101.45663781594942,-100.98417279428384,-101.34123,-101.57229292186942
0,0.0,-3.225806451612911,-87.09677419354838,-101.16219314931132,-101.16223739873254,-100.70855815020579,-101.05491,-101.22483129792742
0,0.0,3.225806451612897,-87.09677419354838,-100.87116358915651,-100.87267255503693,-100.4398295679641,-100.627426,-100.62742257103156
0,0.0,9.677419354838705,-87.09677419354838,-100.58763621044048,-100.59061245543231,-100.17955110986273,-100.52674,-100.49510763327757
0,0.0,16.129032258064512,-87.09677419354838,-100.31377978474939,-100.31819007038942,-99.92894077927339,-100.28815,-100.24289944388289
0,0.0,22.58064516129032,-87.09677419354838,-100.05128055246873,-100.05706322096262,-99.68892146738216,-100.0661,-100.0388798301876
0,0.0,29.032258064516128,-87.09677419354838,-99.80141045949908,-99.80848239907856,-99.4601690928354,-99.8593,-99.87960273035975
0,0.0,35.48387096774192,-87.09677419354838,-99.56509481506927,-99.57335760223485,-99.24315601554983,-99.666275,-99.70345957008186
0,0.0,41.935483870967744,-87.09677419354838,-99.34297471866346,-99.35231978086635,-99.03818894089227,-99.48563,-99.44818121368563
0,0.0,48.38709677419354,-87.09677419354838,-99.1354620381098,-99.14577483446021,-98.84544124407375,-99.3161,-99.1282313501501
0,0.0,54.83870967741933,-87.09677419354838,-98.9427862859246,-98.95394958776149,-98.66498005441278,-99.156586,-98.81775304747414
0,0.0,61.29032258064515,-87.09677419354838,-98.76503365950191,-98.77693005064081,-98.49678864369623,-99.00607,-98.60313754945966
0,0.0,67.74193548387095,-87.09677419354838,-98.60217898705076,-98.61469271324616,-98.34078473707045,-98.86366,-98.52373282680449
0,0.0,74.19354838709677,-87.09677419354838,-98.45411151588229,-98.46712980702522,-98.19683536165064,-98.72845,-98.53699191324498
0,0.0,80.64516129032256,-87.09677419354838,-98.32065550757636,-98.33406948249026,-98.06476880284934,-98.59964,-98.55372702495598
0,0.0,87.09677419354838,-87.09677419354838,-98.20158654239054,-98.21529178970525,-97.94438417390194,-98.476425,-98.50119401755114
0,0.0,93.54838709677418,-87.09677419354838,-98.09664433135052,-98.11054124357122,-97.83545903387014,-98.35808,-98.37027991114621
0,0.0,100.0,-87.09677419354838,-98.0055427174932,-98.01953664044127,-97.73775542129266,-98.24388,-98.16451285217295
0,0.0,-100.0,-80.64516129032259,-103.96462629657321,-103.95487846106582,-103.83831056365904,-104.6758,-102.5489176935987
0,0.0,-93.54838709677419,-80.64516129032259,-103.91421481576546,-103.9043734420348,-103.73638439338978,-104.43641,-103.22985661749226
0,0.0,-87.09677419354838,-80.64516129032259,-103.8405889689572,-103.82976837755714,-103.60057235349134,-104.176025,-103.65816283414142
0,0.0,-80.64516129032259,-80.64516129032259,-103.7377011388183,-103.72529189717437,-103.43105721579087,-103.81294,-103.81294678965055
0,0.0,-74.19354838709677,-80.64516129032259,-103.6015257734208,-103.58723796257448,-103.22977800118565,-103.636536,-103.73485906952197
0,0.0,-67.74193548387098,-80.64516129032259,-103.4304080655919,-103.4142696727727,-103.00011158565839,-103.372055,-103.53613535411858
0,0.0,-61.29032258064517,-80.64516129032259,-103.2250967644166,-103.20740896631827,-102.74644199013974,-103.11203,-103.30145850653057
0,0.0,-54.83870967741936,-80.64516129032259,-102.98846427108346,-102.9697257386057,-102.47370145159805,-103.189804,-103.18979834414432
0,0.0,-48.38709677419355,-80.64516129032259,-102.72499441726872,-102.7058128130449,-102.18695484165775,-102.681465,-102.68146296643565
0,0.0,-41.935483870967744,-80.64516129032259,-102.44016317452119,-102.42117165872699,-101.89107209404925,-102.307655,-102.4169164825363
0,0.0,-35.483870967741936,-80.64516129032259,-102.13983686192279,-102.12162800219956,-101.59050444713108,-102.0161,-102.09753428476063
0,0.0,-29.032258064516128,-80.64516129032259,-101.82977668323633,-101.81285893372672,-101.289158159981,-101.71167,-101.78756575316632
0,0.0,-22.580645161290334,-80.64516129032259,-101.5152901436652,-101.50006596655263,-100.99034694039076,-101.39853,-101.52679462192583
0,0.0,-16.129032258064527,-80.64516129032259,-101.20102870706344,-101.18778985118271,-100.69680043552032,-101.08313,-101.31686098010888
0,0.0,-9.677419354838719,-80.64516129032259,-100.89090610860431,-100.8798404462435,-100.41070779913227,-101.17082,-101.17082357722049
0,0.0,-3.225806451612911,-80.64516129032259,-100.58810264960923,-100.57930747475838,-100.13377962919839,-100.47455,-100.72269091754266
0,0.0,3.225806451612897,-80.64516129032259,-100.29512246114126,-100.28862037660633,-99.86731640046393,-100.193214,-100.30646676054262
0,0.0,9.677419354838705,-80.64516129032259,-100.01387753923714,-100.009632380277,-99.61227578160765,-99.98307,-99.98307221961262
0,0.0,16.129032258064512,-80.64516129032259,-99.74578031258562,-99.74371165563505,-99.36933451068467,-99.46997,-99.46997002160047
0,0.0,22.58064516129032,-80.64516129032259,-99.4918334702404,-99.49182906410948,-99.13894279507056,-99.46803,-99.34846053231797
0,0.0,29.032258064516128,-80.64516129032259,-99.25271100720738,-99.25463696613394,-98.92137067201907,-99.26395,-99.19919491231182
0,0.0,35.48387096774192,-80.64516129032259,-99.02882796489253,-99.0325368461521,-98.71674662672774,-99.076096,-99.06053973861658
0,0.0,41.935483870967744,-80.64516129032259,-98.82039849153081,-98.825735515686,-98.52508920994703,-98.90283,-98.87570097964866
0,0.0,48.38709677419354,-80.64516129032259,-98.62748302156578,-98.63429073787637,-98.34633257775073,-98.7426,-98.62167642260006
0,0.0,54.83870967741933,-80.64516129032259,-98.4500259128451,-98.45814760615893,-98.18034689989531,-98.59399,-98.33658969450086
0,0.0,61.29032258064515,-80.64516129032259,-98.28788503918346,-98.29716714376679,-98.02695452214918,-98.4557,-98.12790895440767
0,0.0,67.74193548387095,-80.64516129032259,-98.14085478475066,-98.15114853048439,-97.88594266745798,-98.32654,-98.0593325432132
0,0.0,74.19354838709677,-80.64516129032259,-98.00868373428114,-98.01984620998013,-97.75707334783428,-98.20533,-98.0596798407365
0,0.0,80.64516129032256,-80.64516129032259,-97.89108816362402,-97.90298294511516,-97.64009104843011,-97.951515,-97.95151301631083
0,0.0,87.09677419354838,-80.64516129032259,-97.78776224418866,-97.80025970287352,-97.53472864485845,-97.98252,-98.01951406586282
0,0.0,93.54838709677418,-80.64516129032259,-97.69838570008709,-97.71136308131847,-97.44071192748551,-97.87894,-97.92274430194468
0,0.0,100.0,-80.64516129032259,-97.62262950547579,-97.63597084479598,-97.35776303259573,-97.77937,-97.75675838061534
0,0.0,-100.0,-74.19354838709677,-103.88393329846393,-103.86868044877836,-103.71217876400807,-104.47562,-102.83601590140746
0,0.0,-93.54838709677419,-74.19354838709677,-103.80310092159135,-103.78369946393977,-103.54711570008716,-104.18756,-103.42663994308212
0,0.0,-87.09677419354838,-74.19354838709677,-103.68537328974037,-103.66140460576182,-103.34458913341675,-103.87604,-103.66359599458606
0,0.0,-80.64516129032259,-74.19354838709677,-103.52733826440831,-103.49891741706605,-103.1082944164347,-103.55579,-103.60636849209615
0,0.0,-74.19354838709677,-74.19354838709677,-103.32873007716881,-103.29644683216742,-102.84333882933245,-103.23947,-103.37580213050512
0,0.0,-67.74193548387098,-74.19354838709677,-103.09221038728977,-103.0570048987498,-102.55561644785661,-102.93372,-103.07390780245257
0,0.0,-61.29032258064517,-74.19354838709677,-102.82275328247323,-102.78575961476534,-102.25123092724832,-102.63833,-102.75425322563603
0,0.0,-54.83870967741936,-74.19354838709677,-102.52681214186865,-102.48920605923195,-101.93604095849841,-102.348114,-102.42137167572359
0,0.0,-48.38709677419355,-74.19354838709677,-102.21146989123076,-102.1743478343123,-101.61535579891277,-102.055984,-102.06757534140436
0,0.0,-41.935483870967744,-74.19354838709677,-101.88372709339063,-101.84802810521283,-101.29377151642457,-101.75586,-101.72027548210096
0,0.0,-35.483870967741936,-74.19354838709677,-101.5500033135939,-101.51647234681312,-100.97511853436815,-101.444534,-101.39332348384801
0,0.0,-29.032258064516128,-74.19354838709677,-101.2158558146777,-101.1850391426442,-100.6624855658757,-101.122574,-101.1019162956988
0,0.0,-22.580645161290334,-74.19354838709677,-100.8858760752801,-100.85813736846205,-100.35828857904079,-100.79408,-100.86502547647044
0,0.0,-16.129032258064527,-74.19354838709677,-100.56370937040789,-100.5392563733813,-100.06436082163624,-100.46576,-100.66255967309773
0,0.0,-9.677419354838719,-74.19354838709677,-100.2521462241853,-100.23106075182199,-99.78204771196786,-100.14517,-100.42198579490429
0,0.0,-3.225806451612911,-74.19354838709677,-99.95324651639058,-99.9355132838918,-99.51229689290342,-99.839325,-100.08202572640903
0,0.0,3.225806451612897,-74.19354838709677,-99.66847024451974,-99.65400223221127,-99.25573847201122,-99.75346,-99.75346656742599
0,0.0,9.677419354838705,-74.19354838709677,-99.39879993704645,-99.3874594519177,-99.01275357540837,-99.28969,-99.25311976516741
0,0.0,16.129032258064512,-74.19354838709677,-99.14484752702722,-99.13646297778739,-98.78353119486957,-98.82657,-98.82657090371227
0,0.0,22.58064516129032,-74.19354838709677,-98.90694343462329,-98.90132226560692,-98.56811429059624,-98.830505,-98.63450406872431
0,0.0,29.032258064516128,-74.19354838709677,-98.68520839698759,-98.68214678918916,-98.36643653999406,-98.63237,-98.4944825143437
0,0.0,35.48387096774192,-74.19354838709677,-98.4796099437588,-98.4788999058391,-98.17835122298048,-98.45274,-98.40061960609856
0,0.0,41.935483870967744,-74.19354838709677,-98.29000590851248,-98.29144032264637,-98.00365365797235,-98.28972,-98.28660753990701
0,0.0,48.38709677419354,-74.19354838709677,-98.11617737813722,-98.11955347977337,-97.84209844390936,-98.15807,-98.15807376475915
0,0.0,54.83870967741933,-74.19354838709677,-97.95785325788394,-97.96297493891487,-97.69341257756545,-98.006424,-97.8366697543587
0,0.0,61.29032258064515,-74.19354838709677,-97.8147283135118,-97.82140755650595,-97.55730533186929,-97.481155,-97.48115982893886
0,0.0,67.74193548387095,-74.19354838709677,-97.6864762219492,-97.69453390335815,-97.43347561450739,-97.76933,-97.61415232125763
0,0.0,74.19354838709677,-74.19354838709677,-97.57275885692201,-97.58202510022605,-97.32161738236965,-97.66443,-97.62518922909416
0,0.0,80.64516129032256,-74.19354838709677,-97.47323277192444,-97.48354698647779,-97.22142356713265,-97.56677,-97.61071800128589
0,0.0,87.09677419354838,-74.19354838709677,-97.38755362336573,-97.39876432952174,-97.13258886881034,-97.475136,-97.56730326255777
0,0.0,93.54838709677418,-74.19354838709677,-97.3153790991374,-97.32734361327081,-97.0548116947189,-97.388336,-97.47577481313215
0,0.0,100.0,-74.19354838709677,-97.2563707771137,-97.26895480973896,-96.98779545806215,-97.30533,-97.33501316819513
0,0.0,-100.0,-67.74193548387098,-103.75421762551112,-103.71978922664064,-103.45423226711993,-104.13514,-102.93400509562636
0,0.0,-93.54838709677419,-67.74193548387098,-103.60760927043177,-103.56555429608072,-103.21024651452757,-103.73479,-103.7347887319106
0,0.0,-87.09677419354838,-67.74193548387098,-103.4130326952011,-103.36423391090176,-102.93192013328078,-103.44873,-103.47300849927267
0,0.0,-80.64516129032259,-67.74193548387098,-103.17284434391617,-103.1187711907636,-102.62638643933764,-103.08504,-103.23513546525328
0,0.0,-74.19354838709677,-67.74193548387098,-102.89271385816053,-102.83516639739936,-102.3011146990924,-102.819435,-102.81943524056663
0,0.0,-67.74193548387098,-67.74193548387098,-102.58048185329685,-102.52133206612478,-101.96326372018413,-102.38847,-102.46400153126936
0,0.0,-61.29032258064517,-67.74193548387098,-102.24493317400984,-102.18591848771565,-101.61925703502911,-102.06414,-102.0660881436921
0,0.0,-54.83870967741936,-67.74193548387098,-101.89475661152143,-101.83735034775412,-101.27456613475802,-101.65419,-101.65418664656582
0,0.0,-48.38709677419355,-67.74193548387098,-101.53782797862833,-101.48318380757651,-100.93365463511972,-101.4389,-101.31980007604585
0,0.0,-41.935483870967744,-67.74193548387098,-101.18082629264654,-101.12977824807736,-100.60002834261132,-101.12314,-100.97582177747911
0,0.0,-35.483870967741936,-67.74193548387098,-100.82911648513594,-100.78221252901821,-100.27634345328586,-100.79913,-100.64803270620878
0,0.0,-29.032258064516128,-67.74193548387098,-100.48680816428552,-100.4443588815162,-99.96453801841129,-100.46713,-100.35151800996076
0,0.0,-22.580645161290334,-67.74193548387098,-100.15690925061509,-100.11903921602205,-99.66596448880713,-100.13114,-100.10729472474895
0,0.0,-16.129032258064527,-67.74193548387098,-99.84151558532264,-99.808210419678,-99.38151110382898,-99.79784,-99.8833147103021
0,0.0,-9.677419354838719,-67.74193548387098,-99.54200011081001,-99.51314618448205,-99.11170669526223,-99.73488,-99.73487642665154
0,0.0,-3.225806451612911,-67.74193548387098,-99.25918260561347,-99.23459875250185,-98.85680763747372,-99.16901,-99.29368955973683
0,0.0,3.225806451612897,-67.74193548387098,-98.99347241551027,-98.97293426967208,-98.61686794113318,-98.8853,-98.92135432539487
0,0.0,9.677419354838705,-67.74193548387098,-98.74498327245264,-98.72824135425657,-98.3917945313626,-98.5605,-98.56050187684227
0,0.0,16.129032258064512,-67.74193548387098,-98.51362264892413,-98.50041543031017,-98.18139007337663,-98.39229,-98.20321839267075
0,0.0,22.58064516129032,-67.74193548387098,-98.29915944122666,-98.28922252209685,-97.98538564391917,-98.1824,-97.96333959712442
0,0.0,29.032258064516128,-67.74193548387098,-98.10127401251987,-98.09434636541923,-97.80346530104367,-97.99486,-97.83183051665833
0,0.0,35.48387096774192,-67.74193548387098,-97.91959432059707,-97.91542237303457,-97.63528429610108,-97.827614,-97.77758711669284
0,0.0,41.935483870967744,-67.74193548387098,-97.7537213319633,-97.75206148452341,-97.48048236267378,-97.678604,-97.7175475266811
0,0.0,48.38709677419354,-67.74193548387098,-97.60324635543654,-97.60386638984043,-97.3386932370664,-97.64775,-97.64775500479547
0,0.0,54.83870967741933,-67.74193548387098,-97.46776239776295,-97.47044211347637,-97.20955132473904,-97.42735,-97.3698235645965
0,0.0,61.29032258064515,-67.74193548387098,-97.34687118356914,-97.3514025115224,-97.09269622796455,-97.12241,-97.12241389275114
0,0.0,67.74193548387095,-67.74193548387098,-97.24018709974328,-97.24637387303964,-96.98777568863471,-97.39178,-97.39178118876147
0,0.0,74.19354838709677,-67.74193548387098,-97.1473390155336,-97.15499652540356,-96.89444737142318,-97.13988,-97.25118512296348
0,0.0,80.64516129032256,-67.74193548387098,-97.06797068500506,-97.076925111962,-96.81237981098589,-97.06112,-97.23197376624745
0,0.0,87.09677419354838,-67.74193548387098,-97.00174024763585,-97.01182802969585,-96.74125276751772,-96.98838,-97.17281211184789
0,0.0,93.54838709677418,-67.74193548387098,-96.94831919592458,-96.95938637537478,-96.68075717340133,-96.9203,-97.06702745685796
0,0.0,100.0,-67.74193548387098,-96.90739106725609,-96.91929264286331,-96.63059480619621,-96.85565,-96.93345076693765
0,0.0,-100.0,-61.29032258064517,-103.47465049825095,-103.40961976833196,-103.0182120160568,-103.61604,-102.77096292463271
0,0.0,-93.54838709677419,-61.29032258064517,-103.22650506964351,-103.15347213143477,-102.69216344812263,-103.25319,-103.088563184653
0,0.0,-87.09677419354838,-61.29032258064517,-102.92977783927113,-102.85134051387034,-102.34239742618567,-102.86362,-103.00899727986163
0,0.0,-80.64516129032259,-61.29032258064517,-102.59419781949109,-102.51307884131377,-101.97780806226304,-102.46745,-102.66916380069425
0,0.0,-74.19354838709677,-61.29032258064517,-102.23093247151175,-102.1496424600317,-101.60631293180002,-102.08215,-102.22135782348059
0,0.0,-67.74193548387098,-61.29032258064517,-101.85103011436817,-101.77166290601599,-101.23455024386027,-101.71739,-101.74798488261334
0,0.0,-61.29032258064517,-61.29032258064517,-101.46436476363365,-101.388519765173,-100.867815504888,-101.37391,-101.30075509905352
0,0.0,-54.83870967741936,-61.29032258064517,-101.07910470275107,-101.00790073401689,-100.51014959655298,-101.04587,-100.89647970793035
0,0.0,-48.38709677419355,-61.29032258064517,-100.70158853804065,-100.63572848742135,-100.16450399894848,-100.72479,-100.53719459247071
0,0.0,-41.935483870967744,-61.29032258064517,-100.33645544301193,-100.27630974861822,-99.83293139780574,-100.40312,-100.21191398896555
0,0.0,-35.483870967741936,-61.29032258064517,-99.98689893771937,-99.93258803054755,-99.5167707842335,-100.07657,-99.89532574300534
0,0.0,-29.032258064516128,-61.29032258064517,-99.65495558023838,-99.60642150752429,-99.21681159181752,-99.46571,-99.46571476401388
0,0.0,-22.580645161290334,-61.29032258064517,-99.34177846864281,-99.29884249433289,-98.93343128432764,-99.412476,-99.30767031326039
0,0.0,-16.129032258064527,-61.29032258064517,-99.04787275074258,-99.01027929656354,-98.66670637072728,-99.08523,-99.02082453341262
0,0.0,-9.677419354838719,-61.29032258064517,-98.77328674449133,-98.74073559153067,-98.41649952576346,-98.7706,-98.71286552622334
0,0.0,-3.225806451612911,-61.29032258064517,-98.51776077157567,-98.48992986160006,-98.18252649093218,-98.4751,-98.40235290316093
0,0.0,3.225806451612897,-61.29032258064517,-98.28083941721788,-98.25740046178126,-97.96440651081205,-98.20327,-98.09835592641011
0,0.0,9.677419354838705,-61.29032258064517,-98.06195386494322,-98.04258262704069,-97.7616997082786,-97.957375,-97.80972652597116
0,0.0,16.129032258064512,-61.29032258064517,-97.8604806035616,-97.84486333314342,-97.57393429258522,-97.73772,-97.55667662299271
0,0.0,22.58064516129032,-61.29032258064517,-97.6757819440887,-97.66361910044667,-97.40062596816328,-97.54327,-97.36565664765632
0,0.0,29.032258064516128,-61.29032258064517,-97.50723281287318,-97.49824091863304,-97.24129143399668,-97.13704,-97.13703917688314
0,0.0,35.48387096774192,-61.29032258064517,-97.35423738162976,-97.34814962622869,-97.0954574566643,-97.22266,-97.23285159739298
0,0.0,41.935483870967744,-61.29032258064517,-97.21623831921983,-97.21280435650115,-96.96266666692495,-97.09229,-97.19104732492481
0,0.0,48.38709677419354,-61.29032258064517,-97.09272081331855,-97.091706068041,-96.84248096308784,-96.979034,-97.07139487624316
0,0.0,54.83870967741933,-61.29032258064517,-96.98321299954162,-96.9843977015662,-96.73448319426217,-96.88081,-96.91123731495179
0,0.0,61.29032258064515,-61.29032258064517,-96.88728403130148,-96.89046212592565,-96.63827763257692,-96.79562,-96.82086658444959
0,0.0,67.74193548387095,-61.29032258064517,-96.80454070587484,-96.80951873785453,-96.55348961635441,-96.7215,-96.84008123816169
0,0.0,74.19354838709677,-61.29032258064517,-96.73462331377542,-96.74121934612536,-96.47976464820874,-96.65658,-96.87732922553501
0,0.0,80.64516129032256,-61.29032258064517,-96.67720118557385,-96.68524378854435,-96.4167671567931,-96.59909,-96.87260086603615
0,0.0,87.09677419354838,-61.29032258064517,-96.63196826163826,-96.64129558954633,-96.36417907340297,-96.84885,-96.84885147708029
0,0.0,93.54838709677418,-61.29032258064517,-96.59863889703146,-96.60909785875062,-96.32169833089337,-96.49998,-96.6923658720551
0,0.0,100.0,-61.29032258064517,-96.57694402885835,-96.58838955016039,-96.28903735929755,-96.45552,-96.561672722398
0,0.0,-100.0,-54.83870967741936,-102.94473485312194,-102.84759294874065,-102.38909377910892,-102.88794,-102.40377804722658
0,0.0,-93.54838709677419,-54.83870967741936,-102.57906441478285,-102.47812266510175,-101.99356762162321,-102.50516,-102.52561839790772
0,0.0,-87.09677419354838,-54.83870967741936,-102.17976307001462,-102.07845088014354,-101.58976405261006,-102.09532,-102.29697611162959
0,0.0,-80.64516129032259,-54.83870967741936,-101.7611353660291,-101.66225895591947,-101.18593862046764,-101.68029,-101.87565812226886
0,0.0,-74.19354838709677,-54.83870967741936,-101.33585186114942,-101.24148588789411,-100.78855039152644,-101.50882,-101.50881672781284
0,0.0,-67.74193548387098,-54.83870967741936,-100.91417015303661,-100.82569694524294,-100.40239673528448,-100.86854,-100.86854217279091
0,0.0,-61.29032258064517,-54.83870967741936,-100.5037939138596,-100.42201762461637,-100.03085683377391,-100.55202,-100.45061565509769
0,0.0,-54.83870967741936,-54.83870967741936,-100.1101087334696,-100.03539056549036,-99.67616453719536,-100.22142,-100.05248250046606
0,0.0,-48.38709677419355,-54.83870967741936,-99.7365817132472,-99.6689657895574,-99.33966599759314,-99.90215,-99.70491218810373
0,0.0,-41.935483870967744,-54.83870967741936,-99.3851899395193,-99.32450713704996,-99.02204196487843,-99.586334,-99.40359026043382
0,0.0,-35.483870967741936,-54.83870967741936,-99.05680892292509,-99.00275639274054,-98.723489273067,-99.234436,-99.23444152324913
0,0.0,-29.032258064516128,-54.83870967741936,-98.75153494295205,-98.70373391710234,-98.4438636117156,-98.95111,-98.80556606995968
0,0.0,-22.580645161290334,-54.83870967741936,-98.46893845590346,-98.42697454787267,-98.1827888690696,-98.60856,-98.60856225814716
0,0.0,-16.129032258064527,-54.83870967741936,-98.20825612259779,-98.1717063292197,-97.93973912647215,-98.326836,-98.1433942077444
0,0.0,-9.677419354838719,-54.83870967741936,-97.96853229685794,-97.9369822815059,-97.71409902121056,-97.66601,-97.6660021450376
0,0.0,-3.225806451612911,-54.83870967741936,-97.74872069128152,-97.72177516090815,-97.50520737982112,-97.760475,-97.51193674341044
0,0.0,3.225806451612897,-54.83870967741936,-97.54775547667376,-97.52504376604054,-97.31238811596279,-97.511765,-97.28650871769088
0,0.0,9.677419354838705,-54.83870967741936,-97.36459930466077,-97.34577771420214,-97.13497154930562,-97.28917,-97.10510542320365
0,0.0,16.129032258064512,-54.83870967741936,-97.19827411157631,-97.18302611205614,-96.97230859298273,-97.09281,-96.9638540453594
0,0.0,22.58064516129032,-54.83870967741936,-97.04787921050567,-97.0359143066774,-96.82377968481573,-96.921684,-96.86094205437533
0,0.0,29.032258064516128,-54.83870967741936,-96.91260011712197,-96.90365192849046,-96.68879988792817,-96.774155,-96.80357802592565
0,0.0,35.48387096774192,-54.83870967741936,-96.791710741918,-96.78553468888664,-96.56682123879021,-96.648224,-96.77869956335913
0,0.0,41.935483870967744,-54.83870967741936,-96.68457096307377,-96.68094182356441,-96.45733315444775,-96.54181,-96.71082756380531
0,0.0,48.38709677419354,-54.83870967741936,-96.59062112160584,-96.58933063368012,-96.35986150752863,-96.45273,-96.564483502798
0,0.0,54.83870967741933,-54.83870967741936,-96.50937461485094,-96.51022923570724,-96.27396682287595,-96.37887,-96.41518803734542
0,0.0,61.29032258064515,-54.83870967741936,-96.44040947726427,-96.44322836176586,-96.19924193177314,-96.318085,-96.35787233489066
0,0.0,67.74193548387095,-54.83870967741936,-96.38335960910456,-96.38797283717894,-96.13530932985267,-96.26831,-96.40728676317038
0,0.0,74.19354838709677,-54.83870967741936,-96.33790613039915,-96.34415318897072,-96.08181841627768,-96.22754,-96.48604889217056
0,0.0,80.64516129032256,-54.83870967741936,-96.30376919053718,-96.31149769971925,-96.03844273957696,-96.193855,-96.5107283807757
0,0.0,87.09677419354838,-54.83870967741936,-96.28070044666293,-96.28976510989034,-96.00487733587121,-96.165504,-96.45941600575837
0,0.0,93.54838709677418,-54.83870967741936,-96.26847633205708,-96.27873808424012,-95.98083621525305,-96.14086,-96.34982610035803
0,0.0,100.0,-54.83870967741936,-96.266892165156,-96.2782174906022,-95.96605002962406,-96.168655,-96.16865374194214
0,0.0,-100.0,-48.38709677419355,-102.1233100489311,-102.00579288131985,-101.59196554047598,-101.941956,-101.87012038870176
0,0.0,-93.54838709677419,-48.38709677419355,-101.65758193025596,-101.5431556251373,-101.15053085876214,-101.55246,-101.77877872012012
0,0.0,-87.09677419354838,-48.38709677419355,-101.18398538643945,-101.07528311489631,-100.71660290662543,-101.13652,-101.36042961674124
0,0.0,-80.64516129032259,-48.38709677419355,-100.7157919099329,-100.61447542948807,-100.2961208469383,-100.71706,-100.83349994608182
0,0.0,-74.19354838709677,-48.38709677419355,-100.26275192856548,-100.1696950981125,-99.89314874888598,-100.31412,-100.33017486729122
0,0.0,-67.74193548387098,-48.38709677419355,-99.83145553614216,-99.74695206654636,-99.51026080211649,-99.93926,-99.88267718338193
0,0.0,-61.29032258064517,-48.38709677419355,-99.42592895974336,-99.34987737781435,-99.1488993144079,-99.594154,-99.48813045792531
0,0.0,-54.83870967741936,-48.38709677419355,-99.04825362825834,-98.98030315177135,-98.80967717166641,-99.273224,-99.11889773728704
0,0.0,-48.38709677419355,-48.38709677419355,-98.69910863663935,-98.6387659609293,-98.49261921496631,-98.967865,-98.78790908379844
0,0.0,-41.935483870967744,-48.38709677419355,-98.37820633222262,-98.3249098030832,-98.19734783015569,-98.67023,-98.50069675450771
0,0.0,-35.483870967741936,-48.38709677419355,-98.0846245747604,-98.0377935147863,-97.92322195819176,-98.37572,-98.22880657804009
0,0.0,-29.032258064516128,-48.38709677419355,-97.81705204857639,-97.77611812565556,-97.66943914341013,-98.08382,-97.9409935620299
0,0.0,-22.580645161290334,-48.38709677419355,-97.57396532119355,-97.53839135925828,-97.4351091481619,-97.79764,-97.63252009922337
0,0.0,-16.129032258064527,-48.38709677419355,-97.35375429883042,-97.32304450211716,-97.2193061216317,-97.522385,-97.29331175607263
0,0.0,-9.677419354838719,-48.38709677419355,-97.15480942514887,-97.12851383543878,-97.02110480142284,-97.26361,-96.96407243765263
0,0.0,-3.225806451612911,-48.38709677419355,-96.97558075647338,-96.95329590872602,-96.83960493352004,-97.02584,-96.70593173047249
0,0.0,3.225806451612897,-48.38709677419355,-96.81461639344471,-96.79598353022746,-96.6739470604496,-96.81194,-96.53688015642456
0,0.0,9.677419354838705,-48.38709677419355,-96.67058572803089,-96.65528751498975,-96.52332202844869,-96.62314,-96.4550544114496
0,0.0,16.129032258064512,-48.38709677419355,-96.5422914953873,-96.53004789371863,-96.38697596148154,-96.45936,-96.4270258413468
0,0.0,22.58064516129032,-48.38709677419355,-96.42867358044828,-96.41923733556332,-96.26421200034295,-96.319725,-96.41228652930462
0,0.0,29.032258064516128,-48.38709677419355,-96.32880680255495,-96.3219588706596,-96.15438977167048,-96.20278,-96.3883873009079
0,0.0,35.48387096774192,-48.38709677419355,-96.2418943918292,-96.23743952748866,-96.05692330452094,-96.37829,-96.37828664603668
0,0.0,41.935483870967744,-48.38709677419355,-96.16725850574646,-96.1650211604391,-95.97127792837226,-96.34556,-96.34556189704614
0,0.0,48.38709677419354,-48.38709677419355,-96.10432886188866,-96.10414948786122,-95.89696654895255,-95.96959,-96.01837904518405
0,0.0,54.83870967741933,-48.38709677419355,-96.05263034872571,-96.05436215925667,-95.83354559474668,-95.92424,-95.85937769815907
0,0.0,61.29032258064515,-48.38709677419355,-96.01177029909051,-96.01527650269998,-95.78061084844339,-95.89154,-95.83272478223284
0,0.0,67.74193548387095,-48.38709677419355,-95.98142595863031,-95.98657745915219,-95.73779331753306,-95.869354,-95.93726993226579
0,0.0,74.19354838709677,-48.38709677419355,-95.96133254796266,-95.96800608360907,-95.70475525215697,-96.14559,-96.14559571004415
0,0.0,80.64516129032256,-48.38709677419355,-95.95127220020495,-95.9593488818973,-95.68118638283622,-95.84828,-96.15070837600288
0,0.0,87.09677419354838,-48.38709677419355,-95.95106395446845,-95.9604281559541,-95.66680042347188,-95.84557,-96.12937625527778
0,0.0,93.54838709677418,-48.38709677419355,-95.96055490088963,-95.97109344964274,-95.66133186421436,-95.84579,-96.05222211400039
0,0.0,100.0,-48.38709677419355,-95.97961250373793,-95.99121412148376,-95.66453306312064,-95.84746,-95.97034130385944
0,0.0,-100.0,-41.935483870967744,-101.06081673775611,-100.94159403108746,-100.68113135585531,-101.516335,-101.51633652933666
0,0.0,-93.54838709677419,-41.935483870967744,-100.53613502088972,-100.42597613689438,-100.21946733370173,-100.42512,-100.78301324785619
0,0.0,-87.09677419354838,-41.935483870967744,-100.02930510870075,-99.92920629917376,-99.77810439517495,-100.01587,-100.19687903509077
0,0.0,-80.64516129032259,-41.935483870967744,-99.54893763894287,-99.45912578916827,-99.36025923424185,-99.60495,-99.58245408952189
0,0.0,-74.19354838709677,-41.935483870967744,-99.10018085730175,-99.0203795525939,-98.96766210433888,-99.21286,-99.08670101085427
0,0.0,-67.74193548387098,-41.935483870967744,-98.68559777019303,-98.61523023205122,-98.60097288985554,-98.851585,-98.70947563642832
0,0.0,-61.29032258064517,-41.935483870967744,-98.30592139257789,-98.24425335427173,-98.2601072544378,-98.58807,-98.58807306075585
0,0.0,-54.83870967741936,-41.935483870967744,-97.96064570815281,-97.90688058998144,-97.9444823757866,-98.22288,-98.0799453550872
0,0.0,-48.38709677419355,-41.935483870967744,-97.64846380646574,-97.60180330057123,-97.65319722494982,-97.942116,-97.78669489058174
0,0.0,-41.935483870967744,-41.935483870967744,-97.36758247793817,-97.32726332695307,-97.38516227256244,-97.6735,-97.51975926863756
0,0.0,-35.483870967741936,-41.935483870967744,-97.11594372845242,-97.0812586324079,-97.13919131081495,-97.41255,-97.26536573255666
0,0.0,-29.032258064516128,-41.935483870967744,-96.89137879229963,-96.86168694033812,-96.91406542358793,-97.15859,-97.01165521694
0,0.0,-22.580645161290334,-41.935483870967744,-96.69171414647695,-96.6664450505449,-96.70857671062478,-96.9142,-96.75250129464493
0,0.0,-16.129032258064527,-41.935483870967744,-96.51484363314731,-96.49349667649187,-96.52155739293788,-96.68359,-96.4822293627418
0,0.0,-9.677419354838719,-41.935483870967744,-96.35877658148908,-96.34091785373889,-96.35189840551654,-96.47095,-96.21426762909833
0,0.0,-3.225806451612911,-41.935483870967744,-96.22166874255728,-96.20692619024432,-96.19856045301275,-96.27928,-95.98890323568907
0,0.0,3.225806451612897,-41.935483870967744,-96.10184069969279,-96.08989827808816,-96.06057968083479,-95.800064,-95.80006584098085
0,0.0,9.677419354838705,-41.935483870967744,-95.99778696306745,-95.98837826128829,-95.93706952136942,-95.96416,-95.86120995144151
0,0.0,16.129032258064512,-41.935483870967744,-95.90817800312806,-95.90107968078291,-95.82721985064886,-95.840904,-95.92846259154823
0,0.0,22.58064516129032,-41.935483870967744,-95.83185686932862,-95.82688215696828,-95.73029428700355,-95.739685,-95.97698522903555
0,0.0,29.032258064516128,-41.935483870967744,-95.7678316613412,-95.76482411772174,-95.64562624496764,-95.65935,-95.94741926488156
0,0.0,35.48387096774192,-41.935483870967744,-95.71526488485856,-95.71409255875166,-95.57261419957536,-95.59846,-95.82883756641297
0,0.0,41.935483870967744,-41.935483870967744,-95.67346057284824,-95.67401067870092,-95.51071650028126,-95.55533,-95.63784342366196
0,0.0,48.38709677419354,-41.935483870967744,-95.64184994464532,-95.6440241264433,-95.45944598749686,-95.52806,-95.42469701101446
0,0.0,54.83870967741933,-41.935483870967744,-95.61997628366291,-95.62368650889891,-95.41836459950406,-95.223656,-95.22365755643983
0,0.0,61.29032258064515,-41.935483870967744,-95.60747962533328,-95.61264472134253,-95.38707810735156,-95.512985,-95.29414348664027
0,0.0,67.74193548387095,-41.935483870967744,-95.60408175411041,-95.61062457307685,-95.36523107620303,-95.41477,-95.4147729236781
0,0.0,74.19354838709677,-41.935483870967744,-95.6095719115998,-95.61741708912976,-95.35250212076133,-95.53649,-95.67706444149785
0,0.0,80.64516129032256,-41.935483870967744,-95.62379352001243,-95.63286577590557,-95.3485994979402,-95.79744,-95.7974408018298
0,0.0,87.09677419354838,-41.935483870967744,-95.64663213045608,-95.65685504932917,-95.35325706058158,-95.58226,-95.82167805547259
0,0.0,93.54838709677418,-41.935483870967744,-95.67800471842192,-95.68929994190657,-95.36623058080468,-95.60893,-95.78617836980021
0,0.0,100.0,-41.935483870967744,-95.71785037262224,-95.73013713335243,-95.3872944397704,-95.63607,-95.74238831420482
0,0.0,-100.0,-35.483870967741936,-99.86733079601179,-99.76237897023492,-99.71915050760556,-99.569595,-99.89656618756447
0,0.0,-93.54838709677419,-35.483870967741936,-99.32592406844921,-99.23326189307075,-99.2582632960497,-99.19915,-99.51173841545793
0,0.0,-87.09677419354838,-35.483870967741936,-98.82104649778022,-98.74026396973349,-98.82643665198299,-98.805786,-98.87298423498925
0,0.0,-80.64516129032259,-35.483870967741936,-98.3564192098334,-98.28671645634833,-98.42460203380122,-98.1127,-98.11269909975478
0,0.0,-74.19354838709677,-35.483870967741936,-97.93328597533802,-97.87366953328211,-98.05270431539586,-98.040405,-97.79629532705228
0,0.0,-67.74193548387098,-35.483870967741936,-97.55123412307405,-97.50064301947965,-97.71003670842616,-97.70114,-97.4818676937218
0,0.0,-61.29032258064517,-35.483870967741936,-97.2087905290273,-97.16617326266416,-97.39548190801338,-97.06168,-97.06167975482133
0,0.0,-54.83870967741936,-35.483870967741936,-96.90383852140812,-96.86819769549157,-97.10768223791572,-97.12494,-96.99143766630417
0,0.0,-48.38709677419355,-35.483870967741936,-96.63390327950162,-96.60431970722783,-96.84515784045152,-96.875916,-96.76052778200635
0,0.0,-41.935483870967744,-35.483870967741936,-96.39634486088353,-96.37198896728151,-96.60638760627266,-96.64341,-96.52375698876037
0,0.0,-35.483870967741936,-35.483870967741936,-96.18848795288473,-96.1686234465802,-96.38986369284183,-96.423195,-96.29096235915766
0,0.0,-29.032258064516128,-35.483870967741936,-96.00770883172714,-95.99169172114601,-96.19412743841332,-96.21451,-96.07803354951321
0,0.0,-22.580645161290334,-35.483870967741936,-95.85149347145553,-95.83876828653273,-96.01779220678083,-96.01929,-95.8921843611829
0,0.0,-16.129032258064527,-35.483870967741936,-95.71747606993212,-95.70757039972875,-95.8595570570141,-95.84065,-95.71639128340212
0,0.0,-9.677419354838719,-35.483870967741936,-95.60346403672733,-95.59598204383829,-95.71821397033447,-95.68119,-95.52743471296756
0,0.0,-3.225806451612911,-35.483870967741936,-95.50745332507203,-95.50206863932159,-95.5926505534677,-95.54222,-95.34336830286753
0,0.0,3.225806451612897,-35.483870967741936,-95.42763657704909,-95.42408483081127,-95.48184957344654,-95.42395,-95.25392891811362
0,0.0,9.677419354838705,-35.483870967741936,-95.36240565970813,-95.36047685735826,-95.38488628834017,-95.326004,-95.30717321616524
0,0.0,16.129032258064512,-35.483870967741936,-95.31034963605991,-95.30988051911577,-95.30092426822358,-95.24791,-95.43821976958392
0,0.0,22.58064516129032,-35.483870967741936,-95.2702489212655,-95.27111547816585,-95.22921021301121,-95.18907,-95.5284574232667
0,0.0,29.032258064516128,-35.483870967741936,-95.24106623514115,-95.24317649735634,-95.16906814224832,-95.148735,-95.47697919499942
0,0.0,35.48387096774192,-35.483870967741936,-95.2219349143492,-95.22522217099315,-95.11989323837625,-95.125824,-95.29738710562663
0,0.0,41.935483870967744,-35.483870967741936,-95.21214514519846,-95.21656169290415,-95.08114555698653,-95.11897,-95.06242103616188
0,0.0,48.38709677419354,-35.483870967741936,-95.21112868823056,-95.21664021101427,-95.05234376679795,-95.12656,-94.88345451723056
0,0.0,54.83870967741933,-35.483870967741936,-95.21844266748099,-95.2250233138968,-95.03305904299617,-95.1467,-94.79455905247082
0,0.0,61.29032258064515,-35.483870967741936,-95.23375297878131,-95.24138117321557,-95.02290920655884,-94.72757,-94.72757643341751
0,0.0,67.74193548387095,-35.483870967741936,-95.25681782886487,-95.26547282311896,-95.02155317695333,-95.21661,-95.05775266310665
0,0.0,74.19354838709677,-35.483870967741936,-95.28747185224633,-95.29713099519712,-95.02868578470043,-95.424644,-95.42463874507169
0,0.0,80.64516129032256,-35.483870967741936,-95.32561117154378,-95.33624785070984,-95.0440329728486,-95.31241,-95.474230788836
0,0.0,87.09677419354838,-35.483870967741936,-95.3711796765821,-95.38276186712737,-95.0673474018605,-95.36508,-95.53008917743736
0,0.0,93.54838709677418,-35.483870967741936,-95.4241567058966,-95.43664605049047,-95.09840446040458,-95.5311,-95.5311056607346
0,0.0,100.0,-35.483870967741936,-95.48454622783865,-95.4978975646525,-95.13699867481051,-95.47164,-95.5229365987559
0,0.0,-100.0,-29.032258064516128,-98.65498380404163,-98.57319269268812,-98.76050263614889,-98.33049,-98.58091000067998
0,0.0,-93.54838709677419,-29.032258064516128,-98.12649193753404,-98.0578261329079,-98.3144038135282,-97.9781,-98.15634694579276
0,0.0,-87.09677419354838,-29.032258064516128,-97.64546365062222,-97.58869194969867,-97.9026044952588,-97.60509,-97.56003444301214
0,0.0,-80.64516129032259,-29.032258064516128,-97.21210196830259,-97.16589517222415,-97.52443265946854,-96.89622,-96.896220284582
0,0.0,-74.19354838709677,-29.032258064516128,-96.82511546971426,-96.78815189099237,-97.17864976837959,-96.88588,-96.63312079623408
0,0.0,-67.74193548387098,-29.032258064516128,-96.4823039902079,-96.45332807363229,-96.86368418211683,-96.57227,-96.38826139418234
0,0.0,-61.29032258064517,-29.032258064516128,-96.18095038353613,-96.15880273496111,-96.57779031876666,-96.29645,-96.18617257690993
0,0.0,-54.83870967741936,-29.032258064516128,-95.91807810124249,-95.90170871101574,-96.31915567557581,-96.05452,-96.00190161829246
0,0.0,-48.38709677419355,-29.032258064516128,-95.69061892643535,-95.67909083085839,-96.08597175475433,-95.83963,-95.80503079963333
0,0.0,-41.935483870967744,-29.032258064516128,-95.49552174549007,-95.48800942244186,-95.87648019688224,-95.645355,-95.58582209212467
0,0.0,-35.483870967741936,-29.032258064516128,-95.32982310593597,-95.32560806769703,-95.68900194961665,-95.467804,-95.36531785071448
0,0.0,-29.032258064516128,-29.032258064516128,-95.19069316762732,-95.18915810644936,-95.52195483918929,-95.3061,-95.18593652406415
0,0.0,-22.580645161290334,-29.032258064516128,-95.07546579180145,-95.0760879829508,-95.37386320620607,-95.161606,-95.0760215612269
0,0.0,-16.129032258064527,-29.032258064516128,-94.98165826398426,-94.98400256296176,-95.24336209937809,-95.03628,-94.998021935118
0,0.0,-9.677419354838719,-29.032258064516128,-94.9069840053971,-94.91069558189199,-95.12919772799096,-95.01992,-95.01991900565854
0,0.0,-3.225806451612911,-29.032258064516128,-94.84936023872751,-94.85415710179252,-95.03022533890316,-94.845764,-94.75150237484382
0,0.0,3.225806451612897,-29.032258064516128,-94.80691169835966,-94.81257704257547,-94.94540532439844,-94.63752,-94.63751575905522
0,0.0,9.677419354838705,-29.032258064516128,-94.77797095240071,-94.78434536562835,-94.87379812642271,-94.729614,-94.77229051120402
0,0.0,16.129032258064512,-29.032258064516128,-94.76107562520163,-94.76804922613175,-94.8145583415444,-94.696945,-94.90774242942835
0,0.0,22.58064516129032,-29.032258064516128,-94.75496269756204,-94.762467302635,-94.76692832271992,-95.34352,-95.34352306279555
0,0.0,29.032258064516128,-29.032258064516128,-94.75856005978173,-94.76656150528599,-94.7302315004714,-94.68007,-94.96402647256657
0,0.0,35.48387096774192,-29.032258064516128,-94.77097555508125,-94.7794663157666,-94.70386559514819,-94.93432,-94.93432006312395
0,0.0,41.935483870967744,-29.032258064516128,-94.79148384166294,-94.8004760893671,-94.68729585538355,-94.306404,-94.30640516369021
0,0.0,48.38709677419354,-29.032258064516128,-94.81951149283509,-94.829030727287,-94.68004843030471,-94.76553,-94.51794137603498
0,0.0,54.83870967741933,-29.032258064516128,-94.85462082606135,-94.86470018705974,-94.68170396110615,-94.81845,-94.49016726114293
0,0.0,61.29032258064515,-29.032258064516128,-94.89649299123752,-94.90716833009044,-94.69189145917986,-94.880646,-94.55359055284748
0,0.0,67.74193548387095,-29.032258064516128,-94.94491085103112,-94.95621660343298,-94.71028252190618,-94.95014,-94.75748112060768
0,0.0,74.19354838709677,-29.032258064516128,-94.99974215313637,-95.01170801952003,-94.73658592284642,-95.02492,-95.00383287561323
0,0.0,80.64516129032256,-29.032258064516128,-95.06092343190014,-95.07357183815209,-94.77054260016894,-95.10301,-95.17409716996556
0,0.0,87.09677419354838,-29.032258064516128,-95.12844499382574,-95.14178927761625,-94.8119210556216,-95.18259,-95.25421949691926
0,0.0,93.54838709677418,-29.032258064516128,-95.2023372478267,-95.2163804951603,-94.86051316625307,-95.26198,-95.28310337110568
0,0.0,100.0,-29.032258064516128,-95.28265854602084,-95.29739298941507,-94.9161304024264,-95.33969,-95.301928755549
0,0.0,-100.0,-22.580645161290334,-97.50573801634206,-97.44980455458898,-97.84523205012991,-97.190414,-97.34050232714961
0,0.0,-93.54838709677419,-22.580645161290334,-97.00602016521715,-96.96269739789366,-97.42167655802852,-96.8564,-96.90284091900136
0,0.0,-87.09677419354838,-22.580645161290334,-96.55910730596068,-96.52680194831731,-97.03515191466578,-96.50397,-96.38595930840609
0,0.0,-80.64516129032259,-22.580645161290334,-96.1630995812284,-96.14028339165871,-96.68397934909436,-96.15544,-95.94925431226773
0,0.0,-74.19354838709677,-22.580645161290334,-95.81528930399355,-95.80054255777543,-96.36620884651941,-95.83078,-95.68038747758328
0,0.0,-67.74193548387098,-22.580645161290334,-95.51253748093754,-95.50456723114786,-96.07976943602709,-95.54228,-95.50886410777842
0,0.0,-61.29032258064517,-22.580645161290334,-95.25151303714615,-95.24915768050747,-95.8225671359731,-95.293335,-95.3486074772782
0,0.0,-54.83870967741936,-22.580645161290334,-95.02884305580554,-95.03106988975908,-95.59254772366523,-95.08065,-95.17758764108513
0,0.0,-48.38709677419355,-22.580645161290334,-94.84120641352929,-94.84710592100724,-95.38773601715933,-94.89806,-94.98421865410357
0,0.0,-41.935483870967744,-22.580645161290334,-94.68539194777048,-94.6941707995871,-95.20625952778866,-94.73972,-94.76628515998388
0,0.0,-35.483870967741936,-22.580645161290334,-94.55833470977255,-94.56930846312483,-95.04636172785851,-94.60204,-94.54960029244137
0,0.0,-29.032258064516128,-22.580645161290334,-94.45713885145204,-94.46972475102945,-94.90640841747008,-94.280785,-94.28079047029203
0,0.0,-22.580645161290334,-22.580645161290334,-94.37909242023903,-94.39280239743879,-94.78488949889845,-94.386665,-94.34170062603755
0,0.0,-16.129032258064527,-22.580645161290334,-94.32167720010182,-94.33611101062189,-94.68041768669639,-94.31067,-94.34219781120554
0,0.0,-9.677419354838719,-22.580645161290334,-94.28257534852744,-94.29741372749136,-94.59172516661954,-94.25568,-94.31613806688935
0,0.0,-3.225806451612911,-22.580645161290334,-94.25967368740322,-94.2746713975198,-94.51765887849831,-94.07332,-94.07331895191787
0,0.0,3.225806451612897,-22.580645161290334,-94.25106595218648,-94.26604463141328,-94.45717487804535,-94.220924,-94.22092773787435
0,0.0,9.677419354838705,-22.580645161290334,-94.25505298774314,-94.26989375311818,-94.40933209045836,-94.1958,-94.29668882165561
0,0.0,16.129032258064512,-22.580645161290334,-94.2701407343395,-94.28477655658898,-94.37328567773362,-94.20491,-94.3581888676291
0,0.0,22.58064516129032,-22.580645161290334,-94.29503582603765,-94.30944374618576,-94.34828018375286,-94.1021,-94.10209591229216
0,0.0,29.032258064516128,-22.580645161290334,-94.32863868868664,-94.34283199593892,-94.33364258431466,-94.263626,-94.42563470602701
0,0.0,35.48387096774192,-22.580645161290334,-94.37003414332383,-94.38405466767635,-94.32877534514704,-94.31288,-94.40480020682814
0,0.0,41.935483870967744,-22.580645161290334,-94.41847966413796,-94.43239035435836,-94.33314957425851,-94.37457,-94.36805427936451
0,0.0,48.38709677419354,-22.580645161290334,-94.47339158278689,-94.48726953984871,-94.34629834226307,-94.447556,-94.3728244845799
0,0.0,54.83870967741933,-22.580645161290334,-94.53432965230321,-94.54825977147685,-94.36781023349118,-94.530334,-94.36816135445932
0,0.0,61.29032258064515,-22.580645161290334,-94.60098046968774,-94.61504981455843,-94.3973231805883,-94.29106,-94.29105654195995
0,0.0,67.74193548387095,-22.580645161290334,-94.67314029899362,-94.68743329213568,-94.43451862535926,-94.71814,-94.57524767815279
0,0.0,74.19354838709677,-22.580645161290334,-94.75069783538973,-94.76529230812639,-94.479116038704,-94.8193,-94.77840937607502
0,0.0,80.64516129032256,-22.580645161290334,-94.83361741011544,-94.8485815123076,-94.53086782270549,-94.92272,-94.92923609553422
0,0.0,87.09677419354838,-22.580645161290334,-94.92192306514417,-94.93731299901044,-94.58955460848128,-95.026596,-95.00839392568116
0,0.0,93.54838709677418,-22.580645161290334,-95.01568383556538,-95.03154234769318,-94.65498095456735,-95.12927,-95.04526503241496
0,0.0,100.0,-22.580645161290334,-95.11500047813857,-95.131356022437,-94.72697144257752,-95.22934,-95.08093147839114
0,0.0,-100.0,-16.129032258064527,-96.46868546286784,-96.43755723984879,-96.99959474169098,-96.21019,-96.26853023301855
0,0.0,-93.54838709677419,-16.129032258064527,-96.00388505798888,-95.98431137899487,-96.60184519142112,-95.89253,-95.82812869131246
0,0.0,-87.09677419354838,-16.129032258064527,-95.59388485583492,-95.5841664832708,-96.24227048546452,-95.558334,-95.38057341996245
0,0.0,-80.64516129032259,-16.129032258064527,-95.2356637696186,-95.23424157890022,-95.9186097666784,-95.22954,-95.06131740938451
0,0.0,-74.19354838709677,-16.129032258064527,-94.92580805073158,-94.93127269103593,-95.6285200115253,-94.92576,-94.9203818485279
0,0.0,-67.74193548387098,-16.129032258064527,-94.66074667171667,-94.67183653957693,-95.36966821886168,-94.65927,-94.82838991950713
0,0.0,-61.29032258064517,-16.129032258064527,-94.43689465939025,-94.45248862127423,-95.13978850547603,-94.64674,-94.64674103945667
0,0.0,-54.83870967741936,-16.129032258064527,-94.25073903473998,-94.26984732000001,-94.93671635291494,-94.24648,-94.50866343082015
0,0.0,-48.38709677419355,-16.129032258064527,-94.09888958926643,-94.1206445568726,-94.75840805001211,-94.09183,-94.30957073336347
0,0.0,-41.935483870967744,-16.129032258064527,-93.97810856453762,-94.00175608694715,-94.60295058260041,-93.96447,-94.09202762106888
0,0.0,-35.483870967741936,-16.129032258064527,-93.88532802746661,-93.91021970961306,-94.46856538203954,-93.86108,-93.88530665575314
0,0.0,-29.032258064516128,-16.129032258064527,-93.81766034056858,-93.84324651444624,-94.35360813883784,-93.780655,-93.74864033910276
0,0.0,-22.580645161290334,-16.129032258064527,-93.77240493631223,-93.79822823654068,-94.25656610126234,-93.72356,-93.72187041394362
0,0.0,-16.129032258064527,-16.129032258064527,-93.74705318172559,-93.77274245616323,-94.17605376818017,-93.68979,-93.77791606025697
0,0.0,-9.677419354838719,-16.129032258064527,-93.73929219106806,-93.7645565005282,-94.1108075560953,-93.67772,-93.85668927671222
0,0.0,-3.225806451612911,-16.129032258064527,-93.74700784373603,-93.77163033761053,-94.05967981031134,-93.68413,-93.90939993066107
0,0.0,3.225806451612897,-16.129032258064527,-93.76828689072299,-93.79211839931885,-94.02163239837483,-93.705444,-93.92852451057628
0,0.0,9.677419354838705,-16.129032258064527,-93.80141782468635,-93.8243700758268,-93.99573004323216,-93.73913,-93.93573796884225
0,0.0,16.129032258064512,-16.129032258064527,-93.84489010691398,-93.86692854644666,-93.9811335056818,-93.78409,-93.93491225087095
0,0.0,22.58064516129032,-16.129032258064527,-93.8973913610973,-93.91852762732918,-93.9770926985237,-93.84022,-93.94335537679922
0,0.0,29.032258064516128,-16.129032258064527,-93.95780223471134,-93.97808639882187,-93.98293980007003,-93.907745,-93.99702076012642
0,0.0,35.48387096774192,-16.129032258064527,-94.02518877044308,-94.0447015029606,-93.9980824268941,-93.98666,-94.07646985962262
0,0.0,41.935483870967744,-16.129032258064527,-94.09879229863016,-94.11763715202488,-94.02199692125266,-94.07649,-94.17970482366292
0,0.0,48.38709677419354,-16.129032258064527,-94.1780170336591,-94.19631304113544,-94.05422180524224,-94.57719,-94.57719097740184
0,0.0,54.83870967741933,-16.129032258064527,-94.2624157117595,-94.2802904928805,-94.09435145009775,-94.28476,-94.31810864015127
0,0.0,61.29032258064515,-16.129032258064527,-94.35167372808544,-94.36925726562163,-94.14203000448276,-94.40018,-94.37218174839066
0,0.0,67.74193548387095,-16.129032258064527,-94.4455923069156,-94.46301152062978,-94.1969456199119,-94.52074,-94.50315187697063
0,0.0,74.19354838709677,-16.129032258064527,-94.54407126646942,-94.5614454637004,-94.25882500472527,-94.64455,-94.6534905452063
0,0.0,80.64516129032256,-16.129032258064527,-94.64709192178539,-94.6645291570404,-94.32742833056425,-94.769684,-94.76039965480285
0,0.0,87.09677419354838,-16.129032258064527,-94.75470061287905,-94.77229494391268,-94.40254450744212,-94.894394,-94.81081928116507
0,0.0,93.54838709677418,-16.129032258064527,-94.86699326167624,-94.884822851338,-94.483986835666,-95.01703,-94.83268419918657
0,0.0,100.0,-16.129032258064527,-94.98410126183293,-95.00222724551784,-94.57158903535954,-95.13623,-94.8714071045856
0,0.0,-100.0,-9.677419354838719,-95.56911517131128,-95.55992361188902,-96.23933956623011,-95.41093,-95.40108046275547
0,0.0,-93.54838709677419,-9.677419354838719,-95.13978354977891,-95.14099192915918,-95.86781758519885,-95.106804,-94.96339281741831
0,0.0,-87.09677419354838,-9.677419354838719,-94.765435864597,-94.77535630049744,-95.53468716088508,-94.787704,-94.56431604251996
0,0.0,-80.64516129032259,-9.677419354838719,-94.44251612561706,-94.45962903223892,-95.23737847667029,-94.140396,-94.14039234311333
0,0.0,-74.19354838709677,-9.677419354838719,-94.16730899565884,-94.19025637717233,-94.97335404450078,-94.18862,-94.32099223205259
0,0.0,-67.74193548387098,-9.677419354838719,-93.93608942847382,-93.9636637849913,-94.74016319825296,-94.376785,-94.3767815334118
0,0.0,-61.29032258064517,-9.677419354838719,-93.7452099645501,-93.77634224293686,-94.53547341538551,-93.73395,-94.1376449965789
0,0.0,-54.83870967741936,-9.677419354838719,-93.59115020756668,-93.62489842290726,-94.35708697725985,-93.56743,-93.95027126009515
0,0.0,-48.38709677419355,-9.677419354838719,-93.4705438964944,-93.50608306996344,-94.2029484280753,-93.43556,-93.75627755633231
0,0.0,-41.935483870967744,-9.677419354838719,-93.38019317768126,-93.41680671610501,-94.07114631684614,-93.333405,-93.55424544882976
0,0.0,-35.483870967741936,-9.677419354838719,-93.31707598942329,-93.3541483641551,-93.95991143187571,-93.30865,-93.30864705459788
0,0.0,-29.032258064516128,-9.677419354838719,-93.27835011511903,-93.31536056931188,-93.86761291643307,-93.20792,-93.22498923763327
0,0.0,-22.580645161290334,-9.677419354838719,-93.26135594050142,-93.29787290336364,-93.7927531278223,-93.16484,-93.16484474849439
0,0.0,-16.129032258064527,-9.677419354838719,-93.26361895514522,-93.2992948372876,-93.733961766496,-93.18397,-93.26176213470387
0,0.0,-9.677419354838719,-9.677419354838719,-93.28285237959321,-93.31741844865374,-93.68998959056627,-93.206696,-93.42635328103732
0,0.0,-3.225806451612911,-9.677419354838719,-93.3169598647998,-93.35022094641296,-93.65970190071751,-93.81236,-93.81236205620895
0,0.0,3.225806451612897,-9.677419354838719,-93.36403793503239,-93.39586674545936,-93.64207190284279,-93.30177,-93.6498969879878
0,0.0,9.677419354838705,-9.677419354838719,-93.42237769153729,-93.45270868019401,-93.63617401198684,-93.36667,-93.65303377159987
0,0.0,16.129032258064512,-9.677419354838719,-93.49046523968693,-93.51928789726749,-93.64117713895939,-93.44087,-93.64120599156689
0,0.0,22.58064516129032,-9.677419354838719,-93.56698033072446,-93.59433199572939,-93.65633799182862,-93.52441,-93.64175781696511
0,0.0,29.032258064516128,-9.677419354838719,-93.6507928052645,-93.67675107213942,-93.68099442277982,-93.61769,-93.68822392966514
0,0.0,35.48387096774192,-9.677419354838719,-93.74095657206426,-93.76563146178371,-93.71455885265975,-93.72093,-93.79036917449254
0,0.0,41.935483870967744,-9.677419354838719,-93.83670103231995,-93.86022712617724,-93.75651180843228,-93.83388,-93.92701949188205
0,0.0,48.38709677419354,-9.677419354838719,-93.93742004535056,-93.9599488019597,-93.80639561114022,-93.95575,-94.07128775531795
0,0.0,54.83870967741933,-9.677419354838719,-94.04265870500772,-94.06435117850494,-93.86380825291944,-94.08527,-94.20428021192849
0,0.0,61.29032258064515,-9.677419354838719,-94.15209833953669,-94.17311849555364,-93.92839750074971,-94.2209,-94.34276038689114
0,0.0,67.74193548387095,-9.677419354838719,-94.26554024807791,-94.28604903719881,-93.99985526190628,-94.36087,-94.48760010064518
0,0.0,74.19354838709677,-9.677419354838719,-94.38288873817112,-94.40303903956938,-94.07791224171953,-94.503265,-94.60327345467056
0,0.0,80.64516129032256,-9.677419354838719,-94.50413403071846,-94.52406652730657,-94.16233291860038,-94.64624,-94.66384236613163
0,0.0,87.09677419354838,-9.677419354838719,-94.629335557782,-94.64917555391644,-94.25291085477474,-94.788055,-94.67442926100946
0,0.0,93.54838709677418,-9.677419354838719,-94.75860610424348,-94.77846125226023,-94.3494643542445,-94.92708,-94.6671809837652
0,0.0,100.0,-9.677419354838719,-94.89209714864421,-94.91205601427909,-94.4518324725322,-95.061966,-94.69741176360202
0,0.0,-100.0,-3.225806451612911,-94.81777879757864,-94.82695208716339,-95.5730753685338,-94.71424,-94.71424081705626
0,0.0,-93.54838709677419,-3.225806451612911,-94.42164349786204,-94.44016153937285,-95.22656203372576,-94.494286,-94.32380003989125
0,0.0,-87.09677419354838,-3.225806451612911,-94.07975301709696,-94.10598302516087,-94.91815205571284,-94.18742,-93.9641167012354
0,0.0,-80.64516129032259,-3.225806451612911,-93.78834622841012,-93.82083002247674,-94.64513312667124,-93.589516,-93.58951407152304
0,0.0,-74.19354838709677,-3.225806451612911,-93.5436260289242,-93.58106617526973,-94.40489160082342,-94.15508,-94.15508720117408
0,0.0,-67.74193548387098,-3.225806451612911,-93.34185959169189,-93.38310482031687,-94.19494347381368,-93.381424,-93.75807831770058
0,0.0,-61.29032258064517,-3.225806451612911,-93.17943436124379,-93.22346606701046,-94.01294995846372,-93.190445,-93.60407057557805
0,0.0,-54.83870967741936,-3.225806451612911,-93.0528877412817,-93.09880827060906,-93.85672360779411,-93.040375,-93.43772334533443
0,0.0,-48.38709677419355,-3.225806451612911,-92.95892167155317,-93.00594452035074,-93.724228734157,-92.926476,-93.28349524426127
0,0.0,-41.935483870967744,-3.225806451612911,-92.89440902629556,-92.9418507852909,-93.61357846875472,-92.84415,-93.1260554386504
0,0.0,-35.483870967741936,-3.225806451612911,-92.85639606698724,-92.90366981316517,-93.52302991097235,-92.79046,-92.95521309595162
0,0.0,-29.032258064516128,-3.225806451612911,-92.84210345603931,-92.8887132325153,-93.45097824806082,-92.76435,-92.78980677387725
0,0.0,-22.580645161290334,-3.225806451612911,-92.84892721585302,-92.89446323070194,-93.39595036582668,-92.76552,-92.69194502872358
0,0.0,-16.129032258064527,-3.225806451612911,-92.87444027290589,-92.91857446254784,-93.35659824574094,-92.79273,-92.73195840443233
0,0.0,-9.677419354838719,-3.225806451612911,-92.91639472345372,-92.95887636006411,-93.33169230567577,-92.84268,-92.9172376533166
0,0.0,-3.225806451612911,-3.225806451612911,-92.97272461717655,-93.01337568858065,-93.32011475970843,-92.91031,-93.14711962470665
0,0.0,3.225806451612897,-3.225806451612911,-93.04154883367116,-93.08025898603091,-93.3208530271226,-92.990555,-93.3035519664306
0,0.0,9.677419354838705,-3.225806451612911,-93.12117350061774,-93.15789440627903,-93.3329931987497,-93.079994,-93.38225318066429
0,0.0,16.129032258064512,-3.225806451612911,-93.21009335874376,-93.24483245005445,-93.35571356132235,-93.17726,-93.41537653366575
0,0.0,22.58064516129032,-3.225806451612911,-93.3069915081615,-93.33980509769503,-93.38827818158352,-93.28243,-93.4322935767206
0,0.0,29.032258064516128,-3.225806451612911,-93.41073706329362,-93.44172294557526,-93.43003055744263,-93.410706,-93.41070075665108
0,0.0,35.48387096774192,-3.225806451612911,-93.52038038622084,-93.549670079447,-93.48038735070767,-93.518616,-93.56983446429919
0,0.0,41.935483870967744,-3.225806451612911,-93.63514574393511,-93.66289657677922,-93.53883222301212,-93.6499,-93.69814970336535
0,0.0,48.38709677419354,-3.225806451612911,-93.75442142382708,-93.7808086984598,-93.60490980231873,-93.656395,-93.65639266012779
0,0.0,54.83870967741933,-3.225806451612911,-93.87774752332692,-93.90295698979331,-93.67821981118709,-93.93553,-94.07852227266045
0,0.0,61.29032258064515,-3.225806451612911,-94.0048017853389,-94.02902264556931,-93.75841138955965,-94.087204,-94.30680536980516
0,0.0,67.74193548387095,-3.225806451612911,-94.13538396676869,-94.15880259218973,-93.84517764420103,-94.24254,-94.48991096200402
0,0.0,74.19354838709677,-3.225806451612911,-94.26939929476293,-94.29219379485139,-93.93825045433798,-94.39968,-94.59203126816078
0,0.0,80.64516129032256,-3.225806451612911,-94.4068415826409,-94.42917730874454,-94.03739555886816,-94.55679,-94.62236949350034
0,0.0,87.09677419354838,-3.225806451612911,-94.54777654919995,-94.56980256437504,-94.14240794515837,-94.71213,-94.60808535815534
0,0.0,93.54838709677418,-3.225806451612911,-94.69232582004418,-94.71417231650952,-94.25310755340165,-94.86411,-94.5834959081898
0,0.0,100.0,-3.225806451612911,-94.84065199929566,-94.86242860402612,-94.36933530415246,-94.48779,-94.4877908115692
0,0.0,-100.0,3.225806451612897,-94.21718044618885,-94.24098812150586,-95.00485459394082,-94.32229,-94.30560205650255
0,0.0,-93.54838709677419,3.225806451612897,-93.85073620960381,-93.8830038015785,-94.68126653360004,-94.038284,-93.88695166570994
0,0.0,-87.09677419354838,3.225806451612897,-93.53734377749582,-93.57650329024501,-94.39524155094563,-93.74154,-93.54245170081359
0,0.0,-80.64516129032259,3.225806451612897,-93.27322060821665,-93.3178758645164,-94.14402346559156,-93.45298,-93.35032812489632
0,0.0,-74.19354838709677,3.225806451612897,-93.05460649144946,-93.10351669187813,-93.9249910856837,-93.19151,-93.28881432199663
0,0.0,-67.74193548387098,3.225806451612897,-92.87783691556794,-92.92990118332284,-93.73567492922193,-92.969246,-93.19606980419945
0,0.0,-61.29032258064517,3.225806451612897,-92.73938270718311,-92.79362659505777,-93.57376344670766,-92.79042,-93.05900949693772
0,0.0,-54.83870967741936,3.225806451612897,-92.63586985560146,-92.691434064007,-93.43710302029439,-92.653275,-92.94975056004805
0,0.0,-48.38709677419355,3.225806451612897,-92.56408820919184,-92.62021940024972,-93.32369439233324,-92.55339,-92.86645455012592
0,0.0,-41.935483870967744,3.225806451612897,-92.52099442610694,-92.57703784582287,-93.23168715052222,-92.486374,-92.7705654453975
0,0.0,-35.483870967741936,3.225806451612897,-92.50371246048832,-92.55910600671733,-93.15937324884962,-92.73622,-92.7362267003027
0,0.0,-29.032258064516128,3.225806451612897,-92.50953351107466,-92.56380286185838,-93.10518013536858,-92.44165,-92.42857193988863
0,0.0,-22.580645161290334,3.225806451612897,-92.53591646816847,-92.58867088981006,-93.06766380271988,-92.46237,-92.24825502734933
0,0.0,-16.129032258064527,3.225806451612897,-92.58048929389568,-92.63141777049333,-93.04550192040729,-92.510025,-92.20986290417174
0,0.0,-9.677419354838719,3.225806451612897,-92.64105135632006,-92.68991871852961,-93.03748711422685,-92.58076,-92.38646485219776
0,0.0,-3.225806451612911,3.225806451612897,-92.71557645121135,-92.76221923057005,-93.0425204055453,-92.66893,-92.67118094675698
0,0.0,3.225806451612897,3.225806451612897,-92.80221605427616,-92.84653784977166,-93.05960479678,-92.76902,-92.93358115295959
0,0.0,9.677419354838705,3.225806451612897,-92.89930223563317,-92.94126844968659,-93.08783897979112,-92.87728,-93.12328116015956
0,0.0,16.129032258064512,3.225806451612897,-93.00534962940063,-93.04498150792037,-93.12641114454387,-92.99226,-93.23811789647135
0,0.0,22.58064516129032,3.225806451612897,-93.1190558789969,-93.15642386984112,-93.17459287186864,-93.114105,-93.30013931920777
0,0.0,29.032258064516128,3.225806451612897,-93.2393000661145,-93.27451658622925,-93.23173310343128,-93.24347,-93.35720312078368
0,0.0,35.48387096774192,3.225806451612897,-93.36513876759105,-93.39835053488899,-93.2972521919895,-93.38086,-93.45487501810673
0,0.0,41.935483870967744,3.225806451612897,-93.49579955458012,-93.52717969052945,-93.37063604424253,-93.526276,-93.59913744805269
0,0.0,48.38709677419354,3.225806451612897,-93.63067193416883,-93.66041207284295,-93.45143037617625,-93.67911,-93.79198041414483
0,0.0,54.83870967741933,3.225806451612897,-93.76929591522043,-93.79759856228057,-93.53923510624341,-93.83826,-94.03379477605519
0,0.0,61.29032258064515,3.225806451612897,-93.91134853929658,-93.93841991066805,-93.63369891481716,-94.00226,-94.27838591200907
0,0.0,67.74193548387095,3.225806451612897,-94.05662883936796,-94.08267237726947,-93.73451399915481,-94.59107,-94.59107882155358
0,0.0,74.19354838709677,3.225806451612897,-94.20504176447895,-94.23025248285954,-93.8414110518346,-94.337814,-94.57844900533044
0,0.0,80.64516129032256,3.225806451612897,-94.35658163483231,-94.38114139303737,-93.95415448761702,-94.50572,-94.61014197430542
0,0.0,87.09677419354838,3.225806451612897,-94.511315672098,-94.53538942068364,-94.0725379393561,-94.67139,-94.60747883324589
0,0.0,93.54838709677418,3.225806451612897,-94.66936809209506,-94.69310108338904,-94.19638003835942,-94.83322,-94.60389055117344
0,0.0,100.0,3.225806451612897,-94.83090516224955,-94.85442107448031,-94.32552048890011,-94.989914,-94.64766178582187
0,0.0,-100.0,9.677419354838705,-93.76515583830013,-93.79994651737545,-94.53591350005652,-93.99463,-94.01327487263053
0,0.0,-93.54838709677419,9.677419354838705,-93.42452452053175,-93.46707435101762,-94.23277510068091,-93.718704,-93.59766567541428
0,0.0,-87.09677419354838,9.677419354838705,-93.13552212393036,-93.18432381682628,-93.96655105973245,-93.4308,-93.24022641105415
0,0.0,-80.64516129032259,9.677419354838705,-92.8944516971042,-92.94816380258877,-93.73449917021216,-93.151566,-92.99004299524158
0,0.0,-74.19354838709677,9.677419354838705,-92.69765719984052,-92.75508732541496,-93.53402996635361,-92.899635,-92.83986803627393
0,0.0,-67.74193548387098,9.677419354838705,-92.54158404010292,-92.60167372416484,-93.36271512072962,-92.68706,-92.71396086621557
0,0.0,-61.29032258064517,9.677419354838705,-92.42281163243962,-92.48462345584886,-93.21828835719737,-92.454,-92.45400528741555
0,0.0,-54.83870967741936,9.677419354838705,-92.33806951180668,-92.40077649774379,-93.09864208679912,-92.39124,-92.53718439000836
0,0.0,-48.38709677419355,9.677419354838705,-92.28424426008745,-92.34712135237523,-93.00182173359543,-92.30228,-92.52200083239495
0,0.0,-41.935483870967744,9.677419354838705,-92.25838177382208,-92.32079906505233,-92.92601893666179,-92.24707,-92.48872509611495
0,0.0,-35.483870967741936,9.677419354838705,-92.25768764818908,-92.31910498231,-92.86956432349061,-92.250374,-92.25037329451935
0,0.0,-29.032258064516128,9.677419354838705,-92.27952730841307,-92.33948987277478,-92.83092024267981,-92.18895,-92.18894795344198
0,0.0,-22.580645161290334,9.677419354838705,-92.32142675661595,-92.37956128924706,-92.80867365344042,-92.26442,-91.94751943366967
0,0.0,-16.129032258064527,9.677419354838705,-92.38107427924909,-92.43708554154823,-92.80152925411464,-91.530045,-91.53004580125432
0,0.0,-9.677419354838719,9.677419354838705,-92.45632309394567,-92.50999029502165,-92.80830286488786,-92.41377,-91.98592549464007
0,0.0,-3.225806451612911,9.677419354838705,-92.54519465726466,-92.59636756367078,-92.82791504407297,-92.51738,-92.29525233587142
0,0.0,3.225806451612897,9.677419354838705,-92.64588218126269,-92.694476704647,-92.85938490161135,-92.63236,-92.62985283432417
0,0.0,9.677419354838705,9.677419354838705,-92.75675380508099,-92.80274692902702,-92.90182407037527,-92.75478,-92.91616199370199
0,0.0,16.129032258064512,9.677419354838705,-92.87635483229201,-92.91977881541627,-92.9544308005071,-92.8831,-93.11403422647689
0,0.0,22.58064516129032,9.677419354838705,-93.00340847156674,-93.04434434218649,-93.01648415095023,-93.01749,-93.22344751593157
0,0.0,29.032258064516128,9.677419354838705,-93.1368146014893,-93.17538503407077,-93.08733826312132,-93.158646,-93.29930217529937
0,0.0,35.48387096774192,9.677419354838705,-93.27564621043626,-93.31200793931006,-93.1664167126691,-93.3072,-93.40813070021646
0,0.0,41.935483870967744,9.677419354838705,-93.41914332545807,-93.4534793012281,-93.25320694531155,-93.463196,-93.58600201573597
0,0.0,48.38709677419354,9.677419354838705,-93.56670442281278,-93.59921594722312,-93.34725481109133,-93.62608,-93.81989690355026
0,0.0,54.83870967741933,9.677419354838705,-93.71787548848916,-93.74877457218639,-93.44815921761881,-93.79482,-94.04943853559377
0,0.0,61.29032258064515,9.677419354838705,-93.8723370520164,-93.90183922711697,-93.5555669268193,-93.96796,-94.23998486348836
0,0.0,67.74193548387095,9.677419354838705,-94.02988963680428,-94.05820742526984,-93.66916752139721,-94.14378,-94.41122511272877
0,0.0,74.19354838709677,9.677419354838705,-94.19043814606702,-94.21777534031344,-93.78868856687956,-94.32052,-94.53441248002802
0,0.0,80.64516129032256,9.677419354838705,-94.35397573198308,-94.38052259160251,-93.91389099299958,-94.49632,-94.60611540619587
0,0.0,87.09677419354838,9.677419354838705,-94.52056767978968,-94.54649709364546,-94.04456471471164,-94.66951,-94.64977106477696
0,0.0,93.54838709677418,9.677419354838705,-94.6903357853381,-94.7158003968172,-94.18052450866614,-94.8385,-94.69306134410489
0,0.0,100.0,9.677419354838705,-94.86344362448769,-94.88857387339579,-94.32160615593483,-95.002,-94.76754975005665
0,0.0,-100.0,16.129032258064512,-93.45662610521626,-93.49892406358201,-94.16575577481113,-93.844376,-93.84437581374748
0,0.0,-93.54838709677419,16.129032258064512,-93.13802565921392,-93.18755641126508,-93.88047888000315,-93.51607,-93.41804584634721
0,0.0,-87.09677419354838,16.129032258064512,-92.86948480208714,-92.9247937653484,-93.6314353914467,-93.2365,-93.06051700486046
0,0.0,-80.64516129032259,16.129032258064512,-92.64746310368749,-92.707254736927,-93.41593153638857,-92.71356,-92.7135664587255
0,0.0,-74.19354838709677,16.129032258064512,-92.46845328078236,-92.53157513870238,-93.2314323083217,-92.72258,-92.58802771240313
0,0.0,-67.74193548387098,16.129032258064512,-92.32903816887975,-92.39446668919696,-93.07556538857627,-92.51848,-92.45044535628381
0,0.0,-61.29032258064517,16.129032258064512,-92.22592237429282,-92.29275083982613,-92.94611935420261,-92.3579,-92.32691334969286
0,0.0,-54.83870967741936,16.129032258064512,-92.15594882596204,-92.22337749811152,-92.84103871833804,-92.23946,-92.25934202115893
0,0.0,-48.38709677419355,16.129032258064512,-92.1161067449279,-92.18343494561127,-92.75841735478708,-92.15919,-92.27491618993534
0,0.0,-41.935483870967744,16.129032258064512,-92.10353515063707,-92.17015496927395,-92.69649123244528,-92.11313,-92.31294737820352
0,0.0,-35.483870967741936,16.129032258064512,-92.11552445805849,-92.1809157210991,-92.65363099173359,-92.37679,-92.37679594052445
0,0.0,-29.032258064516128,16.129032258064512,-92.14951768297351,-92.21324381650034,-92.62833464937435,-92.11521,-92.10693627321382
0,0.0,-22.580645161290334,16.129032258064512,-92.20311207116441,-92.26481649852666,-92.61922056625173,-92.161644,-91.87727171838169
0,0.0,-16.129032258064527,16.129032258064512,-92.27406148046134,-92.333464221199,-92.62502072207353,-92.23606,-91.74454202658139
0,0.0,-9.677419354838719,16.129032258064512,-92.36027950043768,-92.41717367240275,-92.6445742885786,-92.33394,-91.83204782141686
0,0.0,-3.225806451612911,16.129032258064512,-92.45984305164268,-92.51409102509362,-92.67682146636629,-92.448944,-92.09670870140222
0,0.0,3.225806451612897,16.129032258064512,-92.57099604263593,-92.62252505288016,-92.72079754000163,-92.57492,-92.4489474345984
0,0.0,9.677419354838705,16.129032258064512,-92.69215256812862,-92.74094966055816,-92.77562710592142,-92.70778,-92.79096754001445
0,0.0,16.129032258064512,16.129032258064512,-92.82189910000001,-92.86800535510203,-92.84051843374885,-93.10239,-93.10238834276994
0,0.0,22.58064516129032,16.129032258064512,-92.95899515074977,-93.00249921230679,-92.9147579311155,-92.9895,-93.18258361052781
0,0.0,29.032258064516128,16.129032258064512,-93.10237197002937,-93.14340297159231,-92.99770469299102,-93.13931,-93.2612161011019
0,0.0,35.48387096774192,16.129032258064512,-93.25112895967476,-93.28984900650124,-93.08878512745254,-93.29598,-93.36650958932879
0,0.0,41.935483870967744,16.129032258064512,-93.40452764766059,-93.4411240582534,-93.18748765979358,-93.459625,-93.56572070258562
0,0.0,48.38709677419354,16.129032258064512,-93.56198323014881,-93.59666076936458,-93.29335752524904,-93.88641,-93.88641731807655
0,0.0,54.83870967741933,16.129032258064512,-93.72305385567526,-93.75602719830516,-93.40599166701764,-93.805305,-94.09236082473099
0,0.0,61.29032258064515,16.129032258064512,-93.88742797004475,-93.9189146203796,-93.52503376054713,-94.01633,-94.01632278687033
0,0.0,67.74193548387095,16.129032258064512,-94.05491015149525,-94.08512401352053,-93.65016938722948,-94.16681,-94.34628447273656
0,0.0,74.19354838709677,16.129032258064512,-94.22540593489096,-94.2545516839875,-93.78112138089863,-94.3493,-94.48928704931403
0,0.0,80.64516129032256,16.129032258064512,-94.39890614849317,-94.42717450432609,-93.91764536909618,-94.53055,-94.6127170904567
0,0.0,87.09677419354838,16.129032258064512,-94.5754712699133,-94.60303521722,-94.059525528281,-94.70885,-94.71636603083523
0,0.0,93.54838709677418,16.129032258064512,-94.75521625618144,-94.78222821037066,-94.20657056839046,-94.88267,-94.81298079037128
0,0.0,100.0,16.129032258064512,-94.93829622607677,-94.9648860977567,-94.35860995773203,-95.050705,-94.91949435228233
0,0.0,-100.0,22.58064516129032,-93.28421676915914,-93.33076985770904,-93.89278142036022,-93.673676,-93.70411671578891
0,0.0,-93.54838709677419,22.58064516129032,-92.98424751273627,-93.03766232019653,-93.62283220743898,-93.41331,-93.32856624763474
0,0.0,-87.09677419354838,22.58064516129032,-92.7326208023817,-92.79148853091392,-93.38843794552973,-93.14217,-93.02370559957133
0,0.0,-80.64516129032259,22.58064516129032,-92.52601150479634,-92.58907533587454,-93.18697523799004,-92.88013,-92.80543444618901
0,0.0,-74.19354838709677,22.58064516129032,-92.36109998427808,-92.42724074387014,-93.01597766347747,-92.24397,-92.24397473331011
0,0.0,-67.74193548387098,22.58064516129032,-92.23463215000226,-92.30285538791509,-92.87313781732904,-92.44899,-92.44872791207813
0,0.0,-61.29032258064517,22.58064516129032,-92.14345475768877,-92.21287970724742,-92.75630457094758,-92.32647,-92.32647315398171
0,0.0,-54.83870967741936,22.58064516129032,-92.08453555039043,-92.15438600555557,-92.66347770940422,-92.18469,-92.09407056174422
0,0.0,-48.38709677419355,22.58064516129032,-92.05497446747802,-92.12457139582341,-92.59280126563655,-92.11154,-92.11318642243572
0,0.0,-41.935483870967744,22.58064516129032,-92.05200992841736,-92.12076553317098,-92.5425563372923,-92.07274,-92.20866666135885
0,0.0,-35.483870967741936,22.58064516129032,-92.07302271882111,-92.14043561869241,-92.5111538363504,-92.0659,-92.23558236295307
0,0.0,-29.032258064516128,22.58064516129032,-92.11553900942658,-92.18119019376488,-92.49712741106171,-92.09015,-92.12727381340034
0,0.0,-22.580645161290334,22.58064516129032,-92.17723335442318,-92.240782580042,-92.49912664955798,-92.14474,-91.94977772274973
0,0.0,-16.129032258064527,22.58064516129032,-92.25593203653388,-92.31711435555397,-92.51591059619783,-92.227516,-91.84424864357052
0,0.0,-9.677419354838719,22.58064516129032,-92.34961678674028,-92.40823893000507,-92.54634156710023,-92.33382,-91.89080455549069
0,0.0,-3.225806451612911,22.58064516129032,-92.45642866811366,-92.51236505538623,-92.58937922856941,-91.98328,-91.98327990114366
0,0.0,3.225806451612897,22.58064516129032,-92.57467175473755,-92.62785996007639,-92.64407489350549,-92.59102,-92.41939549253712
0,0.0,9.677419354838705,22.58064516129032,-92.70281614713254,-92.75325171363498,-92.70956599126193,-92.7314,-92.76614323399572
0,0.0,16.129032258064512,22.58064516129032,-92.83949983858561,-92.88723040773607,-92.78507067222236,-92.87658,-93.03496319662402
0,0.0,22.58064516129032,22.58064516129032,-92.98352897689585,-93.02864776944116,-92.86988251719022,-93.02672,-93.18510308527871
0,0.0,29.032258064516128,22.58064516129032,-93.13387614604247,-93.1765148981533,-92.96336533177063,-93.18261,-93.25317139685552
0,0.0,35.48387096774192,22.58064516129032,-93.28967641183948,-93.32999792675813,-93.06494801603945,-93.271484,-93.27148635542905
0,0.0,41.935483870967744,22.58064516129032,-93.45022102119673,-93.48841153777072,-93.17411950908615,-93.51384,-93.49226852831626
0,0.0,48.38709677419354,22.58064516129032,-93.61494880034286,-93.65121040252917,-93.29042381589846,-93.68884,-93.7862826285597
0,0.0,54.83870967741933,22.58064516129032,-93.78343544692919,-93.81797874125569,-93.41345513019087,-94.57717,-94.57717153977677
0,0.0,61.29032258064515,22.58064516129032,-93.95538103947598,-93.98841831156975,-93.54285307101152,-94.14863,-94.14862648001753
0,0.0,67.74193548387095,22.58064516129032,-94.13059618371476,-94.16233521332836,-93.6782980532984,-94.23855,-94.31670490381353
0,0.0,74.19354838709677,22.58064516129032,-94.30898727225262,-94.33962594321687,-93.81950681312219,-94.42465,-94.47249177402068
0,0.0,80.64516129032256,22.58064516129032,-94.49054135003108,-94.52026314245009,-93.96622810737779,-94.60922,-94.64359595264897
0,0.0,87.09677419354838,22.58064516129032,-94.67531105642726,-94.70428145839205,-94.11823860543548,-94.79059,-94.80532140540686
0,0.0,93.54838709677418,22.58064516129032,-94.86340006237614,-94.89176389202095,-94.275338987061,-94.967255,-94.95157819608565
0,0.0,100.0,22.58064516129032,-95.05494934662799,-95.08282893587611,-94.43735025706566,-95.1379,-95.08734900716601
0,0.0,-100.0,29.032258064516128,-93.23816854487544,-93.28599992048682,-93.71461419658405,-93.64809,-93.65198505642171
0,0.0,-93.54838709677419,29.032258064516128,-92.95403533711954,-93.00848772330725,-93.45761895553659,-93.39623,-93.31139111091244
0,0.0,-87.09677419354838,29.032258064516128,-92.71632254795968,-92.77603013023553,-93.23551106899879,-93.13409,-93.0782541325533
0,0.0,-80.64516129032259,29.032258064516128,-92.52198148075037,-92.58572261052407,-93.04575378728583,-92.88103,-92.9865049500715
0,0.0,-74.19354838709677,29.032258064516128,-92.36792403747361,-92.43460923207138,-92.8859597951346,-93.43631,-93.436311791215
0,0.0,-67.74193548387098,29.032258064516128,-92.25109099059908,-92.31975170051912,-92.75389324615473,-92.466324,-92.6204196993582
0,0.0,-61.29032258064517,29.032258064516128,-92.16849465442493,-92.23827340926223,-92.64746735405294,-92.32039,-92.27517239979832
0,0.0,-54.83870967741936,29.032258064516128,-92.11724530790377,-92.18738739393301,-92.56473950598576,-91.742065,-91.74206413091065
0,0.0,-48.38709677419355,29.032258064516128,-92.09456759509635,-92.16441417079096,-92.50390511022451,-92.14866,-92.05135228609686
0,0.0,-41.935483870967744,29.032258064516128,-92.09781099774729,-92.16679342618514,-92.46329090972989,-92.11575,-92.15837499679904
0,0.0,-35.483870967741936,29.032258064516128,-92.12445702035895,-92.19209213740463,-92.4413481872015,-92.291245,-92.29124488513304
0,0.0,-29.032258064516128,29.032258064516128,-92.17212472838982,-92.23801074441253,-92.4366460934946,-92.384254,-92.38424834654963
0,0.0,-22.580645161290334,29.032258064516128,-92.23857558412845,-92.30238832018203,-92.44786521029178,-92.205574,-92.04099543588993
0,0.0,-16.129032258064527,29.032258064516128,-92.32171803417452,-92.38320721392716,-92.47379138424222,-92.29442,-92.02663518301688
0,0.0,-9.677419354838719,29.032258064516128,-92.41961195536317,-92.47859730826677,-92.51330982700085,-92.40675,-92.10118435011928
0,0.0,-3.225806451612911,29.032258064516128,-92.53047282488515,-92.58683980222077,-92.56539945308184,-92.53589,-92.27420538380034
0,0.0,3.225806451612897,29.032258064516128,-92.65267532336439,-92.70637028498071,-92.62912741809174,-92.675415,-92.54744184324761
0,0.0,9.677419354838705,29.032258064516128,-92.78475599396694,-92.83578078704602,-92.70364381902446,-92.82103,-92.8619663840964
0,0.0,16.129032258064512,29.032258064516128,-92.92541455769404,-92.97382047595693,-92.78817652260898,-92.971054,-93.12134828920168
0,0.0,22.58064516129032,29.032258064516128,-93.07351351716702,-93.11939469488422,-92.88202609496193,-93.12564,-93.27309056030451
0,0.0,29.032258064516128,29.032258064516128,-93.2280757593469,-93.27156211416269,-92.98456081438155,-93.28558,-93.3316859472954
0,0.0,35.48387096774192,29.032258064516128,-93.38827998026588,-93.42952986724887,-93.09521175790053,-93.45158,-93.35993332427802
0,0.0,41.935483870967744,29.032258064516128,-93.55345388816897,-93.59264666066694,-93.21346796037936,-93.62378,-93.44692568768451
0,0.0,48.38709677419354,29.032258064516128,-93.72306528038729,-93.76039396877674,-93.33887165192996,-93.38386,-93.38385408227515
0,0.0,54.83870967741933,29.032258064516128,-93.89671121898698,-93.93237553578399,-93.47101358498172,-93.98446,-93.96278251851776
0,0.0,61.29032258064515,29.032258064516128,-94.0741056379687,-94.10830549852147,-93.60952846618369,-94.17058,-94.15011489035501
0,0.0,67.74193548387095,29.032258064516128,-94.2550657913077,-94.28799550660113,-93.75409051055932,-94.35846,-94.29543045659193
0,0.0,74.19354838709677,29.032258064516128,-94.43949799154242,-94.47134124785477,-93.90440913599227,-94.54634,-94.48859813670802
0,0.0,80.64516129032256,29.032258064516128,-94.62738309271543,-94.6583087867746,-94.06022481540624,-94.73247,-94.71117736844432
0,0.0,87.09677419354838,29.032258064516128,-94.81876214298453,-94.84892109548412,-94.22130510213469,-94.91518,-94.92563562519697
0,0.0,93.54838709677418,29.032258064516128,-95.0137225779064,-95.04324510662867,-94.3874408412472,-95.09296,-95.11321961547145
0,0.0,100.0,29.032258064516128,-95.21238525358321,-95.24137955273146,-94.55844257625193,-95.26455,-95.27154938694055
0,0.0,-100.0,35.48387096774192,-93.30580812227169,-93.35230458290553,-93.62823013256755,-93.695694,-93.68100544966498
0,0.0,-93.54838709677419,35.48387096774192,-93.03554124811812,-93.0885160374998,-93.38205225854941,-93.45326,-93.37608363406724
0,0.0,-87.09677419354838,35.48387096774192,-92.80947021354046,-92.86760424731762,-93.1700952793349,-92.95973,-92.95972921817153
0,0.0,-80.64516129032259,35.48387096774192,-92.62489469036174,-92.68700330810128,-92.98992417342924,-92.95776,-93.12901366907457
0,0.0,-74.19354838709677,35.48387096774192,-92.47901379675321,-92.5440379566293,-92.83924095802311,-92.74049,-93.04308623334236
0,0.0,-67.74193548387098,35.48387096774192,-92.36900660696512,-92.4360038808846,-92.71588820028632,-92.56038,-92.75980337584079
0,0.0,-61.29032258064517,35.48387096774192,-92.29208534791107,-92.36022157209668,-92.61784797715083,-92.42158,-92.39877414437314
0,0.0,-54.83870967741936,35.48387096774192,-92.24553054457466,-92.31407246292419,-92.54323819228468,-92.32309,-92.15817268104418
0,0.0,-48.38709677419355,35.48387096774192,-92.22671447324143,-92.29502341497826,-92.49030744981782,-92.26157,-92.13112828299646
0,0.0,-41.935483870967744,35.48387096774192,-92.23311722082586,-92.30064369031047,-92.45742922576461,-92.27218,-92.2721756059431
0,0.0,-35.483870967741936,35.48387096774192,-92.26233819731272,-92.32861716894719,-92.44309578198772,-92.23744,-92.16242977285961
0,0.0,-29.032258064516128,35.48387096774192,-92.31210492590805,-92.3767516001132,-92.4459120773337,-91.640945,-91.64095074969217
0,0.0,-22.580645161290334,35.48387096774192,-92.3802802119632,-92.4429859820742,-92.46458980966739,-92.33717,-92.16269526048903
0,0.0,-16.129032258064527,35.48387096774192,-92.46486827798533,-92.52539667325003,-92.49794164722536,-92.43036,-92.2817119765638
0,0.0,-9.677419354838719,35.48387096774192,-92.56402008946097,-92.6222024908196,-92.5448756625423,-92.54688,-92.41722093798508
0,0.0,-3.225806451612911,35.48387096774192,-92.67603784725281,-92.73176881669961,-92.60438995696731,-92.680046,-92.57710465847836
0,0.0,3.225806451612897,35.48387096774192,-92.79937846338731,-92.85261058125951,-92.67556745168427,-92.72877,-92.72876249163005
0,0.0,9.677419354838705,35.48387096774192,-92.93265575272275,-92.98339391663552,-92.75757081759393,-92.97243,-93.06769173918585
0,0.0,16.129032258064512,35.48387096774192,-93.07464105180367,-93.12293625194782,-92.8496375182157,-93.12558,-93.31196451664954
0,0.0,22.58064516129032,35.48387096774192,-93.2242620077376,-93.27020465120215,-92.9510749447335,-93.28292,-93.46798075147846
0,0.0,29.032258064516128,35.48387096774192,-93.38059935292792,-93.42431225991703,-93.0612556288514,-93.445274,-93.53756002926676
0,0.0,35.48387096774192,35.48387096774192,-93.54288158327574,-93.58451281643356,-93.17961252613446,-93.61331,-93.55728366133937
0,0.0,41.935483870967744,35.48387096774192,-93.71047757415056,-93.7501932857219,-93.30563436919233,-93.453125,-93.45312226795615
0,0.0,48.38709677419354,35.48387096774192,-93.88288728597306,-93.92086477479076,-93.43886109589877,-93.96652,-93.74452722133125
0,0.0,54.83870967741933,35.48387096774192,-94.05973081674931,-94.0961519784203,-93.57887936248,-94.1503,-93.95235259928154
0,0.0,61.29032258064515,35.48387096774192,-94.2407361419818,-94.27578147312916,-93.72531815459112,-94.337166,-94.13287589865743
0,0.0,67.74193548387095,35.48387096774192,-94.42572593624313,-94.45956922057692,-93.87784451139689,-94.25404,-94.25404137261566
0,0.0,74.19354838709677,35.48387096774192,-94.61460389254268,-94.64740765692355,-94.03615937823604,-94.71365,-94.56026972862864
0,0.0,80.64516129032256,35.48387096774192,-94.80734094653823,-94.8392527333288,-94.19999360282645,-94.89981,-94.83380594150071
0,0.0,87.09677419354838,35.48387096774192,-95.00396177696098,-95.03511123869559,-94.36910408836168,-95.08233,-95.09170316294347
0,0.0,93.54838709677418,35.48387096774192,-95.20453189778857,-95.23502868464661,-94.54327011447005,-95.259766,-95.30881393500891
0,0.0,100.0,35.48387096774192,-95.40914558920093,-95.43907797104838,-94.72228983411318,-95.43084,-95.47957665253982
0,0.0,-100.0,41.935483870967744,-93.47081506482432,-93.51387179869057,-93.62995247275192,-93.74558,-93.74558787859127
0,0.0,-93.54838709677419,41.935483870967744,-93.2135096202137,-93.26295632409477,-93.39276053164873,-93.59794,-93.59793570752029
0,0.0,-87.09677419354838,41.935483870967744,-92.99775099510455,-93.05232771239842,-93.18910056956733,-93.3336,-93.37411498409317
0,0.0,-80.64516129032259,41.935483870967744,-92.82127237482703,-92.87984031153957,-93.01665628530962,-93.10118,-93.27430873031162
0,0.0,-74.19354838709677,41.935483870967744,-92.68163045969337,-92.74316740800009,-92.87323131017432,-93.15178,-93.1517832937231
0,0.0,-67.74193548387098,41.935483870967744,-92.57630070977301,-92.63989500228396,-92.75675549169101,-92.7225,-92.85833489434567
0,0.0,-61.29032258064517,41.935483870967744,-92.50274343215395,-92.56758759218121,-92.66528615838313,-92.59111,-92.54883083501636
0,0.0,-54.83870967741936,41.935483870967744,-92.45844971117762,-92.52383437903661,-92.59700632033402,-92.33566,-92.3356618542313
0,0.0,-48.38709677419355,41.935483870967744,-92.440973620958,-92.50628198064277,-92.5502210645344,-92.442505,-92.31527977403846
0,0.0,-41.935483870967744,41.935483870967744,-92.44795522886804,-92.5126579495747,-92.5233529460734,-92.328964,-92.32896451309398
0,0.0,-35.483870967741936,41.935483870967744,-92.47713747677528,-92.5407880659643,-92.51493687530095,-92.42673,-92.3156188069498
0,0.0,-29.032258064516128,41.935483870967744,-92.5263789915352,-92.58860939732843,-92.52361480403692,-92.46495,-92.3164502875247
0,0.0,-22.580645161290334,41.935483870967744,-92.59366412715316,-92.65418040776535,-92.54813038587235,-92.52873,-92.52873184487954
0,0.0,-16.129032258064527,41.935483870967744,-92.67711100283053,-92.7356888872989,-92.58732370362766,-92.629456,-92.63563265926642
0,0.0,-9.677419354838719,41.935483870967744,-92.7749779204282,-92.83145811044987,-92.64012610588037,-92.748795,-92.81257357922334
0,0.0,-3.225806451612911,41.935483870967744,-92.88566828501249,-92.93995138674013,-92.70555516399514,-92.88455,-92.95204487624719
0,0.0,3.225806451612897,41.935483870967744,-93.00773398782924,-93.05977501037779,-92.78270974443204,-93.0302,-93.09348066807527
0,0.0,9.677419354838705,41.935483870967744,-93.13987712411155,-93.18967953380124,-92.87076518357486,-93.44786,-93.44786091814582
0,0.0,16.129032258064512,41.935483870967744,-93.28094989403587,-93.32855926549757,-92.96896855069528,-93.33627,-93.56242300865793
0,0.0,22.58064516129032,41.935483870967744,-93.42995256072207,-93.47544991343744,-93.0766339866448,-93.49504,-93.73929286271832
0,0.0,29.032258064516128,41.935483870967744,-93.5860294012391,-93.62952434887566,-93.1931381098555,-93.65846,-93.85086412408046
0,0.0,35.48387096774192,41.935483870967744,-93.74846267163497,-93.79008653848514,-93.31791548606951,-93.82722,-93.92090308791572
0,0.0,41.935483870967744,41.935483870967744,-93.91666470154891,-93.95656377363083,-93.45045416310376,-94.00148,-93.98567724011002
0,0.0,48.38709677419354,41.935483870967744,-94.09016832542716,-94.12849740290633,-93.59029127633953,-94.180824,-94.06579521298318
0,0.0,54.83870967741933,41.935483870967744,-94.26861593507668,-94.30553233871203,-93.73700873416729,-94.16991,-94.16990475085738
0,0.0,61.29032258064515,41.935483870967744,-94.45174749445208,-94.48740565409595,-93.89022899509041,-94.5506,-94.26318068451806
0,0.0,67.74193548387095,41.935483870967744,-94.63938788778945,-94.67393460878269,-94.04961094958986,-94.73811,-94.45340866613121
0,0.0,74.19354838709677,41.935483870967744,-94.83143397552739,-94.86500444277601,-94.21484592014379,-94.92515,-94.72658027843173
0,0.0,80.64516129032256,41.935483870967744,-95.02784171110143,-95.06055625420967,-94.38565379213485,-95.11,-95.03104106844515
0,0.0,87.09677419354838,41.935483870967744,-95.22861363015662,-95.26057523929882,-94.56177928690349,-95.32337,-95.32337520799598
0,0.0,93.54838709677418,41.935483870967744,-95.43378696793917,-95.46507952145312,-94.74298838609526,-95.46683,-95.54833465317458
0,0.0,100.0,41.935483870967744,-95.643422596947,-95.67410973937585,-94.92906491392476,-95.63614,-95.71960435576275
0,0.0,-100.0,48.38709677419354,-93.71261245601613,-93.75083477363765,-93.71535596639701,-93.972305,-94.01294904718988
0,0.0,-93.54838709677419,48.38709677419354,-93.46865704179953,-93.51317737485694,-93.48569452651908,-93.75224,-93.79575585807707
0,0.0,-87.09677419354838,48.38709677419354,-93.26305428921194,-93.31269388690721,-93.28881824718846,-93.52337,-93.62279702976737
0,0.0,-80.64516129032259,48.38709677419354,-93.0940630628625,-93.14774606142878,-93.12255067477398,-93.30292,-93.46920222090922
0,0.0,-74.19354838709677,48.38709677419354,-92.95967957824531,-93.01643369108673,-92.9848131576923,-93.1066,-93.26729510600528
0,0.0,-67.74193548387098,48.38709677419354,-92.85774721268407,-92.91670148507964,-92.87363511489971,-92.94468,-92.98480881817846
0,0.0,-61.29032258064517,48.38709677419354,-92.7860362620687,-92.84641736459916,-92.78715852065659,-92.82114,-92.7165881030277
0,0.0,-54.83870967741936,48.38709677419354,-92.74230180573234,-92.80342971487588,-92.7236386804581,-92.735214,-92.58566001875218
0,0.0,-48.38709677419355,48.38709677419354,-92.72432588161288,-92.78560938897283,-92.6814426719489,-92.68398,-92.58526713288387
0,0.0,-41.935483870967744,48.38709677419354,-92.72994853092538,-92.79088076648597,-92.65904635334263,-92.66466,-92.62834428992153
0,0.0,-35.483870967741936,48.38709677419354,-92.7570909712534,-92.81724497196386,-92.65503052553152,-92.6757,-92.6502900192973
0,0.0,-29.032258064516128,48.38709677419354,-92.80377316105769,-92.86279743059137,-92.66807662236651,-92.716736,-92.69421179972703
0,0.0,-22.580645161290334,48.38709677419354,-92.86812727242742,-92.9257412390679,-92.69696216261684,-92.78741,-92.85237831871132
0,0.0,-16.129032258064527,48.38709677419354,-92.948408040783,-93.00439731346918,-92.74055610418,-93.02682,-93.02681631545025
0,0.0,-9.677419354838719,48.38709677419354,-93.04300056776154,-93.09721190534363,-92.79781418081271,-93.00678,-93.24696772427168
0,0.0,-3.225806451612911,48.38709677419354,-93.15042588383241,-93.20276182219456,-92.86777426360152,-93.584206,-93.58420572853228
0,0.0,3.225806451612897,48.38709677419354,-93.26934440517063,-93.31975752504837,-92.94955176644376,-93.08792,-93.08792389167705
0,0.0,9.677419354838705,48.38709677419354,-93.39855732502326,-93.44704418488766,-93.04233510204571,-93.443085,-93.58261108996155
0,0.0,16.129032258064512,48.38709677419354,-93.53700594646682,-93.58360074504142,-93.14538118892449,-93.59868,-93.81589249246704
0,0.0,22.58064516129032,48.38709677419354,-93.68376897588034,-93.72853704364736,-93.25801100820259,-93.7578,-94.02375558930395
0,0.0,29.032258064516128,48.38709677419354,-93.83805784030137,-93.88108908547719,-93.3796052098742,-93.92121,-94.18470079816096
0,0.0,35.48387096774192,48.38709677419354,-93.9992101535257,-94.0406126032859,-93.50959977048805,-94.0896,-94.32105138510042
0,0.0,41.935483870967744,48.38709677419354,-94.16668152285212,-94.2065751041485,-93.64748170695462,-94.55336,-94.55335409176159
0,0.0,48.38709677419354,48.38709677419354,-94.34003595010041,-94.37854664661485,-93.79278485386705,-94.44139,-94.49366721076116
0,0.0,54.83870967741933,48.38709677419354,-94.51893512865637,-94.55618963279991,-93.94508571392586,-94.486786,-94.48678842784824
0,0.0,61.29032258064515,48.38709677419354,-94.70312696745387,-94.7392479212502,-94.10399939255998,-94.38507,-94.38507112504286
0,0.0,67.74193548387095,48.38709677419354,-94.89243368067478,-94.92753556974675,-94.26917562854254,-94.993546,-94.71990745767775
0,0.0,74.19354838709677,48.38709677419354,-95.08673976896888,-95.12092550268491,-94.44029493229927,-95.17836,-94.9946747487856
0,0.0,80.64516129032256,48.38709677419354,-95.28598018696573,-95.31933836782022,-94.617064842775,-95.360756,-95.30599233399408
0,0.0,87.09677419354838,48.38709677419354,-95.49012894703351,-95.52273180574718,-94.799216312276,-95.539185,-95.6007338992954
0,0.0,93.54838709677418,48.38709677419354,-95.69918835571403,-95.73109030687985,-94.98650022678524,-95.71222,-95.83688029721351
0,0.0,100.0,48.38709677419354,-95.91317902208831,-95.94441577927452,-95.17868406703171,-95.87866,-95.99694474501794
0,0.0,-100.0,54.83870967741933,-94.00639649067008,-94.03932176503844,-93.87911359325174,-94.1842,-94.25391841019005
0,0.0,-93.54838709677419,54.83870967741933,-93.77759791389822,-93.81665710828828,-93.6559822325824,-93.97719,-94.06309172131171
0,0.0,-87.09677419354838,54.83870967741933,-93.58333982974523,-93.62746522439984,-93.46478529090888,-93.76187,-93.89124375014592
0,0.0,-80.64516129032259,54.83870967741933,-93.42248724768659,-93.47069030281824,-93.30351290030586,-93.5546,-93.71068879663648
0,0.0,-74.19354838709677,54.83870967741933,-93.29355663851882,-93.34493452378958,-93.17022533341331,-93.52273,-93.52273245960212
0,0.0,-67.74193548387098,54.83870967741933,-93.19483577026804,-93.2485735782427,-93.06306840172533,-93.218575,-93.19687073785485
0,0.0,-61.29032258064517,54.83870967741933,-93.12447499277211,-93.17984529495538,-92.98028207339422,-92.7824,-92.78240493426436
0,0.0,-54.83870967741936,54.83870967741933,-93.08055628871104,-93.136917103066,-92.92020454807246,-93.024124,-92.89041407331625
0,0.0,-48.38709677419355,54.83870967741933,-93.06114541097726,-93.11793723186739,-92.88127331467294,-92.97804,-92.93719293753867
0,0.0,-41.935483870967744,54.83870967741933,-93.06433132410592,-93.1210735824928,-92.86202422712333,-92.96266,-93.01928788141238
0,0.0,-35.483870967741936,54.83870967741933,-93.08825615624218,-93.1445432949051,-92.86108929564278,-93.22804,-93.22804617415593
0,0.0,-29.032258064516128,54.83870967741933,-93.13113801823346,-93.18663525577294,-92.87719365959344,-92.88916,-92.88915459037334
0,0.0,-22.580645161290334,54.83870967741933,-93.19128836880525,-93.24572716623466,-92.90915204982369,-93.09254,-93.32109917118731
0,0.0,-16.129032258064527,54.83870967741933,-93.26712508537673,-93.32029830479983,-92.95586494108488,-93.19213,-93.51619896162549
0,0.0,-9.677419354838719,54.83870967741933,-93.35718201676406,-93.40893876162212,-93.0163145229332,-93.314224,-93.66611685527764
0,0.0,-3.225806451612911,54.83870967741933,-93.46011552396672,-93.51035566593332,-93.08956056977443,-93.45216,-93.7407307919365
0,0.0,3.225806451612897,54.83870967741933,-93.57470833733224,-93.62337675926318,-93.17473625981583,-93.59948,-93.76951618865431
0,0.0,9.677419354838705,54.83870967741933,-93.69987095380112,-93.74695156558408,-93.27104397341859,-93.75175,-93.87552803489444
0,0.0,16.129032258064512,54.83870967741933,-93.83464074961744,-93.88015035973399,-93.37775108996067,-93.907166,-94.05443461493581
0,0.0,22.58064516129032,54.83870967741933,-93.97817897634712,-94.02216112290373,-93.4941857961885,-94.41023,-94.41022675426501
0,0.0,29.032258064516128,54.83870967741933,-94.12976582709648,-94.17228468552074,-93.61973291626255,-94.22832,-94.44991448296526
0,0.0,35.48387096774192,54.83870967741933,-94.28879379281894,-94.32992828203734,-93.75382977294697,-94.395454,-94.62633656623748
0,0.0,41.935483870967744,54.83870967741933,-94.4547595647252,-94.49459776922606,-93.89596208968592,-94.567345,-94.77526824970795
0,0.0,48.38709677419354,54.83870967741933,-94.6272547695323,-94.66588878212528,-94.04565994401673,-95.02557,-95.0255794478959
0,0.0,54.83870967741933,54.83870967741933,-94.80595584357376,-94.84347711450589,-94.20249378340607,-94.91192,-94.91191566989076
0,0.0,61.29032258064515,54.83870967741933,-94.99061335633832,-95.02710861087994,-94.36607051493905,-94.947586,-94.94758736956976
0,0.0,67.74193548387095,54.83870967741933,-95.1810410828995,-95.21658884393118,-94.53602968015687,-95.287766,-95.0899373176238
0,0.0,74.19354838709677,54.83870967741933,-95.37710509921314,-95.41177282598248,-94.71203972570552,-95.46936,-95.3372461569796
0,0.0,80.64516129032256,54.83870967741933,-95.57871313712796,-95.61255496813911,-94.89379437934623,-95.64836,-95.6404951856979
0,0.0,87.09677419354838,54.83870967741933,-95.78580439085981,-95.81885945924313,-95.08100913936774,-95.82322,-95.94066336961771
0,0.0,93.54838709677418,54.83870967741933,-95.99833991755659,-96.0306311921444,-95.27341788363877,-95.99254,-96.17456274194163
0,0.0,100.0,54.83870967741933,-96.21629372517634,-96.24782732023748,-95.47076960258387,-96.15515,-96.31150099469613
0,0.0,-100.0,61.29032258064515,-94.32448475745488,-94.35273060993482,-94.1148199688159,-94.43352,-94.49804829665156
0,0.0,-93.54838709677419,61.29032258064515,-94.11393313047652,-94.14801379560916,-93.89775949843532,-94.240685,-94.33495217102706
0,0.0,-87.09677419354838,61.29032258064515,-93.93353462985971,-93.97252373717663,-93.71162414558603,-94.0401,-94.17451699019539
0,0.0,-80.64516129032259,61.29032258064515,-93.78279685292097,-93.82582004155806,-93.55460348748294,-93.84711,-93.99280777675754
0,0.0,-74.19354838709677,61.29032258064515,-93.66081119417026,-93.70705788322013,-93.42492367297135,-93.675644,-93.77027189822431
0,0.0,-67.74193548387098,61.29032258064515,-93.56637249367837,-93.61510250810812,-93.32086894219199,-93.53499,-93.525862162349
0,0.0,-61.29032258064517,61.29032258064515,-93.49807542428671,-93.5486220445725,-93.2407952372476,-93.428734,-93.34485156761056
0,0.0,-54.83870967741936,61.29032258064515,-93.45439088371947,-93.50616145033297,-93.18313830265991,-93.356384,-93.2989604840028
0,0.0,-48.38709677419355,61.29032258064515,-93.43372592776353,-93.48620077754535,-93.14641796423054,-93.31555,-93.35309397314833
0,0.0,-41.935483870967744,61.29032258064515,-93.43447049360476,-93.48720073957602,-93.12923976928309,-93.30408,-93.4424230209437
0,0.0,-35.483870967741936,61.29032258064515,-93.45503365360699,-93.50763813243239,-93.13029481332197,-93.32099,-93.52734815246134
0,0.0,-29.032258064516128,61.29032258064515,-93.49387158929301,-93.54603317621081,-93.14835832584428,-93.366356,-93.62876422701866
0,0.0,-22.580645161290334,61.29032258064515,-93.54950897055659,-93.60097038519777,-93.182287410919,-93.965775,-93.96577778488665
0,0.0,-16.129032258064527,61.29032258064515,-93.62055500207434,-93.67111418728109,-93.23101821439003,-93.540565,-93.93031871211308
0,0.0,-9.677419354838719,61.29032258064515,-93.70571506610851,-93.75522020501678,-93.29356270361833,-93.66307,-94.03719101904102
0,0.0,-3.225806451612911,61.29032258064515,-93.80379864359405,-93.85214287928648,-93.36900518650876,-93.8011,-94.10225674697355
0,0.0,3.225806451612897,61.29032258064515,-93.9137240226101,-93.96083995269714,-93.45649865630499,-93.9482,-94.13151117816822
0,0.0,9.677419354838705,61.29032258064515,-94.03452019172938,-94.08037422184321,-93.55526102166903,-94.099945,-94.18414525118419
0,0.0,16.129032258064512,61.29032258064515,-94.16532625146166,-94.20991290268407,-93.6645712638587,-94.25454,-94.28516600161609
0,0.0,22.58064516129032,61.29032258064515,-94.3053886467427,-94.34872491947195,-93.78376555149585,-94.22087,-94.22086459256639
0,0.0,29.032258064516128,61.29032258064515,-94.45405651497097,-94.49617641383966,-93.91223333637316,-94.57295,-94.65554160369527
0,0.0,35.48387096774192,61.29032258064515,-94.61077544690207,-94.65172476733241,-94.04941344950575,-94.73812,-94.84530544769117
0,0.0,41.935483870967744,61.29032258064515,-94.77507996319531,-94.81491143018603,-94.19479021408407,-94.907646,-94.98267507122455
0,0.0,48.38709677419354,61.29032258064515,-94.94658501122485,-94.98535384593944,-94.34788959041173,-95.08114,-95.12984724432174
0,0.0,54.83870967741933,61.29032258064515,-95.1249767808423,-95.16273675193305,-94.50827536677332,-95.25773,-95.24864520003021
0,0.0,61.29032258064515,61.29032258064515,-95.31000312221002,-95.34680311826759,-94.67554540914233,-95.36895,-95.36895064698206
0,0.0,67.74193548387095,61.29032258064515,-95.50146382356584,-95.53734496234847,-94.8493279815358,-95.61499,-95.478725919895
0,0.0,74.19354838709677,61.29032258064515,-95.69920097320833,-95.73419424390237,-95.02927814751403,-95.79258,-95.69587307518019
0,0.0,80.64516129032256,61.29032258064515,-95.90308959041673,-95.93721400834697,-95.21507426184031,-95.96738,-95.99518505232095
0,0.0,87.09677419354838,61.29032258064515,-96.11302866721817,-96.1462899069776,-95.40641455965707,-96.13785,-96.31760513064813
0,0.0,93.54838709677418,61.29032258064515,-96.32893271966095,-96.36132218299765,-95.60301384879907,-96.30266,-96.55224663044345
0,0.0,100.0,61.29032258064515,-96.55072390605652,-96.58221817511085,-95.80460030913576,-96.46068,-96.65279787988794
0,0.0,-100.0,67.74193548387095,-94.63952611655564,-94.66472221064492,-94.41483659322907,-94.7108,-94.73654257364176
0,0.0,-93.54838709677419,67.74193548387095,-94.45104591539034,-94.48161525907827,-94.2040135880755,-94.53308,-94.60781765769451
0,0.0,-87.09677419354838,67.74193548387095,-94.28798023581267,-94.32315574601078,-94.02288880991485,-94.34816,-94.4741585900154
0,0.0,-80.64516129032259,67.74193548387095,-94.15043469537409,-94.1894756581778,-93.86988925676887,-94.17034,-94.314256976894
0,0.0,-74.19354838709677,67.74193548387095,-94.03807142007324,-94.08027823232186,-93.74343922303724,-94.012596,-94.12351669411457
0,0.0,-67.74193548387098,67.74193548387095,-93.95021360661977,-93.99493755119975,-93.64198856700014,-93.91254,-93.91253708073575
0,0.0,-61.29032258064517,67.74193548387095,-93.88593618878349,-93.93258537445661,-93.56403197766669,-93.78668,-93.80226189504452
0,0.0,-54.83870967741936,67.74193548387095,-93.84414203278823,-93.89218444505826,-93.50812173544983,-93.72156,-93.76404924546205
0,0.0,-48.38709677419355,67.74193548387095,-93.82362460004087,-93.8725890020531,-93.47287578718695,-93.68614,-93.79813708314414
0,0.0,-41.935483870967744,67.74193548387095,-93.82311866584239,-93.87259390058378,-93.4569824553396,-93.678604,-93.863996018671
0,0.0,-35.483870967741936,67.74193548387095,-93.84134083520586,-93.89097392888135,-93.45920273355027,-93.69826,-93.93703063127259
0,0.0,-29.032258064516128,67.74193548387095,-93.87702149209348,-93.92651484587591,-93.47837085291061,-93.74543,-94.02302370443657
0,0.0,-22.580645161290334,67.74193548387095,-93.92892960365386,-93.97803748283367,-93.51339360941421,-93.8203,-94.12569148175234
0,0.0,-16.129032258064527,67.74193548387095,-93.99589156043294,-94.04441603960967,-93.56324880342812,-93.92121,-94.22158506035251
0,0.0,-9.677419354838719,67.74193548387095,-94.07680501074213,-94.12459150400176,-93.62698304195663,-94.04375,-94.31970886960741
0,0.0,-3.225806451612911,67.74193548387095,-94.17064846159845,-94.21758095106726,-93.70370908317929,-94.469406,-94.469400247074
0,0.0,3.225806451612897,67.74193548387095,-94.2764872748919,-94.3224833440616,-93.7926028522352,-94.32786,-94.44737077813619
0,0.0,9.677419354838705,67.74193548387095,-94.39347658285301,-94.43848235816927,-93.89290022173361,-94.478645,-94.48713636307149
0,0.0,16.129032258064512,67.74193548387095,-94.52086157478658,-94.56484667679128,-94.00389362566841,-94.63193,-94.5601037146387
0,0.0,22.58064516129032,67.74193548387095,-94.65797555917761,-94.7009281607285,-94.1249285582459,-94.78768,-94.69479911309247
0,0.0,29.032258064516128,67.74193548387095,-94.80423617350115,-94.84615825592847,-94.25539999726495,-94.94659,-94.8955229646932
0,0.0,35.48387096774192,67.74193548387095,-94.95914009105422,-95.000042979122,-94.39474878349692,-95.27905,-95.27905802896629
0,0.0,41.935483870967744,67.74193548387095,-95.12225655405389,-95.16215679751367,-94.54245798175938,-94.86108,-94.86107673775729
0,0.0,48.38709677419354,67.74193548387095,-95.29322004094139,-95.33213569504281,-94.69804924522869,-95.44602,-95.37838282570942
0,0.0,54.83870967741933,67.74193548387095,-95.471722350793,-95.50966969139878,-94.86107920137016,-95.59308,-95.59307618973074
0,0.0,61.29032258064515,67.74193548387095,-95.65750435803152,-95.69449505012727,-95.03113587529072,-95.793274,-95.71290559960781
0,0.0,67.74193548387095,67.74193548387095,-95.85034765649708,-95.88638637897697,-95.20783516405741,-95.96772,-95.83174410338346
0,0.0,74.19354838709677,67.74193548387095,-96.0500662745256,-96.08514879011297,-95.39081737345582,-96.08483,-96.08483655896538
0,0.0,80.64516129032256,67.74193548387095,-96.25649860365431,-96.29061025133151,-95.57974382669303,-96.31067,-96.32294716712126
0,0.0,87.09677419354838,67.74193548387095,-96.46949964474898,-96.50261422354018,-95.77429355269217,-96.47615,-96.70770463895477
0,0.0,93.54838709677418,67.74193548387095,-96.68893363850222,-96.7210126459999,-95.97416005991091,-96.63583,-96.94521135210263
0,0.0,100.0,67.74193548387095,-96.91466711387612,-96.94565930044169,-96.17904820010544,-96.78864,-96.99247372340588
0,0.0,-100.0,74.19354838709677,-94.9293517422889,-94.95373932436756,-94.77022249463107,-95.00612,-94.97250978716121
0,0.0,-93.54838709677419,74.19354838709677,-94.76653180897151,-94.79570546450519,-94.56649305924404,-94.84415,-94.8866324554719
0,0.0,-87.09677419354838,74.19354838709677,-94.62445085654407,-94.65779507263213,-94.39096213563985,-94.67558,-94.7918291129448
0,0.0,-80.64516129032259,74.19354838709677,-94.50366787033528,-94.54057585526392,-94.2423339122273,-94.513565,-94.6655821615798
0,0.0,-74.19354838709677,74.19354838709677,-94.40432776252096,-94.44421565458049,-94.11926625519729,-94.37008,-94.51233948233055
0,0.0,-67.74193548387098,74.19354838709677,-94.32623600045964,-94.36855335025666,-94.02040563862573,-94.25313,-94.36474636162642
0,0.0,-61.29032258064517,74.19354838709677,-94.26893093566234,-94.31316793871453,-93.94441228153134,-94.16595,-94.26469602292696
0,0.0,-54.83870967741936,74.19354838709677,-94.23174979663541,-94.27744182233212,-93.8899779303305,-94.10829,-94.227350140857
0,0.0,-48.38709677419355,74.19354838709677,-94.2138865215744,-94.26061645804157,-93.8558381481891,-94.078415,-94.23645304642953
0,0.0,-41.935483870967744,74.19354838709677,-94.21444097866554,-94.26183984457279,-93.84078051588776,-94.26222,-94.26221903033957
0,0.0,-35.483870967741936,74.19354838709677,-94.23245989486766,-94.28020609069627,-93.84364979555843,-94.0972,-94.29866725638718
0,0.0,-29.032258064516128,74.19354838709677,-94.2669701943735,-94.31478769357504,-93.86335083992991,-94.1461,-94.32933094279348
0,0.0,-22.580645161290334,74.19354838709677,-94.31700558964486,-94.3646613111474,-93.89884982758966,-94.22189,-94.36078532831404
0,0.0,-16.129032258064527,74.19354838709677,-94.38162727702425,-94.42892783577199,-93.94917425402836,-94.32312,-94.41479357734065
0,0.0,-9.677419354838719,74.19354838709677,-94.45993953344623,-94.5067275333394,-94.01341199653886,-94.445465,-94.51882871586673
0,0.0,-3.225806451612911,74.19354838709677,-94.55110093133115,-94.59725094214107,-94.09070968873408,-94.58256,-94.63164008783255
0,0.0,3.225806451612897,74.19354838709677,-94.65433180738658,-94.69974615085853,-94.180270580069,-94.72804,-94.71103470165984
0,0.0,9.677419354838705,74.19354838709677,-94.76891854800186,-94.81352300566421,-94.28135201164714,-94.87755,-94.77421113309941
0,0.0,16.129032258064512,74.19354838709677,-94.89421519227092,-94.93795473626682,-94.39326260744089,-95.029205,-94.85755490283161
0,0.0,22.58064516129032,74.19354838709677,-95.02964280262003,-95.07247743969118,-94.5153592566826,-95.182945,-94.98850949035024
0,0.0,29.032258064516128,74.19354838709677,-95.17468700993403,-95.21658781668134,-94.64704394613749,-95.33942,-95.16315625145332
0,0.0,35.48387096774192,74.19354838709677,-95.32889410196553,-95.3698395164286,-94.78776048849325,-95.49921,-95.3329682290611
0,0.0,41.935483870967744,74.19354838709677,-95.49186598795337,-95.53183840858588,-94.93699118384947,-95.66249,-95.49568114123632
0,0.0,48.38709677419354,74.19354838709677,-95.66325433687119,-95.70223706561154,-95.09425344431966,-95.82892,-95.72631393621324
0,0.0,54.83870967741933,74.19354838709677,-95.84275415046206,-95.88072870247807,-95.25909640636146,-95.99765,-95.95577878017842
0,0.0,61.29032258064515,74.19354838709677,-96.03009699497697,-96.06704078443855,-95.43109755115422,-96.167534,-96.09438858549862
0,0.0,67.74193548387095,74.19354838709677,-96.22504407767116,-96.26092847722175,-95.60985934981879,-96.3372,-96.17903353011947
0,0.0,74.19354838709677,74.19354838709677,-96.4273793164943,-96.46216807839085,-95.7950059473167,-96.50512,-96.31566239964047
0,0.0,80.64516129032256,74.19354838709677,-96.63690251505885,-96.6705505345628,-95.98617989635648,-96.25202,-96.25202100743805
0,0.0,87.09677419354838,74.19354838709677,-96.85342272100677,-96.88587511765704,-96.18303895053536,-97.47945,-97.47944505056117
0,0.0,93.54838709677418,74.19354838709677,-97.0767518153028,-97.10794330517446,-96.38525292422997,-96.98401,-97.29400161408446
0,0.0,100.0,74.19354838709677,-97.3066983536028,-97.33655288539686,-96.5925006254845,-97.13119,-97.28245178819351
0,0.0,-100.0,80.64516129032256,-95.18195719551653,-95.20769418024399,-95.17083342170658,-95.16453,-95.16452869935526
0,0.0,-93.54838709677419,80.64516129032256,-95.04703654829827,-95.07694857496605,-94.97575592962207,-95.16369,-95.17934934890724
0,0.0,-87.09677419354838,80.64516129032256,-94.92875044360619,-94.9623364523153,-94.80706632784788,-95.011795,-95.12358521503211
0,0.0,-80.64516129032259,80.64516129032256,-94.8278892295348,-94.86465135839657,-94.66378116140964,-94.86589,-95.02682496406453
0,0.0,-74.19354838709677,80.64516129032256,-94.74491375970317,-94.78436783814095,-94.54482582901665,-94.736946,-94.89826202128347
0,0.0,-67.74193548387098,80.64516129032256,-94.67999213916193,-94.72167620315565,-94.44907494553512,-94.6323,-94.77320403471929
0,0.0,-61.29032258064517,80.64516129032256,-94.63304438683933,-94.67652512121789,-94.37538276766085,-94.55499,-94.68864847839274
0,0.0,-54.83870967741936,80.64516129032256,-94.60378921133234,-94.64866642902678,-94.32260581923053,-94.50492,-94.65209158031027
0,0.0,-48.38709677419355,80.64516129032256,-94.59178914480015,-94.63769851673126,-94.28961945435466,-94.48065,-94.64300833908283
0,0.0,-41.935483870967744,80.64516129032256,-94.59649183270123,-94.64310612026851,-94.27532974094377,-94.48108,-94.64101094990536
0,0.0,-35.483870967741936,80.64516129032256,-94.61726637016005,-94.6642954129191,-94.27868174757053,-94.50616,-94.63460590737637
0,0.0,-29.032258064516128,80.64516129032256,-94.65343429661138,-94.7006239897455,-94.29866507303134,-94.61549,-94.6154999263684
0,0.0,-22.580645161290334,80.64516129032256,-94.70429530572852,-94.75142577707517,-94.33431726460421,-94.633446,-94.60022495877368
0,0.0,-16.129032258064527,80.64516129032256,-94.76914798242805,-94.81603115343586,-94.384725619997,-94.45877,-94.45877234211156
0,0.0,-9.677419354838719,80.64516129032256,-94.84730600911382,-94.89378270101403,-94.44902775143,-94.85694,-94.72110637511379
0,0.0,-3.225806451612911,80.64516129032256,-94.9381103368272,-94.98404706319876,-94.52641120112426,-94.99332,-94.84831067131998
0,0.0,3.225806451612897,80.64516129032256,-95.04093782560415,-95.08622339506664,-94.61611232964952,-95.13771,-94.95279601280087
0,0.0,9.677419354838705,80.64516129032256,-95.15520684235153,-95.19974887957481,-94.71741464724451,-95.28578,-95.041007943848
0,0.0,16.129032258064512,80.64516129032256,-95.28038027599109,-95.32410175479544,-94.82964671945565,-95.43563,-95.139637921934
0,0.0,22.58064516129032,80.64516129032256,-95.4159663950816,-95.45880226355082,-94.95217974917892,-95.58715,-95.27036161245991
0,0.0,29.032258064516128,80.64516129032256,-95.56151793595552,-95.60341189988526,-95.08442491507682,-95.74097,-95.43542840348456
0,0.0,35.48387096774192,80.64516129032256,-95.71662977109185,-95.75753128870637,-95.22583052956206,-95.89767,-95.62349330972981
0,0.0,41.935483870967744,80.64516129032256,-95.88093546862737,-95.92079699647525,-95.3758790667085,-96.057396,-95.84430828731183
0,0.0,48.38709677419354,80.64516129032256,-96.05410301493053,-96.0928775325213,-95.53408410055832,-96.219826,-96.11307649006963
0,0.0,54.83870967741933,80.64516129032256,-96.23582993339016,-96.27346876280576,-95.69998718655867,-96.48595,-96.48595158565288
0,0.0,61.29032258064515,80.64516129032256,-96.42583799447685,-96.46228892124952,-95.87315471275956,-96.54933,-96.51783756246434
0,0.0,67.74193548387095,80.64516129032256,-96.62386767537454,-96.65907336863725,-96.05317474253481,-96.713936,-96.59991019645184
0,0.0,74.19354838709677,80.64516129032256,-96.82967249271648,-96.86356921622937,-96.23965386669725,-96.568924,-96.56892960192324
0,0.0,80.64516129032256,80.64516129032256,-97.04301329996612,-97.07552990119169,-96.4322140798042,-97.03574,-97.00761850999586
0,0.0,87.09677419354838,80.64516129032256,-97.2636526124016,-97.29470977434659,-96.63048969309929,-97.190125,-97.37292485869189
0,0.0,93.54838709677418,80.64516129032256,-97.49134899809796,-97.5208587380883,-96.83412429486276,-97.33848,-97.54067281809532
0,0.0,100.0,80.64516129032256,-97.72585155324666,-97.75371695398644,-97.04276776797096,-97.47978,-97.48619065295252
0,0.0,-100.0,87.09677419354838,-95.39825333276269,-95.42667128083158,-95.60568026942704,-95.612015,-95.4789613117052
0,0.0,-93.54838709677419,87.09677419354838,-95.29135088192527,-95.32343411247624,-95.4214389199696,-95.502075,-95.50207286858118
0,0.0,-87.09677419354838,87.09677419354838,-95.19797146129088,-95.23327840792462,-95.26146098342255,-95.34691,-95.45126318639653
0,0.0,-80.64516129032259,87.09677419354838,-95.1189008226153,-95.15699850532383,-95.12509637862746,-95.2171,-95.37266312597802
0,0.0,-74.19354838709677,87.09677419354838,-95.05471257757655,-95.09518210162372,-95.01156309523829,-95.10268,-95.24757914703713
0,0.0,-67.74193548387098,87.09677419354838,-95.00576993553497,-95.048211460715,-94.91999025323148,-95.010315,-95.12108574680623
0,0.0,-61.29032258064517,87.09677419354838,-94.97224102954067,-95.01627785519644,-94.84945209245056,-94.94287,-95.04122582754405
0,0.0,-54.83870967741936,87.09677419354838,-94.9541223928135,-94.99940399748267,-94.79899441689822,-95.03146,-95.03146405906789
0,0.0,-48.38709677419355,87.09677419354838,-94.95126638001871,-94.99747038919429,-94.76765487980046,-94.88173,-94.99756879384745
0,0.0,-41.935483870967744,87.09677419354838,-94.96340950163247,-95.0102426422551,-94.7544783066396,-94.88616,-94.98125162345355
0,0.0,-35.483870967741936,87.09677419354838,-94.99019963477878,-95.03739778318,-94.75852805707501,-94.91397,-94.95853229362044
0,0.0,-29.032258064516128,87.09677419354838,-95.0312208535901,-95.07854830632022,-94.77889424455995,-94.96628,-94.93189778380712
0,0.0,-22.580645161290334,87.09677419354838,-95.08601519738241,-95.1332633009896,-94.81469947357924,-95.04386,-94.91122575863848
0,0.0,-16.129032258064527,87.09677419354838,-95.1541010982408,-95.20108637120138,-94.86510262105121,-95.14555,-94.92547095534917
0,0.0,-9.677419354838719,87.09677419354838,-95.23498845883786,-95.281550330797,-94.92930107923209,-95.267296,-94.99979859415065
0,0.0,-3.225806451612911,87.09677419354838,-95.32819054155493,-95.37418882438182,-95.0065317896325,-95.40292,-95.10104400063162
0,0.0,3.225806451612897,87.09677419354838,-95.43323292997462,-95.47854512331101,-95.09607132764806,-95.5462,-95.1980518991394
0,0.0,9.677419354838705,87.09677419354838,-95.54965987558765,-95.59417839729021,-95.1972352426168,-95.69278,-95.29071056693527
0,0.0,16.129032258064512,87.09677419354838,-95.67703836196914,-95.72066778149232,-95.30937681492112,-95.84076,-95.39464125748465
0,0.0,22.58064516129032,87.09677419354838,-95.81496021685945,-95.85761455741398,-95.43188535809675,-95.98999,-95.52550656839497
0,0.0,29.032258064516128,87.09677419354838,-95.96304258705561,-96.00464275048557,-95.56418416763876,-96.14107,-95.69124590875666
0,0.0,35.48387096774192,87.09677419354838,-96.12092706689504,-96.16139842384881,-95.70572819768427,-96.29457,-95.89611916335014
0,0.0,41.935483870967744,87.09677419354838,-96.28827774181688,-96.32754791916966,-95.85600153068648,-96.45066,-96.1490810092047
0,0.0,48.38709677419354,87.09677419354838,-96.4647783764444,-96.5027752642967,-96.0145146925712,-96.609024,-96.44571891948144
0,0.0,54.83870967741933,87.09677419354838,-96.65012894357957,-96.68677893573343,-96.18080185593143,-96.76889,-96.73353523791862
0,0.0,61.29032258064515,87.09677419354838,-96.84404165778831,-96.87926813258679,-96.35441796597098,-96.929214,-96.95187399917204
0,0.0,67.74193548387095,87.09677419354838,-97.04623664594187,-97.07995868887951,-96.53493581775022,-97.088684,-97.10969333020246
0,0.0,74.19354838709677,87.09677419354838,-97.25643735805386,-97.28856872370588,-96.72194310851734,-97.245926,-97.25851105735573
0,0.0,80.64516129032256,87.09677419354838,-97.47436579572722,-97.50481410432336,-96.91503948532139,-97.35001,-97.35001830186246
0,0.0,87.09677419354838,87.09677419354838,-97.69973761312366,-97.72840377645252,-97.11383360557471,-97.77496,-97.77496363233706
0,0.0,93.54838709677418,87.09677419354838,-97.93225712709781,-97.95903499927658,-97.3179402266962,-97.69066,-97.7210079309298
0,0.0,100.0,87.09677419354838,-98.17161225943948,-98.19638851027783,-97.52697734037882,-97.82605,-97.60868686294828
0,0.0,-100.0,93.54838709677418,-95.59097703622697,-95.62210880132426,-96.06361233048518,-95.905525,-95.71187029692504
0,0.0,-93.54838709677419,93.54838709677418,-95.51003505817654,-95.54451286944584,-95.89281667556088,-95.79138,-95.73872916328281
0,0.0,-87.09677419354838,93.54838709677418,-95.44067830526393,-95.47806756051513,-95.74389685811518,-95.67241,-95.73932881147839
0,0.0,-80.64516129032259,93.54838709677418,-95.38350720035494,-95.42339261862075,-95.61653185967346,-95.55835,-95.67470239139526
0,0.0,-74.19354838709677,93.54838709677418,-95.33902831638412,-95.38101529702197,-95.51023890780357,-95.544426,-95.54442675974032
0,0.0,-67.74193548387098,93.54838709677418,-95.30763236589999,-95.3513485155647,-95.42441499077145,-95.37782,-95.38743159172904
0,0.0,-61.29032258064517,93.54838709677418,-95.28958628761819,-95.33468279616852,-95.35837139204334,-95.32005,-95.30657132460263
0,0.0,-54.83870967741936,93.54838709677418,-95.28503573933972,-95.33118839544858,-95.31136187403482,-95.284996,-95.2853452880758
0,0.0,-48.38709677419355,93.54838709677418,-95.2940146319702,-95.34092436264622,-95.28260530179183,-95.30868,-95.30867805245357
0,0.0,-41.935483870967744,93.54838709677418,-95.31645888581932,-95.36385177648776,-95.27130352379474,-95.28029,-95.27131882927785
0,0.0,-35.483870967741936,93.54838709677418,-95.3522222030111,-95.399849006683,-95.2766552798499,-95.310814,-95.25666669056096
0,0.0,-29.032258064516128,93.54838709677418,-95.40109223253387,-95.44872741090204,-95.29786682379365,-95.36485,-95.2479210716161
0,0.0,-22.580645161290334,93.54838709677418,-95.4628060077229,-95.51024636758598,-95.33415985478571,-95.44338,-95.25353982070283
0,0.0,-16.129032258064527,93.54838709677418,-95.53706394240793,-95.58412694126625,-95.38477725831179,-95.545364,-95.2781524703295
0,0.0,-9.677419354838719,93.54838709677418,-95.6235419833358,-95.67006378134084,-95.44898707329816,-95.66688,-95.31851688379042
0,0.0,-3.225806451612911,93.54838709677418,-95.72190174421677,-95.7677350781895,-95.5260850276587,-95.801834,-95.37421467558013
0,0.0,3.225806451612897,93.54838709677418,-95.83179860576655,-95.87681055639797,-95.61539592169852,-95.94402,-95.44140310956746
0,0.0,9.677419354838705,93.54838709677418,-95.95288787128791,-95.9969575880738,-95.71627408642982,-96.08914,-95.52022163916668
0,0.0,16.129032258064512,93.54838709677418,-96.08482913178925,-96.127845572568,-95.82810310084626,-96.23527,-95.61829301580657
0,0.0,22.58064516129032,93.54838709677418,-96.22728902919715,-96.26914876295459,-95.95029491721309,-96.38223,-95.74575011784907
0,0.0,29.032258064516128,93.54838709677418,-96.37994261939085,-96.42054773273408,-96.08228851512845,-96.5306,-95.91133910011084
0,0.0,35.48387096774192,93.54838709677418,-96.54247353513333,-96.58172967487965,-96.22354818234885,-96.68092,-96.12285256471748
0,0.0,41.935483870967744,93.54838709677418,-96.7145731374015,-96.75238771437593,-96.37356150207039,-96.37117,-96.37117766416497
0,0.0,48.38709677419354,93.54838709677418,-96.89593882586405,-96.93221939849677,-96.53183711174847,-96.98772,-96.70281247107106
0,0.0,54.83870967741933,93.54838709677418,-97.0862716580661,-97.12092450891686,-96.69790228687373,-97.143166,-97.03171087118005
0,0.0,61.29032258064515,93.54838709677418,-97.28527340437347,-97.31820231843346,-96.8713003939215,-97.298706,-97.33836312635704
0,0.0,67.74193548387095,93.54838709677418,-97.49264314350292,-97.52374839410955,-97.05158824952262,-97.45312,-97.60476507474206
0,0.0,74.19354838709677,93.54838709677418,-97.70807348274802,-97.73725102924789,-97.23833341748075,-97.60504,-97.7998448781591
0,0.0,80.64516129032256,93.54838709677418,-97.9312464687927,-97.95838736968021,-97.43111147135812,-97.75313,-97.89568328057186
0,0.0,87.09677419354838,93.54838709677418,-98.16182924009601,-98.18681928617742,-97.62950324783174,-97.89612,-97.91802967560754
0,0.0,93.54838709677418,93.54838709677418,-98.39946946091226,-98.42218903499568,-97.8330921147794,-98.03287,-97.83874369234839
0,0.0,100.0,93.54838709677418,-98.64379057072271,-98.6641147432479,-98.04146127803227,-98.162445,-97.66134511383841
0,0.0,-100.0,100.0,-95.78026458456563,-95.81280328489031,-96.53431363604628,-96.18396,-95.88732300341803
0,0.0,-93.54838709677419,100.0,-95.72167346521424,-95.75744896745664,-96.37966251029067,-96.08489,-95.92992050123706
0,0.0,-87.09677419354838,100.0,-95.67381243298863,-95.71236261257054,-96.244351937834,-95.98156,-95.94808143349248
0,0.0,-80.64516129032259,100.0,-95.63700718995604,-95.67789932275944,-96.12835120480702,-96.01158,-96.01157730013665
0,0.0,-74.19354838709677,100.0,-95.61158376124637,-95.6544136481942,-96.03145593193923,-95.79608,-95.74383997412735
0,0.0,-67.74193548387098,100.0,-95.59783604851603,-95.64222735003992,-95.95332295108688,-95.48587,-95.48586781451499
0,0.0,-61.29032258064517,100.0,-95.59600457346664,-95.64160819447223,-95.89350137259666,-95.6789,-95.50426531825485
0,0.0,-54.83870967741936,100.0,-95.60626468186543,-95.65275808414283,-95.85145945711064,-95.65105,-95.48897926937721
0,0.0,-48.38709677419355,100.0,-95.62872221820408,-95.67580857671496,-95.82660732413721,-95.643295,-95.49466959454872
0,0.0,-41.935483870967744,100.0,-95.66341470311,-95.71082185917611,-95.81831576998769,-95.65558,-95.49917851757652
0,0.0,-35.483870967741936,100.0,-95.71031624341182,-95.75779543841314,-95.82593158721578,-95.68881,-95.504616768141
0,0.0,-29.032258064516128,100.0,-95.76934469085688,-95.8166690875858,-95.84878981993924,-95.74462,-95.52039006014087
0,0.0,-22.580645161290334,100.0,-95.84036987674895,-95.88733289229062,-95.88622338526854,-95.82414,-95.55121306680275
0,0.0,-16.129032258064527,100.0,-95.92322204599563,-95.969635530798,-95.93757046133298,-95.65739,-95.65738766592887
0,0.0,-9.677419354838719,100.0,-96.01769987342527,-96.06339217719741,-96.0021800006099,-96.04787,-95.60158188776558
0,0.0,-3.225806451612911,100.0,-96.12357765890908,-96.16839162624305,-96.07941568165188,-96.182236,-95.62108367518022
0,0.0,3.225806451612897,100.0,-96.2406114652987,-96.28440240342974,-96.16865856770785,-96.323456,-95.6587509292576
0,0.0,9.677419354838705,100.0,-96.36854408852335,-96.41117774725612,-96.26930869964912,-96.467224,-95.71856842882437
0,0.0,16.129032258064512,100.0,-96.50710883858325,-96.54845943878506,-96.3807858141673,-96.611595,-95.80517822451853
0,0.0,22.58064516129032,100.0,-96.65603217033498,-96.6959805130802,-96.50252934669155,-96.75638,-95.9252531486062
0,0.0,29.032258064516128,100.0,-96.81503524024544,-96.85346692413535,-96.63399785168934,-96.902145,-96.08636119912066
0,0.0,35.48387096774192,100.0,-96.98383448534116,-97.02063825506313,-96.77466795058746,-97.049416,-96.2963258283642
0,0.0,41.935483870967744,100.0,-97.16214132807069,-97.19720757320515,-96.92403289895181,-97.198395,-96.56177304622517
0,0.0,48.38709677419354,100.0,-97.34966110966,-97.38288052929354,-97.0816008493518,-97.3488,-96.88029662245363
0,0.0,54.83870967741933,100.0,-97.54609134781923,-97.57735379387188,-97.24689287401984,-97.499985,-97.23234133631819
0,0.0,61.29032258064515,100.0,-97.75111940488274,-97.78031291529766,-97.41944080164313,-97.65092,-97.59243659671586
0,0.0,67.74193548387095,100.0,-97.96441964157094,-97.99142967373893,-97.59878491506483,-97.80044,-97.92697128995255
0,0.0,74.19354838709677,100.0,-98.18565012117182,-98.21035899615934,-97.7844715510801,-98.44237,-98.44236543016976
0,0.0,80.64516129032256,100.0,-98.4144489203424,-98.43673548965162,-97.97605063968915,-98.09004,-98.1613399314921
0,0.0,87.09677419354838,100.0,-98.65043009706775,-98.67016964566851,-98.17307321797398,-98.227585,-98.04844536535248
0,0.0,93.54838709677418,100.0,-98.89317936456021,-98.91024376665898,-98.37508895307734,-98.3588,-97.8699563723557
0,0.0,100.0,100.0,-99.1422495229675,-99.1565076701772,-98.58164370948262,-98.48279,-97.64451478426525
1,60.0,-100.0,-100.0,-104.60096511589444,-104.55412859651325,-104.34669251697778,-105.22266,-101.26590191620232
1,60.0,-93.54838709677419,-100.0,-104.59770065010277,-104.55162163249041,-104.56048117123522,-105.29435,-102.11881331285036
1,60.0,-87.09677419354838,-100.0,-104.63624172872582,-104.59688531971648,-104.76144227893667,-105.351654,-102.92861757989536
1,60.0,-80.64516129032259,-100.0,-104.72041700065304,-104.69174783405461,-104.90364494158658,-105.38373,-103.5749893186476
1,60.0,-74.19354838709677,-100.0,-104.83748236621204,-104.82091342351177,-104.93874494444518,-105.37738,-103.95944528837498
1,60.0,-67.74193548387098,-100.0,-104.95457997499415,-104.94891327385923,-104.82839981267503,-105.31754,-104.1401349720587
1,60.0,-61.29032258064517,-100.0,-105.0197561524228,-105.02161056444224,-104.55663569915811,-105.18724,-104.20668370366143
1,60.0,-54.83870967741936,-100.0,-104.97155607501591,-104.97642450802337,-104.13435572445908,-104.968506,-104.23522412635977
1,60.0,-48.38709677419355,-100.0,-104.75879151270675,-104.7626252058332,-103.59290198955107,-104.645905,-104.23091142169159
1,60.0,-41.935483870967744,-100.0,-104.36244068948069,-104.36300916468561,-102.97180329407351,-104.41835,-104.41835171550267
1,60.0,-35.483870967741936,-100.0,-103.80389162000361,-103.80102171346535,-102.30831237637409,-103.70862,-103.7086246122428
1,60.0,-29.032258064516128,-100.0,-103.1328733457243,-103.12760617322324,-101.63224486048279,-103.08994,-102.91728702530415
1,60.0,-22.580645161290334,-100.0,-102.40626909796458,-102.39981677961285,-100.96523411383862,-102.44803,-102.20049257144174
1,60.0,-16.129032258064527,-100.0,-101.67253612478676,-101.66568936710506,-100.32212913720033,-101.73135,-101.73136057511408
1,60.0,-9.677419354838719,-100.0,-100.96623037683204,-100.95924522648063,-99.71285860980991,-101.07413,-100.72162887308062
1,60.0,-3.225806451612911,-100.0,-100.3091526643658,-100.30187805965446,-99.14400541188974,-100.37883,-99.99579389643087
1,60.0,3.225806451612897,-100.0,-99.71374728386465,-99.70580175167002,-98.61991995851858,-99.73013,-99.37970579362906
1,60.0,9.677419354838705,-100.0,-99.18637127639317,-99.17728531195571,-98.14344365142313,-99.16802,-98.90521284031423
1,60.0,16.129032258064512,-100.0,-98.72970213231275,-98.71900966797794,-97.7163674924023,-98.71106,-98.5244620230283
1,60.0,22.58064516129032,-100.0,-98.34430156506184,-98.3315897357626,-97.3397305476616,-98.356445,-98.185185727045
1,60.0,29.032258064516128,-100.0,-98.029559311044,-98.01449064653754,-97.01402655191819,-98.09068,-97.95174071471013
1,60.0,35.48387096774192,-100.0,-97.7842346944588,-97.76655330415446,-96.7393565061528,-97.95396,-97.95396174514714
1,60.0,41.935483870967744,-100.0,-97.60675499856988,-97.58628423858518,-96.51554551108673,-97.76657,-97.53550120505787
1,60.0,48.38709677419354,-100.0,-97.49537430565141,-97.47200990951221,-96.34223166814557,-97.684875,-97.29608593756888
1,60.0,54.83870967741933,-100.0,-97.44825670856089,-97.42195691285391,-96.2189305219604,-97.6456,-97.13011699455684
1,60.0,61.29032258064515,-100.0,-97.46352194928966,-97.43429470651377,-96.14507743414237,-97.64261,-97.0824632060441
1,60.0,67.74193548387095,-100.0,-97.53927507889435,-97.50716184577756,-96.12005054616306,-97.670525,-97.16700778700384
1,60.0,74.19354838709677,-100.0,-97.67363076921299,-97.6386864178279,-96.14317748667382,-97.72392,-97.35850450888834
1,60.0,80.64516129032256,-100.0,-97.86473485491459,-97.82700383165445,-96.21372916695249,-97.796974,-97.59050169735087
1,60.0,87.09677419354838,-100.0,-98.1107790823778,-98.07026890619824,-96.33090372036503,-97.8833,-97.78933517198897
1,60.0,93.54838709677418,-100.0,-98.40999918786522,-98.36665360269447,-96.49380291479773,-97.976395,-97.92301752762882
1,60.0,100.0,-100.0,-98.76064104731525,-98.71431649129326,-96.70140232539416,-98.10034,-98.10034166919236
1,60.0,-100.0,-93.54838709677419,-104.5156690800752,-104.47047879822074,-104.43048358009841,-105.23256,-101.8933431984753
1,60.0,-93.54838709677419,-93.54838709677419,-104.52425714425789,-104.48605332845429,-104.62886954723572,-105.25012,-102.79143316588419
1,60.0,-87.09677419354838,-93.54838709677419,-104.59040796456117,-104.56356707826204,-104.78215415356081,-105.248276,-103.62778133970265
1,60.0,-80.64516129032259,-93.54838709677419,-104.70836576141757,-104.69419317108274,-104.84041021088854,-104.625244,-104.6252430032329
1,60.0,-74.19354838709677,-93.54838709677419,-104.84925925923218,-104.84587667550147,-104.76106786069755,-105.14777,-104.58517859149302
1,60.0,-67.74193548387098,-93.54838709677419,-104.95938861640026,-104.9622583623966,-104.52237539922743,-104.78768,-104.78768111424594
1,60.0,-61.29032258064517,-93.54838709677419,-104.96730041787654,-104.97063572503961,-104.12992875570657,-104.82741,-104.59873328387438
1,60.0,-54.83870967741936,-93.54838709677419,-104.80471096282913,-104.80372335223211,-103.61170745132239,-104.54121,-104.47037724610573
1,60.0,-48.38709677419355,-93.54838709677419,-104.43588039681302,-104.42874166292155,-103.00587358200696,-104.14905,-104.28989690334029
1,60.0,-41.935483870967744,-93.54838709677419,-103.87488115110082,-103.86286480935995,-102.34949853601191,-103.64788,-103.9602679159797
1,60.0,-35.483870967741936,-93.54838709677419,-103.17535333652711,-103.16121069310354,-101.67266983308878,-103.05556,-103.38168937782591
1,60.0,-29.032258064516128,-93.54838709677419,-102.4035871056241,-102.38977801857672,-100.99744623477697,-102.40552,-102.62307145914104
1,60.0,-22.580645161290334,-93.54838709677419,-101.61680297222472,-101.60468377022333,-100.33924555827528,-101.786575,-101.78657587531745
1,60.0,-16.129032258064527,-93.54838709677419,-100.85520308761802,-100.84506112366385,-99.70876113941486,-101.0341,-101.02812374957261
1,60.0,-9.677419354838719,-93.54838709677419,-100.14339370736592,-100.13481263421176,-99.11353223975144,-100.334595,-100.24046960063441
1,60.0,-3.225806451612911,-93.54838709677419,-99.49487276684025,-99.48709410226283,-98.5589836964204,-99.62144,-99.62144286583369
1,60.0,3.225806451612897,-93.54838709677419,-98.91621712957195,-98.90838956879563,-98.04904224220834,-99.01923,-98.88472801641372
1,60.0,9.677419354838705,-93.54838709677419,-98.41003722609024,-98.40135617885937,-97.58649530468423,-98.47575,-98.42236394550591
1,60.0,16.129032258064512,-93.54838709677419,-97.97680214406668,-97.96657288825816,-97.17322223900464,-98.440315,-98.44031060100056
1,60.0,22.58064516129032,-93.54838709677419,-97.61587920279788,-97.60353578410323,-96.81037341380838,-97.5172,-97.5171919669007
1,60.0,29.032258064516128,-93.54838709677419,-97.32609054362862,-97.31119312779917,-96.49852945271014,-97.4442,-97.50149616614378
1,60.0,35.48387096774192,-93.54838709677419,-97.1059928701529,-97.08821711469186,-96.23784752101048,-97.2652,-97.3401317231427
1,60.0,41.935483870967744,-93.54838709677419,-96.95400617902118,-96.93313139468124,-96.02819052227568,-97.14717,-97.138235250835
1,60.0,48.38709677419354,-93.54838709677419,-96.86846451391091,-96.84436291645889,-95.86923295150149,-97.08077,-96.92278245785742
1,60.0,54.83870967741933,-93.54838709677419,-96.8476306777086,-96.82025736945374,-95.76053932825008,-97.0589,-96.76748417182833
1,60.0,61.29032258064515,-93.54838709677419,-96.88969930978102,-96.85908126729774,-95.70161457718342,-97.07585,-96.73497681687543
1,60.0,67.74193548387095,-93.54838709677419,-96.99280240491306,-96.95902431436741,-95.69192877915651,-97.12634,-96.85433519400506
1,60.0,74.19354838709677,-93.54838709677419,-97.15502417867708,-97.11820922613094,-95.73092067290658,-97.20474,-97.10110722624512
1,60.0,80.64516129032256,-93.54838709677419,-97.37442599725996,-97.33471055671905,-95.81798500902613,-97.50774,-97.50773624029372
1,60.0,87.09677419354838,-93.54838709677419,-97.64907595598267,-97.60657842633798,-95.95244851712664,-97.41871,-97.62836211616306
1,60.0,93.54838709677418,-93.54838709677419,-97.9770714033606,-97.93185711381453,-96.13353814676076,-97.53946,-97.78324643566751
1,60.0,100.0,-93.54838709677419,-98.35653641723752,-98.30858239553258,-96.36034369948482,-97.65984,-97.81945474511174
1,60.0,-100.0,-87.09677419354838,-104.42887349364904,-104.39134475277041,-104.48967211782369,-105.22868,-102.45061800726603
1,60.0,-93.54838709677419,-87.09677419354838,-104.46679131087207,-104.44110742903828,-104.65037761128498,-105.1888,-103.31834106226952
1,60.0,-87.09677419354838,-87.09677419354838,-104.57327004611446,-104.56092429767179,-104.73073249234392,-105.12421,-104.05780323149322
1,60.0,-80.64516129032259,-87.09677419354838,-104.72609473246705,-104.72471619878357,-104.68424010958749,-105.02789,-104.57680917323319
1,60.0,-74.19354838709677,-87.09677419354838,-104.87321731870378,-104.8770936606677,-104.48311208857248,-104.8901,-104.81132123133716
1,60.0,-67.74193548387098,-87.09677419354838,-104.93625099758894,-104.93803679338745,-104.12701457238398,-104.69743,-104.80139014568834
1,60.0,-61.29032258064517,-87.09677419354838,-104.83034866091347,-104.82411510364597,-103.6399178068007,-104.432465,-104.61542068169493
1,60.0,-54.83870967741936,-87.09677419354838,-104.50003386751644,-104.48419903432921,-103.05808169081234,-104.075516,-104.32160721308782
1,60.0,-48.38709677419355,-87.09677419354838,-103.94794596849549,-103.92552762018775,-102.41786951746114,-103.97023,-103.97023396504844
1,60.0,-41.935483870967744,-87.09677419354838,-103.22955268173507,-103.20552208301051,-101.74902225841556,-103.03708,-103.42330737944286
1,60.0,-35.483870967741936,-87.09677419354838,-102.42063511549301,-102.39906462407866,-101.07336124309859,-102.37779,-102.75057260181525
1,60.0,-29.032258064516128,-87.09677419354838,-101.5878261613631,-101.57074151985448,-100.40631499102176,-101.67319,-101.94781291770215
1,60.0,-22.580645161290334,-87.09677419354838,-100.77725590197005,-100.76489720828457,-99.75902577805934,-100.958145,-101.0911098894344
1,60.0,-16.129032258064527,-87.09677419354838,-100.01622691665139,-100.00776275978667,-99.13996836064888,-100.24809,-100.23840817104929
1,60.0,-9.677419354838719,-87.09677419354838,-99.31904365534892,-99.31319050451604,-98.5558749399835,-99.54944,-99.43276914798646
1,60.0,-3.225806451612911,-87.09677419354838,-98.6923019381982,-98.687712852811,-98.01214560060437,-98.87905,-98.71972132631126
1,60.0,3.225806451612897,-87.09677419354838,-98.13845740688436,-98.13391628749925,-97.51299693861397,-98.0669,-98.06689762749299
1,60.0,9.677419354838705,-87.09677419354838,-97.65790608497981,-97.65239753959492,-97.0615375754933,-97.74577,-97.64416864151036
1,60.0,16.129032258064512,-87.09677419354838,-97.25008751383713,-97.24280039877522,-96.65986705603386,-97.32539,-97.32792518157856
1,60.0,22.58064516129032,-87.09677419354838,-96.91402563264603,-96.90432867936791,-96.30922357971596,-97.00295,-97.07770084492716
1,60.0,29.032258064516128,-87.09677419354838,-96.64857149051022,-96.6359830535147,-96.01016715440223,-96.76628,-96.90038556766025
1,60.0,35.48387096774192,-87.09677419354838,-96.45249557484908,-96.43665813563793,-95.76277149054565,-96.60219,-96.75815513386267
1,60.0,41.935483870967744,-87.09677419354838,-96.32450634208723,-96.30516922542411,-95.56679961142905,-96.49964,-96.59370847756769
1,60.0,48.38709677419354,-87.09677419354838,-96.26323413722245,-96.24024374607512,-95.4218461519153,-96.450195,-96.40974902480187
1,60.0,54.83870967741933,-87.09677419354838,-96.26720252597451,-96.2404972325727,-95.32743843761644,-96.447464,-96.26295445162441
1,60.0,61.29032258064515,-87.09677419354838,-96.33480174613169,-96.30440764429432,-95.2830961117887,-96.486206,-96.23607277863252
1,60.0,67.74193548387095,-87.09677419354838,-96.46427504341192,-96.4302986333093,-95.28835435398337,-96.561264,-96.38056688515597
1,60.0,74.19354838709677,-87.09677419354838,-96.6537247705407,-96.61633911227469,-95.3427585221354,-96.66678,-96.66604310041926
1,60.0,80.64516129032256,-87.09677419354838,-96.90114002350154,-96.86056190877554,-95.44583869619301,-96.79567,-97.00100679292416
1,60.0,87.09677419354838,-87.09677419354838,-97.20444111088305,-97.16089836310698,-95.59707165461546,-96.93976,-97.2911381618635
1,60.0,93.54838709677418,-87.09677419354838,-97.5615286623343,-97.51521875066133,-95.79583586846782,-97.09036,-97.48774266538578
1,60.0,100.0,-87.09677419354838,-97.97031724196125,-97.92136085514932,-96.04136267937261,-97.239334,-97.56092159331862
1,60.0,-100.0,-80.64516129032259,-104.35809896820857,-104.33280124506055,-104.51229627370756,-105.20645,-102.96064235872419
1,60.0,-93.54838709677419,-80.64516129032259,-104.43983254998521,-104.42861489496735,-104.61292532250168,-105.10817,-103.7600253870948
1,60.0,-87.09677419354838,-80.64516129032259,-104.5901389197449,-104.59050070265297,-104.60032145682263,-104.97984,-104.34594387981414
1,60.0,-80.64516129032259,-80.64516129032259,-104.76235269035443,-104.76756426398256,-104.44021242416466,-104.55082,-104.55081608798558
1,60.0,-74.19354838709677,-80.64516129032259,-104.8752918923407,-104.87624213391476,-104.12555285686446,-104.61041,-104.79802563934733
1,60.0,-67.74193548387098,-80.64516129032259,-104.82977663943646,-104.81883393044657,-103.67575928020243,-104.34897,-104.67153716607109
1,60.0,-61.29032258064517,-80.64516129032259,-104.54858556703108,-104.52391534482764,-103.12503996621659,-104.01465,-104.35387437449356
1,60.0,-54.83870967741936,-80.64516129032259,-104.01824963421302,-103.98466132729237,-102.50896040180136,-103.959206,-103.9592100333642
1,60.0,-48.38709677419355,-80.64516129032259,-103.29288000656479,-103.25805614639751,-101.8565181704026,-103.27162,-103.2716150027599
1,60.0,-41.935483870967744,-80.64516129032259,-102.45727322172405,-102.42736656530096,-101.18853835562696,-102.4048,-102.68180719816056
1,60.0,-35.483870967741936,-80.64516129032259,-101.58801380985899,-101.56592277132773,-100.51957380145382,-101.679955,-101.93413983156685
1,60.0,-29.032258064516128,-80.64516129032259,-100.7373906043421,-100.72328722639739,-99.86051813682842,-100.922585,-101.10213190371178
1,60.0,-22.580645161290334,-80.64516129032259,-99.93517606129873,-99.92768857733809,-99.22048454213218,-100.17297,-100.22634915331889
1,60.0,-16.129032258064527,-80.64516129032259,-99.19609478071166,-99.19327546545244,-98.6076488410406,-99.44841,-99.35424667448356
1,60.0,-9.677419354838719,-80.64516129032259,-98.52646208961528,-98.52636257069143,-98.02934127421602,-98.40431,-98.40431359913953
1,60.0,-3.225806451612911,-80.64516129032259,-97.92845809243016,-97.92939388307319,-97.49181050446788,-98.09943,-97.87942830456441
1,60.0,3.225806451612897,-80.64516129032259,-97.40244422663551,-97.40306782734064,-96.99998307836366,-97.5113,-97.30776899032911
1,60.0,9.677419354838705,-80.64516129032259,-96.94806454241086,-96.94734064000473,-96.55737539397578,-96.60211,-96.60211985873002
1,60.0,16.129032258064512,-80.64516129032259,-96.56470795426094,-96.56185141629267,-96.16618232166346,-96.38649,-96.38649355807578
1,60.0,22.58064516129032,-80.64516129032259,-96.25167741994694,-96.2460884830402,-95.8274958375134,-96.31096,-96.40802375736979
1,60.0,29.032258064516128,-80.64516129032259,-96.00823895858903,-95.99945186430611,-95.54158679835554,-96.0915,-96.26267393029585
1,60.0,35.48387096774192,-80.64516129032259,-95.83362145931858,-95.82127157613478,-95.30819085374344,-95.943924,-96.13365724807505
1,60.0,41.935483870967744,-80.64516129032259,-95.72699051837814,-95.71079880081903,-95.1267576773897,-95.85834,-95.9960217625545
1,60.0,48.38709677419354,-80.64516129032259,-95.68740445936902,-95.66717509644394,-94.99664142880506,-95.82727,-95.83493277123806
1,60.0,54.83870967741933,-80.64516129032259,-95.7137606318145,-95.6893865214862,-94.91722566076682,-95.84512,-95.68232907201227
1,60.0,61.29032258064515,-80.64516129032259,-95.80474373420563,-95.77621411563692,-94.88798676174935,-95.907074,-95.64616454472512
1,60.0,67.74193548387095,-80.64516129032259,-95.95878961643109,-95.92619437626708,-94.90850661694677,-96.00813,-95.81540116537266
1,60.0,74.19354838709677,-80.64516129032259,-96.17407601360257,-96.13760174884763,-94.97844804986022,-96.142204,-96.14208230129972
1,60.0,80.64516129032256,-80.64516129032259,-96.44854621145922,-96.4084601542229,-95.09750653005153,-96.490204,-96.49019906967521
1,60.0,87.09677419354838,-80.64516129032259,-96.77996368941251,-96.73658322179394,-95.26534948402421,-96.47705,-96.8764059463767
1,60.0,93.54838709677418,-80.64516129032259,-97.16598628520346,-97.11963410077783,-95.4815512214853,-96.65886,-97.12983925099232
1,60.0,100.0,-80.64516129032259,-97.60423819123596,-97.55518615782911,-95.74552776408565,-96.83772,-97.25437463347316
1,60.0,-100.0,-74.19354838709677,-104.31778415474425,-104.30679821493896,-104.48957194851249,-105.16005,-103.43481240597171
1,60.0,-93.54838709677419,-74.19354838709677,-104.44952036555931,-104.45118362706364,-104.51116206309786,-105.00431,-104.17080375212463
1,60.0,-87.09677419354838,-74.19354838709677,-104.63155961555,-104.63852240222899,-104.39490245719249,-104.8134,-104.60995833330591
1,60.0,-80.64516129032259,-74.19354838709677,-104.78490562349455,-104.78627760709587,-104.1257745406452,-104.58449,-104.77784797493484
1,60.0,-74.19354838709677,-74.19354838709677,-104.79999627980962,-104.7858154492076,-103.71778771245584,-104.311554,-104.712436374579
1,60.0,-67.74193548387098,-74.19354838709677,-104.57728350433177,-104.54455308879737,-103.20316977968835,-103.983215,-104.40614253821651
1,60.0,-61.29032258064517,-74.19354838709677,-104.08216288867415,-104.03709936900242,-102.61722058656625,-103.58185,-103.92240509664708
1,60.0,-54.83870967741936,-74.19354838709677,-103.36293317702709,-103.31630336872614,-101.9883850540543,-103.08631,-103.32238705478163
1,60.0,-48.38709677419355,-74.19354838709677,-102.5123584927846,-102.47299212632055,-101.33593598154688,-102.48058,-102.62987556782157
1,60.0,-41.935483870967744,-74.19354838709677,-101.61764266827781,-101.58968486867502,-100.67241809141544,-101.768105,-101.87918431427488
1,60.0,-35.483870967741936,-74.19354838709677,-100.73762811094124,-100.72127760207621,-100.00727247801899,-100.982315,-101.07972306055314
1,60.0,-29.032258064516128,-74.19354838709677,-99.9042647685272,-99.89753605234151,-99.3494644293039,-100.176865,-100.23797512106921
1,60.0,-22.580645161290334,-74.19354838709677,-99.13209639404016,-99.13224892752112,-98.7084766475008,-99.397156,-99.37906487062352
1,60.0,-16.129032258064527,-74.19354838709677,-98.42665374670295,-98.43102719725624,-98.09401860838557,-98.662125,-98.54313466078345
1,60.0,-9.677419354838719,-74.19354838709677,-97.78962629867371,-97.79601047572307,-97.5151633066193,-97.97426,-97.79025640015976
1,60.0,-3.225806451612911,-74.19354838709677,-97.22140679682562,-97.22812413197181,-96.97952109941697,-97.34025,-97.17065756389417
1,60.0,3.225806451612897,-74.19354838709677,-96.7220732630203,-96.7279139860619,-96.49276565729635,-96.73776,-96.73776932521235
1,60.0,9.677419354838705,-74.19354838709677,-96.29163838099375,-96.29574183822128,-96.05856097695536,-96.30629,-96.27019281828984
1,60.0,16.129032258064512,-74.19354838709677,-95.9300540464514,-95.93179021520143,-95.67879217527418,-96.28252,-96.28251581018789
1,60.0,22.58064516129032,-74.19354838709677,-95.63718846451633,-95.63606497077399,-95.35396344527368,-95.649605,-95.81724432579034
1,60.0,29.032258064516128,-74.19354838709677,-95.41283023162191,-95.40843211759693,-95.08364529546591,-95.4492,-95.64492052112064
1,60.0,35.48387096774192,-74.19354838709677,-95.25670216669765,-95.24866216322239,-94.86689002404852,-95.319786,-95.51330175885191
1,60.0,41.935483870967744,-74.19354838709677,-95.1684546804778,-95.15644776866999,-94.70256917435239,-95.25265,-95.3951026607005
1,60.0,48.38709677419354,-74.19354838709677,-95.14762308874407,-95.1313780154724,-94.58961347091861,-95.33929,-95.33928856918376
1,60.0,54.83870967741933,-74.19354838709677,-95.19355360653078,-95.17287403656596,-94.52715458490138,-95.28099,-95.1121127484121
1,60.0,61.29032258064515,-74.19354838709677,-95.30531725619412,-95.28010557622335,-94.51458048412192,-94.86435,-94.86434746451265
1,60.0,67.74193548387095,-74.19354838709677,-95.48163608362053,-95.45191326828075,-94.55152319929205,-95.49546,-95.26950515347833
1,60.0,74.19354838709677,-74.19354838709677,-95.72084309708583,-95.6867585581142,-94.63780034501914,-95.65909,-95.6370400135397
1,60.0,80.64516129032256,-74.19354838709677,-96.02088906908625,-95.98271524588111,-94.77333049720166,-95.849846,-96.07088267539432
1,60.0,87.09677419354838,-74.19354838709677,-96.37939830607976,-96.3375062070891,-94.95803864058257,-96.05759,-96.47700838470021
1,60.0,93.54838709677418,-74.19354838709677,-96.79376319771688,-96.74857744377215,-95.19176260974113,-96.27136,-96.780699612176
1,60.0,100.0,-74.19354838709677,-97.26125450489857,-97.21318979270413,-95.4741658884196,-96.480804,-96.9531614240872
1,60.0,-100.0,-67.74193548387098,-104.31498130733638,-104.31715521228767,-104.41754460531222,-105.08224,-103.82143831000403
1,60.0,-93.54838709677419,-67.74193548387098,-104.48892271476763,-104.49781780989218,-104.34768549807444,-104.723656,-104.72365438023333
1,60.0,-87.09677419354838,-67.74193548387098,-104.66893541920842,-104.67219838451538,-104.12800192266006,-104.61954,-104.78178850186342
1,60.0,-80.64516129032259,-67.74193548387098,-104.74075468689537,-104.72559789891305,-103.76534425141072,-104.32741,-104.77975121964636
1,60.0,-74.19354838709677,-67.74193548387098,-104.5838213622016,-104.5448120764078,-103.28971197538137,-104.69672,-104.69670997798973
1,60.0,-67.74193548387098,-67.74193548387098,-104.13726471937164,-104.08102119866263,-102.7372097938551,-103.59842,-104.01621056895728
1,60.0,-61.29032258064517,-67.74193548387098,-103.43744615320368,-103.37789708967765,-102.1368734461193,-103.13376,-103.36656763058846
1,60.0,-54.83870967741936,-67.74193548387098,-102.58328083478762,-102.53263868838124,-101.50658570068416,-102.69913,-102.69912498207576
1,60.0,-48.38709677419355,-67.74193548387098,-101.6737360308957,-101.63800130641522,-100.85584344268875,-101.90573,-101.87768113335747
1,60.0,-41.935483870967744,-67.74193548387098,-100.77521020274118,-100.75488323351786,-100.19093322489886,-101.132065,-101.07424701966396
1,60.0,-35.483870967741936,-67.74193548387098,-99.92167010259416,-99.91416558253562,-99.51915091524347,-100.29201,-100.25340858978359
1,60.0,-29.032258064516128,-67.74193548387098,-99.12659092977165,-99.1282616845717,-98.85057395722646,-99.445145,-99.42298834747388
1,60.0,-22.580645161290334,-67.74193548387098,-98.3938099891873,-98.40115216467731,-98.19753057547864,-98.64145,-98.60628878692114
1,60.0,-16.129032258064527,-67.74193548387098,-97.72405057402061,-97.73424725029085,-97.57284150947307,-97.90143,-97.83583836924834
1,60.0,-9.677419354838719,-67.74193548387098,-97.11779183205395,-97.12883012023599,-96.98799210929941,-97.1147,-97.11469990430362
1,60.0,-3.225806451612911,-67.74193548387098,-96.57596366646192,-96.58652246808822,-96.45192620711899,-96.61566,-96.57450236399086
1,60.0,3.225806451612897,-67.74193548387098,-96.09971716015686,-96.10896850998408,-95.97061648776605,-96.08324,-96.1052431009172
1,60.0,9.677419354838705,-67.74193548387098,-95.69004360647214,-95.6974554781386,-95.54724374065474,-95.69742,-95.69742312028538
1,60.0,16.129032258064512,-67.74193548387098,-95.34757387201688,-95.3527557896357,-95.18272732378753,-95.29372,-95.47879707244128
1,60.0,22.58064516129032,-67.74193548387098,-95.07259600784641,-95.0751978070779,-94.87638806444173,-95.03524,-95.24606730773242
1,60.0,29.032258064516128,-67.74193548387098,-94.86519392260058,-94.86485249250603,-94.62659867694973,-94.856094,-95.05140495747648
1,60.0,35.48387096774192,-67.74193548387098,-94.72538968357159,-94.72171347005956,-94.43134021272748,-94.74678,-94.91986354305666
1,60.0,41.935483870967744,-67.74193548387098,-94.65321081172868,-94.64579173607927,-94.2886262694108,-94.69982,-94.81405767826087
1,60.0,48.38709677419354,-67.74193548387098,-94.64865801493846,-94.63710165867741,-94.19678434037831,-94.70027,-94.70026869675344
1,60.0,54.83870967741933,-67.74193548387098,-94.71159248135294,-94.69555840266125,-94.15460209614804,-94.77265,-94.60992865433741
1,60.0,61.29032258064515,-67.74193548387098,-94.84158520410475,-94.82082981816681,-94.16135905517949,-94.68312,-94.68312020103015
1,60.0,67.74193548387095,-67.74193548387098,-95.03777475348137,-95.01218951460991,-94.21677184216529,-94.77176,-94.77175547440517
1,60.0,74.19354838709677,-67.74193548387098,-95.29877079985475,-95.26840871239943,-94.3208838488741,-95.23506,-95.19582162318294
1,60.0,80.64516129032256,-67.74193548387098,-95.622625547019,-95.58770956207482,-94.47392782797827,-95.45805,-95.66308729806472
1,60.0,87.09677419354838,-67.74193548387098,-96.00687885939388,-95.96778682258459,-94.6761839259353,-95.69879,-96.1151380692472
1,60.0,93.54838709677418,-67.74193548387098,-96.44866713107427,-96.40589005448291,-94.9278476930262,-95.94519,-96.46029630162631
1,60.0,100.0,-67.74193548387098,-96.94487073849162,-96.89894464479602,-95.22891448070834,-96.185776,-96.67465053784952
1,60.0,-100.0,-61.29032258064517,-104.34552053933999,-104.35597176602755,-104.29759400562574,-104.96408,-104.05833089777589
1,60.0,-93.54838709677419,-61.29032258064517,-104.53428302073746,-104.54066446681463,-104.13193847597606,-104.69879,-104.59641685029334
1,60.0,-87.09677419354838,-61.29032258064517,-104.65408687215366,-104.64070311869355,-103.81850126067957,-104.38888,-104.75404471971318
1,60.0,-80.64516129032259,-61.29032258064517,-104.5673326811347,-104.52490789012457,-103.3835627036578,-104.03579,-104.58861493907003
1,60.0,-74.19354838709677,-61.29032258064517,-104.18228966289871,-104.11608797540657,-102.865057693668,-103.63748,-104.14534556030208
1,60.0,-67.74193548387098,-61.29032258064517,-103.51490972862055,-103.44152615253024,-102.2948144462946,-103.18488,-103.46461924306873
1,60.0,-61.29032258064517,-61.29032258064517,-102.66684727878362,-102.60258614218186,-101.69082811743698,-102.66071,-102.69284169085975
1,60.0,-54.83870967741936,-61.29032258064517,-101.75063260203314,-101.70422972074562,-101.05929425882194,-102.04307,-101.90051472944837
1,60.0,-48.38709677419355,-61.29032258064517,-100.84253862313133,-100.81531909967924,-100.40148893491,-101.31634,-101.09178138598962
1,60.0,-41.935483870967744,-61.29032258064517,-99.97905077750906,-99.9679816624278,-99.72064690124657,-100.488266,-100.27855661779108
1,60.0,-35.483870967741936,-61.29032258064517,-99.17149038449266,-99.17193820543936,-99.02573875414441,-99.6014,-99.46677845665454
1,60.0,-29.032258064516128,-61.29032258064517,-98.42042400227562,-98.42787938908857,-98.33134556864846,-98.65492,-98.65491769661523
1,60.0,-22.580645161290334,-61.29032258064517,-97.72451837320554,-97.73542934836058,-97.65487273005243,-97.90022,-97.89470580772816
1,60.0,-16.129032258064527,-61.29032258064517,-97.08418184644978,-97.09616398054342,-97.01315051643972,-97.16175,-97.19483678948839
1,60.0,-9.677419354838719,-61.29032258064517,-96.5018505692627,-96.51352905731544,-96.41993043969075,-96.503876,-96.57154301418878
1,60.0,-3.225806451612911,-61.29032258064517,-95.98082895703364,-95.99152976067577,-95.88475562408449,-95.92349,-96.02614398901264
1,60.0,3.225806451612897,-61.29032258064517,-95.52404835677308,-95.53348792429591,-95.41296182794169,-95.42569,-95.57085673073686
1,60.0,9.677419354838705,-61.29032258064517,-95.13338716443283,-95.14143274013463,-95.00634041091615,-95.01784,-95.21397004136557
1,60.0,16.129032258064512,-61.29032258064517,-94.80962310983747,-94.81613788149266,-94.66406721830475,-94.70109,-94.93960228673849
1,60.0,22.58064516129032,-61.29032258064517,-94.55279331162927,-94.55755289886079,-94.38365150427384,-94.46959,-94.70728514753914
1,60.0,29.032258064516128,-61.29032258064517,-94.36267517146406,-94.36533626442889,-94.16177893247524,-94.386505,-94.38649753537882
1,60.0,35.48387096774192,-61.29032258064517,-94.23916773689675,-94.23927350989209,-93.99499254625039,-94.22789,-94.39539338702538
1,60.0,41.935483870967744,-61.29032258064517,-94.18246331583933,-94.17947503183032,-93.88019063218195,-94.20335,-94.28849654468169
1,60.0,48.38709677419354,-61.29032258064517,-94.19300111071482,-94.18634791968088,-93.81493951336532,-94.23665,-94.19417784720339
1,60.0,54.83870967741933,-61.29032258064517,-94.27126285046242,-94.26040232480946,-93.79761400717213,-94.324524,-94.15529913567948
1,60.0,61.29032258064515,-61.29032258064517,-94.41749830438073,-94.40197994477609,-93.8273918732073,-94.46374,-94.22356448174754
1,60.0,67.74193548387095,-61.29032258064517,-94.63146354198544,-94.61098721245035,-93.90413929072396,-94.64978,-94.43412836084707
1,60.0,74.19354838709677,-61.29032258064517,-94.91223126205875,-94.88669255469614,-94.02822927463939,-94.87586,-94.79399059947652
1,60.0,80.64516129032256,-61.29032258064517,-95.25810422801761,-95.2276191157773,-94.20033260944834,-95.13238,-95.26262689687428
1,60.0,87.09677419354838,-61.29032258064517,-95.66663799496501,-95.63153994425332,-94.42121248019687,-95.866554,-95.86656044910276
1,60.0,93.54838709677418,-61.29032258064517,-96.13475956026276,-96.095564004843,-94.69154232631956,-95.687325,-96.14136979333507
1,60.0,100.0,-61.29032258064517,-96.65895219063985,-96.61628656009746,-95.01175458150583,-95.95999,-96.40868424907345
1,60.0,-100.0,-54.83870967741936,-104.39095036640174,-104.40092078288623,-104.13548277146478,-104.795135,-104.1784692855204
1,60.0,-93.54838709677419,-54.83870967741936,-104.54407029860687,-104.53517069729375,-103.87716710160689,-104.47644,-104.55836387464407
1,60.0,-87.09677419354838,-54.83870967741936,-104.5275940988185,-104.48562613574778,-103.48541552853922,-104.108765,-104.54825574015163
1,60.0,-80.64516129032259,-54.83870967741936,-104.21657040252441,-104.14299690976728,-102.99974656779838,-103.695816,-104.21594311407287
1,60.0,-74.19354838709677,-54.83870967741936,-103.5953039177621,-103.50794468750078,-102.4575398843961,-103.76304,-103.7630363275929
1,60.0,-67.74193548387098,-54.83870967741936,-102.76128827383951,-102.68100707998089,-101.88015178169417,-102.64438,-102.64438033394148
1,60.0,-61.29032258064517,-54.83870967741936,-101.84244255498633,-101.7818505965687,-101.2719766310885,-102.14586,-101.94497678354156
1,60.0,-54.83870967741936,-54.83870967741936,-100.92930002844975,-100.8913871511368,-100.62816169480931,-101.473404,-101.10909270389433
1,60.0,-48.38709677419355,-54.83870967741936,-100.06305543781482,-100.04470350741676,-99.94489470522257,-100.69412,-100.28765602917463
1,60.0,-41.935483870967744,-54.83870967741936,-99.25215836350287,-99.24775025069744,-99.22697514128566,-99.817955,-99.4868592732391
1,60.0,-35.483870967741936,-54.83870967741936,-98.49154348481343,-98.49538415364093,-98.48964701580968,-98.73639,-98.73638783626492
1,60.0,-29.032258064516128,-54.83870967741936,-97.7755511286937,-97.78316406291782,-97.75517375004267,-97.98476,-97.93007648077052
1,60.0,-22.580645161290334,-54.83870967741936,-97.10359085649655,-97.11213323010689,-97.04725175341906,-97.17554,-97.17554365455335
1,60.0,-16.129032258064527,-54.83870967741936,-96.48028127064647,-96.48836021831465,-96.38634579438727,-96.42575,-96.55613691233756
1,60.0,-9.677419354838719,-54.83870967741936,-95.91278235071071,-95.91999257507511,-95.78727549429775,-96.058395,-96.05839496225117
1,60.0,-3.225806451612911,-54.83870967741936,-95.40782562092727,-95.41427345544236,-95.25881032064069,-95.24913,-95.45472850359457
1,60.0,3.225806451612897,-54.83870967741936,-94.96986939620243,-94.9758188659274,-94.80444906740536,-94.792366,-95.01470504835024
1,60.0,9.677419354838705,-54.83870967741936,-94.60066283835631,-94.60632336457357,-94.42366769760187,-94.42439,-94.6768722796065
1,60.0,16.129032258064512,-54.83870967741936,-94.299834354718,-94.30525399701767,-94.11321872602925,-94.14341,-94.42644584224718
1,60.0,22.58064516129032,-54.83870967741936,-94.06593851071706,-94.07096079739307,-93.86829980600807,-93.94319,-94.2365787206445
1,60.0,29.032258064516128,-54.83870967741936,-93.8974826475426,-93.90174042551358,-93.683531688053,-93.81604,-94.09364533514622
1,60.0,35.48387096774192,-54.83870967741936,-93.79363294880267,-93.79656844739118,-93.55373019816011,-93.75528,-93.9720170029286
1,60.0,41.935483870967744,-54.83870967741936,-93.75448494671879,-93.75539316232961,-93.47446608700679,-93.75615,-93.83198342267342
1,60.0,48.38709677419354,-54.83870967741936,-93.78093616443076,-93.77902905593382,-93.44240965463128,-93.81549,-93.73215580827335
1,60.0,54.83870967741933,-54.83870967741936,-93.87429417320497,-93.86877990388443,-93.45546718309569,-93.930954,-93.73076305533598
1,60.0,61.29032258064515,-54.83870967741936,-94.03578286245592,-94.02595115572721,-93.51273400061015,-94.099846,-93.84897989784925
1,60.0,67.74193548387095,-54.83870967741936,-94.26608573879568,-94.25138904164145,-93.61430766675906,-94.317894,-94.07534584752055
1,60.0,74.19354838709677,-54.83870967741936,-94.56501449127583,-94.54513485772608,-93.76101625832635,-94.5781,-94.40025505241918
1,60.0,80.64516129032256,-54.83870967741936,-94.93133978406203,-94.9062322642469,-93.95411662353237,-94.870224,-94.83353007426263
1,60.0,87.09677419354838,-54.83870967741936,-95.36278333385566,-95.33268764228909,-94.19500665571474,-95.18124,-95.33631714125764
1,60.0,93.54838709677418,-54.83870967741936,-95.85614700341934,-95.82156066525714,-94.48497877143868,-95.496765,-95.79927240175894
1,60.0,100.0,-54.83870967741936,-96.4075396162244,-96.36914863761363,-94.82502427908051,-96.18501,-96.18501546421088
1,60.0,-100.0,-48.38709677419355,-104.4174126452878,-104.4149192593362,-103.93926550875919,-104.56427,-104.19376191903851
1,60.0,-93.54838709677419,-48.38709677419355,-104.4645079581463,-104.42745268247754,-103.59667239989115,-104.191345,-104.39980523232462
1,60.0,-87.09677419354838,-48.38709677419355,-104.23864798133627,-104.16200830867488,-103.14352581844189,-103.76518,-104.19546882990926
1,60.0,-80.64516129032259,-48.38709677419355,-103.67981926720154,-103.57988369249532,-102.62466572747348,-103.29193,-103.69101973015671
1,60.0,-74.19354838709677,-48.38709677419355,-102.86823568461459,-102.77018798784468,-102.06951150726992,-102.77397,-102.9517065876816
1,60.0,-67.74193548387098,-48.38709677419355,-101.94671142035736,-101.86833812827456,-101.48474310577919,-102.2052,-102.06645833963915
1,60.0,-61.29032258064517,-48.38709677419355,-101.02658891134391,-100.97376940189011,-100.86042349136578,-101.569405,-101.16740806903438
1,60.0,-54.83870967741936,-48.38709677419355,-100.15902634992413,-100.12922489129609,-100.18318700212026,-100.844795,-100.29693868759061
1,60.0,-48.38709677419355,-48.38709677419355,-99.3506342470703,-99.33742115138978,-99.44930180709106,-100.01697,-99.46978322491482
1,60.0,-41.935483870967744,-48.38709677419355,-98.58812516785841,-98.58447122597207,-98.67113895131286,-99.0981,-98.68648958739331
1,60.0,-35.483870967741936,-48.38709677419355,-97.8575705127085,-97.8578313266992,-97.87470547958299,-98.13884,-97.93110307116757
1,60.0,-29.032258064516128,-48.38709677419355,-97.15464955591834,-97.15537796746274,-97.09162147138787,-97.213394,-97.19436576029256
1,60.0,-22.580645161290334,-48.38709677419355,-96.48602748474268,-96.48582416026616,-96.351122600313,-96.38269,-96.49676911999143
1,60.0,-16.129032258064527,-48.38709677419355,-95.86485534109025,-95.86368856755385,-95.67538421139028,-95.67054,-95.86540506501018
1,60.0,-9.677419354838719,-48.38709677419355,-95.30476914395695,-95.30324075999096,-95.07828448733866,-95.071526,-95.30251255472896
1,60.0,-3.225806451612911,-48.38709677419355,-94.81560899285448,-94.81444056272521,-94.56625264302582,-94.57242,-94.80513676118642
1,60.0,3.225806451612897,-48.38709677419355,-94.4018341359691,-94.40160807421105,-94.13991489059254,-94.16467,-94.39984868572554
1,60.0,9.677419354838705,-48.38709677419355,-94.06308037117617,-94.06414932250215,-93.79580996113273,-93.84383,-94.10526436795499
1,60.0,16.129032258064512,-48.38709677419355,-93.79586712580824,-93.79833575106615,-93.5278989163954,-93.6049,-93.9074537339905
1,60.0,22.58064516129032,-48.38709677419355,-93.59560219855327,-93.59932452362118,-93.32882381770064,-93.441376,-93.78178069948989
1,60.0,29.032258064516128,-48.38709677419355,-93.45829819317919,-93.4628750313077,-93.19094194178228,-93.34675,-93.69813978791697
1,60.0,35.48387096774192,-48.38709677419355,-93.3816594621372,-93.3864455344687,-93.10715757213325,-93.77781,-93.77780602871786
1,60.0,41.935483870967744,-48.38709677419355,-93.36542606453825,-93.36956246808727,-93.07154708673649,-93.31252,-93.3125174147767
1,60.0,48.38709677419354,-48.38709677419355,-93.41106884176222,-93.41354882846814,-93.07975636310965,-93.434906,-93.31642198217436
1,60.0,54.83870967741933,-48.38709677419355,-93.52107315857388,-93.52083687235888,-93.12915549632498,-93.58125,-93.3473375345437
1,60.0,61.29032258064515,-48.38709677419355,-93.69808973956658,-93.69413442564623,-93.21876227310244,-93.78305,-93.52480689163612
1,60.0,67.74193548387095,-48.38709677419355,-93.94417834654791,-93.93566758983891,-93.34897961879722,-94.03627,-93.77685857002709
1,60.0,74.19354838709677,-48.38709677419355,-94.26027257937874,-94.24662976779044,-93.52121732794309,-94.03549,-94.03549519872621
1,60.0,80.64516129032256,-48.38709677419355,-94.64590297541513,-94.62687721499853,-93.73747463982346,-94.664444,-94.43079748748062
1,60.0,87.09677419354838,-48.38709677419355,-95.0991570366005,-95.07485205430021,-93.99994744443345,-95.01449,-94.95261852968144
1,60.0,93.54838709677418,-48.38709677419355,-95.61682823050685,-95.58768631284751,-94.31069965836568,-95.36827,-95.48821295330312
1,60.0,100.0,-48.38709677419355,-96.1946968323336,-96.16143204410938,-94.67141220802509,-95.71098,-95.9040526567258
1,60.0,-100.0,-41.935483870967744,-104.37897423466966,-104.35092072053558,-103.7168410879031,-104.402626,-104.40262877378441
1,60.0,-93.54838709677419,-41.935483870967744,-104.24460896849452,-104.17086856542232,-103.30066660151361,-103.83241,-104.03455234115972
1,60.0,-87.09677419354838,-41.935483870967744,-103.7685954150542,-103.65982009932794,-102.80086795965457,-103.34583,-103.66960647913811
1,60.0,-80.64516129032259,-41.935483870967744,-102.99286073086395,-102.87684602999167,-102.2596332870785,-102.8106,-103.0352478480624
1,60.0,-74.19354838709677,-41.935483870967744,-102.06761513624377,-101.96847204473596,-101.69261732111468,-102.23164,-102.1964632710181
1,60.0,-67.74193548387098,-41.935483870967744,-101.13196839346402,-101.06012834286886,-101.08943619396419,-101.60466,-101.2599544807935
1,60.0,-61.29032258064517,-41.935483870967744,-100.25631872826119,-100.21092001475601,-100.4271521316654,-100.47545,-100.47544172386807
1,60.0,-54.83870967741936,-41.935483870967744,-99.45033354073001,-99.42459634147332,-99.68899389090234,-100.1392,-99.44726439229214
1,60.0,-48.38709677419355,-41.935483870967744,-98.69157163666256,-98.67711217450149,-98.87861624957404,-99.265854,-98.63198666858105
1,60.0,-41.935483870967744,-41.935483870967744,-97.95266496696641,-97.94240604858062,-98.02212178570137,-98.30888,-97.8734292533245
1,60.0,-35.483870967741936,-41.935483870967744,-97.2198915173732,-97.20956682529231,-97.1586976306377,-97.322784,-97.14714249929474
1,60.0,-29.032258064516128,-41.935483870967744,-96.49933694644915,-96.48753165520594,-96.32810896642894,-96.38594,-96.43650108373811
1,60.0,-22.580645161290334,-41.935483870967744,-95.81151465993398,-95.79869569969821,-95.5622003469208,-95.56217,-95.74856101703392
1,60.0,-16.129032258064527,-41.935483870967744,-95.1808670465757,-95.16822794791607,-94.88197850275301,-94.87608,-95.11044543045483
1,60.0,-9.677419354838719,-41.935483870967744,-94.62703734926393,-94.61572827863462,-94.29835115245572,-94.32008,-94.54896704415222
1,60.0,-3.225806451612911,-41.935483870967744,-94.16080489208981,-94.15163516813897,-93.81427791403466,-93.87542,-94.08211486772703
1,60.0,3.225806451612897,-41.935483870967744,-93.78401076743083,-93.77744622566291,-93.42702960931247,-93.698166,-93.69816778002196
1,60.0,9.677419354838705,-41.935483870967744,-93.4917161760099,-93.4879738610661,-93.13008913680223,-93.26062,-93.49133296781893
1,60.0,16.129032258064512,-41.935483870967744,-93.2752039056981,-93.27432312134181,-92.91465690934751,-93.071045,-93.35429806027484
1,60.0,22.58064516129032,-41.935483870967744,-93.12498270538444,-93.12683038290272,-92.77086398852248,-92.950424,-93.2890566565566
1,60.0,29.032258064516128,-41.935483870967744,-93.03325418021058,-93.0374784503536,-92.68879362394854,-92.89372,-93.2561233879659
1,60.0,35.48387096774192,-41.935483870967744,-92.99545794090749,-93.00143347202335,-92.65935607335024,-92.89781,-93.18185584026875
1,60.0,41.935483870967744,-41.935483870967744,-93.0107121106,-93.01752303402411,-92.6750000105049,-92.96126,-93.0476491030924
1,60.0,48.38709677419354,-41.935483870967744,-93.08125320609052,-93.08773908322158,-92.73020505463998,-93.083664,-92.9696878226248
1,60.0,54.83870967741933,-41.935483870967744,-93.21123618293412,-93.2160978499721,-92.82169972345359,-92.89745,-92.89745253512542
1,60.0,61.29032258064515,-41.935483870967744,-93.40535056913811,-93.40729193057213,-92.94838661541286,-93.503334,-93.29129688359849
1,60.0,67.74193548387095,-41.935483870967744,-93.66762252938528,-93.66549852009001,-93.11101327145003,-93.71019,-93.71018946234307
1,60.0,74.19354838709677,-41.935483870967744,-94.00059525189738,-93.99354142740735,-93.3116756356905,-94.13393,-93.85303983839835
1,60.0,80.64516129032256,-41.935483870967744,-94.4049181137214,-94.3924456137509,-93.55326066042572,-93.850296,-93.85030119888049
1,60.0,87.09677419354838,-41.935483870967744,-94.8792819039387,-94.86132734357403,-93.83892160207586,-94.89974,-94.72511251392292
1,60.0,93.54838709677418,-41.935483870967744,-95.42060840669704,-95.39753067299502,-94.17164529724704,-95.29523,-95.29960093711603
1,60.0,100.0,-41.935483870967744,-96.02440675718137,-95.99692406612222,-94.55393173161909,-95.67746,-95.74368057828515
1,60.0,-100.0,-35.483870967741936,-104.2280998864949,-104.16398217461493,-103.47399773759534,-103.88066,-103.44709810622572
1,60.0,-93.54838709677419,-35.483870967741936,-103.85683441420471,-103.74580444288304,-102.99455727889469,-103.39307,-103.39324425113723
1,60.0,-87.09677419354838,-35.483870967741936,-103.14056964682435,-103.0089667774814,-102.45826816319067,-102.84384,-102.94900986337456
1,60.0,-80.64516129032259,-35.483870967741936,-102.21635481507887,-102.0948314883362,-101.89762784804378,-102.43115,-102.43115694748298
1,60.0,-74.19354838709677,-35.483870967741936,-101.2534572944695,-101.15904153120346,-101.31046137454132,-101.6032,-101.36337359060249
1,60.0,-67.74193548387098,-35.483870967741936,-100.354013501329,-100.289176393792,-100.66901350132758,-100.91725,-100.39466492374103
1,60.0,-61.29032258064517,-35.483870967741936,-99.54131903004796,-99.49983509195263,-99.94150768554846,-99.263824,-99.26382203637603
1,60.0,-54.83870967741936,-35.483870967741936,-98.78770206826093,-98.76008429873552,-99.1157057871675,-99.34831,-98.57223253537121
1,60.0,-48.38709677419355,-35.483870967741936,-98.04855344695055,-98.02606839027555,-98.21059743031059,-98.43227,-97.78239719358362
1,60.0,-41.935483870967744,-35.483870967741936,-97.29221820548135,-97.26945003493827,-97.2696399155478,-97.44155,-97.04692123887145
1,60.0,-35.483870967741936,-35.483870967741936,-96.51698885385582,-96.49241731469026,-96.34368495287455,-96.434494,-96.34356441077199
1,60.0,-29.032258064516128,-35.483870967741936,-95.74897021933266,-95.72372111998,-95.47654051828273,-95.49335,-95.64590011394682
1,60.0,-22.580645161290334,-35.483870967741936,-95.0265442735288,-95.0025760718494,-94.69871919446888,-94.684616,-94.94973248675977
1,60.0,-16.129032258064527,-35.483870967741936,-94.38436404860964,-94.36324995184448,-94.0274877783992,-94.03354,-94.29440270151312
1,60.0,-9.677419354838719,-35.483870967741936,-93.84466882283715,-93.8272218910673,-93.46956404170678,-93.53018,-93.73724678873636
1,60.0,-3.225806451612911,-35.483870967741936,-93.41572120242844,-93.40214017945328,-93.02412289841783,-93.14989,-93.31419332167573
1,60.0,3.225806451612897,-35.483870967741936,-93.09411115148907,-93.08428766491197,-92.6852406525664,-92.86833,-93.02299401170475
1,60.0,9.677419354838705,-35.483870967741936,-92.86842924634043,-92.86220607513536,-92.44368954880558,-92.667175,-92.85454676363999
1,60.0,16.129032258064512,-35.483870967741936,-92.72319714370907,-92.72049041385884,-92.28826527748825,-92.53447,-92.77563438050367
1,60.0,22.58064516129032,-35.483870967741936,-92.64263516572008,-92.64340678341485,-92.20685837210658,-92.46318,-92.76384577677872
1,60.0,29.032258064516128,-35.483870967741936,-92.61389627806156,-92.61801506122754,-92.1874176827088,-92.44989,-92.79187975585887
1,60.0,35.48387096774192,-35.483870967741936,-92.62925628490251,-92.63632546204589,-92.21886255990306,-92.49361,-92.77479862797821
1,60.0,41.935483870967744,-35.483870967741936,-92.68682641818418,-92.69606532240617,-92.29190929471919,-92.594864,-92.69950200271948
1,60.0,48.38709677419354,-35.483870967741936,-92.7897597355525,-92.7999971900662,-92.39971251231333,-92.75491,-92.69740506343233
1,60.0,54.83870967741933,-35.483870967741936,-92.94442191351519,-92.95420472627725,-92.53820815229344,-92.97476,-92.85470875529305
1,60.0,61.29032258064515,-35.483870967741936,-93.15825192758356,-93.16602790954741,-92.70609016464522,-93.155785,-93.15578222490262
1,60.0,67.74193548387095,-35.483870967741936,-93.43793166609001,-93.4422529819853,-92.90443848706423,-93.58885,-93.50878095442081
1,60.0,74.19354838709677,-35.483870967741936,-93.78817291763829,-93.78787692102188,-93.13609977270818,-93.8926,-93.89260640197745
1,60.0,80.64516129032256,-35.483870967741936,-94.21114097064311,-94.20548429440376,-93.40496619897945,-94.39136,-94.19768938993843
1,60.0,87.09677419354838,-35.483870967741936,-94.70638014070808,-94.69511486621894,-93.7152886685753,-94.8304,-94.70857968992004
1,60.0,93.54838709677418,-35.483870967741936,-95.27107600566019,-95.25446150489394,-94.07111391700192,-95.34888,-95.34886998841756
1,60.0,100.0,-35.483870967741936,-95.90051830126399,-95.87926275898036,-94.4758775939033,-95.69612,-95.67491069276274
1,60.0,-100.0,-29.032258064516128,-103.93209921749487,-103.82784751269458,-103.21354311296416,-103.42125,-102.77211099176382
1,60.0,-93.54838709677419,-29.032258064516128,-103.31024602835812,-103.16906204318855,-102.67892720874299,-102.87396,-102.62994572923267
1,60.0,-87.09677419354838,-29.032258064516128,-102.40671906163473,-102.2635782772801,-102.11077039240381,-102.260956,-102.12712602240038
1,60.0,-80.64516129032259,-29.032258064516128,-101.40985142415684,-101.29033600021077,-101.52633733065004,-101.22418,-101.22418590719106
1,60.0,-74.19354838709677,-29.032258064516128,-100.46511437098707,-100.37738149476837,-100.90360020430154,-100.89264,-100.52533101194152
1,60.0,-67.74193548387098,-29.032258064516128,-99.62549282053592,-99.56539167963358,-100.19989182305052,-100.148026,-99.58466385983415
1,60.0,-61.29032258064517,-29.032258064516128,-98.86968536626489,-98.82733378405104,-99.38195427458601,-99.350136,-98.6336640712622
1,60.0,-54.83870967741936,-29.032258064516128,-98.1382942830673,-98.10325987469017,-98.45131513428397,-98.47909,-97.74996800457167
1,60.0,-48.38709677419355,-29.032258064516128,-97.37369488490384,-97.33890876766061,-97.44762171534197,-97.523926,-96.94276674821579
1,60.0,-41.935483870967744,-29.032258064516128,-96.55374231411449,-96.51720940898743,-96.43042456881618,-96.50448,-96.1983333797201
1,60.0,-35.483870967741936,-29.032258064516128,-95.70195732237582,-95.66553431011961,-95.45708095972674,-95.48278,-95.49807035410977
1,60.0,-29.032258064516128,-29.032258064516128,-94.87029784060901,-94.8369983253813,-94.57035055922313,-94.54461,-94.80191285311015
1,60.0,-22.580645161290334,-29.032258064516128,-94.11286801389744,-94.08487032284476,-93.7962531514009,-93.758865,-94.08614507212516
1,60.0,-16.129032258064527,-29.032258064516128,-93.46893064123834,-93.44699366916593,-93.14701610504568,-93.15126,-93.41641149276136
1,60.0,-9.677419354838719,-29.032258064516128,-92.95833911742228,-92.94210671035088,-92.62502598689107,-92.80252,-92.80252541446688
1,60.0,-3.225806451612911,-29.032258064516128,-92.58388787957838,-92.57245478981078,-92.22608218225105,-92.40249,-92.5240152202612
1,60.0,3.225806451612897,-29.032258064516128,-92.33565253854246,-92.32807060863757,-91.94166351649422,-92.22945,-92.22944032093189
1,60.0,9.677419354838705,-29.032258064516128,-92.19531813631426,-92.19093590919726,-91.76043369601801,-92.06816,-92.22241067000093
1,60.0,16.129032258064512,-29.032258064516128,-92.14028999478074,-92.13889392239368,-91.6693027201934,-91.99893,-92.20995981421545
1,60.0,22.58064516129032,-29.032258064516128,-92.14781871938516,-92.14956706908615,-91.65431007886406,-92.09861,-92.0986080193319
1,60.0,29.032258064516128,-29.032258064516128,-92.19900083155838,-92.20417933233206,-91.7015044365837,-92.0174,-92.34496253681596
1,60.0,35.48387096774192,-29.032258064516128,-92.28192986031308,-92.29062186405724,-91.79788769981727,-92.559296,-92.55930019239351
1,60.0,41.935483870967744,-29.032258064516128,-92.39306935684324,-92.40487942705579,-91.9323780161121,-92.23847,-92.23846993422438
1,60.0,48.38709677419354,-29.032258064516128,-92.53642620707438,-92.55037320559644,-92.09664996348296,-92.44855,-92.46366776363823
1,60.0,54.83870967741933,-29.032258064516128,-92.72101429471711,-92.7356230760605,-92.285669426099,-92.710205,-92.72031928962667
1,60.0,61.29032258064515,-29.032258064516128,-92.95771298143856,-92.97124607993197,-92.49778395504273,-93.03292,-93.09297690720685
1,60.0,67.74193548387095,-29.032258064516128,-93.25655896764319,-93.2672954651402,-92.73434500328237,-93.41362,-93.49368099010869
1,60.0,74.19354838709677,-29.032258064516128,-93.62499415443152,-93.63148132746426,-92.99897043269215,-93.84456,-93.88619799108494
1,60.0,80.64516129032256,-29.032258064516128,-94.06708167513261,-94.0683212669833,-93.29663864170656,-94.31276,-94.30531860750261
1,60.0,87.09677419354838,-29.032258064516128,-94.58344196554802,-94.5789991026378,-93.63280832185801,-94.80084,-94.78787239642801
1,60.0,93.54838709677418,-29.032258064516128,-95.17162877429362,-95.16166094463404,-94.01269689529228,-95.2893,-95.2727498666119
1,60.0,100.0,-29.032258064516128,-95.82673677726419,-95.81193960937917,-94.44076811700114,-95.75947,-95.66151713839406
1,60.0,-100.0,-22.580645161290334,-103.48724434610907,-103.34659044685493,-102.93573592685689,-102.890656,-102.17652186558428
1,60.0,-93.54838709677419,-22.580645161290334,-102.64544255013492,-102.48518340761804,-102.35108848915075,-102.28476,-101.94236441391203
1,60.0,-87.09677419354838,-22.580645161290334,-101.62513484191179,-101.47980169720114,-101.75066621224174,-101.60931,-101.38666261522562
1,60.0,-80.64516129032259,-22.580645161290334,-100.61667408291333,-100.5030522507943,-101.13291721545552,-100.88218,-100.63962575435839
1,60.0,-74.19354838709677,-22.580645161290334,-99.72078911678565,-99.6391327026793,-100.4564874186949,-100.11715,-99.8040757780943
1,60.0,-67.74193548387098,-22.580645161290334,-98.94165236086438,-98.88305217256793,-99.6693552927832,-99.31654,-98.89145962159023
1,60.0,-61.29032258064517,-22.580645161290334,-98.21815547769192,-98.17089216164844,-98.74599195047098,-98.468864,-97.92860887431101
1,60.0,-54.83870967741936,-22.580645161290334,-97.46655193081018,-97.42134440410241,-97.70876722748332,-97.55528,-96.98839121189523
1,60.0,-48.38709677419355,-22.580645161290334,-96.62989877192807,-96.58338464802698,-96.61789968893204,-96.56638,-96.11141975213837
1,60.0,-41.935483870967744,-22.580645161290334,-95.71197360772487,-95.6663892846312,-95.54337328154008,-95.524666,-95.30623530432533
1,60.0,-35.483870967741936,-22.580645161290334,-94.77022725468244,-94.72991865960327,-94.54287126826094,-94.49559,-94.56753451550414
1,60.0,-29.032258064516128,-22.580645161290334,-93.87965609887863,-93.84783876634683,-93.65430280651104,-94.02553,-94.02552914210462
1,60.0,-22.580645161290334,-22.580645161290334,-93.10177380927728,-93.07942408873939,-92.89780432816355,-92.8128,-93.12311192244476
1,60.0,-16.129032258064527,-22.580645161290334,-92.47329792335486,-92.4595618349617,-92.28059795309466,-92.25594,-92.46649510619464
1,60.0,-9.677419354838719,-22.580645161290334,-92.00795119011869,-92.00098449328651,-91.80136681909887,-91.88263,-91.97950328868248
1,60.0,-3.225806451612911,-22.580645161290334,-91.7020903778304,-91.69980107314237,-91.45330828985004,-91.7728,-91.7727977500747
1,60.0,3.225806451612897,-22.580645161290334,-91.53981658769938,-91.5404030691699,-91.22603892407979,-91.67777,-91.67777320174055
1,60.0,9.677419354838705,-22.580645161290334,-91.49692998790039,-91.49923242411596,-91.10675311173942,-91.481064,-91.59415973836005
1,60.0,16.129032258064512,-22.580645161290334,-91.54450707917036,-91.54817112133793,-91.0810038927305,-91.47979,-91.67232542711574
1,60.0,22.58064516129032,-22.580645161290334,-91.65295546978805,-91.65836951781063,-91.1333885716235,-91.88178,-91.8817761914766
1,60.0,29.032258064516128,-22.580645161290334,-91.79670984292841,-91.80469322159882,-91.24833044281893,-91.60801,-91.91763624604513
1,60.0,35.48387096774192,-22.580645161290334,-91.95866709979461,-91.96998075051609,-91.41104299722257,-91.74162,-92.00725572381208
1,60.0,41.935483870967744,-22.580645161290334,-92.13275489444769,-92.14762036904648,-91.60863508722343,-91.92784,-92.07579019245564
1,60.0,48.38709677419354,-22.580645161290334,-92.32347056575604,-92.34130393054521,-91.8311839052791,-92.17155,-92.24923682446334
1,60.0,54.83870967741933,-22.580645161290334,-92.54268109341162,-92.56213286901529,-92.07252061300595,-92.4765,-92.59212053046491
1,60.0,61.29032258064515,-22.580645161290334,-92.8052457514844,-92.82448012387732,-92.33049851869943,-93.10257,-93.10256780167278
1,60.0,67.74193548387095,-22.580645161290334,-93.12514783626874,-93.1422154964782,-92.60665465069009,-93.2715,-93.49186619975029
1,60.0,74.19354838709677,-22.580645161290334,-93.51302727357626,-93.52620831734836,-92.9053665127209,-93.75102,-93.94162370229137
1,60.0,80.64516129032256,-22.580645161290334,-93.97513833565921,-93.98319437292679,-93.23274537478784,-94.268906,-94.40295785065088
1,60.0,87.09677419354838,-22.580645161290334,-94.51331987049302,-94.51564189724941,-93.59553302272658,-94.806656,-94.87782583707545
1,60.0,93.54838709677418,-22.580645161290334,-95.12553113635144,-95.12218688175297,-94.00019359788533,-95.34338,-95.32541014604297
1,60.0,100.0,-22.580645161290334,-95.80664466608759,-95.79832720188902,-94.45227723445666,-95.859146,-95.68801853569641
1,60.0,-100.0,-16.129032258064527,-102.92039317361665,-102.7526591208109,-102.63985940206362,-102.304924,-101.74359941940781
1,60.0,-93.54838709677419,-16.129032258064527,-101.91632029870757,-101.74772638193411,-102.00777624381848,-101.64455,-101.41096628483086
1,60.0,-87.09677419354838,-16.129032258064527,-100.84330079617402,-100.70179168459653,-101.37152795076577,-100.911316,-100.78056119084545
1,60.0,-80.64516129032259,-16.129032258064527,-99.86182223922425,-99.7553211586383,-100.70953178391744,-100.12611,-100.01451605749877
1,60.0,-74.19354838709677,-16.129032258064527,-99.02404281868871,-98.94683682449765,-99.96437601310788,-99.30573,-99.20217945592807
1,60.0,-67.74193548387098,-16.129032258064527,-98.29015926214603,-98.23044160788317,-99.0823092301366,-98.454865,-98.29982566367727
1,60.0,-61.29032258064517,-16.129032258064527,-97.56520147309182,-97.51135723765161,-98.05347549374792,-97.24123,-97.2412270248171
1,60.0,-54.83870967741936,-16.129032258064527,-96.75223868113173,-96.69820493614688,-96.92297406739786,-96.61431,-96.25853987850498
1,60.0,-48.38709677419355,-16.129032258064527,-95.81222153493508,-95.75939361305268,-95.76647687552227,-95.59925,-95.27892557295334
1,60.0,-41.935483870967744,-16.129032258064527,-94.7871536858,-94.74108961637651,-94.65744240152048,-94.54344,-94.36976188150156
1,60.0,-35.483870967741936,-16.129032258064527,-93.76664404083911,-93.73218690601581,-93.64934913145328,-93.51532,-93.54130497587587
1,60.0,-29.032258064516128,-16.129032258064527,-92.838242564613,-92.81720845280276,-92.7736812434179,-92.606155,-92.77808442703474
1,60.0,-22.580645161290334,-16.129032258064527,-92.0614240331043,-92.05288224303959,-92.0448704397532,-91.88818,-92.06067158555422
1,60.0,-16.129032258064527,-16.129032258064527,-91.46562752533184,-91.46703923873395,-91.4659669632679,-91.38751,-91.45558384894004
1,60.0,-9.677419354838719,-16.129032258064527,-91.0574180240186,-91.06564029549354,-91.03287049321986,-91.086945,-91.02343759651856
1,60.0,-3.225806451612911,-16.129032258064527,-90.82758751159945,-90.83956107876492,-90.73698224360135,-90.94322,-90.80884648494339
1,60.0,3.225806451612897,-16.129032258064527,-90.75586348755468,-90.76907956623499,-90.56671672667883,-90.90568,-90.81193308440484
1,60.0,9.677419354838705,-16.129032258064527,-90.81387137781577,-90.82670745299282,-90.50833705979966,-90.932755,-90.94138836615909
1,60.0,16.129032258064512,-16.129032258064527,-90.96777233876294,-90.97970009609921,-90.54648237843567,-91.0009,-91.12426393640621
1,60.0,22.58064516129032,-16.129032258064527,-91.18190216070255,-91.19348563481066,-90.66466755351473,-91.10277,-91.31951767937036
1,60.0,29.032258064516128,-16.129032258064527,-91.42397572460075,-91.43655995551475,-90.8459604926455,-91.24063,-91.49846954526069
1,60.0,35.48387096774192,-16.129032258064527,-91.67097090584674,-91.68607026184975,-91.07395058945264,-91.42081,-91.65717922304773
1,60.0,41.935483870967744,-16.129032258064527,-91.9133938658288,-91.93198767475417,-91.33398722971002,-91.650536,-91.82040439920627
1,60.0,48.38709677419354,-16.129032258064527,-92.15568857308841,-92.17774212687993,-91.61449992349547,-91.9342,-91.93419401004036
1,60.0,54.83870967741933,-16.129032258064527,-92.41254243737926,-92.43695157786493,-91.90807621775433,-92.28416,-92.47203291769152
1,60.0,61.29032258064515,-16.129032258064527,-92.7031006238697,-92.72800777524607,-92.21196223162899,-92.69548,-92.96278885502616
1,60.0,67.74193548387095,-16.129032258064527,-93.04566714136904,-93.06894047992202,-92.52780698805559,-93.16838,-93.46720724904355
1,60.0,74.19354838709677,-16.129032258064527,-93.45434967358298,-93.47403374736517,-92.86072879534322,-93.694855,-93.9698851391705
1,60.0,80.64516129032256,-16.129032258064527,-93.9377160702592,-93.95236021228561,-93.21799584114785,-94.260574,-94.47180686505925
1,60.0,87.09677419354838,-16.129032258064527,-94.49882854674149,-94.50767729267342,-93.60767481894959,-94.84602,-94.95983719565763
1,60.0,93.54838709677418,-16.129032258064527,-95.13598566839968,-95.13904364238671,-94.0375126422611,-95.42903,-95.3996420361388
1,60.0,100.0,-16.129032258064527,-95.84373675684557,-95.84171691489588,-94.51416160276749,-95.988434,-95.74919611950962
1,60.0,-100.0,-9.677419354838719,-102.27725801983871,-102.09339815085602,-102.32642315676085,-101.68884,-101.45325457318663
1,60.0,-93.54838709677419,-9.677419354838719,-101.17291541821058,-101.004030958264,-101.64820142171254,-100.981125,-101.00400634701623
1,60.0,-87.09677419354838,-9.677419354838719,-100.09319285241743,-99.95861308050671,-100.97211792702217,-100.19792,-100.25570788391838
1,60.0,-80.64516129032259,-9.677419354838719,-99.15689143842752,-99.0573634950688,-100.25780537794452,-99.37346,-99.37345571833956
1,60.0,-74.19354838709677,-9.677419354838719,-98.37205427049783,-98.2978681784598,-99.43706534881377,-98.495705,-98.63276373583842
1,60.0,-67.74193548387098,-9.677419354838719,-97.66111555733548,-97.59930028709645,-98.46169388180721,-97.903755,-97.90375664171869
1,60.0,-61.29032258064517,-9.677419354838719,-96.90346911211897,-96.84431443526427,-97.34126117896412,-96.67716,-96.65052761228236
1,60.0,-54.83870967741936,-9.677419354838719,-96.00347386156756,-95.9453561782688,-96.14021191050783,-95.70128,-95.53645173225848
1,60.0,-48.38709677419355,-9.677419354838719,-94.95452663221431,-94.90299488228939,-94.9426262661411,-94.66949,-94.4611033760354
1,60.0,-41.935483870967744,-9.677419354838719,-93.83838976195948,-93.80028234602497,-93.82012305693874,-93.6091,-93.44950337319197
1,60.0,-35.483870967741936,-9.677419354838719,-92.76596451726759,-92.7448722930639,-92.82000921203753,-92.46123,-92.46122062425749
1,60.0,-29.032258064516128,-9.677419354838719,-91.82592713252126,-91.82160661909265,-91.96756131928706,-91.70767,-91.72913983898228
1,60.0,-22.580645161290334,-9.677419354838719,-91.06995815030251,-91.07968166627936,-91.27252312974888,-90.92706,-90.92706272017631
1,60.0,-16.129032258064527,-9.677419354838719,-90.51911400418318,-90.53904745886763,-90.73484532091251,-90.591064,-90.49727927316493
1,60.0,-9.677419354838719,-9.677419354838719,-90.17381325320326,-90.1999123190133,-90.34852292789112,-90.36429,-90.12687605825082
1,60.0,-3.225806451612911,-9.677419354838719,-90.02090042990969,-90.0494460027433,-90.10382384403539,-89.73556,-89.73555874602252
1,60.0,3.225806451612897,-9.677419354838719,-90.03740314060698,-90.06537258098288,-89.98845676222915,-90.34929,-90.07975098067175
1,60.0,9.677419354838705,-9.677419354838719,-90.1923688543708,-90.21775510592285,-89.98814021533451,-90.453735,-90.32230033418635
1,60.0,16.129032258064512,-9.677419354838719,-90.4484750153429,-90.4705524090584,-90.08691925267378,-90.58954,-90.59750683483715
1,60.0,22.58064516129032,-9.677419354838719,-90.76505578677207,-90.78447639472432,-90.26750111411533,-90.74937,-90.86514306170955
1,60.0,29.032258064516128,-9.677419354838719,-91.10358007013957,-91.12212274240528,-90.51182932739553,-90.93741,-91.12019223998189
1,60.0,35.48387096774192,-9.677419354838719,-91.43494534372131,-91.45483562081262,-90.80204322713374,-91.16231,-91.37819115602994
1,60.0,41.935483870967744,-9.677419354838719,-91.7457349504956,-91.76872970302406,-91.12183518906598,-91.433525,-91.65003824859006
1,60.0,48.38709677419354,-9.677419354838719,-92.039923791072,-92.06659041882685,-91.45801734640634,-91.759605,-91.97713743094073
1,60.0,54.83870967741933,-9.677419354838719,-92.33489588339958,-92.3644278266782,-91.80191316674407,-92.14706,-92.40168079194918
1,60.0,61.29032258064515,-9.677419354838719,-92.65415628370745,-92.68471401069735,-92.15012581384556,-92.59904,-92.89869479520446
1,60.0,67.74193548387095,-9.677419354838719,-93.02041000381402,-93.04971225615567,-92.50439548418301,-93.113815,-93.42964939961124
1,60.0,74.19354838709677,-9.677419354838719,-93.4512118768133,-93.47710219021519,-92.87058515144201,-93.68333,-93.9756200769668
1,60.0,80.64516129032256,-9.677419354838719,-93.95731991102338,-93.97817442439111,-93.25713779395554,-94.29272,-94.51901033694693
1,60.0,87.09677419354838,-9.677419354838719,-94.54283746357885,-94.55779621925167,-93.67345790213464,-94.921524,-95.03370054660874
1,60.0,93.54838709677418,-9.677419354838719,-95.2062032964987,-95.21524849713572,-94.12856795983447,-95.54651,-95.48536080736608
1,60.0,100.0,-9.677419354838719,-95.94145208051046,-95.94535043898914,-94.6301885541001,-96.14545,-95.83426892636413
1,60.0,-100.0,-3.225806451612911,-101.60679753030365,-101.41628634121253,-101.99921986201277,-101.49118,-101.49118034246456
1,60.0,-93.54838709677419,-3.225806451612911,-100.45331003680278,-100.28911597390169,-101.27643376845415,-100.32802,-100.61278954309134
1,60.0,-87.09677419354838,-3.225806451612911,-99.39384264275736,-99.26738458834609,-100.55875233050571,-99.50522,-99.74154613024864
1,60.0,-80.64516129032259,-3.225806451612911,-98.50652786499653,-98.41343721618315,-99.7902270249633,-98.63756,-98.63755900110192
1,60.0,-74.19354838709677,-3.225806451612911,-97.76268460627989,-97.69094605707446,-98.89752051829261,-98.23392,-98.23392031572018
1,60.0,-67.74193548387098,-3.225806451612911,-97.0544021013484,-96.99133398890886,-97.84249892325278,-96.80475,-97.04257267597197
1,60.0,-61.29032258064517,-3.225806451612911,-96.24592151973587,-96.18486688009321,-96.65307022287138,-95.85458,-95.94691352503901
1,60.0,-54.83870967741936,-3.225806451612911,-95.25623471228141,-95.19987635203547,-95.40689475432153,-94.86272,-94.81265959732669
1,60.0,-48.38709677419355,-3.225806451612911,-94.11655285336539,-94.07286783038879,-94.19051296895017,-93.82471,-93.69991398286533
1,60.0,-41.935483870967744,-3.225806451612911,-92.93975635299387,-92.91504254089901,-93.07105454883026,-92.76984,-92.63598317882798
1,60.0,-35.483870967741936,-3.225806451612911,-91.84542193401784,-91.84130169716072,-92.08970005455924,-91.770386,-91.67438142924405
1,60.0,-29.032258064516128,-3.225806451612911,-90.91632958983254,-90.93068385997853,-91.26665703550307,-90.91979,-90.86981498337462
1,60.0,-22.580645161290334,-3.225806451612911,-90.19507308298303,-90.22386895964723,-90.60821932879554,-90.29103,-90.21277237309788
1,60.0,-16.129032258064527,-3.225806451612911,-89.69557548662833,-89.73415715862471,-90.11222539153087,-89.90968,-89.72498977973683
1,60.0,-9.677419354838719,-3.225806451612911,-89.41382728423287,-89.45761607701567,-89.7714658468027,-89.7545,-89.43338209319978
1,60.0,-3.225806451612911,-3.225806451612911,-89.3342104201397,-89.37909095715598,-89.57555134135538,-89.77197,-89.3666439306054
1,60.0,3.225806451612897,-3.225806451612911,-89.43225796582745,-89.47487091526277,-89.51181178913058,-89.89648,-89.52977076453557
1,60.0,9.677419354838705,-3.225806451612911,-89.67550988587328,-89.71356177700267,-89.56566081488491,-90.07315,-89.82736256229796
1,60.0,16.129032258064512,-3.225806451612911,-90.02420998290889,-90.05679662568741,-89.72074544948306,-90.27187,-90.16690400649486
1,60.0,22.58064516129032,-3.225806451612911,-90.43370003579372,-90.46150766382432,-89.95914397021681,-90.485466,-90.50631646401914
1,60.0,29.032258064516128,-3.225806451612911,-90.86002035092142,-90.885161404483,-90.26184651953074,-90.75924,-90.7592360306502
1,60.0,35.48387096774192,-3.225806451612911,-91.26847593423442,-91.29378001990156,-90.60970192710067,-90.98583,-91.20377208687808
1,60.0,41.935483870967744,-3.225806451612911,-91.64192096278215,-91.66983651539185,-90.98488355132942,-91.29483,-91.56964137766158
1,60.0,48.38709677419354,-3.225806451612911,-91.98391927668149,-92.01555603227006,-91.37269620626655,-91.96877,-91.96877536535062
1,60.0,54.83870967741933,-3.225806451612911,-92.31455460310241,-92.34936645584312,-91.76328535052167,-92.08004,-92.37882159072308
1,60.0,61.29032258064515,-3.225806451612911,-92.6615914033959,-92.69774329478479,-92.15268399977276,-92.56798,-92.86236082669095
1,60.0,67.74193548387095,-3.225806451612911,-93.05188149465204,-93.08695486987614,-92.54278931393952,-93.11948,-93.40163041946946
1,60.0,74.19354838709677,-3.225806451612911,-93.50605012392276,-93.53772235078176,-92.94026189387564,-93.72644,-93.98187004835532
1,60.0,80.64516129032256,-3.225806451612911,-94.03662437779559,-94.06314824512319,-93.35474557576936,-94.37364,-94.56393043107272
1,60.0,87.09677419354838,-3.225806451612911,-94.64834935748104,-94.66881634390084,-93.7969699496411,-95.03984,-95.10583446543916
1,60.0,93.54838709677418,-3.225806451612911,-95.33945789677432,-95.35388147178125,-94.27717883342682,-95.70094,-95.57152666302326
1,60.0,100.0,-3.225806451612911,-96.1031825342431,-96.11242639649477,-94.80407056095356,-95.985176,-95.98517109571758
1,60.0,-100.0,3.225806451612897,-100.95076435913231,-100.7603094954414,-101.6664636851338,-100.491394,-100.77164599834279
1,60.0,-93.54838709677419,3.225806451612897,-99.78331168927036,-99.62633721131962,-100.90223442791356,-99.71909,-100.13715438318472
1,60.0,-87.09677419354838,3.225806451612897,-98.75613406864282,-98.63794690544668,-100.14517413640448,-98.86865,-99.19171770235363
1,60.0,-80.64516129032259,3.225806451612897,-97.91355238557507,-97.82650073503362,-99.32791598399328,-97.96808,-98.20551942148069
1,60.0,-74.19354838709677,3.225806451612897,-97.19860128616048,-97.12968034257312,-98.37634385959194,-97.04138,-97.27935372918039
1,60.0,-67.74193548387098,3.225806451612897,-96.48173465630364,-96.41949630061377,-97.26321318019095,-96.09932,-96.29726023871876
1,60.0,-61.29032258064517,3.225806451612897,-95.62247024317551,-95.56348347845471,-96.0303807231874,-95.13672,-95.22864355901278
1,60.0,-54.83870967741936,3.225806451612897,-94.56147027691901,-94.51155547664041,-94.76259901427119,-94.14015,-94.14044274648344
1,60.0,-48.38709677419355,3.225806451612897,-93.36297979088856,-93.33082194580402,-93.54526101588033,-93.10676,-93.05485692457445
1,60.0,-41.935483870967744,3.225806451612897,-92.15857325966934,-92.14906707934709,-92.44053725594972,-92.06729,-91.99621699713441
1,60.0,-35.483870967741936,3.225806451612897,-91.06782437145247,-91.0807676551247,-91.48460376280732,-90.83307,-90.83307572534167
1,60.0,-29.032258064516128,3.225806451612897,-90.16563685417545,-90.1975652830611,-90.694001560619,-90.28226,-90.24878750399483
1,60.0,-22.580645161290334,3.225806451612897,-89.48696266497821,-89.53304090342003,-90.07271747294217,-89.70199,-89.61145097738212
1,60.0,-16.129032258064527,3.225806451612897,-89.04063673986853,-89.09575666469618,-89.61727110749996,-89.37891,-89.15861206254635
1,60.0,-9.677419354838719,3.225806451612897,-88.81981639030417,-88.87912196312132,-89.31975716533117,-89.290344,-88.94579316762741
1,60.0,-3.225806451612911,3.225806451612897,-88.80744943002482,-88.8666147384488,-89.16944072643702,-89.379036,-88.96236756262016
1,60.0,3.225806451612897,3.225806451612897,-88.9782148693532,-89.03368667738616,-89.15346104723086,-89.57376,-89.16597884712715
1,60.0,9.677419354838705,3.225806451612897,-89.29862847592509,-89.34793628527514,-89.2570456153002,-89.81467,-89.49088654650998
1,60.0,16.129032258064512,3.225806451612897,-89.72703511541987,-89.76916515863964,-89.46353207428237,-90.06923,-89.87915236851865
1,60.0,22.58064516129032,3.225806451612897,-90.2155112941277,-90.25119658970807,-89.75445623415598,-90.330414,-90.2980719706157
1,60.0,29.032258064516128,3.225806451612897,-90.71561767009214,-90.74724890085116,-90.1099578193773,-90.60569,-90.72846423774314
1,60.0,35.48387096774192,3.225806451612897,-91.18814572634007,-91.21903757870628,-90.50972454830371,-90.9077,-91.1605661619387
1,60.0,41.935483870967744,3.225806451612897,-91.61325001111007,-91.64638307855097,-90.93456906778115,-91.24956,-91.57610367999186
1,60.0,48.38709677419354,3.225806451612897,-91.99483839344397,-92.03170191132115,-91.36847283281794,-91.64278,-91.97769149678228
1,60.0,54.83870967741933,3.225806451612897,-92.35597725445757,-92.39615837146405,-91.8006040703963,-92.09614,-92.39446770883308
1,60.0,61.29032258064515,3.225806451612897,-92.72845211605204,-92.77005307113265,-92.2266262495833,-92.61435,-92.8652240255056
1,60.0,67.74193548387095,3.225806451612897,-93.1426446081328,-93.18310306791108,-92.64876744210846,-93.36531,-93.36531131056941
1,60.0,74.19354838709677,3.225806451612897,-93.62148381033428,-93.65834893246559,-93.07460324582692,-93.834366,-94.0245050099356
1,60.0,80.64516129032256,3.225806451612897,-94.17853186086967,-94.20999522988757,-93.51501809434261,-94.51256,-94.63683439088713
1,60.0,87.09677419354838,3.225806451612897,-94.81855965480813,-94.84373389814536,-93.98202571784753,-95.20928,-95.19417965029436
1,60.0,93.54838709677418,3.225806451612897,-95.53910826483624,-95.55810300039494,-94.4869830698828,-95.899704,-95.6584003031798
1,60.0,100.0,3.225806451612897,-96.33223252783829,-96.3460575415916,-95.03941087503577,-96.56003,-95.99862449821521
1,60.0,-100.0,9.677419354838705,-100.34032236481481,-100.15390630051442,-101.34060324022171,-99.96929,-100.3090787501368
1,60.0,-93.54838709677419,9.677419354838705,-99.1795494203676,-99.03064513632509,-100.54009756943877,-99.18202,-99.60890292480754
1,60.0,-87.09677419354838,9.677419354838705,-98.18691970446804,-98.07663682604641,-99.75013446897134,-98.31666,-98.60168694185232
1,60.0,-80.64516129032259,9.677419354838705,-97.38173919366902,-97.30058339064895,-98.89603142260114,-97.402565,-97.55890087309227
1,60.0,-74.19354838709677,9.677419354838705,-96.68776858932492,-96.62264171930678,-97.90512979845909,-96.46524,-96.60655796054513
1,60.0,-67.74193548387098,9.677419354838705,-95.96306654837689,-95.90405887342568,-96.75882932743113,-95.51694,-95.6569269710743
1,60.0,-61.29032258064517,9.677419354838705,-95.06988082514626,-95.01611537505035,-95.50733007738916,-94.46857,-94.4685606125219
1,60.0,-54.83870967741936,9.677419354838705,-93.96943393563562,-93.92841264837699,-94.23777119493087,-93.56378,-93.62342017032368
1,60.0,-48.38709677419355,9.677419354838705,-92.74812300463255,-92.72819742914216,-93.0328940235573,-92.5455,-92.57555301133775
1,60.0,-41.935483870967744,9.677419354838705,-91.54552594016425,-91.55016964258138,-91.95071023697648,-91.53069,-91.54496551910535
1,60.0,-35.483870967741936,9.677419354838705,-90.47751243413246,-90.50522105863315,-91.02389856991918,-90.74602,-90.74601841742756
1,60.0,-29.032258064516128,9.677419354838705,-89.61234257903705,-89.65884073932811,-90.26667830941761,-89.9077,-89.90770742640001
1,60.0,-22.580645161290334,9.677419354838705,-88.9797962570542,-89.03982302200468,-89.68168458909254,-89.29057,-89.20552324400529
1,60.0,-16.129032258064527,9.677419354838705,-88.58561795815939,-88.65385192389851,-89.26472411453076,-88.63998,-88.63997189242589
1,60.0,-9.677419354838719,9.677419354838705,-88.42134618560564,-88.49281175247401,-89.00755015195323,-88.99315,-88.64063113772215
1,60.0,-3.225806451612911,9.677419354838705,-88.46907653919219,-88.53935914827886,-88.89927107177485,-89.14356,-88.72197111129282
1,60.0,3.225806451612897,9.677419354838705,-88.70281026304752,-88.7682765018589,-88.92692103527189,-89.398186,-88.96607144163335
1,60.0,9.677419354838705,9.677419354838705,-89.08803692214823,-89.14615577112728,-89.07556796261579,-89.69347,-89.31884968739223
1,60.0,16.129032258064512,9.677419354838705,-89.58126982106556,-89.63102956147262,-89.32824161974928,-89.99516,-89.75208478099287
1,60.0,22.58064516129032,9.677419354838705,-90.13173492940916,-90.17399339354684,-89.66594119055156,-90.296486,-90.25305955784728
1,60.0,29.032258064516128,9.677419354838705,-90.68751521707861,-90.72494190095009,-90.0679940232597,-90.606155,-90.76738104895766
1,60.0,35.48387096774192,9.677419354838705,-91.20650527407973,-91.24278839882793,-90.51302299302418,-90.938324,-91.2480627436802
1,60.0,41.935483870967744,9.677419354838705,-91.66803276347481,-91.70647180186805,-90.98065439614513,-91.30745,-91.67775869930605
1,60.0,48.38709677419354,9.677419354838705,-92.07781866932459,-92.12003422461689,-91.45380405187501,-91.72616,-92.06894894027592
1,60.0,54.83870967741933,9.677419354838705,-92.46244439286953,-92.50795798678638,-91.92098475448034,-92.20405,-92.46561876387419
1,60.0,61.29032258064515,9.677419354838705,-92.85728011532525,-92.90402860715686,-92.3778284274367,-92.746414,-92.93232121613799
1,60.0,67.74193548387095,9.677419354838705,-93.29521926353985,-93.3404855628223,-92.82718250683081,-93.35259,-93.50552630172376
1,60.0,74.19354838709677,9.677419354838705,-93.80034220655202,-93.84159648181577,-93.27771777632287,-94.01462,-94.14462484619244
1,60.0,80.64516129032256,9.677419354838705,-94.38623051857569,-94.42168049583987,-93.74160359568396,-94.71673,-94.77343975793283
1,60.0,87.09677419354838,9.677419354838705,-95.05688553593748,-95.08574780361639,-94.23205612805374,-95.4368,-95.33116782961157
1,60.0,93.54838709677418,9.677419354838705,-95.80856151852215,-95.83111476302389,-94.76137140306456,-96.149536,-95.77991198235995
1,60.0,100.0,9.677419354838705,-96.63169361846329,-96.64914323872117,-95.3396624736149,-96.83068,-96.09938666239722
1,60.0,-100.0,16.129032258064512,-99.79707130226011,-99.61652668313127,-101.03697778207783,-100.09154,-100.0915347737967
1,60.0,-93.54838709677419,16.129032258064512,-98.65290989558369,-98.51183621281542,-100.20704129827705,-98.73419,-99.06096201864301
1,60.0,-87.09677419354838,16.129032258064512,-97.69156575239367,-97.58852046217496,-99.39387804474308,-97.866425,-98.02643475602758
1,60.0,-80.64516129032259,16.129032258064512,-96.91636682721779,-96.84107264927911,-98.51893753062535,-96.76543,-96.7654264410184
1,60.0,-74.19354838709677,16.129032258064512,-96.24100704676663,-96.1807678900189,-97.5113033323717,-96.016426,-96.09551136752029
1,60.0,-67.74193548387098,16.129032258064512,-95.51979778555659,-95.46599479098023,-96.35704142249352,-95.07399,-95.24415516227589
1,60.0,-61.29032258064517,16.129032258064512,-94.62096097126364,-94.57416377711348,-95.10923700792866,-94.12172,-94.32908025196058
1,60.0,-54.83870967741936,16.129032258064512,-93.51895889494773,-93.48713236718774,-93.85422508698868,-93.14894,-93.3257845214145
1,60.0,-48.38709677419355,16.129032258064512,-92.30982289193238,-92.30063050953815,-92.6719074745232,-92.15547,-92.26380091575125
1,60.0,-41.935483870967744,16.129032258064512,-91.13381736312255,-91.14973330284363,-91.61748085795048,-91.173645,-91.21673338390814
1,60.0,-35.483870967741936,16.129032258064512,-90.10279687740626,-90.14159638380875,-90.72166545466779,-90.206955,-90.20695715629677
1,60.0,-29.032258064516128,16.129032258064512,-89.28100355335275,-89.3380282392022,-89.99755280769708,-89.550385,-89.52547206417428
1,60.0,-22.580645161290334,16.129032258064512,-88.69564374374261,-88.76546170737788,-89.44721252260553,-89.067085,-88.96033445778963
1,60.0,-16.129032258064527,16.129032258064512,-88.35108036144578,-88.428302379274,-89.06620565209509,-88.84871,-88.61727737588345
1,60.0,-9.677419354838719,16.129032258064512,-88.23809739738685,-88.31772351539445,-88.84619259931833,-88.87096,-88.5255978825141
1,60.0,-3.225806451612911,16.129032258064512,-88.33818577537954,-88.41579768601144,-88.77623040758785,-89.072556,-88.65094309712421
1,60.0,3.225806451612897,16.129032258064512,-88.62451177920882,-88.69649572308917,-88.84326167041495,-89.375755,-88.9428882613349
1,60.0,9.677419354838705,16.129032258064512,-89.06118822930074,-89.12507931481218,-89.03215268724708,-89.71472,-89.34126554839173
1,60.0,16.129032258064512,16.129032258064512,-89.60263966593706,-89.65757352708923,-89.32555819132055,-89.67529,-89.67529390422384
1,60.0,22.58064516129032,16.129032258064512,-90.19548837641918,-90.2425717217521,-89.70388068053666,-90.38769,-90.39456778260688
1,60.0,29.032258064516128,16.129032258064512,-90.78552151305333,-90.82773415692323,-90.14562063443304,-90.724884,-90.96574678674324
1,60.0,35.48387096774192,16.129032258064512,-91.32995135884607,-91.37122986672142,-90.62841091715839,-91.0811,-91.46811610095918
1,60.0,41.935483870967744,16.129032258064512,-91.80991914337065,-91.85361049120405,-91.13089448959357,-91.47177,-91.885121655731
1,60.0,48.38709677419354,16.129032258064512,-92.2349175125332,-92.28245989154178,-91.63526643712287,-92.271,-92.2710020572265
1,60.0,54.83870967741933,16.129032258064512,-92.63555464767967,-92.68616876961033,-92.12983756881066,-92.407,-92.62036459454373
1,60.0,61.29032258064515,16.129032258064512,-93.04997336562279,-93.10132706495054,-92.61068525373256,-92.980125,-92.98013088832975
1,60.0,67.74193548387095,16.129032258064512,-93.51212228111288,-93.56135119769847,-93.08166746263268,-93.591446,-93.70284406129028
1,60.0,74.19354838709677,16.129032258064512,-94.04575058993893,-94.09031700099256,-93.55276990248571,-94.27092,-94.36567066209052
1,60.0,80.64516129032256,16.129032258064512,-94.66324570227854,-94.7014682988366,-94.03746837607537,-94.99007,-95.00085283089521
1,60.0,87.09677419354838,16.129032258064512,-95.36693639318034,-95.3982293017014,-94.55003512763908,-95.72656,-95.54824341829726
1,60.0,93.54838709677418,16.129032258064512,-96.15113525660335,-96.17602192296913,-95.10344838784275,-96.454865,-95.97212943918551
1,60.0,100.0,16.129032258064512,-97.00418198282149,-97.02410521061594,-95.70809723041296,-97.15045,-96.26103977110985
1,60.0,-100.0,22.58064516129032,-99.33551731645574,-99.16114577819707,-100.77192425058365,-99.16536,-99.23999255882467
1,60.0,-93.54838709677419,22.58064516129032,-98.21109538361196,-98.07687489087371,-99.92009954321729,-98.382385,-98.4957860068817
1,60.0,-87.09677419354838,22.58064516129032,-97.2751047901208,-97.17834162137544,-99.09489804331677,-97.52387,-97.523991919922
1,60.0,-80.64516129032259,22.58064516129032,-96.5233866322279,-96.45377371899309,-98.21664111691064,-96.62039,-96.57300231208539
1,60.0,-74.19354838709677,22.58064516129032,-95.86841263555065,-95.81385396832779,-97.21527660739689,-95.826294,-95.82628847877459
1,60.0,-67.74193548387098,22.58064516129032,-95.16819180167255,-95.12080621141024,-96.07703113668464,-94.77355,-95.00510485115848
1,60.0,-61.29032258064517,22.58064516129032,-94.297050064772,-94.25768306213482,-94.85301366299834,-94.349556,-94.34955291991318
1,60.0,-54.83870967741936,22.58064516129032,-93.23265832518707,-93.20885762349539,-93.62651830150837,-92.89668,-93.18266269045924
1,60.0,-48.38709677419355,22.58064516129032,-92.06878658174799,-92.06755544645448,-92.47496705876996,-91.936714,-92.0892929762455
1,60.0,-41.935483870967744,22.58064516129032,-90.94134671976312,-90.96470695677394,-91.45218697358139,-90.99515,-91.00468898088226
1,60.0,-35.483870967741936,22.58064516129032,-89.95924545878388,-90.00477956610027,-90.58837893504202,-90.14229,-90.05071445053973
1,60.0,-29.032258064516128,22.58064516129032,-89.18561486723831,-89.24861755569466,-89.8965662933615,-89.46463,-89.32780185616315
1,60.0,-22.580645161290334,22.58064516129032,-88.64751623635682,-88.72256643831338,-89.37892755282108,-89.02805,-88.85051635013413
1,60.0,-16.129032258064527,22.58064516129032,-88.34938754777609,-88.43112693773564,-89.0311625308,-88.85457,-88.6094320635457
1,60.0,-9.677419354838719,22.58064516129032,-88.28188651501779,-88.3653600194721,-88.84502476985573,-88.91972,-88.58864934914486
1,60.0,-3.225806451612911,22.58064516129032,-88.42592447755051,-88.50678537737521,-88.80957311084214,-88.683784,-88.68378821751854
1,60.0,3.225806451612897,22.58064516129032,-88.75345213716528,-88.82821143714737,-88.91162251003993,-89.50249,-89.11882538562577
1,60.0,9.677419354838705,22.58064516129032,-89.22664781632992,-89.29305220509977,-89.13574429069743,-89.87459,-89.5885383723329
1,60.0,16.129032258064512,22.58064516129032,-89.79748180264122,-89.85498508834016,-89.4640980018181,-90.24265,-90.13660732703946
1,60.0,22.58064516129032,22.58064516129032,-90.41036131690763,-90.46045700642242,-89.87638084346435,-90.60054,-90.74074312970407
1,60.0,29.032258064516128,22.58064516129032,-91.01046899828005,-91.05645584332709,-90.35022147642366,-90.958664,-91.32763967826895
1,60.0,35.48387096774192,22.58064516129032,-91.55729795726398,-91.60316994115107,-90.86234468128157,-91.80222,-91.80222512499984
1,60.0,41.935483870967744,22.58064516129032,-92.03699718766954,-92.08580320308629,-91.39067494357177,-91.73985,-92.20857429664825
1,60.0,48.38709677419354,22.58064516129032,-92.4647744348354,-92.51742163731782,-91.91714902476352,-92.19301,-92.51377243866023
1,60.0,54.83870967741933,22.58064516129032,-92.87527515094237,-92.9304652006101,-92.43047608146769,-92.83766,-92.83766019070613
1,60.0,61.29032258064515,22.58064516129032,-93.30800377377535,-93.36307566692354,-92.92778471289793,-93.42857,-93.42857201831873
1,60.0,67.74193548387095,22.58064516129032,-93.79608904948228,-93.8480814718622,-93.41440164772962,-93.91223,-94.01545701245632
1,60.0,74.19354838709677,22.58064516129032,-94.36126528491299,-94.40773351535233,-93.90183763825183,-94.60312,-94.6917064864559
1,60.0,80.64516129032256,22.58064516129032,-95.0134454313183,-95.05293045400947,-94.40482710727736,-95.333115,-95.32913991664836
1,60.0,87.09677419354838,22.58064516129032,-95.75236905236657,-95.78458166933409,-94.9384538532523,-96.079834,-95.86209200998732
1,60.0,93.54838709677418,22.58064516129032,-96.56975086548476,-96.59552952400173,-95.51601882524663,-96.81762,-96.25375391799258
1,60.0,100.0,22.58064516129032,-97.45136548066276,-97.47241269926248,-96.14777223619541,-97.52188,-96.50022907306295
1,60.0,-100.0,29.032258064516128,-98.96533754954051,-98.79639884728448,-100.56100929530393,-98.89102,-98.71633865376143
1,60.0,-93.54838709677419,29.032258064516128,-97.86016283355279,-97.73125901636604,-99.69433442475713,-98.12529,-97.98902245020697
1,60.0,-87.09677419354838,29.032258064516128,-96.94257249662829,-96.85076037878827,-98.86779269489472,-97.28635,-97.09797031329356
1,60.0,-80.64516129032259,29.032258064516128,-96.20832916023163,-96.14381550390016,-98.00292088409324,-96.40468,-96.25334444599213
1,60.0,-74.19354838709677,29.032258064516128,-95.57655222525096,-95.52789891411292,-97.02943448934734,-95.46161,-95.46160896158328
1,60.0,-67.74193548387098,29.032258064516128,-94.91529087052677,-94.87477430487647,-95.92952222420098,-94.60883,-94.83797389947127
1,60.0,-61.29032258064517,29.032258064516128,-94.10441489378732,-94.072136199991,-94.74797611342404,-93.70835,-94.06907295894477
1,60.0,-54.83870967741936,29.032258064516128,-93.11539947558386,-93.09780347276123,-93.56306093863468,-93.12758,-93.12757199703444
1,60.0,-48.38709677419355,29.032258064516128,-92.02898002347456,-92.03249183383996,-92.45001756662526,-91.87869,-92.04380231131967
1,60.0,-41.935483870967744,29.032258064516128,-90.97197641937022,-90.998657313969,-91.46258648277446,-90.98357,-90.94960135015012
1,60.0,-35.483870967741936,29.032258064516128,-90.0510647955759,-90.0987669431135,-90.63175398131266,-89.88487,-89.8848767582727
1,60.0,-29.032258064516128,29.032258064516128,-89.33078251571429,-89.39504970494774,-89.97145104617489,-89.307014,-89.307011588386
1,60.0,-22.580645161290334,29.032258064516128,-88.84022759817736,-88.91581347512104,-89.4845908826319,-89.16014,-88.89415875936515
1,60.0,-16.129032258064527,29.032258064516128,-88.58522037374725,-88.66689297276493,-89.1673650298288,-89.02657,-88.75748534243925
1,60.0,-9.677419354838719,29.032258064516128,-88.55679918091272,-88.63972515541667,-89.01177981286682,-89.12673,-88.8314441772731
1,60.0,-3.225806451612911,29.032258064516128,-88.73519590686696,-88.81519289479073,-89.00692081713467,-89.399704,-89.07944144234673
1,60.0,3.225806451612897,29.032258064516128,-89.09065368126655,-89.16448823304414,-89.13940608801086,-89.76723,-89.48772796864851
1,60.0,9.677419354838705,29.032258064516128,-89.58284317590375,-89.64864547055066,-89.3933807426457,-90.16275,-90.01951160638339
1,60.0,16.129032258064512,29.032258064516128,-90.16114967167647,-90.21887017473517,-89.75035158819908,-90.55098,-90.61587467292617
1,60.0,22.58064516129032,29.032258064516128,-90.76878888811714,-90.8204050207116,-90.18917669116492,-90.92619,-91.22762679536496
1,60.0,29.032258064516128,29.032258064516128,-91.3529883269467,-91.4020232526078,-90.68657345738515,-91.29925,-91.8048594518566
1,60.0,35.48387096774192,29.032258064516128,-91.8792741789961,-91.92946246394777,-91.21849728786097,-91.686615,-92.29616999958218
1,60.0,41.935483870967744,29.032258064516128,-92.3420111510807,-92.39568833380842,-91.76253689025714,-92.10474,-92.64544396438646
1,60.0,48.38709677419354,29.032258064516128,-92.76325832606199,-92.82047773636394,-92.30099498843812,-92.70494,-92.70494593249225
1,60.0,54.83870967741933,29.032258064516128,-93.18067339170557,-93.23948462778023,-92.82373704048334,-93.08694,-93.21707924528437
1,60.0,61.29032258064515,29.032258064516128,-93.6330072834445,-93.69044695421132,-93.32964328343843,-93.66799,-93.74353580146686
1,60.0,67.74193548387095,29.032258064516128,-94.15043043953283,-94.20354858668689,-93.82596575894976,-94.31098,-94.40351050013794
1,60.0,74.19354838709677,29.032258064516128,-94.75098307067674,-94.79755847501187,-94.32586365217344,-95.00815,-95.10143328146637
1,60.0,80.64516129032256,29.032258064516128,-95.44091252263198,-95.47983009281967,-94.84515132956776,-95.74373,-95.74933291372751
1,60.0,87.09677419354838,29.032258064516128,-96.21653282243807,-96.2478958712883,-95.39934443198824,-96.49538,-96.27221934214612
1,60.0,93.54838709677418,29.032258064516128,-97.06635927637008,-97.09137403781187,-96.00158618483809,-97.2375,-96.62640574606286
1,60.0,100.0,29.032258064516128,-97.97318579472675,-97.99380111802712,-96.66146192618231,-97.94557,-96.81813503245964
1,60.0,-100.0,35.48387096774192,-98.69286656814266,-98.52793268707845,-100.41781121760374,-98.69683,-98.34360169248265
1,60.0,-93.54838709677419,35.48387096774192,-97.60526888801454,-97.47967437230946,-99.54175687629771,-97.95653,-97.6159584636072
1,60.0,-87.09677419354838,35.48387096774192,-96.6990753957289,-96.61040145182234,-98.72240700952183,-96.66928,-96.66928130726663
1,60.0,-80.64516129032259,35.48387096774192,-95.97583886377052,-95.91523196105152,-97.88486942883583,-96.294975,-96.02806820062187
1,60.0,-74.19354838709677,35.48387096774192,-95.36766743760028,-95.32441389561285,-96.95814169175284,-95.43053,-95.37798808336237
1,60.0,-67.74193548387098,35.48387096774192,-94.75817232964353,-94.72432293905999,-95.91708934434257,-94.56715,-94.75738408514377
1,60.0,-61.29032258064517,35.48387096774192,-94.03379821672823,-94.00796375643446,-94.79622115494904,-93.70482,-94.05185225314187
1,60.0,-54.83870967741936,35.48387096774192,-93.15384654578877,-93.14072596108821,-93.66643048070499,-92.83642,-93.1812542602607
1,60.0,-48.38709677419355,35.48387096774192,-92.17677394467756,-92.18209338609537,-92.60051170777075,-91.964676,-92.16699944883916
1,60.0,-41.935483870967744,35.48387096774192,-91.21423643998845,-91.24039971456472,-91.65301666921661,-91.06375,-91.06374443218323
1,60.0,-35.483870967741936,35.48387096774192,-90.36950430668483,-90.41502617100547,-90.85685410874468,-90.370895,-90.19708223786554
1,60.0,-29.032258064516128,35.48387096774192,-89.70993711830425,-89.77091213623099,-90.22779638447075,-89.38511,-89.38511185440188
1,60.0,-22.580645161290334,35.48387096774192,-89.26844580065493,-89.33999820811755,-89.77012289066897,-89.44432,-89.15459330384911
1,60.0,-16.129032258064527,35.48387096774192,-89.05343524706822,-89.13059352845463,-89.48088315070166,-89.346176,-89.09948193722286
1,60.0,-9.677419354838719,35.48387096774192,-89.05680176223811,-89.13497290204941,-89.35250088503275,-89.4743,-89.25876110856333
1,60.0,-3.225806451612911,35.48387096774192,-89.25798860401072,-89.33329195139703,-89.37410572188082,-89.76932,-89.5679408923386
1,60.0,3.225806451612897,35.48387096774192,-89.62511748029094,-89.69474719647306,-89.53203085419892,-89.942154,-89.94215438101521
1,60.0,9.677419354838705,35.48387096774192,-90.11511313405026,-90.17777251657223,-89.80984068788715,-90.56511,-90.5772631146226
1,60.0,16.129032258064512,35.48387096774192,-90.67544263532348,-90.73171488709447,-90.1882163663133,-90.96617,-91.18295180621041
1,60.0,22.58064516129032,35.48387096774192,-91.25042994392062,-91.30274069932716,-90.64505530672159,-91.352585,-91.76779805273426
1,60.0,29.032258064516128,35.48387096774192,-91.79325364864846,-91.84506193666807,-91.15618846347316,-91.73543,-92.29834262109148
1,60.0,35.48387096774192,35.48387096774192,-92.2795538516141,-92.33387165816177,-91.6970742432284,-92.13132,-92.75409434548752
1,60.0,41.935483870967744,35.48387096774192,-92.71409087584928,-92.77212383703001,-92.24554288655497,-93.45687,-93.45686826793377
1,60.0,48.38709677419354,35.48387096774192,-93.12521281138314,-93.18596142862184,-92.78509387093244,-93.02615,-93.28759204935753
1,60.0,54.83870967741933,35.48387096774192,-93.55125615333087,-93.612135352869,-93.30764832956433,-93.55028,-93.59419745796968
1,60.0,61.29032258064515,35.48387096774192,-94.02759716169597,-94.08547508071186,-93.81455434942077,-94.13541,-94.1317271335075
1,60.0,67.74193548387095,35.48387096774192,-94.579364785656,-94.63146557205758,-94.31533370367717,-94.869545,-94.86954340906303
1,60.0,74.19354838709677,35.48387096774192,-95.2194733646546,-95.263948532683,-94.82473053011324,-95.48077,-95.56207943399889
1,60.0,80.64516129032256,35.48387096774192,-95.94953971297386,-95.98573848944248,-95.35926491797565,-96.21768,-96.23710468425415
1,60.0,87.09677419354838,35.48387096774192,-96.76176584260857,-96.79026383716163,-95.93433940330853,-96.97002,-96.76165908469838
1,60.0,93.54838709677418,35.48387096774192,-97.64097065492358,-97.66336050228013,-96.56232573077983,-97.71236,-97.07475692289694
1,60.0,100.0,35.48387096774192,-98.56667409382243,-98.58508085970419,-97.2514925623387,-98.42034,-97.20225068290766
1,60.0,-100.0,41.935483870967744,-98.52173790592767,-98.35896391018828,-100.35333427014106,-98.37953,-98.37953175696762
1,60.0,-93.54838709677419,41.935483870967744,-97.45082537209029,-97.32613218590589,-99.47113953438935,-97.24969,-97.24968676852873
1,60.0,-87.09677419354838,41.935483870967744,-96.5498500560188,-96.4619471571025,-98.66406637718103,-97.09206,-96.61593838293953
1,60.0,-80.64516129032259,41.935483870967744,-95.83014233470236,-95.77148905263526,-97.8634483763129,-96.27916,-95.91985142222482
1,60.0,-74.19354838709677,41.935483870967744,-95.24116125137262,-95.20193225473152,-96.99827924822145,-95.34874,-95.3487374000221
1,60.0,-67.74193548387098,41.935483870967744,-94.68662222971003,-94.65858427418627,-96.03430447919183,-94.633194,-94.77741644186023
1,60.0,-61.29032258064517,41.935483870967744,-94.06306973303708,-94.04299422566987,-94.99228531679893,-93.81527,-94.16136620592661
1,60.0,-54.83870967741936,41.935483870967744,-93.31715393993193,-93.30740453358305,-93.93269971166154,-93.3873,-93.38729470278814
1,60.0,-48.38709677419355,41.935483870967744,-92.47899121063936,-92.48413626917235,-92.92460659216259,-92.17541,-92.48209005527599
1,60.0,-41.935483870967744,41.935483870967744,-91.63744954909995,-91.66019605638311,-92.02358548363505,-91.51765,-91.51764601217303
1,60.0,-35.483870967741936,41.935483870967744,-90.8880255400702,-90.92780511904601,-91.26532661922694,-90.69307,-90.70413277266846
1,60.0,-29.032258064516128,41.935483870967744,-90.30014103942062,-90.35391056649485,-90.66833053132243,-90.1654,-90.06216671224155
1,60.0,-22.580645161290334,41.935483870967744,-89.91137265551187,-89.97488930443829,-90.23891258960732,-89.524605,-89.52460265441772
1,60.0,-16.129032258064527,41.935483870967744,-89.73366497690074,-89.80242980343915,-89.97539632503369,-89.792786,-89.68315021441158
1,60.0,-9.677419354838719,41.935483870967744,-89.7602740043976,-89.83012842476383,-89.87082165846817,-89.94284,-89.87972773174656
1,60.0,-3.225806451612911,41.935483870967744,-89.96993577418317,-90.03750274979318,-89.91439368480856,-90.25252,-90.21294354209458
1,60.0,3.225806451612897,41.935483870967744,-90.3287068110295,-90.39181387435852,-90.09207335928392,-90.647964,-90.66454257733206
1,60.0,9.677419354838705,41.935483870967744,-90.79150066120958,-90.8495775166509,-90.38669133119883,-91.25591,-91.25591751254545
1,60.0,16.129032258064512,41.935483870967744,-91.30610869949139,-91.3603586946452,-90.77795528535674,-91.47386,-91.79108520401459
1,60.0,22.58064516129032,41.935483870967744,-91.82201356259947,-91.87502552734783,-91.24275875440212,-91.86639,-92.31015863911384
1,60.0,29.032258064516128,41.935483870967744,-92.30308043174516,-92.35772981666649,-91.75622912724079,-92.25481,-92.74313105565435
1,60.0,35.48387096774192,41.935483870967744,-92.7381339725033,-92.79619204596266,-92.29384066768306,-92.65561,-93.091612471832
1,60.0,41.935483870967744,41.935483870967744,-93.14215081553704,-93.20342580228635,-92.8345194307198,-93.08519,-93.37075697098936
1,60.0,48.38709677419354,41.935483870967744,-93.54705179065286,-93.6095191731957,-93.3640106851851,-93.55775,-93.62993980677464
1,60.0,54.83870967741933,41.935483870967744,-93.98854885745084,-94.04918294423409,-93.8772514366798,-93.7751,-93.77510349069257
1,60.0,61.29032258064515,41.935483870967744,-94.49606465419933,-94.55179022947688,-94.37864415426141,-94.67023,-94.55712038043123
1,60.0,67.74193548387095,41.935483870967744,-95.08805191690311,-95.13646031572664,-94.88006304148857,-95.31625,-95.28088751466265
1,60.0,74.19354838709677,41.935483870967744,-95.77130693892023,-95.8110713637849,-95.39748296024959,-96.01452,-96.05276111011949
1,60.0,80.64516129032256,41.935483870967744,-96.54214881708897,-96.57318683925189,-95.94751268360058,-96.74951,-96.75983246243842
1,60.0,87.09677419354838,41.935483870967744,-97.3881667408557,-97.41157311155725,-96.54472008574216,-97.41349,-97.41349010763457
1,60.0,93.54838709677418,41.935483870967744,-98.29015204014753,-98.3078678102764,-97.19995284938376,-98.23864,-97.5659682779049
1,60.0,100.0,41.935483870967744,-99.22430123298108,-99.23847680818145,-97.91936134940003,-98.94354,-97.63228985709372
1,60.0,-100.0,48.38709677419354,-98.45276845282869,-98.29013536977408,-100.37587082091876,-98.518814,-97.94217028807662
1,60.0,-93.54838709677419,48.38709677419354,-97.4001120762302,-97.27362092601777,-99.48846940388512,-97.84804,-97.31298133044317
1,60.0,-87.09677419354838,48.38709677419354,-96.50020268358814,-96.41015110835477,-98.69460323908838,-97.11397,-96.58547510167779
1,60.0,-80.64516129032259,48.38709677419354,-95.77607820048136,-95.71658803069656,-97.9348325660498,-96.344864,-95.90352173470892
1,60.0,-74.19354838709677,48.38709677419354,-95.1966886788428,-95.15909464374666,-97.14030004946818,-95.566025,-95.33246004028877
1,60.0,-67.74193548387098,48.38709677419354,-94.6887437082369,-94.66479961100492,-96.26788951159003,-94.79173,-94.8628328977615
1,60.0,-61.29032258064517,48.38709677419354,-94.163855492111,-94.14864323015894,-95.32225013636592,-94.02317,-94.36540767315068
1,60.0,-54.83870967741936,48.38709677419354,-93.56136578390854,-93.55460309074113,-94.3498102219315,-93.25528,-93.70924215664562
1,60.0,-48.38709677419355,48.38709677419354,-92.88287515129588,-92.88728098675493,-93.41322150649354,-92.49213,-92.92681222658437
1,60.0,-41.935483870967744,48.38709677419354,-92.18757500472788,-92.20565846407767,-92.56819581021824,-91.76323,-92.12765778220944
1,60.0,-35.483870967741936,48.38709677419354,-91.55553649604201,-91.58759604222243,-91.85351802411348,-91.12667,-91.41521120513642
1,60.0,-29.032258064516128,48.38709677419354,-91.05404577696119,-91.0981334234328,-91.29115079120876,-90.65052,-90.86533740284956
1,60.0,-22.580645161290334,48.38709677419354,-90.72422299756093,-90.77704038370604,-90.89013750726467,-90.38525,-90.54851165703971
1,60.0,-16.129032258064527,48.38709677419354,-90.58176920255409,-90.63959346160848,-90.65056020097308,-90.46525,-90.46524883376341
1,60.0,-9.677419354838719,48.38709677419354,-90.62180319043279,-90.68119113047872,-90.56633522489221,-90.513885,-90.67661796139141
1,60.0,-3.225806451612911,48.38709677419354,-90.8229803220423,-90.88130832129224,-90.62681758121913,-90.98732,-90.98731584174612
1,60.0,3.225806451612897,48.38709677419354,-91.15050889339238,-91.20640910488325,-90.81754372161336,-91.31809,-91.31808886987116
1,60.0,9.677419354838705,48.38709677419354,-91.55986762054665,-91.61348657872013,-91.12050936640043,-91.65131,-91.89952976564149
1,60.0,16.129032258064512,48.38709677419354,-92.00353954679741,-92.05640046843737,-91.51440455778695,-92.060715,-92.41034344249886
1,60.0,22.58064516129032,48.38709677419354,-92.44145715232682,-92.4957354048517,-91.9752673514948,-92.45523,-92.84806067927909
1,60.0,29.032258064516128,48.38709677419354,-92.85198908449314,-92.9093598839917,-92.47799974074793,-92.845856,-93.16999303683812
1,60.0,35.48387096774192,48.38709677419354,-93.2373011795748,-93.29795521162413,-92.998966160583,-93.248764,-93.41003881710992
1,60.0,41.935483870967744,48.38709677419354,-93.61936263624975,-93.6817588711324,-93.5193627043529,-93.448975,-93.44897365468091
1,60.0,48.38709677419354,48.38709677419354,-94.02941451615561,-94.09079206292445,-94.02836720308252,-94.153435,-94.00580275024369
1,60.0,54.83870967741933,48.38709677419354,-94.49725591529159,-94.55447641967517,-94.52476626941356,-94.7116,-94.71160270800439
1,60.0,61.29032258064515,48.38709677419354,-95.04448853295023,-95.09479792369197,-95.01625887392001,-94.92515,-94.92514972885353
1,60.0,67.74193548387095,48.38709677419354,-95.68197692945367,-95.72352229991914,-95.51673454334427,-95.90842,-95.7961544231515
1,60.0,74.19354838709677,48.38709677419354,-96.40989868414009,-96.44200307708586,-96.04268413937481,-96.60327,-96.5899003570172
1,60.0,80.64516129032256,48.38709677419354,-97.21889722770571,-97.24211715759074,-96.60993962150994,-97.33394,-97.30948306385116
1,60.0,87.09677419354838,48.38709677419354,-98.09166497094283,-98.10760582088747,-97.23134865853959,-98.07872,-97.82982312718887
1,60.0,93.54838709677418,48.38709677419354,-99.00492470971749,-99.01575322051178,-97.91533626752113,-98.81278,-98.08123345085768
1,60.0,100.0,48.38709677419354,-99.93196803197458,-99.93960934762383,-98.66493521540946,-99.51239,-98.10000074225331
1,60.0,-100.0,54.83870967741933,-98.48323432095296,-98.31879886451202,-100.49097173947004,-98.51971,-97.8944318364675
1,60.0,-93.54838709677419,54.83870967741933,-97.45426881125445,-97.32318010791849,-99.5976769949811,-97.89059,-97.34825415095976
1,60.0,-87.09677419354838,54.83870967741933,-96.55493860989989,-96.45937988607767,-98.81385945922888,-97.20213,-96.66681322870453
1,60.0,-80.64516129032259,54.83870967741933,-95.81981133536576,-95.75588955967957,-98.09246337031476,-96.481384,-95.97550558650315
1,60.0,-74.19354838709677,54.83870967741933,-95.23733339428391,-95.19787706899345,-97.37015204638416,-95.26634,-95.26634222872518
1,60.0,-67.74193548387098,54.83870967741933,-94.75784589460108,-94.73508051850133,-96.59757588309901,-95.02988,-94.96241292865876
1,60.0,-61.29032258064517,54.83870967741933,-94.31211265180752,-94.30004016222567,-95.76300389732738,-94.81856,-94.81855779901878
1,60.0,-54.83870967741936,54.83870967741933,-93.84080453893809,-93.83674229108264,-94.89542341475108,-93.60295,-94.03424573658089
1,60.0,-48.38709677419355,54.83870967741933,-93.32395619705954,-93.32826970119757,-94.04705099465414,-92.899414,-93.3882078356888
1,60.0,-41.935483870967744,54.83870967741933,-92.78928530573617,-92.803462121557,-93.27124085709997,-92.23225,-92.73731407462748
1,60.0,-35.483870967741936,54.83870967741933,-92.2932993685078,-92.31799970435246,-92.60915606571672,-92.19243,-92.1924302530353
1,60.0,-29.032258064516128,54.83870967741933,-91.89348078288488,-91.92780443675142,-92.08651325292068,-91.75991,-91.75990774957624
1,60.0,-22.580645161290334,54.83870967741933,-91.63027677614438,-91.67209536805618,-91.7156761918877,-91.00598,-91.4849809930119
1,60.0,-16.129032258064527,54.83870967741933,-91.52178807877355,-91.56846921893819,-91.4990106862607,-90.99331,-91.43735770608906
1,60.0,-9.677419354838719,54.83870967741933,-91.5653328270694,-91.61444276523085,-91.43164846351507,-91.17323,-91.57190889192182
1,60.0,-3.225806451612911,54.83870967741933,-91.74108215178853,-91.79094040041434,-91.50325402397455,-91.49509,-91.83480509116717
1,60.0,3.225806451612897,54.83870967741933,-92.01648405133415,-92.0665111531123,-91.69898863760775,-91.89284,-92.18640150218437
1,60.0,9.677419354838705,54.83870967741933,-92.35236783909798,-92.40310821000662,-92.00006376569442,-92.30998,-92.6004261207615
1,60.0,16.129032258064512,54.83870967741933,-92.71157838897724,-92.76426854186869,-92.38435239651048,-92.71707,-93.01911856059944
1,60.0,22.58064516129032,54.83870967741933,-93.0687575556115,-93.12449482288741,-92.82755002096273,-93.52911,-93.5291121507084
1,60.0,29.032258064516128,54.83870967741933,-93.41717378227769,-93.47605718752246,-93.30526795888302,-93.500595,-93.62577353510699
1,60.0,35.48387096774192,54.83870967741933,-93.76868873768677,-93.8294111735722,-93.7960695323794,-93.90344,-93.84484724906052
1,60.0,41.935483870967744,54.83870967741933,-94.14704159666613,-94.20711403591667,-94.28482894233272,-94.33446,-94.11489245988739
1,60.0,48.38709677419354,54.83870967741933,-94.57864908231308,-94.6350345820409,-94.76523725277556,-94.331635,-94.33163216716879
1,60.0,54.83870967741933,54.83870967741933,-95.08521366859517,-95.13502418095767,-95.24033454634045,-95.185814,-95.18581488794362
1,60.0,61.29032258064515,54.83870967741933,-95.67973990628003,-95.72078520189471,-95.72078083893777,-95.73058,-95.73058281224763
1,60.0,67.74193548387095,54.83870967741933,-96.36530722205593,-96.39644512009438,-96.22162633845622,-96.55376,-96.39252055922427
1,60.0,74.19354838709677,54.83870967741933,-97.13536457051534,-97.15665853824444,-96.75881343765879,-97.243515,-97.21002723177108
1,60.0,80.64516129032256,54.83870967741933,-97.97475848530951,-97.9874205020916,-97.34633144228115,-97.96813,-97.9395868094885
1,60.0,87.09677419354838,54.83870967741933,-98.8613287216892,-98.86738042610715,-97.99428268444888,-98.7062,-98.44452605053108
1,60.0,93.54838709677418,54.83870967741933,-99.76824652132522,-99.76984426716191,-98.70759435982416,-99.43327,-98.66206026327687
1,60.0,100.0,54.83870967741933,-100.6671361033382,-100.66563660779373,-99.48489625024608,-100.12598,-98.62169526375607
1,60.0,-100.0,61.29032258064515,-98.60583146453041,-98.43797927202905,-100.70110352629827,-98.572075,-98.0065682164436
1,60.0,-93.54838709677419,61.29032258064515,-97.6106234466125,-97.47233359593963,-99.80120600238715,-97.988144,-97.52818360495424
1,60.0,-87.09677419354838,61.29032258064515,-96.7168434034613,-96.61224351953307,-99.02126658471461,-97.349075,-96.87909826357026
1,60.0,-80.64516129032259,61.29032258064515,-95.96823882322296,-95.89568127051494,-98.32963572640267,-96.68054,-96.17201584655999
1,60.0,-74.19354838709677,61.29032258064515,-95.37097078762478,-95.32511505285174,-97.6724258672003,-96.00574,-95.53488023951793
1,60.0,-67.74193548387098,61.29032258064515,-94.89750641657223,-94.8715803342225,-96.9987164712981,-95.338104,-95.0655092186099
1,60.0,-61.29032258064517,61.29032258064515,-94.49917169088451,-94.48693042670614,-96.28309554508445,-94.6797,-94.71297974837462
1,60.0,-54.83870967741936,61.29032258064515,-94.12562343769316,-94.12279145520286,-95.53553939893314,-94.0275,-94.30158869094134
1,60.0,-48.38709677419355,61.29032258064515,-93.74649419851187,-93.751226216268,-94.79334934886163,-93.38663,-93.79893552293915
1,60.0,-41.935483870967744,61.29032258064515,-93.36389921909549,-93.37604312505854,-94.10329075183354,-92.78386,-93.27746393294024
1,60.0,-35.483870967741936,61.29032258064515,-93.00745282517877,-93.02723567892454,-93.50655241169824,-92.26887,-92.82082309291602
1,60.0,-29.032258064516128,61.29032258064515,-92.71696183785457,-92.74405246481349,-93.03191612622774,-91.89792,-92.49615811233271
1,60.0,-22.580645161290334,61.29032258064515,-92.52550041355461,-92.55883135511323,-92.6952409383042,-92.406876,-92.40687135264494
1,60.0,-16.129032258064527,61.29032258064515,-92.45022213721154,-92.4883377208571,-92.50160735024531,-91.722916,-92.32297062452078
1,60.0,-9.677419354838719,61.29032258064515,-92.49050641968515,-92.53206792703088,-92.44776106037381,-91.91262,-92.45317154173769
1,60.0,-3.225806451612911,61.29032258064515,-92.63053815907539,-92.67473272513169,-92.52397701098334,-92.23413,-92.68600875755327
1,60.0,3.225806451612897,61.29032258064515,-92.84455830353818,-92.89125522704681,-92.71530897967398,-92.62631,-92.97680197448503
1,60.0,9.677419354838705,61.29032258064515,-93.10417190576169,-93.15373083860129,-93.00255949241686,-93.036804,-93.29707021398062
1,60.0,16.129032258064512,61.29032258064515,-93.38664692071318,-93.43940403952458,-93.36344198291292,-93.43841,-93.61072180620836
1,60.0,22.58064516129032,61.29032258064515,-93.68165852143218,-93.73731215206782,-93.77438617540156,-93.80022,-93.80022420532198
1,60.0,29.032258064516128,61.29032258064515,-93.99351897861592,-94.05074626182044,-94.21319708734714,-94.21581,-94.12701930352995
1,60.0,35.48387096774192,61.29032258064515,-94.33798753671623,-94.39449394124581,-94.66227136737912,-94.61701,-94.40572064307398
1,60.0,41.935483870967744,61.29032258064515,-94.73576574644271,-94.78870095944276,-95.1114786508751,-95.0465,-94.77150291353698
1,60.0,48.38709677419354,61.29032258064515,-95.20594731377463,-95.25246355404578,-95.55957668965958,-95.51721,-95.18532235678748
1,60.0,54.83870967741933,61.29032258064515,-95.76148654833567,-95.79924894011894,-96.01350222227559,-96.03902,-95.6748843433117
1,60.0,61.29032258064515,61.29032258064515,-96.40695139091707,-96.43451721417347,-96.48583551830461,-96.05488,-96.05487380363671
1,60.0,67.74193548387095,61.29032258064515,-97.1378918263685,-97.15493748075077,-96.99146220522125,-97.25209,-97.0745618366283
1,60.0,74.19354838709677,61.29032258064515,-97.94117405508007,-97.94854035152532,-97.54447420429324,-97.93556,-97.94107085982907
1,60.0,80.64516129032256,61.29032258064515,-98.79606825227629,-98.79555394337751,-98.15583146862028,-98.652885,-98.69533437496005
1,60.0,87.09677419354838,61.29032258064515,-99.67624988077917,-99.67007441398698,-98.83172613219868,-99.382996,-99.18682742952159
1,60.0,93.54838709677418,61.29032258064515,-100.55286459512945,-100.54281530455381,-99.57225502202257,-100.10185,-99.34489089389882
1,60.0,100.0,61.29032258064515,-101.39827606757386,-101.38477634714727,-100.36995269373902,-100.78651,-99.21003222829705
1,60.0,-100.0,67.74193548387095,-98.80792845385734,-98.63556971643433,-101.00453311944409,-98.67013,-98.26798290511412
1,60.0,-93.54838709677419,67.74193548387095,-97.86060863017283,-97.71309517052742,-100.09991271547835,-98.134445,-97.8547606056807
1,60.0,-87.09677419354838,67.74193548387095,-96.98403913731838,-96.86712660696905,-99.31694141347228,-97.54802,-97.23104128799167
1,60.0,-80.64516129032259,67.74193548387095,-96.22645681908979,-96.14085523340228,-98.64207250427953,-96.93508,-96.51080388162791
1,60.0,-74.19354838709677,67.74193548387095,-95.60842526228605,-95.5509172207659,-98.03453423954919,-96.31755,-95.8235457294065
1,60.0,-67.74193548387098,67.74193548387095,-95.12162755240897,-95.08690323960094,-97.44739095032286,-95.027885,-95.02788979932117
1,60.0,-61.29032258064517,67.74193548387095,-94.7367410391366,-94.7190780917652,-96.847090200105,-95.10995,-94.93711147924697
1,60.0,-54.83870967741936,67.74193548387095,-94.4163331734134,-94.41087446500839,-96.22644326392972,-94.52031,-94.60009049932029
1,60.0,-48.38709677419355,67.74193548387095,-94.12963611403649,-94.13309474399281,-95.60491215114,-93.94508,-94.18930134242967
1,60.0,-41.935483870967744,67.74193548387095,-93.86378505753251,-93.87443010073068,-95.0176090447705,-93.409424,-93.74546215014072
1,60.0,-35.483870967741936,67.74193548387095,-93.62584304980783,-93.64291827142083,-94.50152749198256,-92.95839,-93.35379318061685
1,60.0,-29.032258064516128,67.74193548387095,-93.43522217316001,-93.45826310292026,-94.08619474884185,-92.64176,-93.0986618554125
1,60.0,-22.580645161290334,67.74193548387095,-93.31223569769905,-93.34068604705288,-93.7901631937228,-92.495026,-93.01667464547143
1,60.0,-16.129032258064527,67.74193548387095,-93.26918550549706,-93.3023804980393,-93.62124167362302,-92.52875,-93.07913849126368
1,60.0,-9.677419354838719,67.74193548387095,-93.30673735586258,-93.34407688554387,-93.57813777610836,-92.725845,-93.24741871843479
1,60.0,-3.225806451612911,67.74193548387095,-93.41516371542654,-93.45625431164704,-93.6522267977562,-93.5099,-93.50989846342337
1,60.0,3.225806451612897,67.74193548387095,-93.57896018104894,-93.6235755739607,-93.82910098504782,-93.427185,-93.72700022158784
1,60.0,9.677419354838705,67.74193548387095,-93.78311026734595,-93.83094009418389,-94.09007777711565,-93.82799,-93.98241839235678
1,60.0,16.129032258064512,67.74193548387095,-94.01889452016057,-94.06918926868441,-94.41403560980318,-94.22161,-94.23214801941258
1,60.0,22.58064516129032,67.74193548387095,-94.28705309429098,-94.33836192890146,-94.77985765999045,-94.60547,-94.47275115147406
1,60.0,29.032258064516128,67.74193548387095,-94.59715780641476,-94.64731630031793,-95.16940556758644,-94.98947,-94.7315908485788
1,60.0,35.48387096774192,67.74193548387095,-94.9639086878232,-95.01029014459883,-95.57042688446137,-94.81698,-94.81698111553948
1,60.0,41.935483870967744,67.74193548387095,-95.40231814985222,-95.44223901095903,-95.97844721106537,-95.82095,-95.82095499702655
1,60.0,48.38709677419354,67.74193548387095,-95.9235654004952,-95.95471330364505,-96.39687904547662,-96.28284,-95.97214669406566
1,60.0,54.83870967741933,67.74193548387095,-96.53228375392453,-96.55308420594793,-96.83529513355683,-96.436646,-96.43664502267544
1,60.0,61.29032258064515,67.74193548387095,-97.22519568906017,-97.23507600483528,-97.30656884342432,-97.37485,-97.0607977881727
1,60.0,67.74193548387095,67.74193548387095,-97.99076565101953,-97.99027450097509,-97.82384294068538,-98.003624,-97.87456471936213
1,60.0,74.19354838709677,67.74193548387095,-98.80974363341795,-98.80045182946188,-98.39798441576534,-98.824684,-98.82468393741485
1,60.0,80.64516129032256,67.74193548387095,-99.65677093524235,-99.64086086281947,-99.03566102048958,-99.3891,-99.56239749983722
1,60.0,87.09677419354838,67.74193548387095,-100.50326105970188,-100.4827782281066,-99.73778024996088,-100.11034,-100.0441499922324
1,60.0,93.54838709677418,67.74193548387095,-101.32130124755433,-101.29723742173118,-100.49789421613674,-100.82008,-100.11147077980523
1,60.0,100.0,67.74193548387095,-102.08745610815548,-102.05908345312446,-101.3003006967,-101.49583,-99.8405026079098
1,60.0,-100.0,74.19354838709677,-99.07212610707532,-98.8947072641942,-101.39302995391161,-98.80568,-98.61795643657003
1,60.0,-93.54838709677419,74.19354838709677,-98.18813547684856,-98.0303330083561,-100.49173345761969,-98.32045,-98.27646209807591
1,60.0,-87.09677419354838,74.19354838709677,-97.34665952018311,-97.2150187142615,-99.70157851355013,-97.78901,-97.68205577973562
1,60.0,-80.64516129032259,74.19354838709677,-96.59340025318812,-96.49078735440035,-99.02948486702553,-97.234085,-96.97113922530849
1,60.0,-74.19354838709677,74.19354838709677,-95.95830550429244,-95.88380095844437,-98.45069887648114,-96.67625,-96.28942793829137
1,60.0,-67.74193548387098,74.19354838709677,-95.44852981542753,-95.39864370695145,-97.92726750078855,-96.127846,-95.75003746520972
1,60.0,-61.29032258064517,74.19354838709677,-95.05153621713904,-95.02163850065598,-97.42433388401437,-95.59175,-95.37026226413252
1,60.0,-54.83870967741936,74.19354838709677,-94.74340762737278,-94.7288937902595,-96.92297966782624,-95.06698,-95.02395125694687
1,60.0,-48.38709677419355,74.19354838709677,-94.49888175161192,-94.49593329879264,-96.42561753637645,-94.559616,-94.6233902592252
1,60.0,-41.935483870967744,74.19354838709677,-94.2999759125526,-94.30586733108343,-95.95212168442544,-94.19906,-94.1990556938603
1,60.0,-35.483870967741936,74.19354838709677,-94.14010445202494,-94.15310188120168,-95.5302443291591,-93.707726,-93.81982984202085
1,60.0,-29.032258064516128,74.19354838709677,-94.02242463743525,-94.04145871366106,-95.18619864592347,-93.446434,-93.60094156319082
1,60.0,-22.580645161290334,74.19354838709677,-93.9542865918614,-93.97862803105191,-94.93890758112484,-93.339195,-93.59570829134671
1,60.0,-16.129032258064527,74.19354838709677,-93.94142627432066,-93.97048914048585,-94.79802011092886,-93.39461,-93.74045773449133
1,60.0,-9.677419354838719,74.19354838709677,-93.98474183561261,-94.01799232777978,-94.76424577644032,-93.59733,-93.95679117367823
1,60.0,-3.225806451612911,74.19354838709677,-94.0804852169831,-94.11736184620885,-94.83069998945771,-93.90956,-94.19361809364727
1,60.0,3.225806451612897,74.19354838709677,-94.22305329647995,-94.26283071799752,-94.98463459211094,-94.28148,-94.4249675284783
1,60.0,9.677419354838705,74.19354838709677,-94.40870363043162,-94.45031278797848,-95.20946267646423,-94.67035,-94.65299996615757
1,60.0,16.129032258064512,74.19354838709677,-94.63837578714752,-94.68026327312892,-95.4871830791844,-95.05418,-94.88813000042155
1,60.0,22.58064516129032,74.19354838709677,-94.91838203911516,-94.95849979154634,-95.80117582297079,-95.43094,-95.14580531960914
1,60.0,29.032258064516128,74.19354838709677,-95.25884033230125,-95.29479992848198,-96.13898592460683,-95.81005,-95.4544635155615
1,60.0,35.48387096774192,74.19354838709677,-95.67071605297356,-95.70007039304085,-96.49438924100828,-96.204895,-95.8539466887913
1,60.0,41.935483870967744,74.19354838709677,-96.16263881506316,-96.18321959955279,-96.86805156169271,-96.62881,-96.32926960661638
1,60.0,48.38709677419354,74.19354838709677,-96.73830408965827,-96.74855079871412,-97.26655491926618,-97.09347,-96.78511044351393
1,60.0,54.83870967741933,74.19354838709677,-97.39474717390945,-97.3939798716031,-97.70019288134691,-97.60771,-97.2802482526174
1,60.0,61.29032258064515,74.19354838709677,-98.12149719406891,-98.11008150880414,-98.18028968298086,-98.17636,-97.93007424161718
1,60.0,67.74193548387095,74.19354838709677,-98.9006594179852,-98.87998446683723,-98.7166913112089,-98.79875,-98.74390991647095
1,60.0,74.19354838709677,74.19354838709677,-99.70815760974526,-99.68032744959808,-99.31568812654938,-99.46741,-99.64211498576206
1,60.0,80.64516129032256,74.19354838709677,-100.51638863319428,-100.48357662627379,-99.97825274295694,-100.49114,-100.49113759998049
1,60.0,87.09677419354838,74.19354838709677,-101.29810363080148,-101.26169030255858,-100.69829394699924,-101.10366,-101.10365917461495
1,60.0,93.54838709677418,74.19354838709677,-102.03045206503862,-101.99031195024057,-101.46070177236838,-101.579636,-100.87436230205385
1,60.0,100.0,74.19354838709677,-102.69745423309547,-102.65186995229777,-102.23936052465946,-102.24591,-100.44136848895047
1,60.0,-100.0,80.64516129032256,-99.37924622203228,-99.19643647122564,-101.84828900229127,-99.08899,-99.08899403843839
1,60.0,-93.54838709677419,80.64516129032256,-98.57008624827378,-98.40203312901608,-100.96862494516012,-98.53099,-98.67387505745653
1,60.0,-87.09677419354838,80.64516129032256,-97.78431587364162,-97.6369973791955,-100.17440608733985,-98.05481,-98.13193793855322
1,60.0,-80.64516129032259,80.64516129032256,-97.05679626002835,-96.93449827215277,-99.49493193374329,-97.558136,-97.4643757088995
1,60.0,-74.19354838709677,80.64516129032256,-96.41976895327174,-96.32375958297997,-98.92367222494116,-97.06018,-96.83677523069147
1,60.0,-67.74193548387098,80.64516129032256,-95.89102372021202,-95.81985683066384,-98.43526208253502,-96.57274,-96.33970835657576
1,60.0,-61.29032258064517,80.64516129032256,-95.4717093855073,-95.42224685784657,-97.99958571417787,-96.09908,-95.94869110078726
1,60.0,-54.83870967741936,80.64516129032256,-95.15046988971909,-95.11892416701696,-97.59309942062457,-95.639175,-95.56222831959865
1,60.0,-48.38709677419355,80.64516129032256,-94.910107528681,-94.89281776898487,-97.20594922232988,-95.19962,-95.12027756953536
1,60.0,-41.935483870967744,80.64516129032256,-94.73401928246622,-94.72789648909713,-96.84304629363028,-94.80214,-94.6768765004257
1,60.0,-35.483870967741936,80.64516129032256,-94.61045265033773,-94.61312031846427,-96.51957202021025,-94.481995,-94.31477855804516
1,60.0,-29.032258064516128,80.64516129032256,-94.53361604037764,-94.543329974718,-96.25401172611973,-93.90919,-93.90918916511933
1,60.0,-22.580645161290334,80.64516129032256,-94.50212280597496,-94.51758343181538,-96.06209488317117,-94.20686,-94.1943844132304
1,60.0,-16.129032258064527,80.64516129032256,-94.51641269315091,-94.53656223000658,-95.95328083983459,-94.37294,-94.37293686204748
1,60.0,-9.677419354838719,80.64516129032256,-94.5768844457993,-94.60072774230844,-95.92969412894416,-94.48986,-94.63454667721807
1,60.0,-3.225806451612911,80.64516129032256,-94.68358999268445,-94.7100386967886,-95.98673204613638,-94.79483,-94.86252344951231
1,60.0,3.225806451612897,80.64516129032256,-94.83722732433571,-94.86496688107354,-96.11467303397475,-95.15398,-95.07531050820937
1,60.0,9.677419354838705,80.64516129032256,-95.04046937838346,-95.06787147010348,-96.30090573927569,-95.52967,-95.29165401268952
1,60.0,16.129032258064512,80.64516129032256,-95.29861949700197,-95.32373624932737,-96.53252144119517,-95.902695,-95.53622182683836
1,60.0,22.58064516129032,80.64516129032256,-95.61906806961689,-95.63973085791815,-96.79891101322545,-96.27161,-95.83348576520714
1,60.0,29.032258064516128,80.64516129032256,-96.00966968782144,-96.0236848141584,-97.09383280449165,-96.64528,-96.20500080995002
1,60.0,35.48387096774192,80.64516129032256,-96.47657480329988,-96.48198333733774,-97.41640538191655,-97.03614,-96.65425156607657
1,60.0,41.935483870967744,80.64516129032256,-97.02209041082364,-97.01745046863755,-97.770759187117,-97.45668,-97.13914429861148
1,60.0,48.38709677419354,80.64516129032256,-97.64296081787873,-97.62760809270745,-98.16453136757987,-97.917854,-97.61519885796946
1,60.0,54.83870967741933,80.64516129032256,-98.32929845480552,-98.30352872452386,-98.60671883262438,-98.03616,-98.0361688887703
1,60.0,61.29032258064515,80.64516129032256,-99.0643886282042,-99.02947973184948,-99.10542397140516,-98.99133,-98.83293986158618
1,60.0,67.74193548387095,80.64516129032256,-99.8256819912941,-99.78365430058966,-99.66578876300676,-99.6072,-99.65065500391273
1,60.0,74.19354838709677,80.64516129032256,-100.5872458779294,-100.54030175887834,-100.28811561360904,-100.263306,-100.26331288750805
1,60.0,80.64516129032256,80.64516129032256,-101.32349838054436,-101.2732331219081,-100.9659944955244,-100.95961,-101.31686281608995
1,60.0,87.09677419354838,80.64516129032256,-102.01319345206956,-101.95989662974482,-101.68430316841628,-101.66182,-101.70042946841534
1,60.0,93.54838709677418,80.64516129032256,-102.64195064520736,-102.58443792332734,-102.41731712784015,-102.352066,-101.50474895542803
1,60.0,100.0,80.64516129032256,-103.20201663475048,-103.13825453165832,-103.12795000049417,-103.00877,-100.91309880273624
1,60.0,-100.0,87.09677419354838,-99.71397798131164,-99.52502599265542,-102.33794813163748,-99.13201,-99.01842763354995
1,60.0,-93.54838709677419,87.09677419354838,-98.98084563617432,-98.80331241656444,-101.51169166378696,-99.07947,-99.07946628151466
1,60.0,-87.09677419354838,87.09677419354838,-98.26705390214534,-98.10485654566192,-100.72870162116601,-98.321754,-98.45541421833744
1,60.0,-80.64516129032259,87.09677419354838,-97.58999276051627,-97.44747833311894,-100.04110460034588,-97.88023,-97.8827030566948
1,60.0,-74.19354838709677,87.09677419354838,-96.97566639170296,-96.85563170068824,-99.46234738208472,-97.43898,-97.34775364511415
1,60.0,-67.74193548387098,87.09677419354838,-96.44585494685417,-96.34882770689573,-98.98208472238221,-97.00922,-96.92918347074834
1,60.0,-61.29032258064517,87.09677419354838,-96.01131872021098,-95.9358951464766,-98.57914110702367,-96.59456,-96.55011287720043
1,60.0,-54.83870967741936,87.09677419354838,-95.67150967304866,-95.6151109973412,-98.2315961146977,-96.26143,-96.26142327343945
1,60.0,-48.38709677419355,87.09677419354838,-95.41806681698132,-95.37766450697902,-97.92386611603362,-95.820404,-95.63246907389292
1,60.0,-41.935483870967744,87.09677419354838,-95.2393678096699,-95.2119950053828,-97.65005847074065,-95.48797,-95.19856718853771
1,60.0,-35.483870967741936,87.09677419354838,-95.12433352305777,-95.10735615955333,-97.41329998871939,-95.22926,-94.8982910121855
1,60.0,-29.032258064516128,87.09677419354838,-95.06460720877072,-95.05579626604339,-97.22212777254023,-95.07407,-94.78925105006127
1,60.0,-22.580645161290334,87.09677419354838,-95.0550826586441,-95.05255390774549,-97.08599936093192,-95.04151,-94.89119905913955
1,60.0,-16.129032258064527,87.09677419354838,-95.0934072164167,-95.09549448638504,-97.01172348249969,-95.136246,-95.10030974594237
1,60.0,-9.677419354838719,87.09677419354838,-95.1792799023319,-95.18439236552965,-97.00162431627567,-95.346466,-95.31162567502224
1,60.0,-3.225806451612911,87.09677419354838,-95.31406565492591,-95.32056284149228,-97.05339722854639,-95.64369,-95.49517397845646
1,60.0,3.225806451612897,87.09677419354838,-95.50073579553978,-95.50684508065551,-97.16122980556128,-95.9899,-95.67020094515159
1,60.0,9.677419354838705,87.09677419354838,-95.74378378200652,-95.74758111935706,-97.31768659054939,-96.3524,-95.86882033345324
1,60.0,16.129032258064512,87.09677419354838,-96.04873330458466,-96.04820082193832,-97.51584935336147,-96.71463,-96.12173755027555
1,60.0,22.58064516129032,87.09677419354838,-96.42108157901235,-96.41424248286438,-97.75118974213862,-97.075714,-96.454375710602
1,60.0,29.032258064516128,87.09677419354838,-96.86479795931591,-96.84991441257296,-98.02270132908012,-97.443924,-96.88062580220688
1,60.0,35.48387096774192,87.09677419354838,-97.38066264613444,-97.35647011234269,-98.3330162649969,-97.83082,-97.38634140166661
1,60.0,41.935483870967744,87.09677419354838,-97.96476174789633,-97.93070132782358,-98.68754022847064,-98.24805,-97.91302645106967
1,60.0,48.38709677419354,87.09677419354838,-98.6074413717555,-98.56383310671873,-99.09290272624045,-98.70581,-98.41969878011466
1,60.0,54.83870967741933,87.09677419354838,-99.293047635768,-99.24112199397925,-99.55509845896475,-99.21187,-98.9898760866464
1,60.0,61.29032258064515,87.09677419354838,-100.00081699679936,-99.94250798164289,-100.07758177633059,-99.77028,-99.71130339380443
1,60.0,67.74193548387095,87.09677419354838,-100.70716698929395,-100.644612471121,-100.65938189748971,-100.37996,-100.54763611913104
1,60.0,74.19354838709677,87.09677419354838,-101.38916538449458,-101.32399868354382,-101.29317424463457,-101.03346,-101.38322891353818
1,60.0,80.64516129032256,87.09677419354838,-102.02816479906494,-101.9608801492857,-101.96329684561533,-102.132835,-102.13283805726488
1,60.0,87.09677419354838,87.09677419354838,-102.61202643388782,-102.54180394976359,-102.64405462208869,-102.56981,-102.56981247906046
1,60.0,93.54838709677418,87.09677419354838,-103.13476966948863,-103.05999289078184,-103.29937124046813,-103.09068,-101.87986480313761
1,60.0,100.0,87.09677419354838,-103.59391399449851,-103.51325006265256,-103.88566338784389,-103.738335,-101.16038883164686
1,60.0,-100.0,93.54838709677418,-100.07123514088627,-99.8743066944205,-102.8141195098786,-99.28837,-98.88785769758772
1,60.0,-93.54838709677419,93.54838709677418,-99.40114088921293,-99.2146505134765,-102.08566987040336,-98.9445,-98.85705732113482
1,60.0,-87.09677419354838,93.54838709677418,-98.76268168870723,-98.58762373681805,-101.34503219177469,-98.56701,-98.58704511044084
1,60.0,-80.64516129032259,93.54838709677418,-98.154762342122,-97.99394673206201,-100.66336718770262,-98.1743,-98.18213044938173
1,60.0,-74.19354838709677,93.54838709677418,-97.59010606677333,-97.44653153923923,-100.07475749698236,-97.53708,-97.53707497103406
1,60.0,-67.74193548387098,93.54838709677418,-97.08647447119405,-96.96199319143085,-99.58571673959348,-97.404434,-97.46646542264517
1,60.0,-61.29032258064517,93.54838709677418,-96.65830994129648,-96.55316244614627,-99.18679371598574,-97.04193,-97.08280769830893
1,60.0,-54.83870967741936,93.54838709677418,-96.31267640530854,-96.22571489962681,-98.86206645981983,-96.697464,-96.60101406153969
1,60.0,-48.38709677419355,93.54838709677418,-96.04935726527623,-95.97854595689415,-98.59597805300939,-95.981255,-95.98125464420994
1,60.0,-41.935483870967744,93.54838709677418,-95.86323122695667,-95.80612854072055,-98.37748078418402,-96.10335,-95.71730381660953
1,60.0,-35.483870967741936,93.54838709677418,-95.7471487452712,-95.70124608160305,-98.2014486102614,-95.898735,-95.50114745818831
1,60.0,-29.032258064516128,93.54838709677418,-95.69424387132199,-95.65714440391687,-98.06773836285706,-95.78868,-95.46980907681034
1,60.0,-22.580645161290334,93.54838709677418,-95.6993045296716,-95.66877500316318,-97.9788839591093,-95.7876,-95.6028181016611
1,60.0,-16.129032258064527,93.54838709677418,-95.75930110984798,-95.73324474550836,-97.93764141888609,-95.898476,-95.79723240685782
1,60.0,-9.677419354838719,93.54838709677418,-95.87338022758152,-95.84977729791885,-97.94530438523255,-96.11107,-95.94638160896238
1,60.0,-3.225806451612911,93.54838709677418,-96.04258889048957,-96.01944331956035,-98.00115843230319,-96.4009,-96.05727803389809
1,60.0,3.225806451612897,93.54838709677418,-96.26942591067393,-96.24474644965046,-98.10296426317335,-96.73517,-96.17835594949283
1,60.0,9.677419354838705,93.54838709677418,-96.5571788077468,-96.52901314471323,-98.24808027773743,-97.08559,-96.34796076620137
1,60.0,16.129032258064512,93.54838709677418,-96.90898367936322,-96.87551280576231,-98.43473096158786,-97.437935,-96.59525588459599
1,60.0,22.58064516129032,93.54838709677418,-97.32662567246174,-97.28631380712517,-98.6629592987827,-97.79184,-96.94150233663413
1,60.0,29.032258064516128,93.54838709677418,-97.80920783004231,-97.76098999072899,-98.93494833077865,-98.15507,-97.39497605681919
1,60.0,35.48387096774192,93.54838709677418,-98.3519058802288,-98.2953789724435,-99.25461593881397,-98.53835,-97.93817040326013
1,60.0,41.935483870967744,93.54838709677418,-98.94509441491257,-98.88065620637269,-99.62659089986329,-98.698586,-98.69859026107781
1,60.0,48.38709677419354,93.54838709677418,-99.57418687215231,-99.50304417128206,-100.05478044750993,-99.40729,-99.04259199379362
1,60.0,54.83870967741933,93.54838709677418,-100.22053548616553,-100.14449748540896,-100.54071614330505,-99.909805,-99.64721265875295
1,60.0,61.29032258064515,93.54838709677418,-100.86356207922151,-100.78458293154534,-101.08177124685027,-100.4638,-100.39582550448588
1,60.0,67.74193548387095,93.54838709677418,-101.48381488220264,-101.40337576608083,-101.66928205433992,-101.06803,-101.23860877264133
1,60.0,74.19354838709677,93.54838709677418,-102.06598142654042,-101.98456339243903,-102.28669570866873,-101.71501,-101.99099782987331
1,60.0,80.64516129032256,93.54838709677418,-102.60052182707211,-102.51748674527612,-102.90821774116182,-102.39073,-102.41089145024301
1,60.0,87.09677419354838,93.54838709677418,-103.08305801852653,-102.99711349694226,-103.4990568962726,-103.07588,-102.3755811565195
1,60.0,93.54838709677418,93.54838709677418,-103.5118695665092,-103.4219979806118,-104.01890711033225,-103.74864,-101.88944454383937
1,60.0,100.0,93.54838709677418,-103.88496353141939,-103.79143847396351,-104.42975557242883,-104.38831,-101.1274449343879
1,60.0,-100.0,100.0,-100.45921494287967,-100.25130095486199,-103.21972077272362,-99.42371,-98.6200334923738
1,60.0,-93.54838709677419,100.0,-99.8274705599863,-99.631182247701,-102.63665932641956,-99.11529,-98.66391339795311
1,60.0,-87.09677419354838,100.0,-99.25007858176635,-99.06391845299532,-101.98409957356469,-98.77638,-98.55504495435036
1,60.0,-80.64516129032259,100.0,-98.71357268483594,-98.5378670064791,-101.34047474214552,-98.42065,-98.42065092091289
1,60.0,-74.19354838709677,100.0,-98.21595504750229,-98.05236642019949,-100.75746430448461,-98.07491,-98.11366544597105
1,60.0,-67.74193548387098,100.0,-97.76466005801055,-97.61506810606649,-100.25919983538344,-98.18458,-98.18457642192507
1,60.0,-61.29032258064517,100.0,-97.37075306954934,-97.2363383650759,-99.85003930345871,-97.41939,-97.471328698324
1,60.0,-54.83870967741936,100.0,-97.04365137798027,-96.92452328083222,-99.5231289460651,-97.11989,-96.97802393807112
1,60.0,-48.38709677419355,100.0,-96.7885037402582,-96.68377773380627,-99.26715977392938,-96.8477,-96.51378738505878
1,60.0,-41.935483870967744,100.0,-96.60611374233685,-96.51419632080959,-99.07092353524754,-96.62022,-96.18319025644442
1,60.0,-35.483870967741936,100.0,-96.49428994161697,-96.41318095627229,-98.92579769979405,-96.460434,-96.02474450814572
1,60.0,-29.032258064516128,100.0,-96.44954491020658,-96.37706688051138,-98.82645802174876,-96.387695,-96.03696325662204
1,60.0,-22.580645161290334,100.0,-96.46849324419748,-96.40243046570936,-98.77033878201856,-96.412544,-96.18189852688458
1,60.0,-16.129032258064527,100.0,-96.54870534619121,-96.48687292378733,-98.75653061363785,-96.54479,-96.54478871903675
1,60.0,-9.677419354838719,100.0,-96.68902104165196,-96.62929663300386,-98.78476164969938,-96.7508,-96.44009388791373
1,60.0,-3.225806451612911,100.0,-96.88941787458653,-96.8297683060228,-98.85485442593654,-97.034164,-96.48650583704696
1,60.0,3.225806451612897,100.0,-97.15052633882905,-97.0890542355915,-98.96672658808596,-97.3582,-96.55992821528909
1,60.0,9.677419354838705,100.0,-97.47286207774648,-97.40788748768658,-99.12074734551814,-97.6983,-96.69812274355453
1,60.0,16.129032258064512,100.0,-97.85585045775065,-97.78603016542186,-99.31814232434134,-98.04224,-96.92582783465934
1,60.0,22.58064516129032,100.0,-98.29676109875834,-98.22123358471529,-99.56115784904978,-98.390045,-97.25821840696443
1,60.0,29.032258064516128,100.0,-98.78973549645225,-98.70826136037736,-99.85280801742712,-98.74902,-97.69718464102624
1,60.0,35.48387096774192,100.0,-99.32516129512484,-99.23820809125309,-100.19616649825832,-99.12925,-98.22177956111761
1,60.0,41.935483870967744,100.0,-99.88969365870078,-99.79839754060109,-100.59326554615724,-99.54093,-98.78077920511862
1,60.0,48.38709677419354,100.0,-100.46718645355105,-100.37312917622585,-101.0436985957626,-99.993126,-99.34247148046707
1,60.0,54.83870967741933,100.0,-101.04058216099958,-100.94537602403902,-101.5430138609424,-100.49269,-99.96923366932484
1,60.0,61.29032258064515,100.0,-101.5943819553212,-101.49916350823418,-102.08100499090818,-101.04303,-100.70876381549886
1,60.0,67.74193548387095,100.0,-102.11683944847928,-102.0218866636171,-102.64014720842223,-101.64276,-101.50261660807462
1,60.0,74.19354838709677,100.0,-102.60087782642655,-102.50558764665804,-103.19477185688898,-102.54365,-102.5436543506146
1,60.0,80.64516129032256,100.0,-103.04322134343046,-102.946553719578,-103.71205784445002,-102.95396,-102.3271960613591
1,60.0,87.09677419354838,100.0,-103.44216905464563,-103.34343809712108,-104.1561156586672,-103.63251,-102.107341116154
1,60.0,93.54838709677418,100.0,-103.79520422886148,-103.69491234924666,-104.49549911318326,-104.29851,-101.56986962987222
1,60.0,100.0,100.0,-104.09773994328557,-103.99809660204569,-104.7120017220003,-104.931564,-100.83742834263828
2,120.0,-100.0,-100.0,-101.2077128750519,-101.18932816252934,-100.3180154235825,-99.82182,-98.93896830895787
2,120.0,-93.54838709677419,-100.0,-100.6123712861328,-100.59368553390445,-99.77948145476725,-99.581085,-99.09176801643673
2,120.0,-87.09677419354838,-100.0,-100.0307536875004,-100.01015930102453,-99.24551445279133,-99.296234,-99.11494155068527
2,120.0,-80.64516129032259,-100.0,-99.4672472070175,-99.44370670294794,-98.72133403875297,-98.96953,-98.92821350171903
2,120.0,-74.19354838709677,-100.0,-98.92676819175884,-98.89985697921975,-98.21139450816487,-98.6076,-98.51355366387553
2,120.0,-67.74193548387098,-100.0,-98.41518380586415,-98.38498364588774,-97.72050585079847,-98.2215,-98.04402837534246
2,120.0,-61.29032258064517,-100.0,-97.93907387270303,-97.90598812038796,-97.2543657375162,-97.82566,-97.68870292295514
2,120.0,-54.83870967741936,-100.0,-97.50516991174784,-97.46973002865192,-96.81949323477508,-97.4361,-97.44067800286872
2,120.0,-48.38709677419355,-100.0,-97.1197771582604,-97.08248754603375,-96.42277057799164,-97.06857,-97.2202450475752
2,120.0,-41.935483870967744,-100.0,-96.78836762776552,-96.7496075260444,-96.07086533938116,-96.949455,-96.94945478422021
2,120.0,-35.483870967741936,-100.0,-96.5154057172356,-96.47538486341787,-95.76974842387571,-96.79536,-96.79535526535219
2,120.0,-29.032258064516128,-100.0,-96.30438020081507,-96.26313353424067,-95.52441318581575,-96.23768,-96.41182826511655
2,120.0,-22.580645161290334,-100.0,-96.1579777573835,-96.11538198043343,-95.33880147602639,-96.0913,-96.21180530708698
2,120.0,-16.129032258064527,-100.0,-96.07833067633501,-96.03412814254852,-95.21588404556161,-96.36633,-96.36632900120276
2,120.0,-9.677419354838719,-100.0,-96.06728723977034,-96.02110714292961,-95.15782522583518,-96.04581,-96.06722005722384
2,120.0,-3.225806451612911,-100.0,-96.1266736252265,-96.07804489331826,-95.16617067980087,-96.15065,-96.04480307142899
2,120.0,3.225806451612897,-100.0,-96.25853292910564,-96.20688682064369,-95.2420169193794,-96.33478,-96.11915823723115
2,120.0,9.677419354838705,-100.0,-96.46533618630161,-96.40999929795015,-95.38614155903673,-96.58922,-96.28911671656306
2,120.0,16.129032258064512,-100.0,-96.75016035374557,-96.69034092651253,-95.59908824813763,-96.904465,-96.5308144642568
2,120.0,22.58064516129032,-100.0,-97.11681798389995,-97.05159065084447,-95.88120764209921,-97.273285,-96.84247192453974
2,120.0,29.032258064516128,-100.0,-97.5699004800977,-97.49819785671949,-96.23265524364757,-97.69237,-97.25160291245557
2,120.0,35.48387096774192,-100.0,-98.11465552746043,-98.03528082855797,-96.65333880135339,-97.84501,-97.84500966731741
2,120.0,41.935483870967744,-100.0,-98.75654580738592,-98.66823170972212,-97.14279244643636,-98.68761,-98.18968095180199
2,120.0,48.38709677419354,-100.0,-99.50020259749624,-99.40176273798691,-97.69993157564735,-99.27359,-98.72833317685601
2,120.0,54.83870967741933,-100.0,-100.34724797853374,-100.23790624682526,-98.32261094312656,-99.92578,-99.4067167744742
2,120.0,61.29032258064515,-100.0,-101.29206936801361,-101.17211352050398,-99.0068692845346,-100.645515,-100.25994073749524
2,120.0,67.74193548387095,-100.0,-102.3141937271933,-102.18615608511378,-99.74570570286639,-101.42558,-101.28122162210775
2,120.0,74.19354838709677,-100.0,-103.36623786919107,-103.23668802702002,-100.52722916524459,-102.24695,-102.40710230264281
2,120.0,80.64516129032256,-100.0,-104.36032453883533,-104.2415544644738,-101.332144815259,-103.08003,-103.50103379395853
2,120.0,87.09677419354838,-100.0,-105.16781683290452,-105.07670680428339,-102.13098275325052,-103.89177,-104.40643982446554
2,120.0,93.54838709677418,-100.0,-105.65949071112834,-105.61010741207012,-102.88248463803248,-104.65486,-105.02992785267392
2,120.0,100.0,-100.0,-105.7838461122657,-105.77736414503994,-103.53601262210543,-105.79901,-105.7990112615012
2,120.0,-100.0,-93.54838709677419,-101.17864870179737,-101.16590131068314,-100.37782918207647,-99.96011,-99.29770558946177
2,120.0,-93.54838709677419,-93.54838709677419,-100.56331954224603,-100.54936389659247,-99.81816519847368,-99.69304,-99.44473327185328
2,120.0,-87.09677419354838,-93.54838709677419,-99.95243358050159,-99.93572029403403,-99.25536018822243,-99.37799,-99.44051356168927
2,120.0,-80.64516129032259,-93.54838709677419,-99.35202991357855,-99.33183633463507,-98.69421595276816,-99.494644,-99.4946485186196
2,120.0,-74.19354838709677,-93.54838709677419,-98.76979302205484,-98.7461296732699,-98.14028505458354,-98.61789,-98.64983384286435
2,120.0,-67.74193548387098,-93.54838709677419,-98.21467237721026,-98.18803898902162,-97.60073123328482,-97.863556,-97.86355764998908
2,120.0,-61.29032258064517,-93.54838709677419,-97.6959428062593,-97.66704947278448,-97.08422298159181,-97.752975,-97.64156103204553
2,120.0,-54.83870967741936,-93.54838709677419,-97.22222787472914,-97.19176637094859,-96.60015279283559,-97.319595,-97.35714571287144
2,120.0,-48.38709677419355,-93.54838709677419,-96.80081770654829,-96.76931954933735,-96.15764923835391,-96.90788,-97.08759755743414
2,120.0,-41.935483870967744,-93.54838709677419,-96.4373827941404,-96.40516093806747,-95.76476812373399,-96.53322,-96.75300458471055
2,120.0,-35.483870967741936,-93.54838709677419,-96.1360260519077,-96.1031767799883,-95.42804664280428,-96.20968,-96.36986091979853
2,120.0,-29.032258064516128,-93.54838709677419,-95.89955037805919,-95.8659880060398,-95.15241926300038,-95.95009,-95.97958263536923
2,120.0,-22.580645161290334,-93.54838709677419,-95.72982108646644,-95.69532299726211,-94.94139114502019,-95.42981,-95.42981225682873
2,120.0,-16.129032258064527,-93.54838709677419,-95.62813570219602,-95.59238279792677,-94.79734040340902,-95.66606,-95.56159341764729
2,120.0,-9.677419354838719,-93.54838709677419,-95.59555290117324,-95.55815749979368,-94.72184240777756,-95.6557,-95.50999656053739
2,120.0,-3.225806451612911,-93.54838709677419,-95.63316557135407,-95.59368390889122,-94.71594783817318,-95.52081,-95.52081257438574
2,120.0,3.225806451612897,-93.54838709677419,-95.74232550586821,-95.70025526925033,-94.78038349231313,-95.89786,-95.65603535953903
2,120.0,9.677419354838705,-93.54838709677419,-95.92483790777547,-95.87960303299184,-94.91567295524467,-96.13623,-95.87298838517556
2,120.0,16.129032258064512,-93.54838709677419,-96.1831427618052,-96.1340687113647,-95.12219084259421,-96.236,-96.23599705614465
2,120.0,22.58064516129032,-93.54838709677419,-96.52048773378111,-96.46677135092501,-95.4001697477386,-96.35926,-96.3592655326363
2,120.0,29.032258064516128,-93.54838709677419,-96.94107380169548,-96.88175346830137,-95.74967476347862,-97.22034,-96.86990667647875
2,120.0,35.48387096774192,-93.54838709677419,-97.45011848814785,-97.38405378183884,-96.17054829251792,-97.693375,-97.35151989287587
2,120.0,41.935483870967744,-93.54838709677419,-98.05372491169784,-97.97960206743966,-96.66230912610773,-98.22592,-97.85549270936815
2,120.0,48.38709677419354,-93.54838709677419,-98.7583482301133,-98.67474197207359,-97.22396471344979,-98.82379,-98.43346150196275
2,120.0,54.83870967741933,-93.54838709677419,-99.56947243896153,-99.4750229986683,-97.85366321145288,-99.492355,-99.1573989977101
2,120.0,61.29032258064515,-93.54838709677419,-100.48877825044508,-100.38259578798026,-98.54807119898379,-100.23282,-100.0684972443776
2,120.0,67.74193548387095,-93.54838709677419,-101.50853146104909,-101.39102633458958,-99.3013170361799,-101.03751,-101.16130959409222
2,120.0,74.19354838709677,-93.54838709677419,-102.60134816571193,-102.47575749598062,-100.10330912415628,-101.88643,-102.36722594588852
2,120.0,80.64516129032256,-93.54838709677419,-103.70436418421073,-103.57901371811023,-100.93729115284629,-103.79052,-103.79052260244391
2,120.0,87.09677419354838,-93.54838709677419,-104.70398936073764,-104.59396679591893,-101.77680236963357,-103.589134,-104.42934881424499
2,120.0,93.54838709677418,-93.54838709677419,-105.44624802498024,-105.37034484287685,-102.58306301785629,-104.3797,-105.01442254215084
2,120.0,100.0,-93.54838709677419,-105.80552915245464,-105.77538770107483,-103.3053607708147,-105.10337,-105.12335121167783
2,120.0,-100.0,-87.09677419354838,-101.19236780869534,-101.18439899252407,-100.46791987296464,-100.112366,-99.63322560834213
2,120.0,-93.54838709677419,-87.09677419354838,-100.55174190268103,-100.54154664201818,-99.88443238309338,-99.815994,-99.72652241353973
2,120.0,-87.09677419354838,-87.09677419354838,-99.90475440988635,-99.89107013597872,-99.28658417700416,-99.46743,-99.62139210031228
2,120.0,-80.64516129032259,-87.09677419354838,-99.2609384924238,-99.24353601883139,-98.68010290398182,-99.068985,-99.2578484130722
2,120.0,-74.19354838709677,-87.09677419354838,-98.63220259418817,-98.61160030627101,-98.07349020311945,-98.62793,-98.65330239184911
2,120.0,-67.74193548387098,-87.09677419354838,-98.03131512492988,-98.00838844261656,-97.47799157851307,-98.156525,-98.01531767618422
2,120.0,-61.29032258064517,-87.09677419354838,-97.47024834132866,-97.4458891220219,-96.90635120953273,-97.67087,-97.52522259993208
2,120.0,-54.83870967741936,-87.09677419354838,-96.9590028452676,-96.93390442457519,-96.3711387758709,-97.18883,-97.16524991779099
2,120.0,-48.38709677419355,-87.09677419354838,-96.5051114351982,-96.4796823531405,-95.88336320636162,-97.07347,-97.0734658281279
2,120.0,-41.935483870967744,-87.09677419354838,-96.11371721079445,-96.08808819585863,-95.45172183984104,-96.30472,-96.41980047149275
2,120.0,-35.483870967741936,-87.09677419354838,-95.78800212249094,-95.76208312123912,-95.08248016160951,-95.933876,-95.98643076462298
2,120.0,-29.032258064516128,-87.09677419354838,-95.52975157723088,-95.50330387284336,-94.77978807287931,-95.62918,-95.56950893462738
2,120.0,-22.580645161290334,-87.09677419354838,-95.33990297689117,-95.31260401220935,-94.5462028051041,-95.40289,-95.2350402528001
2,120.0,-16.129032258064527,-87.09677419354838,-95.21899471086542,-95.19048440366156,-94.38323491153943,-95.26481,-95.03683453474466
2,120.0,-9.677419354838719,-87.09677419354838,-95.16748896426509,-95.13739434314053,-94.29180342757887,-95.22067,-94.9546326228805
2,120.0,-3.225806451612911,-87.09677419354838,-95.18598266301419,-95.15392251814617,-94.27254980431317,-95.27091,-95.00278530138544
2,120.0,3.225806451612897,-87.09677419354838,-95.27534593855812,-95.24091936794422,-94.32600772837326,-95.13197,-95.13196877397804
2,120.0,9.677419354838705,-87.09677419354838,-95.43683712679659,-95.39960009181056,-94.4526558449215,-95.63095,-95.42944107790348
2,120.0,16.129032258064512,-87.09677419354838,-95.67223829484504,-95.6316714948328,-94.6528938318788,-95.92254,-95.69062239990959
2,120.0,22.58064516129032,-87.09677419354838,-95.98403709510546,-95.93950765764448,-94.9269816661161,-96.277916,-96.01012099147744
2,120.0,29.032258064516128,-87.09677419354838,-96.37565135936909,-96.32637102556806,-95.2749706127268,-96.693436,-96.4173153547242
2,120.0,35.48387096774192,-87.09677419354838,-96.85165366516583,-96.79663824789473,-95.69663591990417,-97.16956,-96.87878322901902
2,120.0,41.935483870967744,-87.09677419354838,-97.41790240901302,-97.35594236672485,-96.19139794772212,-97.71015,-97.38354943310878
2,120.0,48.38709677419354,-87.09677419354838,-98.08141338775214,-98.01107533547929,-96.75819130511235,-98.321014,-97.97516380082853
2,120.0,54.83870967741933,-87.09677419354838,-98.84968217783168,-98.76938055630865,-97.39520939903684,-99.00755,-98.71527909383792
2,120.0,61.29032258064515,-87.09677419354838,-99.72892847733009,-99.63714515083456,-98.09941232824832,-99.7708,-99.6428204596066
2,120.0,67.74193548387095,-87.09677419354838,-100.72027021916006,-100.61607392100541,-98.86563888985958,-100.602585,-100.74537321967281
2,120.0,74.19354838709677,-87.09677419354838,-101.81206659412724,-101.69620272440525,-99.68511969107014,-101.48183,-101.939200354892
2,120.0,80.64516129032256,-87.09677419354838,-102.96603054285788,-102.84292251800312,-100.543195878419,-102.37587,-103.06941486748131
2,120.0,87.09677419354838,-87.09677419354838,-104.09699094830053,-103.9774965021488,-101.41624400569809,-103.24833,-103.96628578540812
2,120.0,93.54838709677418,-87.09677419354838,-105.05943489715204,-104.96187197575105,-102.26847704785553,-104.069176,-104.52912013695254
2,120.0,100.0,-87.09677419354838,-105.68056253594318,-105.62418235710206,-103.05075164679914,-104.82074,-104.64973553181028
2,120.0,-100.0,-80.64516129032259,-101.24546215405543,-101.24121195438488,-100.5887278897792,-100.277245,-99.96411140439758
2,120.0,-93.54838709677419,-80.64516129032259,-100.57275956499866,-100.56534136944566,-99.97662861457508,-99.949196,-99.97450759132849
2,120.0,-87.09677419354838,-80.64516129032259,-99.88257032365917,-99.87124163567583,-99.33564629112807,-99.564354,-99.72755439456286
2,120.0,-80.64516129032259,-80.64516129032259,-99.18995796664944,-99.17510098390363,-98.67466652845265,-99.24397,-99.24397853748262
2,120.0,-74.19354838709677,-80.64516129032259,-98.51220628042157,-98.49481658464478,-98.00750468037708,-98.63896,-98.55042873167068
2,120.0,-67.74193548387098,-80.64516129032259,-97.86600934721159,-97.84719207512595,-97.35112740522268,-98.11897,-97.87437380992318
2,120.0,-61.29032258064517,-80.64516129032259,-97.2653628627545,-97.24599632350886,-96.72286992112183,-97.58215,-97.30881447214138
2,120.0,-54.83870967741936,-80.64516129032259,-96.72061532173309,-96.70120995444819,-96.13800468582718,-96.90704,-96.90704356121483
2,120.0,-48.38709677419355,-80.64516129032259,-96.23852530316415,-96.21922901358195,-95.60838525606724,-96.219475,-96.21946834773708
2,120.0,-41.935483870967744,-80.64516129032259,-95.82292857244684,-95.80361098121891,-95.14219321265551,-96.05732,-95.9912834146701
2,120.0,-35.483870967741936,-80.64516129032259,-95.47563664233094,-95.45599710561578,-94.7444429551212,-95.63513,-95.59323572393563
2,120.0,-29.032258064516128,-80.64516129032259,-95.19730254794725,-95.17696701571624,-94.41783869940204,-95.28143,-95.22137580256808
2,120.0,-22.580645161290334,-80.64516129032259,-94.98810616024947,-94.96669574510024,-94.16367046451936,-95.00939,-94.90671151237366
2,120.0,-16.129032258064527,-80.64516129032259,-94.84820279888845,-94.82536990265167,-93.98255899557695,-94.82965,-94.67257259291074
2,120.0,-9.677419354838719,-80.64516129032259,-94.77794553068378,-94.75338165383599,-93.87496369316564,-94.35589,-94.3558837120711
2,120.0,-3.225806451612911,-80.64516129032259,-94.77793720115011,-94.75136059652766,-93.8414437798955,-94.76752,-94.58179658282212
2,120.0,3.225806451612897,-80.64516129032259,-94.84899393396199,-94.82012562900994,-93.88271333122199,-94.8815,-94.76939210560681
2,120.0,9.677419354838705,-80.64516129032259,-94.99210772998961,-94.9606421148239,-93.99955757088252,-95.25254,-95.2525414810289
2,120.0,16.129032258064512,-80.64516129032259,-95.20848367438555,-95.17405626754744,-94.19268318810296,-95.03497,-95.03496712391161
2,120.0,22.58064516129032,-80.64516129032259,-95.49970038595345,-95.46185214076334,-94.46256372735536,-95.70734,-95.59863587497273
2,120.0,29.032258064516128,-80.64516129032259,-95.8680040436804,-95.82614006209428,-94.80931860229786,-96.12053,-95.96810994095802
2,120.0,35.48387096774192,-80.64516129032259,-96.31669910669271,-96.27004090946336,-95.23263702636038,-96.5998,-96.37772067141151
2,120.0,41.935483870967744,-80.64516129032259,-96.85054408200105,-96.79807927906965,-95.7317298713061,-97.14891,-96.84352877831749
2,120.0,48.38709677419354,-80.64516129032259,-97.47599622165153,-97.41643819162954,-96.3052638691959,-97.77368,-97.41370855055112
2,120.0,54.83870967741933,-80.64516129032259,-98.20106051769768,-98.13284549869178,-96.95120180509583,-98.47948,-98.14062525355371
2,120.0,61.29032258064515,-80.64516129032259,-99.0343413998285,-98.95571723797401,-97.66643612007472,-99.26726,-99.05435148554787
2,120.0,67.74193548387095,-80.64516129032259,-99.98257039126705,-99.89188443894102,-98.44605925912421,-100.128235,-100.13381096503682
2,120.0,74.19354838709677,-80.64516129032259,-101.04522811983392,-100.94162539886993,-99.28206750545996,-101.04013,-101.27997040819302
2,120.0,80.64516129032256,-80.64516129032259,-102.20383588787737,-102.08873591336156,-100.16127890981211,-102.33047,-102.33046640674542
2,120.0,87.09677419354838,-80.64516129032259,-103.4030911353801,-103.2828235976676,-101.06236730467626,-102.8754,-103.27003575862469
2,120.0,93.54838709677418,-80.64516129032259,-104.52668539144226,-104.41557556773657,-101.95242507537915,-103.72888,-103.87093107736172
2,120.0,100.0,-80.64516129032259,-105.39435290512253,-105.3137538208969,-102.78474009059275,-104.51054,-104.06578021115926
2,120.0,-100.0,-74.19354838709677,-101.33305967434114,-101.33138151983798,-100.73926096984223,-100.452736,-100.31037281394129
2,120.0,-93.54838709677419,-74.19354838709677,-100.6209979764094,-100.6155040453238,-100.09191510503241,-100.091385,-100.23875437129094
2,120.0,-87.09677419354838,-74.19354838709677,-99.88154489449343,-99.87220254656162,-99.39872271406371,-99.66841,-99.84107202971668
2,120.0,-80.64516129032259,-74.19354838709677,-99.13714038243336,-99.12495044572628,-98.67477361544702,-99.18618,-99.18090058873008
2,120.0,-74.19354838709677,-74.19354838709677,-98.41088195284557,-98.3971611576421,-97.94165533995125,-98.65268,-98.40529072956795
2,120.0,-67.74193548387098,-74.19354838709677,-97.72263864214851,-97.70848607987429,-97.22305329867409,-98.08156,-97.67030693335204
2,120.0,-61.29032258064517,-74.19354838709677,-97.08707935051675,-97.07313005531822,-96.54043523045333,-97.49084,-97.03180262379749
2,120.0,-54.83870967741936,-74.19354838709677,-96.51350252235312,-96.49991353098598,-95.9104463775919,-96.90051,-96.4754731060138
2,120.0,-48.38709677419355,-74.19354838709677,-96.00678809236142,-95.99335435106796,-95.34424369139033,-96.3303,-95.9852114459645
2,120.0,-41.935483870967744,-74.19354838709677,-95.56879965397478,-95.55511205801153,-94.84818766014584,-95.79851,-95.5712149357975
2,120.0,-35.483870967741936,-74.19354838709677,-95.19977492206473,-95.18536403231367,-94.42517294642222,-95.322,-95.2197949368288
2,120.0,-29.032258064516128,-74.19354838709677,-94.89944409756248,-94.8838806674611,-94.07605833733066,-94.91637,-94.91845205926681
2,120.0,-22.580645161290334,-74.19354838709677,-94.6677604637631,-94.65070447752333,-93.80087742664877,-94.595764,-94.66251380601598
2,120.0,-16.129032258064527,-74.19354838709677,-94.50523072771091,-94.48643514496227,-93.59968043921576,-94.37175,-94.45936227584457
2,120.0,-9.677419354838719,-74.19354838709677,-94.41290949813877,-94.39219355805139,-93.47297515001588,-94.25159,-94.3316105611038
2,120.0,-3.225806451612911,-74.19354838709677,-94.39217364734169,-94.36938312064564,-93.42181681533094,-94.23688,-94.31339668713592
2,120.0,3.225806451612897,-74.19354838709677,-94.44441397529337,-94.41938278421227,-93.44764819324394,-94.20447,-94.20446260420903
2,120.0,9.677419354838705,-74.19354838709677,-94.570775019788,-94.54329611213231,-93.5520094919208,-94.50287,-94.73842941333774
2,120.0,16.129032258064512,-74.19354838709677,-94.77204738116771,-94.74185317877476,-93.73622696550788,-95.05799,-95.05799709240648
2,120.0,22.58064516129032,-74.19354838709677,-95.0487797597289,-95.01552614042568,-94.00115764987143,-95.10446,-95.25352959925065
2,120.0,29.032258064516128,-74.19354838709677,-95.40163410858817,-95.36487833598493,-94.34702899505541,-95.51492,-95.54726782845458
2,120.0,35.48387096774192,-74.19354838709677,-95.83195521342226,-95.79111862859517,-94.7733753648292,-95.9973,-95.88257016744902
2,120.0,41.935483870967744,-74.19354838709677,-96.3424628865812,-96.29677426971087,-95.27904205892682,-96.55519,-96.28621818738294
2,120.0,48.38709677419354,-74.19354838709677,-96.93790182505772,-96.88632736376213,-95.86220016916164,-96.84494,-96.8449404549064
2,120.0,54.83870967741933,-74.19354838709677,-97.62540262348848,-97.56658339216125,-96.52028819349263,-97.92045,-97.52519389904052
2,120.0,61.29032258064515,-74.19354838709677,-98.4142011364946,-98.34644068193016,-97.24976455383225,-98.32803,-98.32804013760907
2,120.0,67.74193548387095,-74.19354838709677,-99.31416351837618,-99.23554502511523,-98.04551612135022,-99.62562,-99.47097042891417
2,120.0,74.19354838709677,-74.19354838709677,-100.3321114466244,-100.2408980424768,-98.89972464427883,-100.571915,-100.57283397664806
2,120.0,80.64516129032256,-74.19354838709677,-101.4640066508594,-101.35962353409481,-99.79996971722537,-101.53665,-101.63578874515758
2,120.0,87.09677419354838,-74.19354838709677,-102.67973657055462,-102.56482510319779,-100.72642804311245,-102.47957,-102.5710240085372
2,120.0,93.54838709677418,-74.19354838709677,-103.89802223026622,-103.78184631640836,-101.64842847211332,-103.36745,-103.25487077231375
2,120.0,100.0,-74.19354838709677,-104.96211374155837,-104.86329785625966,-102.52170642339476,-104.18074,-103.55871694156811
2,120.0,-100.0,-67.74193548387098,-101.44946366513649,-101.44924830932923,-100.91719401861042,-100.63674,-100.65580168842129
2,120.0,-93.54838709677419,-67.74193548387098,-100.69153269797823,-100.68736593132441,-100.22686051547545,-100.69383,-100.6938399375995
2,120.0,-87.09677419354838,-67.74193548387098,-99.89914489220376,-99.89179162002384,-99.47277023555976,-99.779274,-99.98194686639741
2,120.0,-80.64516129032259,-67.74193548387098,-99.10327743441823,-99.09421846758532,-98.67971664548531,-99.253075,-99.19064281022798
2,120.0,-74.19354838709677,-67.74193548387098,-98.33224780346511,-98.32284779312845,-97.87897713334922,-98.15045,-98.15045071068901
2,120.0,-67.74193548387098,-67.74193548387098,-97.60746895551534,-97.59853306008625,-97.10081415198698,-98.04747,-97.50572711002236
2,120.0,-61.29032258064517,-67.74193548387098,-96.94243077991698,-96.93412923237156,-96.36928788462824,-97.40141,-96.79451702841946
2,120.0,-54.83870967741936,-67.74193548387098,-96.3438369695937,-96.335850669576,-95.70044503508353,-96.13084,-96.13083483436884
2,120.0,-48.38709677419355,-67.74193548387098,-95.81368625900778,-95.8054343924189,-95.10302793851793,-96.12586,-95.6347945199593
2,120.0,-41.935483870967744,-67.74193548387098,-95.35146911651297,-95.34232623419582,-94.58041557784411,-95.53656,-95.1981631155108
2,120.0,-35.483870967741936,-67.74193548387098,-94.95601820068327,-94.94546956934187,-94.13283644404054,-95.003876,-94.86717674001366
2,120.0,-29.032258064516128,-67.74193548387098,-94.62678455271686,-94.61449964386729,-93.75930860746294,-94.54443,-94.62640371994442
2,120.0,-22.580645161290334,-67.74193548387098,-94.36446613859681,-94.3502947313924,-93.45904548717459,-94.173416,-94.42607733305374
2,120.0,-16.129032258064527,-67.74193548387098,-94.17104254366878,-94.15495615339468,-93.23224188520699,-93.90334,-94.25269556764613
2,120.0,-9.677419354838719,-67.74193548387098,-94.04937139479483,-94.03138151371282,-93.0802822614362,-94.33499,-94.33499544638211
2,120.0,-3.225806451612911,-67.74193548387098,-94.00255608885965,-93.98263874932964,-93.00550890130332,-93.69255,-94.0807829519899
2,120.0,3.225806451612897,-67.74193548387098,-94.0332912200857,-94.0113374618616,-93.01073855646425,-93.7503,-94.19545358549412
2,120.0,9.677419354838705,-67.74193548387098,-94.14334855269159,-94.11914754867863,-93.09871299053667,-94.64019,-94.64019147250177
2,120.0,16.129032258064512,-67.74193548387098,-94.33331193437697,-94.30656196087759,-93.27162309317656,-94.15462,-94.67492693474357
2,120.0,22.58064516129032,-67.74193548387098,-94.60262511037993,-94.57295906128493,-93.5307831578925,-94.48396,-94.88193370929079
2,120.0,29.032258064516128,-67.74193548387098,-94.94998327675034,-94.91699030095978,-93.87647437987602,-94.89132,-95.11580146751857
2,120.0,35.48387096774192,-67.74193548387098,-95.37406199468745,-95.33728551032974,-94.30793495618785,-95.3766,-95.3939327319263
2,120.0,41.935483870967744,-67.74193548387098,-95.87451608597564,-95.83341240316375,-94.82344671834461,-95.94336,-95.75407135793233
2,120.0,48.38709677419354,-67.74193548387098,-96.4530881273872,-96.40694108340027,-95.42044744521274,-96.107895,-96.10788928714832
2,120.0,54.83870967741933,-67.74193548387098,-97.11455395924219,-97.06235975164068,-96.09557620614949,-97.344086,-96.96390811493993
2,120.0,61.29032258064515,-67.74193548387098,-97.8671229611647,-97.80748409488442,-96.84453137509442,-97.85243,-97.8524327868321
2,120.0,67.74193548387095,-67.74193548387098,-98.7217891800749,-98.65288747376425,-97.66158602309108,-98.90542,-98.90542268496287
2,120.0,74.19354838709677,-67.74193548387098,-99.68987766955104,-99.60964600299675,-98.538567673585,-100.08905,-99.90162829608789
2,120.0,80.64516129032256,-67.74193548387098,-100.77738327024423,-100.68409948889533,-99.4630901760386,-101.09117,-100.9616493857605
2,120.0,87.09677419354838,-67.74193548387098,-101.9733694288048,-101.8670966065142,-100.41589586518411,-102.07134,-101.962312664871
2,120.0,93.54838709677418,-67.74193548387098,-103.22836441402453,-103.1138397882917,-101.36751042738223,-102.99462,-102.77410453542129
2,120.0,100.0,-67.74193548387098,-104.42317875970664,-104.31391158664623,-102.27536321124377,-103.8405,-103.20804885268151
2,120.0,-100.0,-61.29032258064517,-101.58891264841526,-101.58920262881438,-101.1192123563053,-100.827896,-100.97373070110146
2,120.0,-93.54838709677419,-61.29032258064517,-100.78076030501123,-100.77765654799583,-100.37824348445884,-100.398254,-100.73501525282904
2,120.0,-87.09677419354838,-61.29032258064517,-99.93524539991192,-99.93024555158874,-99.55656077063536,-99.89709,-100.12680768330713
2,120.0,-80.64516129032259,-61.29032258064517,-99.09191511032633,-99.08669241073589,-98.69197250830067,-99.32677,-99.27731033186532
2,120.0,-74.19354838709677,-61.29032258064517,-98.28259737646037,-98.27821125429658,-97.82618767686598,-98.695946,-98.3458552559149
2,120.0,-67.74193548387098,-61.29032258064517,-97.527933193895,-97.52460052495385,-96.99457362716575,-98.01968,-97.45348342414003
2,120.0,-61.29032258064517,-61.29032258064517,-96.83814182688837,-96.8353888278798,-96.22140515626448,-97.3179,-96.66243341414418
2,120.0,-54.83870967741936,-61.29032258064517,-96.21585142462877,-96.21283031060807,-95.51991528134087,-96.61278,-95.97015445460691
2,120.0,-48.38709677419355,-61.29032258064517,-95.65943896161761,-95.65525837017661,-94.89487238394827,-95.92621,-95.36971051561666
2,120.0,-41.935483870967744,-61.29032258064517,-95.16603834755549,-95.16001733796868,-94.34588101982422,-95.278595,-94.87197870620338
2,120.0,-35.483870967741936,-61.29032258064517,-94.73378193303748,-94.72558057586977,-93.87042699215499,-94.68881,-94.51595267241305
2,120.0,-29.032258064516128,-61.29032258064517,-94.36306173450609,-94.35267990639666,-93.46620817867898,-94.35866,-94.35864981390544
2,120.0,-22.580645161290334,-61.29032258064517,-94.05679557328884,-94.0444681350366,-93.13255761557414,-93.75207,-94.12416850561888
2,120.0,-16.129032258064527,-61.29032258064517,-93.81988863208423,-93.80592946738986,-92.8709480896053,-93.43483,-93.91026645180014
2,120.0,-9.677419354838719,-61.29032258064517,-93.65822300276577,-93.64287342654043,-92.68473724142483,-93.23184,-93.73489402370481
2,120.0,-3.225806451612911,-61.29032258064517,-93.57752739724455,-93.56084880686052,-92.57843644258617,-93.145996,-93.68660728026637
2,120.0,3.225806451612897,-61.29032258064517,-93.58239227979544,-93.56422013149414,-92.55681712681661,-93.17404,-93.79491626987277
2,120.0,9.677419354838705,-61.29032258064517,-93.67557286953496,-93.6555298966124,-92.62410482094481,-93.3081,-93.9995272225407
2,120.0,16.129032258064512,-61.29032258064517,-93.85763033656164,-93.83518539150296,-92.78340105797577,-93.5388,-94.19928381496501
2,120.0,22.58064516129032,-61.29032258064517,-94.12692650940754,-94.10147950964763,-93.03637050694175,-93.85828,-94.38913928320085
2,120.0,29.032258064516128,-61.29032258064517,-94.47999589703971,-94.45096523741347,-93.3831635742189,-94.67658,-94.67657595828341
2,120.0,35.48387096774192,-61.29032258064517,-94.91233301684457,-94.87921764444364,-93.82251315154853,-94.75011,-94.88060636868386
2,120.0,41.935483870967744,-61.29032258064517,-95.41960701680429,-95.38199343765547,-94.35193259781352,-95.32564,-95.26876120972287
2,120.0,48.38709677419354,-61.29032258064517,-95.99921400535052,-95.95670487926853,-94.96793366118519,-95.99451,-95.80064868783305
2,120.0,54.83870967741933,-61.29032258064517,-96.65190173320498,-96.60396345294714,-95.66616705394597,-96.7621,-96.49554581372664
2,120.0,61.29032258064515,-61.29032258064517,-97.38300612460034,-97.32876777410382,-96.44136134442142,-97.62886,-97.32786101463978
2,120.0,67.74193548387095,-61.29032258064517,-98.20269723856302,-98.14077457863317,-97.28690053764825,-98.584175,-98.26111735669886
2,120.0,74.19354838709677,-61.29032258064517,-99.12452451457955,-99.0529852482628,-98.19384647289249,-99.60191,-99.27243857993221
2,120.0,80.64516129032256,-61.29032258064517,-100.16124399622562,-100.07789506217107,-99.1492033076535,-100.64202,-100.34987028338807
2,120.0,87.09677419354838,-61.29032258064517,-101.31595683325267,-101.2192802269252,-100.13330617789906,-101.35906,-101.35906065407163
2,120.0,93.54838709677418,-61.29032258064517,-102.56478596833135,-102.45611248024532,-101.11656310747935,-102.61923,-102.41010248981792
2,120.0,100.0,-61.29032258064517,-103.82710450097305,-103.7145947912808,-102.05668453769826,-103.49816,-102.98320235944608
2,120.0,-100.0,-54.83870967741936,-101.74631820521097,-101.74638736843308,-101.34152439839596,-101.02609,-101.29470632958588
2,120.0,-93.54838709677419,-54.83870967741936,-100.8869561717109,-100.88498946557925,-100.54386306062524,-100.5626,-100.95745933817446
2,120.0,-87.09677419354838,-54.83870967741936,-99.99213528796278,-99.99012611880991,-99.65135406306077,-100.022644,-100.26576186840401
2,120.0,-80.64516129032259,-54.83870967741936,-99.10867565310498,-99.10808669340406,-98.71719495753365,-99.408585,-99.37720942822507
2,120.0,-74.19354838709677,-54.83870967741936,-98.26928459324336,-98.27048704729864,-97.79274448401816,-98.570786,-98.57078610169978
2,120.0,-67.74193548387098,-54.83870967741936,-97.49114402596922,-97.49350111247439,-96.91589800628424,-97.3862,-97.38619495799134
2,120.0,-61.29032258064517,-54.83870967741936,-96.7791095690316,-96.78138540379963,-96.10839742457784,-97.243484,-96.6307068692769
2,120.0,-54.83870967741936,-54.83870967741936,-96.13047910195507,-96.13133004063906,-95.37859233384506,-96.480804,-95.8792475644202
2,120.0,-48.38709677419355,-54.83870967741936,-95.53970287934918,-95.5380999355814,-94.72611068218036,-95.73567,-95.20482195111305
2,120.0,-41.935483870967744,-54.83870967741936,-95.00222618003535,-94.9977109784389,-94.14650643089702,-95.02952,-94.62289888715449
2,120.0,-35.483870967741936,-54.83870967741936,-94.51696958691494,-94.50969674271678,-93.63504975350425,-93.9753,-93.97531015175907
2,120.0,-29.032258064516128,-54.83870967741936,-94.08721110609144,-94.07779641387077,-93.18927506106994,-93.81265,-93.94945740354444
2,120.0,-22.580645161290334,-54.83870967741936,-93.72001916013238,-93.70927390320864,-92.81013424531247,-93.90509,-93.90508457959463
2,120.0,-16.129032258064527,-54.83870967741936,-93.42475167511748,-93.41340539447648,-92.50187047334947,-92.972885,-93.44520182179491
2,120.0,-9.677419354838719,-54.83870967741936,-93.21126812177214,-93.19975859378567,-92.27100095363996,-92.98966,-92.98966814484452
2,120.0,-3.225806451612911,-54.83870967741936,-93.08835894685815,-93.07672295560393,-92.12493089096606,-92.60448,-93.13244769035421
2,120.0,3.225806451612897,-54.83870967741936,-93.06262638132657,-93.05048705760038,-92.07065445357469,-92.602066,-93.2248423431561
2,120.0,9.677419354838705,-54.83870967741936,-93.13782416806131,-93.12445288266832,-92.11380624813737,-92.71234,-93.39353429475715
2,120.0,16.129032258064512,-54.83870967741936,-93.31456202903986,-93.29899118733523,-92.25813077674188,-92.92604,-93.57567883548052
2,120.0,22.58064516129032,-54.83870967741936,-93.59029401167972,-93.57146126564514,-92.5053130715827,-93.23518,-93.75874258927777
2,120.0,29.032258064516128,-54.83870967741936,-93.95959047537886,-93.93649589057566,-92.85506813281768,-93.63519,-93.97654442840849
2,120.0,35.48387096774192,-54.83870967741936,-94.41478852780007,-94.38663955996981,-93.30538905524091,-94.125626,-94.29940349953135
2,120.0,41.935483870967744,-54.83870967741936,-94.94716784979997,-94.91347398547349,-93.85286893088906,-94.70979,-94.78590768796383
2,120.0,48.38709677419354,-54.83870967741936,-95.54874096080928,-95.5093098040372,-94.49301662421968,-95.39346,-95.38700150052185
2,120.0,54.83870967741933,-54.83870967741936,-96.21452708806902,-96.16932274376731,-95.22047173560682,-96.18206,-96.08023780651106
2,120.0,61.29032258064515,-54.83870967741936,-96.9448262369852,-96.89369247812118,-96.0289904552427,-97.0758,-96.85843728486557
2,120.0,67.74193548387095,-54.83870967741936,-97.74667946356377,-97.68899863527382,-96.91103034332647,-98.063446,-97.71762006256282
2,120.0,74.19354838709677,-54.83870967741936,-98.63356908617453,-98.5679956975808,-97.85672499649789,-99.11752,-98.68314283465955
2,120.0,80.64516129032256,-54.83870967741936,-99.62240914558717,-99.54686827692619,-98.85204210697195,-100.195984,-99.78171938701658
2,120.0,87.09677419354838,-54.83870967741936,-100.72649759887346,-100.63871568283088,-99.87603866746383,-101.25217,-100.95298407588261
2,120.0,93.54838709677418,-54.83870967741936,-101.9416535844851,-101.84069343979375,-100.89754048640293,-102.247635,-102.02923897192966
2,120.0,100.0,-54.83870967741936,-103.22073458924494,-103.11028761971275,-101.87255735070566,-103.20056,-103.20056372790766
2,120.0,-100.0,-48.38709677419355,-101.91779914169314,-101.91717229614923,-101.58040874101458,-101.232666,-101.61757916363543
2,120.0,-93.54838709677419,-48.38709677419355,-101.01032930898533,-101.0098369174998,-100.723105584087,-100.73577,-101.17367748061851
2,120.0,-87.09677419354838,-48.38709677419355,-100.0738849987467,-100.07563116291678,-99.76095557088387,-100.157555,-100.36798459535325
2,120.0,-80.64516129032259,-48.38709677419355,-99.16007043492002,-99.16484545712305,-98.76341989056066,-99.50031,-99.41670728938041
2,120.0,-74.19354838709677,-48.38709677419355,-98.29929532661679,-98.30641104820884,-97.78931777138277,-98.77327,-98.45557909514983
2,120.0,-67.74193548387098,-48.38709677419355,-97.50251362191716,-97.51025903715498,-96.8759169920566,-97.99272,-97.52935381039221
2,120.0,-61.29032258064517,-48.38709677419355,-96.76727989199426,-96.7736078101609,-96.03977745076891,-97.18039,-96.67158749714525
2,120.0,-54.83870967741936,-48.38709677419355,-96.08469365462717,-96.08789948876887,-95.2826975599591,-96.360405,-95.87500145780871
2,120.0,-48.38709677419355,-48.38709677419355,-95.44569020176104,-95.44491069514363,-94.5985338701898,-95.556786,-95.13636025095198
2,120.0,-41.935483870967744,-48.38709677419355,-94.84571351343541,-94.84111380964016,-93.97917888496909,-94.79196,-94.48295812260685
2,120.0,-35.483870967741936,-48.38709677419355,-94.28701614608724,-94.27962975208585,-93.4189889751155,-94.086914,-93.96648453892385
2,120.0,-29.032258064516128,-48.38709677419355,-93.77841164911074,-93.76973287886736,-92.91723603529802,-93.461464,-93.60089574638955
2,120.0,-22.580645161290334,-48.38709677419355,-93.33314866428844,-93.32466033339844,-92.47849112528984,-92.93405,-93.27821623709453
2,120.0,-16.129032258064527,-48.38709677419355,-92.96608387801327,-92.95888092277096,-92.1113694133094,-92.520325,-92.92543331952905
2,120.0,-9.677419354838719,-48.38709677419355,-92.69118918762169,-92.68576973879564,-91.82646144464782,-92.23111,-92.63480010800546
2,120.0,-3.225806451612911,-48.38709677419355,-92.5198864082544,-92.51609940176358,-91.63428312582997,-92.07083,-92.51960838849723
2,120.0,3.225806451612897,-48.38709677419355,-92.46019511999509,-92.45729631116987,-91.54376140349392,-92.03724,-92.56341635789707
2,120.0,9.677419354838705,-48.38709677419355,-92.51642805918566,-92.51319824892084,-91.5613947753502,-92.123116,-92.69824767307367
2,120.0,16.129032258064512,-48.38709677419355,-92.68915037623628,-92.68404835117478,-91.69098123637353,-92.31926,-92.86688411643588
2,120.0,22.58064516129032,-48.38709677419355,-92.97522531142077,-92.96656595621037,-91.93372438627789,-92.61763,-93.05168482232449
2,120.0,29.032258064516128,-48.38709677419355,-93.36791959838258,-93.35407585354656,-92.28854977144658,-93.013466,-93.28657508839976
2,120.0,35.48387096774192,-48.38709677419355,-93.85720247378731,-93.83682375783961,-92.75251693867274,-93.43419,-93.43419342612475
2,120.0,41.935483870967744,-48.38709677419355,-94.43051556806552,-94.40273292346546,-93.32125370841752,-94.425156,-94.42515359985963
2,120.0,48.38709677419354,-48.38709677419355,-95.07435046697738,-95.03890479972654,-93.98934949619209,-94.79736,-94.94539769382948
2,120.0,54.83870967741933,-48.38709677419355,-95.77682347237544,-95.73402811162302,-94.75062153944664,-95.60707,-95.66634642862773
2,120.0,61.29032258064515,-48.38709677419355,-96.53097939177742,-96.48144800672068,-95.5981181403842,-96.528046,-96.42311089305599
2,120.0,67.74193548387095,-48.38709677419355,-97.33788433722927,-97.28204572554658,-96.52366049990037,-97.548386,-97.23332738561724
2,120.0,74.19354838709677,-48.38709677419355,-98.20807041990287,-98.14562503253376,-97.51667336363818,-98.04257,-98.04257633987433
2,120.0,80.64516129032256,-48.38709677419355,-99.15993196172145,-99.0895054883475,-98.5620605047213,-99.75647,-99.2441865640663
2,120.0,87.09677419354838,-48.38709677419355,-100.21394840124634,-100.13323674162356,-99.63704770434502,-100.85126,-100.42944420519265
2,120.0,93.54838709677418,-48.38709677419355,-101.38104939688097,-101.28783425586539,-100.70746453618983,-101.88333,-101.49715391380965
2,120.0,100.0,-48.38709677419355,-102.64127373084159,-102.53596542523127,-101.72517949671884,-102.82912,-102.16460514591573
2,120.0,-100.0,-41.935483870967744,-102.1008555817098,-102.09925403391159,-101.83262420548772,-102.2393,-102.23930364782605
2,120.0,-93.54838709677419,-41.935483870967744,-101.15252502986127,-101.15396428400346,-100.91705573945259,-100.920166,-101.30221191461953
2,120.0,-87.09677419354838,-41.935483870967744,-100.18523647719161,-100.19146087371345,-99.89110650579946,-100.30414,-100.40610169638174
2,120.0,-80.64516129032259,-41.935483870967744,-99.25211863177461,-99.26278317089671,-98.83974445740358,-99.60418,-99.40704836251882
2,120.0,-74.19354838709677,-41.935483870967744,-98.37795218831911,-98.39097067689161,-97.82617396422565,-98.82974,-98.46842425659332
2,120.0,-67.74193548387098,-41.935483870967744,-97.5647903211643,-97.57720094996591,-96.88388033540727,-97.9977,-97.59445714687433
2,120.0,-61.29032258064517,-41.935483870967744,-96.80121472702126,-96.81018516146219,-96.02200320811532,-96.76874,-96.76874304922228
2,120.0,-54.83870967741936,-41.935483870967744,-96.07190185077255,-96.07562609313057,-95.23465524299672,-96.25336,-95.91961104328408
2,120.0,-48.38709677419355,-41.935483870967744,-95.36584632585232,-95.36407403612871,-94.50996285067788,-95.39113,-95.12152225629774
2,120.0,-41.935483870967744,-41.935483870967744,-94.68160211350028,-94.67560978039106,-93.83741735072701,-94.56732,-94.39630245109376
2,120.0,-35.483870967741936,-41.935483870967744,-94.02837274069111,-94.02042400268516,-93.21270560588572,-93.803925,-93.77890554832601
2,120.0,-29.032258064516128,-41.935483870967744,-93.42336702588727,-93.4159515436368,-92.63943586391483,-93.1219,-93.26688701065598
2,120.0,-22.580645161290334,-41.935483870967744,-92.88735685122762,-92.88253581188484,-92.12796739129081,-92.54088,-92.8083881209844
2,120.0,-16.129032258064527,-41.935483870967744,-92.44056097208107,-92.43959093051295,-91.69249307646501,-92.07761,-92.37919216399192
2,120.0,-9.677419354838719,-41.935483870967744,-92.10000107925602,-92.10322705587504,-91.34784964366249,-91.74394,-92.0402445180512
2,120.0,-3.225806451612911,-41.935483870967744,-91.87837742253114,-91.88529823662131,-91.10709466321941,-91.54512,-91.86560750921532
2,120.0,3.225806451612897,-41.935483870967744,-91.78394614799495,-91.7933564088557,-90.98017873255858,-91.83166,-91.831654737405
2,120.0,9.677419354838705,-41.935483870967744,-91.82082343806174,-91.83097534809147,-90.97353798021027,-91.54021,-91.96038009399427
2,120.0,16.129032258064512,-41.935483870967744,-91.98931217294253,-91.99807887741714,-91.09026264324534,-91.718155,-92.12443475995009
2,120.0,22.58064516129032,-41.935483870967744,-92.28604684517705,-92.29109494182238,-91.33054385298644,-92.00528,-92.32759770893759
2,120.0,29.032258064516128,-41.935483870967744,-92.70392335715027,-92.70291471728325,-91.69221481037633,-92.39662,-92.60338516742974
2,120.0,35.48387096774192,-41.935483870967744,-93.23194289302964,-93.22278458336193,-92.17129896053157,-92.89137,-93.03970086773401
2,120.0,41.935483870967744,-41.935483870967744,-93.85528729641976,-93.83642764880852,-92.7625278741064,-93.4926,-93.68110000017539
2,120.0,48.38709677419354,-41.935483870967744,-94.55614269769185,-94.52686414758102,-93.45979317445915,-94.206055,-94.43059685378773
2,120.0,54.83870967741933,-41.935483870967744,-95.31586614716724,-95.27645723350832,-94.25645590343409,-95.27429,-95.27429522602988
2,120.0,61.29032258064515,-41.935483870967744,-96.11877929985447,-96.07042199461539,-95.14536252317953,-95.98578,-95.99649321579405
2,120.0,67.74193548387095,-41.935483870967744,-96.95696840436064,-96.90123173500837,-96.11832459893876,-96.853226,-96.85323012148088
2,120.0,74.19354838709677,-41.935483870967744,-97.83426820290154,-97.77229580702047,-97.16473656061248,-98.16759,-97.7221303504094
2,120.0,80.64516129032256,-41.935483870967744,-98.7670235334089,-98.69874311071575,-98.26899078348336,-98.69258,-98.69258312674205
2,120.0,87.09677419354838,-41.935483870967744,-99.77982266319161,-99.70361331151426,-99.40654481315606,-100.458374,-99.92521178225573
2,120.0,93.54838709677418,-41.935483870967744,-100.89514948418676,-100.80837617363733,-100.53922886495441,-101.52763,-100.92675427830915
2,120.0,100.0,-41.935483870967744,-102.11480305745837,-102.01572502115242,-101.61213277285172,-102.50745,-101.55264023132477
2,120.0,-100.0,-35.483870967741936,-102.29412753838628,-102.2913446919961,-102.09552737589141,-101.68129,-101.81718869789181
2,120.0,-93.54838709677419,-35.483870967741936,-101.31570211430696,-101.3194659238462,-101.12806956952026,-101.11879,-101.30366366730955
2,120.0,-87.09677419354838,-35.483870967741936,-100.3303015521445,-100.34152252324415,-100.04837526096256,-100.465324,-100.43133519003695
2,120.0,-80.64516129032259,-35.483870967741936,-99.3890859961275,-99.40586221623379,-98.95487677321029,-99.175964,-99.17596876995108
2,120.0,-74.19354838709677,-35.483870967741936,-98.50800617429387,-98.5265479647289,-97.91189097946665,-98.90151,-98.54546998460035
2,120.0,-67.74193548387098,-35.483870967741936,-97.67771464465959,-97.69366951911456,-96.94639876311406,-98.01819,-97.69722813546066
2,120.0,-61.29032258064517,-35.483870967741936,-96.87656368038772,-96.88642741907708,-96.05843456245674,-96.889404,-96.88940501305943
2,120.0,-54.83870967741936,-35.483870967741936,-96.08363436832741,-96.0859030343371,-95.2339161178883,-96.16174,-95.9714519388952
2,120.0,-48.38709677419355,-35.483870967741936,-95.28921304164123,-95.28481604994343,-94.45614492465614,-95.24054,-95.1068215861032
2,120.0,-41.935483870967744,-35.483870967741936,-94.49958842104164,-94.49138553853456,-93.71455171092452,-94.357086,-94.29793846351585
2,120.0,-35.483870967741936,-35.483870967741936,-93.7349776902507,-93.72663821496465,-93.00932172388536,-93.534485,-93.57292740415971
2,120.0,-29.032258064516128,-35.483870967741936,-93.02297952886417,-93.0178609135626,-92.35129118339736,-92.79486,-92.93016622680433
2,120.0,-22.580645161290334,-35.483870967741936,-92.39164575257445,-92.3920988234313,-91.7582833176844,-92.15903,-92.34578919272799
2,120.0,-16.129032258064527,-35.483870967741936,-91.86490786904142,-91.87205795864122,-91.2502821741127,-91.64496,-91.81804773123568
2,120.0,-9.677419354838719,-35.483870967741936,-91.46077871782987,-91.47461213918805,-90.84551496827407,-91.26558,-91.4022301512536
2,120.0,-3.225806451612911,-35.483870967741936,-91.19142316323448,-91.21099306826389,-90.55826863193815,-91.02701,-91.169659474753
2,120.0,3.225806451612897,-35.483870967741936,-91.06403004321879,-91.08766865871507,-90.39823011151582,-90.92824,-91.12062252931426
2,120.0,9.677419354838705,-35.483870967741936,-91.08176237816117,-91.10725783930825,-90.37075345940202,-90.9628,-91.20221903166403
2,120.0,16.129032258064512,-35.483870967741936,-91.24442253158067,-91.26916230027959,-90.47752595954111,-91.12178,-91.37015563196672
2,120.0,22.58064516129032,-35.483870967741936,-91.54869531639929,-91.5698004847784,-90.71731879698075,-91.39703,-91.60117962676794
2,120.0,29.032258064516128,-35.483870967741936,-91.98795548573659,-92.0024415936713,-91.08669095119389,-91.78348,-91.91478152633533
2,120.0,35.48387096774192,-35.483870967741936,-92.55172551203114,-92.55673007563472,-91.58062148452453,-92.28008,-92.38501290149418
2,120.0,41.935483870967744,-35.483870967741936,-93.22502509027646,-93.21813415264077,-92.19308212515,-92.8898,-93.05291122910488
2,120.0,48.38709677419354,-35.483870967741936,-93.98812022379985,-93.96778902877077,-92.91754373275734,-93.618385,-93.8538760447399
2,120.0,54.83870967741933,-35.483870967741936,-94.81751351187354,-94.78348990668239,-93.74734635076855,-94.47122,-94.70036864021321
2,120.0,61.29032258064515,-35.483870967741936,-95.68913782173584,-95.64267196234935,-94.67576025778399,-95.55821,-95.55821500560398
2,120.0,67.74193548387095,-35.483870967741936,-96.58407082438843,-96.52762671750568,-95.69543629720643,-96.53558,-96.42918748112226
2,120.0,74.19354838709677,-35.483870967741936,-97.49534601228548,-97.4316832510223,-96.79681111737793,-97.33573,-97.33572905640976
2,120.0,80.64516129032256,-35.483870967741936,-98.43247316075066,-98.36337201935083,-97.9649549760224,-98.89915,-98.43724710521094
2,120.0,87.09677419354838,-35.483870967741936,-99.42003865121345,-99.34530869321529,-99.17450480716829,-100.07331,-99.52750521733476
2,120.0,93.54838709677418,-35.483870967741936,-100.48864243516508,-100.40606395391278,-100.3832068110433,-100.522224,-100.52222556205209
2,120.0,100.0,-35.483870967741936,-101.65758666165058,-101.5642669309367,-101.52709902163103,-102.195015,-101.0462954260922
2,120.0,-100.0,-29.032258064516128,-102.496825717805,-102.49255609219959,-102.3668216803238,-101.92977,-101.76804312676167
2,120.0,-93.54838709677419,-29.032258064516128,-101.50144206805672,-101.50766348210323,-101.35889490797487,-101.33501,-101.31557708634966
2,120.0,-87.09677419354838,-29.032258064516128,-100.51136742207291,-100.52775913537485,-100.23884790562428,-100.64449,-100.54837763120435
2,120.0,-80.64516129032259,-29.032258064516128,-99.57256287523181,-99.59531150578738,-99.11589819405759,-99.74957,-99.74957765727991
2,120.0,-74.19354838709677,-29.032258064516128,-98.68924241802966,-98.71257515198616,-98.05261430297149,-98.99202,-98.74521990127285
2,120.0,-67.74193548387098,-29.032258064516128,-97.83838484386999,-97.85645068971715,-97.06741127927685,-98.05765,-97.85891801221621
2,120.0,-61.29032258064517,-29.032258064516128,-96.98751484616957,-96.99635010910092,-96.15013613599943,-97.081024,-96.95277086363673
2,120.0,-54.83870967741936,-29.032258064516128,-96.11245305674232,-96.11139416474916,-95.27874386757036,-96.08896,-96.01062078353243
2,120.0,-48.38709677419355,-29.032258064516128,-95.2098430807741,-95.20159631749962,-94.43367326898495,-95.10829,-95.06392657250007
2,120.0,-41.935483870967744,-29.032258064516128,-94.29916906772446,-94.28848253532072,-93.60772922793254,-94.16444,-94.15954445691835
2,120.0,-35.483870967741936,-29.032258064516128,-93.41482368314868,-93.40666771592745,-92.8092525705898,-93.28157,-93.33039510316111
2,120.0,-29.032258064516128,-29.032258064516128,-92.59479943751461,-92.5930447950825,-92.05869589070642,-92.48303,-92.58155699928568
2,120.0,-22.580645161290334,-29.032258064516128,-91.87232250947211,-91.87923508744498,-91.38180630748067,-91.79093,-91.89737880248114
2,120.0,-16.129032258064527,-29.032258064516128,-91.27235077886598,-91.2886657193745,-90.80329976157233,-91.22451,-91.2774386340044
2,120.0,-9.677419354838719,-29.032258064516128,-90.81159639023952,-90.83682479241509,-90.34309101691791,-90.68167,-90.68166976158855
2,120.0,-3.225806451612911,-29.032258064516128,-90.50009591885198,-90.53284293338379,-90.01505928023022,-90.51799,-90.4650708479503
2,120.0,3.225806451612897,-29.032258064516128,-90.3430067281942,-90.38121598484855,-89.82738683802879,-90.49106,-90.49105388154699
2,120.0,9.677419354838705,-29.032258064516128,-90.34203298525414,-90.38314969355768,-89.78354326772634,-90.39183,-90.43794175534664
2,120.0,16.129032258064512,-29.032258064516128,-90.49630232071748,-90.53737881278865,-89.8833614441671,-90.530785,-90.61647622092019
2,120.0,22.58064516129032,-29.032258064516128,-90.80267667746594,-90.84045490528639,-90.12398150387965,-90.94376,-90.94376617302976
2,120.0,29.032258064516128,-29.032258064516128,-91.25551738948712,-91.28652915118478,-90.50063144041957,-91.17432,-91.22121534654582
2,120.0,35.48387096774192,-29.032258064516128,-91.84593662536243,-91.8666704590986,-91.00729410887888,-91.627014,-91.62701169828493
2,120.0,41.935483870967744,-29.032258064516128,-92.5606388539478,-92.56782971553696,-91.63731949666621,-92.39036,-92.39035549139533
2,120.0,48.38709677419354,-29.032258064516128,-93.38067781278527,-93.37176540077542,-92.38399964824568,-93.034225,-93.26677679487558
2,120.0,54.83870967741933,-29.032258064516128,-94.28090108252285,-94.25463954409173,-93.2410378172037,-93.9091,-94.17199172168137
2,120.0,61.29032258064515,-29.032258064516128,-95.23142903359926,-95.1884753531951,-94.20271500763158,-94.91462,-95.10378860467458
2,120.0,67.74193548387095,-29.032258064516128,-96.20264543383882,-96.1457383082749,-95.26339101712685,-96.036766,-96.07256011968005
2,120.0,74.19354838709677,-29.032258064516128,-97.1737936254097,-97.10707467636976,-96.41578404740284,-97.24227,-97.10131912213816
2,120.0,80.64516129032256,-29.032258064516128,-98.14204744405654,-98.06947429647714,-97.64728762886774,-98.48056,-98.18768175157783
2,120.0,87.09677419354838,-29.032258064516128,-99.12622220616065,-99.04976970054547,-98.9335773278226,-99.69566,-99.25007318021471
2,120.0,93.54838709677418,-29.032258064516128,-100.16057153344492,-100.07930814013527,-100.22959044155809,-100.84154,-100.13713814281348
2,120.0,100.0,-29.032258064516128,-101.27810781264274,-101.18891833008169,-101.46125137189176,-101.891335,-100.70527004615346
2,120.0,-100.0,-22.580645161290334,-102.70804439491634,-102.7017027460896,-102.6439848855672,-102.19867,-101.84761436469871
2,120.0,-93.54838709677419,-22.580645161290334,-101.70978693721997,-101.71815782007208,-101.61155268035233,-101.572296,-101.44876272117426
2,120.0,-87.09677419354838,-22.580645161290334,-100.7280360487372,-100.74931494954724,-100.4669038898852,-100.84545,-100.76057094867946
2,120.0,-80.64516129032259,-22.580645161290334,-99.80098040598621,-99.82917557487846,-99.32740865310812,-100.01998,-99.91771517897826
2,120.0,-74.19354838709677,-22.580645161290334,-98.9186075233821,-98.94570816013506,-98.25184101288046,-99.105774,-99.01324099141956
2,120.0,-67.74193548387098,-22.580645161290334,-98.04228104019664,-98.06086124843856,-97.24872948857035,-98.12097,-98.07355341580563
2,120.0,-61.29032258064517,-22.580645161290334,-97.12902163142347,-97.13496253546042,-96.29728084589644,-97.090034,-97.08470181280492
2,120.0,-54.83870967741936,-22.580645161290334,-96.15540132543045,-96.14948538824314,-95.36856161427728,-96.040535,-96.0466394247703
2,120.0,-48.38709677419355,-22.580645161290334,-95.13071737693579,-95.11790902168332,-94.44317691721355,-95.00014,-94.99431825503822
2,120.0,-41.935483870967744,-22.580645161290334,-94.09246110346274,-94.07941659569998,-93.52142594958175,-93.99525,-93.97974526275354
2,120.0,-35.483870967741936,-22.580645161290334,-93.09011172804512,-93.08274170850707,-92.62309159642095,-93.05112,-93.04969616905437
2,120.0,-29.032258064516128,-22.580645161290334,-92.16982137227649,-92.17206957915458,-91.77929919319925,-92.22955,-92.22955961919807
2,120.0,-22.580645161290334,-22.580645161290334,-91.366767226067,-91.3805036080191,-91.02268831164822,-91.44241,-91.47740415626893
2,120.0,-16.129032258064527,-22.580645161290334,-90.70423174527271,-90.729663220015,-90.38069999004082,-90.82191,-90.80719904641484
2,120.0,-9.677419354838719,-22.580645161290334,-90.19588522069073,-90.23203967250103,-89.87298043832723,-90.34613,-90.2436054791819
2,120.0,-3.225806451612911,-22.580645161290334,-89.84869438752641,-89.89379608234051,-89.511574280298,-89.775276,-89.77527830994453
2,120.0,3.225806451612897,-22.580645161290334,-89.66533718718223,-89.71704615402233,-89.30230239561286,-89.452065,-89.45206958986127
2,120.0,9.677419354838705,-22.580645161290334,-89.64585917710941,-89.70140334239511,-89.24631764295498,-89.83176,-89.73832767598427
2,120.0,16.129032258064512,-22.580645161290334,-89.78862426216722,-89.84486364489445,-89.34142430183137,-89.949326,-89.91549994323461
2,120.0,22.58064516129032,-22.580645161290334,-90.0906598618738,-90.14412028220057,-89.58309201277422,-90.08612,-90.08611342649482
2,120.0,29.032258064516128,-22.580645161290334,-90.54744798455104,-90.5943622143843,-89.96524190095616,-90.5726,-90.56556827549043
2,120.0,35.48387096774192,-22.580645161290334,-91.15215358918066,-91.18855621101106,-90.48091984755125,-91.07148,-91.11089570520492
2,120.0,41.935483870967744,-22.580645161290334,-91.89426634350002,-91.916205089529,-91.12295136239872,-91.69742,-91.83716389824058
2,120.0,48.38709677419354,-22.580645161290334,-92.75774247370063,-92.76168454898985,-91.88461078298914,-92.45607,-92.70671384656265
2,120.0,54.83870967741933,-22.580645161290334,-93.7191056987627,-93.7026012709159,-92.76023376418127,-93.35289,-93.65810233192909
2,120.0,61.29032258064515,-22.580645161290334,-94.74672677306899,-94.7092768604179,-93.74555328910279,-94.64845,-94.6484575562488
2,120.0,67.74193548387095,-22.580645161290334,-95.80343364944054,-95.74723060294865,-94.83734552440681,-95.54422,-95.73435410230266
2,120.0,74.19354838709677,-22.580645161290334,-96.85453594475695,-96.78440795986401,-96.03172596729677,-96.789154,-96.85620279389897
2,120.0,80.64516129032256,-22.580645161290334,-97.88036439602307,-97.80233029514588,-97.32012340954023,-98.069084,-98.00036934868614
2,120.0,87.09677419354838,-22.580645161290334,-98.88690835849187,-98.80566925910091,-98.68166724425026,-99.32555,-99.08348952190634
2,120.0,93.54838709677418,-22.580645161290334,-99.90567673123067,-99.82250386884533,-100.0711480258914,-100.510475,-99.97467899415528
2,120.0,100.0,-22.580645161290334,-100.97890648305241,-100.89141409774597,-101.40532622383994,-101.595825,-100.5478779009264
2,120.0,-100.0,-16.129032258064527,-102.9262126520331,-102.91678535025429,-102.9235435736575,-102.49057,-102.1023150836691
2,120.0,-93.54838709677419,-16.129032258064527,-101.93865785941605,-101.94828036281706,-101.88623560275703,-101.83386,-101.72805246189148
2,120.0,-87.09677419354838,-16.129032258064527,-100.97683043829642,-101.00216305848656,-100.73425686080098,-101.07215,-101.05703661910357
2,120.0,-80.64516129032259,-16.129032258064527,-100.06956613160477,-100.10229108813235,-99.59104656572882,-100.207054,-100.22559061870724
2,120.0,-74.19354838709677,-16.129032258064527,-99.19075017993478,-99.22040568671598,-98.51055639927085,-99.24844,-99.31730388002595
2,120.0,-67.74193548387098,-16.129032258064527,-98.28468812033897,-98.30222395533812,-97.49086739956995,-98.214714,-98.32880843439705
2,120.0,-61.29032258064517,-16.129032258064527,-97.29919253324798,-97.30067712658465,-96.50072484564014,-97.25755,-97.25755875019736
2,120.0,-54.83870967741936,-16.129032258064527,-96.21674355984428,-96.20494580825661,-95.50616481248731,-96.024734,-96.09603405978228
2,120.0,-48.38709677419355,-16.129032258064527,-95.06535424151355,-95.04772395086255,-94.49167632570584,-94.925095,-94.91990731655318
2,120.0,-41.935483870967744,-16.129032258064527,-93.90313719303586,-93.88797603903072,-93.4690168588139,-93.859146,-93.78009798814105
2,120.0,-35.483870967741936,-16.129032258064527,-92.79300023751831,-92.78669254658224,-92.47143002300763,-92.85325,-92.74573191422843
2,120.0,-29.032258064516128,-16.129032258064527,-91.78573698539536,-91.7919385455009,-91.54013732447191,-91.93328,-91.85849917696527
2,120.0,-22.580645161290334,-16.129032258064527,-90.91539126589026,-90.9354143497059,-90.71258183720013,-91.124146,-91.0908500679032
2,120.0,-16.129032258064527,-16.129032258064527,-90.20169788471438,-90.23521014415009,-90.01672253779947,-90.44788,-90.41249403707519
2,120.0,-9.677419354838719,-16.129032258064527,-89.65443012978608,-89.70004241798958,-89.47034633839239,-89.92113,-89.84315811057179
2,120.0,-3.225806451612911,-16.129032258064527,-89.27721541189194,-89.33286498909567,-89.08277694297371,-89.553085,-89.42920557084592
2,120.0,3.225806451612897,-16.129032258064527,-89.07022755975842,-89.1333900589776,-88.85709547002479,-89.34517,-89.21765791496131
2,120.0,9.677419354838705,-16.129032258064527,-89.0318744925072,-89.09966072830107,-88.79204267143223,-89.29246,-89.21308396374668
2,120.0,16.129032258064512,-16.129032258064527,-89.15973061842999,-89.22891517608521,-88.88342087539311,-89.38682,-89.34702055319038
2,120.0,22.58064516129032,-16.129032258064527,-89.45089591268272,-89.51791317110606,-89.12508779992207,-89.620125,-89.59106770738366
2,120.0,29.032258064516128,-16.129032258064527,-89.90185465590403,-89.96279375635497,-89.5097106620271,-89.98681,-89.98027849411982
2,120.0,35.48387096774192,-16.129032258064527,-90.50780422646528,-90.55844068448879,-90.02944243870803,-90.485245,-90.54240226463504
2,120.0,41.935483870967744,-16.129032258064527,-91.26134921031661,-91.2972694960408,-90.6766372068899,-91.117966,-91.27865050699825
2,120.0,48.38709677419354,-16.129032258064527,-92.15045537467482,-92.16736085754275,-91.44464342649984,-92.19463,-92.19463086051397
2,120.0,54.83870967741933,-16.129032258064527,-93.15575693913647,-93.15005889434104,-92.32859557791517,-92.80859,-93.15430400268016
2,120.0,61.29032258064515,-16.129032258064527,-94.24794727074922,-94.21772686403011,-93.32596238972087,-93.87101,-94.23675352480464
2,120.0,67.74193548387095,-16.129032258064527,-95.38726028326906,-95.33344577171498,-94.43640408665809,-95.06235,-95.39803001275891
2,120.0,74.19354838709677,-16.129032258064527,-96.52842401784623,-96.45554914627355,-95.66021875397647,-96.34619,-96.61555861402918
2,120.0,80.64516129032256,-16.129032258064527,-97.63353483756617,-97.54901376057592,-96.99423754110933,-97.66733,-97.84334468192267
2,120.0,87.09677419354838,-16.129032258064527,-98.68912582655149,-98.60053540096484,-98.42338805409256,-98.9647,-98.99593281546139
2,120.0,93.54838709677418,-16.129032258064527,-99.71559076676634,-99.6272491231087,-99.90578795454228,-100.1882,-99.94457510392593
2,120.0,100.0,-16.129032258064527,-100.75805358150143,-100.66933402830065,-101.35219625086506,-101.30861,-100.54765244994059
2,120.0,-100.0,-9.677419354838719,-103.14889323111987,-103.13486365987191,-103.20044003092818,-102.80592,-102.5043335754264
2,120.0,-93.54838709677419,-9.677419354838719,-102.18381749335661,-102.19310627377949,-102.18045200153719,-102.1214,-102.12552164970076
2,120.0,-87.09677419354838,-9.677419354838719,-101.2513294177184,-101.27925806002278,-101.03932586295383,-101.327675,-101.42370200431024
2,120.0,-80.64516129032259,-9.677419354838719,-100.37067895404725,-100.40662835452805,-99.90526149927298,-100.51994,-100.51993878749563
2,120.0,-74.19354838709677,-9.677419354838719,-99.49874703908094,-99.52967474374434,-98.82745774241656,-99.426384,-99.65463384485945
2,120.0,-67.74193548387098,-9.677419354838719,-98.56200767755999,-98.57719772383999,-97.79376025988532,-98.63514,-98.63513958868653
2,120.0,-61.29032258064517,-9.677419354838719,-97.50089254315975,-97.49686717839532,-96.76317307538389,-97.21307,-97.43723803185463
2,120.0,-54.83870967741936,-9.677419354838719,-96.30870250457767,-96.29053208570141,-95.69896885955507,-96.05322,-96.17620239132822
2,120.0,-48.38709677419355,-9.677419354838719,-95.03625763421138,-95.01380202771816,-94.59312652163123,-94.896454,-94.88006403691898
2,120.0,-41.935483870967744,-9.677419354838719,-93.76212947623566,-93.74492091015176,-93.47173154313218,-93.77089,-93.61324311780879
2,120.0,-35.483870967741936,-9.677419354838719,-92.5594323484948,-92.55393247987055,-92.38185405464242,-92.38331,-92.38331144937762
2,120.0,-29.032258064516128,-9.677419354838719,-91.4802657292152,-91.48965088428149,-91.37306291374502,-91.72286,-91.52431111879656
2,120.0,-22.580645161290334,-9.677419354838719,-90.55552182909511,-90.58053094885018,-90.4853194624292,-90.778336,-90.77833440655303
2,120.0,-16.129032258064527,-9.677419354838719,-89.8006065047702,-89.84043922236394,-89.74538434370261,-90.12088,-90.06497379035127
2,120.0,-9.677419354838719,-9.677419354838719,-89.22131598578487,-89.27426055706997,-89.16827651814498,-89.54161,-89.5186657761615
2,120.0,-3.225806451612911,-9.677419354838719,-88.8181249729059,-88.88192045847126,-88.76028445497104,-89.14552,-89.14552224545696
2,120.0,3.225806451612897,-9.677419354838719,-88.58891494591676,-88.66092893875687,-88.5217493521196,-88.87828,-88.89758130924733
2,120.0,9.677419354838705,-9.677419354838719,-88.53058533559418,-88.60787939894477,-88.44911466675794,-88.79246,-88.83431294675935
2,120.0,16.129032258064512,-9.677419354838719,-88.63992961033117,-88.71926135144697,-88.53630338017054,-88.861404,-88.90704705810901
2,120.0,22.58064516129032,-9.677419354838719,-88.91400360095264,-88.99179737233843,-88.77564905308833,-89.0771,-89.10484225407654
2,120.0,29.032258064516128,-9.677419354838719,-89.35007056431115,-89.42238155974054,-89.15861403145192,-89.43385,-89.46105099817244
2,120.0,35.48387096774192,-9.677419354838719,-89.94508766240641,-90.00758737284478,-89.67648662555317,-89.92982,-90.0107283674722
2,120.0,41.935483870967744,-9.677419354838719,-90.69459462075218,-90.74262166416098,-90.32118517779737,-90.56736,-90.73600550802568
2,120.0,48.38709677419354,-9.677419354838719,-91.59078947419081,-91.6195426077234,-91.0862037860268,-91.35202,-91.61835698639464
2,120.0,54.83870967741933,-9.677419354838719,-92.61960623937519,-92.62460410846896,-91.96760204801444,-92.289185,-92.65023870132211
2,120.0,61.29032258064515,-9.677419354838719,-93.75696868967674,-93.73493170966171,-92.96477222776964,-93.377716,-93.80293705526765
2,120.0,67.74193548387095,-9.677419354838719,-94.96550277817883,-94.9157142975865,-94.08051920389244,-94.60133,-95.04780003893721
2,120.0,74.19354838709677,-9.677419354838719,-96.19509966066319,-96.12086799801955,-95.31972700505696,-95.92203,-96.35536271787872
2,120.0,80.64516129032256,-9.677419354838719,-97.39239320868955,-97.30144063449248,-96.68540943990259,-97.28227,-97.67376388507422
2,120.0,87.09677419354838,-9.677419354838719,-98.52069770019932,-98.4230304269831,-98.1699781942031,-98.61853,-98.91775077707553
2,120.0,93.54838709677418,-9.677419354838719,-99.58029678220626,-99.48383261009766,-99.73819761604852,-99.87863,-99.95793022517974
2,120.0,100.0,-9.677419354838719,-100.61044675550022,-100.5173910194319,-101.29946505698439,-101.03224,-100.61481011411672
2,120.0,-100.0,-3.225806451612911,-103.3730140946844,-103.35239929442045,-103.46774464740044,-103.21278,-103.2127862795705
2,120.0,-93.54838709677419,-3.225806451612911,-102.4394324185578,-102.44609141179706,-102.48858793415906,-102.43303,-102.55241220619939
2,120.0,-87.09677419354838,-3.225806451612911,-101.54285008092612,-101.57124201263713,-101.37694597303317,-101.61254,-101.81712103055685
2,120.0,-80.64516129032259,-3.225806451612911,-100.69444107308628,-100.73191370448578,-100.26519865424302,-100.81888,-100.81888612383878
2,120.0,-74.19354838709677,-3.225806451612911,-99.83469903786894,-99.86564998455526,-99.19898725715927,-100.18134,-100.18133634690685
2,120.0,-67.74193548387098,-3.225806451612911,-98.87229713061453,-98.88427962893574,-98.15693960580175,-98.52706,-98.89231073161297
2,120.0,-61.29032258064517,-3.225806451612911,-97.74164856322759,-97.73167553492705,-97.08934317638197,-97.349434,-97.64711900630614
2,120.0,-54.83870967741936,-3.225806451612911,-96.44965805475204,-96.42506649530098,-95.95866240277245,-96.141525,-96.31126183675006
2,120.0,-48.38709677419355,-3.225806451612911,-95.07093466424435,-95.04368104252286,-94.76686041589403,-94.932724,-94.92684672345887
2,120.0,-41.935483870967744,-3.225806451612911,-93.7022812790177,-93.68273493705507,-93.55554772496264,-93.7518,-93.55521684467598
2,120.0,-35.483870967741936,-3.225806451612911,-92.42381882683065,-92.41829952939639,-92.38467425179599,-92.627144,-92.30593861644397
2,120.0,-29.032258064516128,-3.225806451612911,-91.28687125917904,-91.29805415524474,-91.3101401842946,-91.587234,-91.2787004073196
2,120.0,-22.580645161290334,-3.225806451612911,-90.31848538944907,-90.34661750708268,-90.37271413837836,-90.65996,-90.43974602957408
2,120.0,-16.129032258064527,-3.225806451612911,-89.52985990979286,-89.5737778805877,-89.5970635340289,-89.87042,-89.75091272016412
2,120.0,-9.677419354838719,-3.225806451612911,-88.9232209569373,-88.98098245378647,-88.99520506320428,-89.23819,-89.223265624806
2,120.0,-3.225806451612911,-3.225806451612911,-88.49629750914671,-88.56551365464716,-88.57050124640851,-88.775085,-88.85466476081709
2,120.0,3.225806451612897,-3.225806451612911,-88.24497528624238,-88.32295753705176,-88.32077019472665,-88.48461,-88.62787219266124
2,120.0,9.677419354838705,-3.225806451612911,-88.16480501662552,-88.24860673651152,-88.24035903408374,-88.363495,-88.53212528569912
2,120.0,16.129032258064512,-3.225806451612911,-88.25182538408411,-88.33822636316137,-88.32145128075447,-88.40454,-88.55999720680829
2,120.0,22.58064516129032,-3.225806451612911,-88.50294837068063,-88.5884106373984,-88.55493405672796,-88.599915,-88.71576955080444
2,120.0,29.032258064516128,-3.225806451612911,-88.91599601619966,-88.99661012779373,-88.93110272550436,-88.91128,-88.91127855866989
2,120.0,35.48387096774192,-3.225806451612911,-89.4893556014864,-89.56079690070726,-89.44041270918787,-89.434265,-89.56049615500432
2,120.0,41.935483870967744,-3.225806451612911,-90.22111001243452,-90.2786359728465,-90.07440703268284,-90.07333,-90.25837493642129
2,120.0,48.38709677419354,-3.225806451612911,-91.10738880100044,-91.14593724695874,-90.82683737944794,-91.021225,-91.0212234818714
2,120.0,54.83870967741933,-3.225806451612911,-92.13960131429454,-92.15410198456249,-91.69484906138169,-91.819,-92.17756053429457
2,120.0,61.29032258064515,-3.225806451612911,-93.30030245406478,-93.28638454172332,-92.67993230146003,-92.929504,-93.37876747045739
2,120.0,67.74193548387095,-3.225806451612911,-94.55811724736735,-94.51341448488891,-93.78817395669925,-94.18097,-94.68479453098811
2,120.0,74.19354838709677,-3.225806451612911,-95.86413413346945,-95.79013767891135,-95.0291309251257,-95.53386,-96.06294744229062
2,120.0,80.64516129032256,-3.225806451612911,-97.15553509660631,-97.05910621455203,-96.41217155320447,-96.92852,-97.45050745927516
2,120.0,87.09677419354838,-3.225806451612911,-98.37319421648188,-98.26575421262318,-97.93792357650105,-98.29902,-98.75832565477066
2,120.0,93.54838709677418,-3.225806451612911,-99.49012819786418,-99.38321778363523,-99.58008475334877,-99.591286,-99.86258364726598
2,120.0,100.0,-3.225806451612911,-100.52919461567198,-100.42881841751534,-101.2513826837571,-100.969574,-100.9695735932366
2,120.0,-100.0,3.225806451612897,-103.59544986476257,-103.56597554529165,-103.71689749072887,-103.485825,-103.27624139496348
2,120.0,-93.54838709677419,3.225806451612897,-102.69916570321942,-102.70027002232254,-102.80201124613676,-102.7625,-102.9150112040623
2,120.0,-87.09677419354838,3.225806451612897,-101.84166004057467,-101.86769994936698,-101.73844834005486,-101.92392,-102.18404544306979
2,120.0,-80.64516129032259,3.225806451612897,-101.02961318865056,-101.06648127394229,-100.66263552802697,-100.97068,-101.27793457985396
2,120.0,-74.19354838709677,3.225806451612897,-100.1899257492293,-100.21971876836929,-99.61898854404275,-99.91168,-100.27955536556382
2,120.0,-67.74193548387098,3.225806451612897,-99.21450493790395,-99.22294202017568,-98.5788280510159,-98.76463,-99.14768930316365
2,120.0,-61.29032258064517,3.225806451612897,-98.0314802842976,-98.01573713721385,-97.48473891779959,-97.55415,-97.8860507186292
2,120.0,-54.83870967741936,3.225806451612897,-96.66032465061289,-96.62956713794044,-96.2991292751027,-96.308624,-96.52895340062088
2,120.0,-48.38709677419355,3.225806451612897,-95.19710593522706,-95.1649520768606,-95.0344463721191,-95.05741,-95.10762498584015
2,120.0,-41.935483870967744,3.225806451612897,-93.75389015720862,-93.73129635185148,-93.74729916380264,-93.82965,-93.67523745112283
2,120.0,-35.483870967741936,3.225806451612897,-92.41584870039006,-92.40897014559681,-92.50902462585047,-92.08377,-92.08377320489657
2,120.0,-29.032258064516128,3.225806451612897,-91.23306107023964,-91.2441758083632,-91.38040238917085,-91.56167,-91.20483771726501
2,120.0,-22.580645161290334,3.225806451612897,-90.2291662988772,-90.25815981496024,-90.40226686902386,-90.58043,-90.26479359960203
2,120.0,-16.129032258064527,3.225806451612897,-89.41186512894265,-89.45732021886279,-89.59711932533446,-89.73746,-89.51442205392453
2,120.0,-9.677419354838719,3.225806451612897,-88.78045918149971,-88.84028059185896,-88.97424849609202,-89.053894,-88.98215884010524
2,120.0,-3.225806451612911,3.225806451612897,-88.3304064546846,-88.40212841610905,-88.53444827163399,-88.543015,-88.62759381650646
2,120.0,3.225806451612897,3.225806451612897,-88.05589826876161,-88.13680908204554,-88.27331854910082,-88.209625,-88.40257075244565
2,120.0,9.677419354838705,3.225806451612897,-87.95129385227989,-88.03846187001741,-88.18331928417436,-88.05147,-88.2898828271773
2,120.0,16.129032258064512,3.225806451612897,-88.01191912154732,-88.10216727368613,-88.25501388226066,-88.0621,-88.2978326808111
2,120.0,22.58064516129032,3.225806451612897,-88.23448543530291,-88.32433990198865,-88.47790247093678,-88.23398,-88.44642143500405
2,120.0,29.032258064516128,3.225806451612897,-88.61721795685641,-88.70284610464847,-88.84115472620793,-88.561325,-88.75693427976105
2,120.0,35.48387096774192,3.225806451612897,-89.15966548007037,-89.2368160076982,-89.33446153276846,-89.04187,-89.24617272845737
2,120.0,41.935483870967744,3.225806451612897,-89.86205947979796,-89.92602488482729,-89.9491229135842,-89.67752,-89.90169146239866
2,120.0,48.38709677419354,3.225806451612897,-90.72397235449829,-90.76961595765303,-90.6793559726178,-90.473526,-90.73792758253886
2,120.0,54.83870967741933,3.225806451612897,-91.74188457003723,-91.76382193403244,-91.5236444049801,-91.43504,-91.78152321589354
2,120.0,61.29032258064515,3.225806451612897,-92.90517085476488,-92.89827809181352,-92.48579653257052,-92.56041,-92.99824032198187
2,120.0,67.74193548387095,3.225806451612897,-94.19024721898388,-94.15076278960325,-93.57526496382468,-94.28885,-94.28884552098876
2,120.0,74.19354838709677,3.225806451612897,-95.553974700916,-95.48141067053295,-94.80614662308943,-95.208786,-95.75542043478094
2,120.0,80.64516129032256,3.225806451612897,-96.93105023838798,-96.83051419249111,-96.19384600173834,-96.629395,-97.1697690422545
2,120.0,87.09677419354838,3.225806451612897,-98.24490283203954,-98.12793478157977,-97.74701304127618,-98.02579,-98.47802021871442
2,120.0,93.54838709677418,3.225806451612897,-99.43826434987564,-99.31942607211788,-99.44910090504705,-99.342285,-99.5540673663238
2,120.0,100.0,3.225806451612897,-100.50725542918174,-100.39699002524729,-101.219471139951,-100.54657,-100.23119234073924
2,120.0,-100.0,9.677419354838705,-103.81370129432742,-103.7731243042303,-103.93851504741791,-103.82933,-103.56547944543505
2,120.0,-93.54838709677419,9.677419354838705,-102.95757564702794,-102.9497874704414,-103.1097805326484,-103.10129,-103.22199454416563
2,120.0,-87.09677419354838,9.677419354838705,-102.1386327081338,-102.15889210209556,-102.11220286691308,-102.257126,-102.4956327695318
2,120.0,-80.64516129032259,9.677419354838705,-101.36474417357911,-101.39839960433109,-101.08608121941006,-101.296814,-101.57283762016178
2,120.0,-74.19354838709677,9.677419354838705,-100.55475362443349,-100.58218930843591,-100.07803477223696,-100.2285,-100.54601540549547
2,120.0,-67.74193548387098,9.677419354838705,-99.58636079113406,-99.59137609481851,-99.05509599370001,-99.06889,-99.4178564074903
2,120.0,-61.29032258064517,9.677419354838705,-98.3790030000248,-98.35820161999982,-97.95301283109669,-98.17368,-98.1736841160085
2,120.0,-54.83870967741936,9.677419354838705,-96.9589602831714,-96.92249559443937,-96.73296780205712,-96.574036,-96.8509290779545
2,120.0,-48.38709677419355,9.677419354838705,-95.43836447630292,-95.4010339983464,-95.41579128981382,-95.29514,-95.43517860604611
2,120.0,-41.935483870967744,9.677419354838705,-93.94176892722255,-93.91504090000319,-94.07104268971065,-94.03396,-93.99294909304322
2,120.0,-35.483870967741936,9.677419354838705,-92.55912476489189,-92.54913190504901,-92.78008088547205,-92.74441,-92.74441021296266
2,120.0,-29.032258064516128,9.677419354838705,-91.34027876842887,-91.34908826449198,-91.60813497432787,-91.332405,-91.3324063584996
2,120.0,-22.580645161290334,9.677419354838705,-90.30673350564174,-90.33402160705543,-90.59639889936946,-90.65741,-90.29521364272799
2,120.0,-16.129032258064527,9.677419354838705,-89.46375538093955,-89.507954657888,-89.76581827039821,-89.26398,-89.26397653585508
2,120.0,-9.677419354838719,9.677419354838705,-88.8084738212134,-88.86740000682158,-89.12357343125146,-89.036514,-88.88757177159607
2,120.0,-3.225806451612911,9.677419354838705,-88.33455822238271,-88.4057059116803,-88.66837713654516,-88.48018,-88.51465803292501
2,120.0,3.225806451612897,9.677419354838705,-88.03479151137151,-88.11544735038603,-88.39393739734402,-88.10444,-88.27475697370672
2,120.0,9.677419354838705,9.677419354838705,-87.9024960254759,-87.98975715373663,-88.2910160588514,-87.90832,-88.14335206540585
2,120.0,16.129032258064512,9.677419354838705,-87.93235327793491,-88.02309794512696,-88.34865315843898,-87.88624,-88.1391100607745
2,120.0,22.58064516129032,9.677419354838705,-88.12087862071054,-88.21171304587104,-88.55502002085414,-88.031166,-88.29964238821594
2,120.0,29.032258064516128,9.677419354838705,-88.46663952829977,-88.55383342766348,-88.8982374945999,-88.337395,-88.61284587767588
2,120.0,35.48387096774192,9.677419354838705,-88.97019397405336,-89.04961297573192,-89.36737991589872,-88.80245,-89.06539373826877
2,120.0,41.935483870967744,9.677419354838705,-89.63363325871484,-89.70067983307992,-89.95375515599702,-89.427986,-89.66529456702133
2,120.0,48.38709677419354,9.677419354838705,-90.45950623447388,-90.50909655370852,-90.65238925026051,-90.21898,-90.45079436875776
2,120.0,54.83870967741933,9.677419354838705,-91.44874685274075,-91.47538998465195,-91.4634734078694,-91.18039,-91.46604603484809
2,120.0,61.29032258064515,9.677419354838705,-92.59702347880489,-92.59514849507374,-92.39341119229772,-92.31029,-92.68675055043302
2,120.0,67.74193548387095,9.677419354838705,-93.88882590084899,-93.85362982180689,-93.45507012528196,-93.5904,-94.04549026477969
2,120.0,74.19354838709677,9.677419354838705,-95.28923032337798,-95.21841825796743,-94.66679944986788,-94.97893,-95.47570179328716
2,120.0,80.64516129032256,9.677419354838705,-96.73618831112856,-96.63268267014026,-96.04938106832384,-96.41283,-96.88112163914532
2,120.0,87.09677419354838,9.677419354838705,-98.14277088062377,-98.01705489254722,-97.61858520875401,-97.82268,-98.14648489612134
2,120.0,93.54838709677418,9.677419354838705,-99.42320779606304,-99.29179780951314,-99.36701610962884,-99.15155,-99.15075305366585
2,120.0,100.0,9.677419354838705,-100.53924408070384,-100.41715755061443,-101.22168680135121,-100.366516,-99.78145917984594
2,120.0,-100.0,16.129032258064512,-104.02630511090126,-103.9728683236004,-104.12359056096707,-104.06819,-104.06819194203263
2,120.0,-93.54838709677419,16.129032258064512,-103.21143114478845,-103.19136207427172,-103.39989771933435,-103.44156,-103.47108709454653
2,120.0,-87.09677419354838,16.129032258064512,-102.4271254019377,-102.43774790114772,-102.48473359914956,-102.60721,-102.74925825016257
2,120.0,-80.64516129032259,16.129032258064512,-101.68971361922304,-101.7170225041441,-101.52134342971692,-101.82234,-101.8223399773699
2,120.0,-74.19354838709677,16.129032258064512,-100.91836385788339,-100.94200059839275,-100.56284637026486,-100.598206,-100.82631735911036
2,120.0,-67.74193548387098,16.129032258064512,-99.98161554250444,-99.98355564138132,-99.57648825170989,-99.44577,-99.74026537345928
2,120.0,-61.29032258064517,16.129032258064512,-98.7866800607042,-98.76193339504314,-98.49231803232045,-98.221695,-98.56749413364457
2,120.0,-54.83870967741936,16.129032258064512,-97.35641811950208,-97.31489697336727,-97.26710661083239,-96.951935,-97.28557645617349
2,120.0,-48.38709677419355,16.129032258064512,-95.81050720468767,-95.76762701210106,-95.92500960716363,-95.66418,-95.87786945977965
2,120.0,-41.935483870967744,16.129032258064512,-94.28327567942006,-94.25106322079253,-94.54492270776501,-94.38701,-94.40821326165224
2,120.0,-35.483870967741936,16.129032258064512,-92.87058092902448,-92.85540696037901,-93.2171580887198,-93.064995,-93.06499143859159
2,120.0,-29.032258064516128,16.129032258064512,-91.62421949513862,-91.62818500190697,-92.01204034696406,-91.985275,-91.67439344072585
2,120.0,-22.580645161290334,16.129032258064512,-90.56546193724853,-90.58820311484281,-90.9723634920291,-90.92378,-90.56153514963115
2,120.0,-16.129032258064527,16.129032258064512,-89.69847038584815,-89.73837203317765,-90.11869422390278,-89.99534,-89.67827820284955
2,120.0,-9.677419354838719,16.129032258064512,-89.01904102145468,-89.07388761583996,-89.4569881900049,-89.22415,-89.03627569506878
2,120.0,-3.225806451612911,16.129032258064512,-88.51955516215065,-88.58683314025755,-88.98445680326634,-88.626595,-88.5972548184784
2,120.0,3.225806451612897,16.129032258064512,-88.19167894041584,-88.26869098501672,-88.69325697866412,-88.21053,-88.32485614963852
2,120.0,9.677419354838705,16.129032258064512,-88.02787233580062,-88.11175619596051,-88.57263414521078,-87.97645,-88.17276462730695
2,120.0,16.129032258064512,16.129032258064512,-88.02228775457564,-88.10998792681156,-88.61020593432417,-87.99119,-87.99118850237463
2,120.0,22.58064516129032,16.129032258064512,-88.17132785128433,-88.25954396658378,-88.79291050690225,-88.03444,-88.31099060173209
2,120.0,29.032258064516128,16.129032258064512,-88.4739509681311,-88.55907381570765,-89.10798014883726,-88.314606,-88.60881566641115
2,120.0,35.48387096774192,16.129032258064512,-88.93170504814651,-89.00974527192895,-89.54415019782527,-88.757774,-89.01852661510057
2,120.0,41.935483870967744,16.129032258064512,-89.54839356478529,-89.61490864067403,-90.0931448689488,-89.36525,-89.55933594734728
2,120.0,48.38709677419354,16.129032258064512,-90.32918865579813,-90.3792244664237,-90.75129157561732,-90.18688,-90.18687945777481
2,120.0,54.83870967741933,16.129032258064512,-91.27885984076514,-91.30695369171218,-91.52095442768129,-91.09178,-91.2431650845342
2,120.0,61.29032258064515,16.129032258064512,-92.39853809902101,-92.39889923796922,-92.41142296999567,-92.52174,-92.52174556650823
2,120.0,67.74193548387095,16.129032258064512,-93.68012067258027,-93.64723764859697,-93.43895879105008,-93.48763,-93.82528709482472
2,120.0,74.19354838709677,16.129032258064512,-95.09743741682149,-95.02754584410896,-94.62573874914108,-94.872314,-95.26633257185631
2,120.0,80.64516129032256,16.129032258064512,-96.5950983801597,-96.4889352559656,-95.9970427768001,-96.30357,-96.6601247170904
2,120.0,87.09677419354838,16.129032258064512,-98.08243653774139,-97.94867869287174,-97.57440387774479,-97.71109,-97.87988866603092
2,120.0,93.54838709677418,16.129032258064512,-99.45036453786207,-99.30631918175372,-99.35783634218282,-99.03737,-98.81592733870238
2,120.0,100.0,16.129032258064512,-100.62298486242392,-100.4878823931129,-101.28045812090562,-100.24917,-99.39945590634771
2,120.0,-100.0,22.58064516129032,-104.23260159535566,-104.16558336576887,-104.26472247301052,-104.47182,-103.95070358980293
2,120.0,-93.54838709677419,22.58064516129032,-103.460438649302,-103.42514459624603,-103.66082765721715,-103.77562,-103.64601413157646
2,120.0,-87.09677419354838,22.58064516129032,-102.70466408571379,-102.70169344653398,-102.84236949499602,-102.96746,-102.95841370139445
2,120.0,-80.64516129032259,22.58064516129032,-101.99772949241712,-102.01506407898796,-101.95292411745743,-102.04584,-102.0795773297799
2,120.0,-74.19354838709677,22.58064516129032,-101.2695821727439,-101.28742631407735,-101.05658964592723,-101.180084,-101.1800901001402
2,120.0,-67.74193548387098,22.58064516129032,-100.38808394380531,-100.38709597521164,-100.1271328805206,-99.89226,-100.12048945960646
2,120.0,-61.29032258064517,22.58064516129032,-99.24643565608477,-99.21905038220736,-99.09152664621112,-98.97972,-98.979725217885
2,120.0,-54.83870967741936,22.58064516129032,-97.8513613575092,-97.80569181460086,-97.89799666850357,-97.44247,-97.83226319684022
2,120.0,-48.38709677419355,22.58064516129032,-96.31794019757173,-96.26922912902486,-96.56602644482399,-96.1665,-96.41351405272044
2,120.0,-41.935483870967744,22.58064516129032,-94.78622235987656,-94.74709222609137,-95.17801331442264,-94.89267,-94.87718936886729
2,120.0,-35.483870967741936,22.58064516129032,-93.35953895204108,-93.33692393300112,-93.83185491287111,-93.6506,-93.3934197114738
2,120.0,-29.032258064516128,22.58064516129032,-92.09460139838652,-92.09093345871425,-92.60436416850973,-92.471985,-92.10083425489086
2,120.0,-22.580645161290334,22.58064516129032,-91.01490803022541,-91.02998072135125,-91.54198744394508,-91.389435,-91.02486754458798
2,120.0,-16.129032258064527,22.58064516129032,-90.12515244280479,-90.1574182641377,-90.6666266047861,-90.43372,-90.14568977655838
2,120.0,-9.677419354838719,22.58064516129032,-89.42078989673155,-89.46806612388824,-89.98418110258837,-89.63045,-89.4503419740505
2,120.0,-3.225806451612911,22.58064516129032,-88.89349525019244,-88.95329601539706,-89.4910727501764,-88.79161,-88.79160475531242
2,120.0,3.225806451612897,22.58064516129032,-88.53416689210408,-88.60383321123903,-89.17830845602333,-88.54474,-88.62579598724402
2,120.0,9.677419354838705,22.58064516129032,-88.33463786185938,-88.4113652467662,-89.03384105097865,-88.27394,-88.45275849733721
2,120.0,16.129032258064512,22.58064516129032,-88.28872456965884,-88.36954007549193,-89.04402566506597,-88.18207,-88.41242381212953
2,120.0,22.58064516129032,22.58064516129032,-88.39289909304837,-88.4746128940586,-89.1947609184753,-88.263565,-88.52873289889628
2,120.0,29.032258064516128,22.58064516129032,-88.64667631476236,-88.72581846367441,-89.47269558927351,-88.5132,-88.77229292512867
2,120.0,35.48387096774192,22.58064516129032,-89.0527038090961,-89.12544953447633,-89.86668216669148,-89.095276,-89.09527851192703
2,120.0,41.935483870967744,22.58064516129032,-89.61648209406151,-89.67856756974486,-90.36944506911931,-89.5096,-89.62259682199812
2,120.0,48.38709677419354,22.58064516129032,-90.34557712111733,-90.39221467198297,-90.97922599118257,-90.26161,-90.2895974031719
2,120.0,54.83870967741933,22.58064516129032,-91.24805651013929,-91.2738817925484,-91.70105144723749,-91.04722,-91.04722056977799
2,120.0,61.29032258064515,22.58064516129032,-92.32961661900639,-92.32875864458754,-92.54731132033012,-92.26154,-92.26154590621933
2,120.0,67.74193548387095,22.58064516129032,-93.58842855163893,-93.55491976802665,-93.53750254201356,-93.541046,-93.71770519037965
2,120.0,74.19354838709677,22.58064516129032,-95.0063099311123,-94.93527717274291,-94.69705956967107,-94.905174,-95.17893168940421
2,120.0,80.64516129032256,22.58064516129032,-96.53556767050722,-96.4258440108277,-96.05473943689933,-96.31649,-96.57878071669245
2,120.0,87.09677419354838,22.58064516129032,-98.08620894168202,-97.94443728355222,-97.63621433373169,-97.70463,-97.76967859749962
2,120.0,93.54838709677418,22.58064516129032,-99.53189417630054,-99.3753039629779,-99.44630904144114,-99.01211,-98.64629883068898
2,120.0,100.0,22.58064516129032,-100.76012736700531,-100.61152598413543,-101.42014844871042,-100.20578,-99.17261421099835
2,120.0,-100.0,29.032258064516128,-104.43162893183165,-104.3519325584281,-104.35695824673172,-104.75229,-104.10105035286252
2,120.0,-93.54838709677419,29.032258064516128,-103.70689016442637,-103.65446458264465,-103.88278658339627,-104.09209,-103.82521597172743
2,120.0,-87.09677419354838,29.032258064516128,-102.97383235070653,-102.95368162752791,-103.17303483652489,-103.32493,-103.16695843849713
2,120.0,-80.64516129032259,29.032258064516128,-102.28749819241088,-102.29092994178365,-102.366292001024,-102.44844,-102.3327746323591
2,120.0,-74.19354838709677,29.032258064516128,-101.59938811161204,-101.60863961015244,-101.54088582789629,-101.358185,-101.35818943059638
2,120.0,-67.74193548387098,29.032258064516128,-100.78840771931701,-100.7838789918012,-100.68488722899231,-100.3901,-100.54777276603289
2,120.0,-61.29032258064517,29.032258064516128,-99.73737206667606,-99.70847986561905,-99.7278920572886,-99.23573,-99.58533838349427
2,120.0,-54.83870967741936,29.032258064516128,-98.42606120077033,-98.37746020335793,-98.6071523041633,-98.674126,-98.67412660165968
2,120.0,-48.38709677419355,29.032258064516128,-96.94944883582254,-96.89499312133904,-97.32768377391216,-96.77985,-97.03025472132418
2,120.0,-41.935483870967744,29.032258064516128,-95.44554612492945,-95.39825584778634,-95.96627423023925,-95.52811,-95.46471939241502
2,120.0,-35.483870967741936,29.032258064516128,-94.02534987522242,-93.99302188879233,-94.62519981543865,-93.68591,-93.68591541027226
2,120.0,-29.032258064516128,29.032258064516128,-92.75355307416575,-92.73929357876142,-93.38902864857225,-92.67726,-92.67725733659566
2,120.0,-22.580645161290334,29.032258064516128,-91.65881350756686,-91.66281918253935,-92.31047134297202,-92.03235,-91.6883652773792
2,120.0,-16.129032258064527,29.032258064516128,-90.74840221004158,-90.7693439540809,-91.4150480553367,-91.06141,-90.82780806424047
2,120.0,-9.677419354838719,29.032258064516128,-90.01870756824162,-90.05452393257772,-90.71016615013417,-90.235886,-90.12024991111458
2,120.0,-3.225806451612911,29.032258064516128,-89.46146819601364,-89.50975522713385,-90.19241537446312,-89.5753,-89.57149663253466
2,120.0,3.225806451612897,29.032258064516128,-89.06730346487163,-89.12547839639745,-89.85221474759234,-89.0909,-89.19208828779549
2,120.0,9.677419354838705,29.032258064516128,-88.82777704510546,-88.8931244820875,-89.67658163562277,-88.78646,-88.9630474361405
2,120.0,16.129032258064512,29.032258064516128,-88.73668357273468,-88.80634192274155,-89.65091484001931,-88.66029,-88.87616970137663
2,120.0,22.58064516129032,29.032258064516128,-88.79087043327878,-88.86178678839401,-89.76044784554908,-88.70776,-88.92856197088838
2,120.0,29.032258064516128,29.032258064516128,-88.99069626984806,-89.059561765181,-89.99176274729146,-88.92401,-89.1026919016509
2,120.0,35.48387096774192,29.032258064516128,-89.34013008645431,-89.40329926922742,-90.33449442890031,-89.30621,-89.39747293610469
2,120.0,41.935483870967744,29.032258064516128,-89.84645390275658,-89.89984880311341,-90.7831007099787,-89.85498,-89.84897726660816
2,120.0,48.38709677419354,29.032258064516128,-90.51948786527223,-90.55849178164921,-91.33838545238405,-90.57313,-90.57313415711255
2,120.0,54.83870967741933,29.032258064516128,-91.37013924961708,-91.38950340944245,-92.00843110321337,-91.46762,-91.34004471217516
2,120.0,61.29032258064515,29.032258064516128,-92.40780208257755,-92.40163729322006,-92.80875521184402,-92.532646,-92.44503319204404
2,120.0,67.74193548387095,29.032258064516128,-93.63561651861227,-93.59765817971841,-93.76173080329491,-93.7504,-93.78792401564243
2,120.0,74.19354838709677,29.032258064516128,-95.04187895585021,-94.96645236232028,-94.89533298985873,-95.07865,-95.26408033722925
2,120.0,80.64516129032256,29.032258064516128,-96.58578560074233,-96.47023205247812,-96.24068170310588,-96.454124,-96.6861475535324
2,120.0,87.09677419354838,29.032258064516128,-98.17963406157112,-98.02879202405245,-97.82577604045807,-97.80717,-97.86273993620011
2,120.0,93.54838709677418,29.032258064516128,-99.68449378551048,-99.5151986610079,-99.65685550900729,-99.08096,-98.67736720775576
2,120.0,100.0,29.032258064516128,-100.95514373866366,-100.7932023352771,-101.66423859410756,-100.2428,-99.12579548754363
2,120.0,-100.0,35.48387096774192,-104.62020152317572,-104.53090776499829,-104.39804353704609,-104.98895,-104.31255707894023
2,120.0,-93.54838709677419,35.48387096774192,-103.9539259718276,-103.88415670903669,-104.0582889949338,-104.37455,-104.05901380752887
2,120.0,-87.09677419354838,35.48387096774192,-103.24171990882516,-103.20175483658883,-103.4673942309438,-103.30929,-103.30929049699253
2,120.0,-80.64516129032259,35.48387096774192,-102.56473167035573,-102.55043456908814,-102.75032922873555,-102.84091,-102.62955505574075
2,120.0,-74.19354838709677,35.48387096774192,-101.90491243207063,-101.90195882176022,-101.99960074794225,-101.92061,-101.81988289347638
2,120.0,-67.74193548387098,35.48387096774192,-101.16499314246495,-101.15501890731363,-101.22516206119649,-100.90684,-101.00213602178549
2,120.0,-61.29032258064517,35.48387096774192,-100.22814955463687,-100.19809160393449,-100.36856371379342,-99.81316,-100.11551012166547
2,120.0,-54.83870967741936,35.48387096774192,-99.04453261714026,-98.99437323823186,-99.35898905499923,-98.657394,-99.03863779226066
2,120.0,-48.38709677419355,35.48387096774192,-97.6736206646551,-97.6141518855236,-98.17892715174132,-97.460625,-97.69672302129523
2,120.0,-41.935483870967744,35.48387096774192,-96.23813294311665,-96.18202982697423,-96.8871105430895,-96.30641,-96.30641281714392
2,120.0,-35.483870967741936,35.48387096774192,-94.85272769260554,-94.8087295068305,-95.58286478627971,-95.04513,-94.81669417617749
2,120.0,-29.032258064516128,35.48387096774192,-93.59174805844063,-93.56397331629441,-94.35784013974585,-93.598755,-93.5987568484255
2,120.0,-22.580645161290334,35.48387096774192,-92.49199028180668,-92.48134455601271,-93.27347424675327,-92.80347,-92.56346063422497
2,120.0,-16.129032258064527,35.48387096774192,-91.56578147825955,-91.57136670795637,-92.36168737652584,-91.829834,-91.69020758949048
2,120.0,-9.677419354838719,35.48387096774192,-90.81213775981948,-90.83215200750215,-91.63350115867297,-90.99303,-90.98054469780189
2,120.0,-3.225806451612911,35.48387096774192,-90.2239604321103,-90.2561748747016,-91.08705736188556,-90.31392,-90.40966021369209
2,120.0,3.225806451612897,35.48387096774192,-89.79233193128927,-89.83430974085235,-90.71307477121914,-89.94194,-89.94193818800865
2,120.0,9.677419354838705,35.48387096774192,-89.5091113139341,-89.55828420808152,-90.49826958391542,-89.47275,-89.64549177901695
2,120.0,16.129032258064512,35.48387096774192,-89.36856441456314,-89.4222324700806,-90.4276616636312,-89.315865,-89.48911811855581
2,120.0,22.58064516129032,35.48387096774192,-89.36837332406496,-89.42366185973059,-90.48647293188236,-89.331024,-89.47488836040064
2,120.0,29.032258064516128,35.48387096774192,-89.5101502464326,-89.56393975514409,-90.66199938591413,-89.51379,-89.58332402673099
2,120.0,35.48387096774192,35.48387096774192,-89.79949398229815,-89.84832946294222,-90.94551548384695,-89.8613,-89.81555464866273
2,120.0,41.935483870967744,35.48387096774192,-90.24560709603891,-90.28558885698038,-91.33400212246329,-90.14491,-90.14491292877928
2,120.0,48.38709677419354,35.48387096774192,-90.86046234968883,-90.88712213476718,-91.83136542880229,-91.05478,-90.82973811104692
2,120.0,54.83870967741933,35.48387096774192,-91.65738833795658,-91.66556834571493,-92.44890149305735,-91.90757,-91.6693478234396
2,120.0,61.29032258064515,35.48387096774192,-92.64864832149536,-92.63244272339426,-93.20500903621685,-92.929245,-92.74680160212229
2,120.0,67.74193548387095,35.48387096774192,-93.84100455839416,-93.79393190987398,-94.12435962680533,-93.918564,-93.91856409861433
2,120.0,74.19354838709677,35.48387096774192,-95.22733321362212,-95.14315498114277,-95.23663023368042,-95.38193,-95.54236327569774
2,120.0,80.64516129032256,35.48387096774192,-96.77162692451473,-96.6466507513804,-96.57410832988154,-96.70933,-96.9846392839541
2,120.0,87.09677419354838,35.48387096774192,-98.38746867673404,-98.22531013908042,-98.16503602859518,-98.01518,-98.1494085854828
2,120.0,93.54838709677418,35.48387096774192,-99.9253461991905,-99.74277384715323,-100.01255223546465,-99.243835,-98.88582683925983
2,120.0,100.0,35.48387096774192,-101.21233899902835,-101.03790545048106,-102.03187760491149,-100.36334,-99.2340314648848
2,120.0,-100.0,41.935483870967744,-104.79065022209134,-104.6973959972724,-104.3882514722428,-104.841125,-104.84112695425233
2,120.0,-93.54838709677419,41.935483870967744,-104.20243733835719,-104.11749808499259,-104.1818266205364,-104.32851,-104.32850417154154
2,120.0,-87.09677419354838,41.935483870967744,-103.5174851989965,-103.45669938784675,-103.71857163278804,-103.951,-103.66264692764832
2,120.0,-80.64516129032259,41.935483870967744,-102.84181196815553,-102.80665956305396,-103.09848947504955,-103.1985,-102.93854045771121
2,120.0,-74.19354838709677,41.935483870967744,-102.19309452229561,-102.17388594179538,-102.42288232089842,-102.226456,-102.2264583116082
2,120.0,-67.74193548387098,41.935483870967744,-101.50838291014281,-101.4895626134061,-101.72797490556749,-101.4086,-101.44493779008593
2,120.0,-61.29032258064517,41.935483870967744,-100.68635567849455,-100.65391722815718,-100.9781535320555,-100.38698,-100.62311016041838
2,120.0,-54.83870967741936,41.935483870967744,-99.65703469208802,-99.60625180471081,-100.1047006182126,-99.72469,-99.7246969503555
2,120.0,-48.38709677419355,41.935483870967744,-98.4369081365938,-98.37384482500593,-99.06707605485937,-98.16285,-98.42000133279211
2,120.0,-41.935483870967744,41.935483870967744,-97.11695113695981,-97.05244221800625,-97.89377591065607,-96.87988,-96.87988504682296
2,120.0,-35.483870967741936,41.935483870967744,-95.80467867934493,-95.74792483056378,-96.66839163624387,-95.84053,-95.86540087474981
2,120.0,-29.032258064516128,41.935483870967744,-94.58160453985758,-94.53788973237661,-95.48416290399717,-94.71236,-94.68118351391541
2,120.0,-22.580645161290334,41.935483870967744,-93.49432078564976,-93.46557936086421,-94.41177558274072,-93.58745,-93.58744530250993
2,120.0,-16.129032258064527,41.935483870967744,-92.56270456251555,-92.54875590676833,-93.49223450105896,-92.68657,-92.66148543382607
2,120.0,-9.677419354838719,41.935483870967744,-91.79050169676488,-91.79001910109861,-92.74282127439022,-91.850426,-91.95325973640671
2,120.0,-3.225806451612911,41.935483870967744,-91.17331289522888,-91.18440289208354,-92.16523018409438,-91.16359,-91.38093972423773
2,120.0,3.225806451612897,41.935483870967744,-90.70380164124245,-90.72429862247085,-91.75191272860326,-90.64027,-90.87200352518377
2,120.0,9.677419354838705,41.935483870967744,-90.37499449812047,-90.40258029222811,-91.49039318901467,-90.397446,-90.3974463617012
2,120.0,16.129032258064512,41.935483870967744,-90.18236674204599,-90.21458752696569,-91.36631586705681,-90.10593,-90.247108110239
2,120.0,22.58064516129032,41.935483870967744,-90.12507776471554,-90.1593005097985,-91.36591380351014,-90.09322,-90.16937001081742
2,120.0,29.032258064516128,41.935483870967744,-90.20652076261358,-90.2398529390386,-91.47824281769309,-90.24527,-90.22591234208261
2,120.0,35.48387096774192,41.935483870967744,-90.43428759957733,-90.46347284702455,-91.6971719200497,-90.55922,-90.40682465060837
2,120.0,41.935483870967744,41.935483870967744,-90.81964841099156,-90.84094416363315,-92.02289036285698,-91.03505,-90.74993392926146
2,120.0,48.38709677419354,41.935483870967744,-91.37661488143202,-91.38565641770525,-92.4626749920042,-91.67566,-91.32511770158855
2,120.0,54.83870967741933,41.935483870967744,-92.12051324193594,-92.11217854186265,-93.03085619931781,-92.1611,-92.16110453338742
2,120.0,61.29032258064515,41.935483870967744,-93.06565575112583,-93.03398393895301,-93.74818093768525,-93.45729,-93.228992319812
2,120.0,67.74193548387095,41.935483870967744,-94.22104918641567,-94.1593731962925,-94.64087036722697,-94.57692,-94.53315910614785
2,120.0,74.19354838709677,41.935483870967744,-95.58198660651654,-95.48370173248193,-95.73937961865565,-95.802574,-95.98635050754726
2,120.0,80.64516129032256,41.935483870967744,-97.1142113806442,-96.97509654746662,-97.07581533693983,-97.07387,-97.40318211201807
2,120.0,87.09677419354838,41.935483870967744,-98.72937769691525,-98.55271442048323,-98.67596166389771,-98.80267,-98.80267031253052
2,120.0,93.54838709677418,41.935483870967744,-100.26664097166686,-100.07008687828562,-100.53328730393112,-99.50044,-99.18634989735003
2,120.0,100.0,41.935483870967744,-101.5310154901783,-101.34597413961897,-102.53251258992643,-100.57079,-99.4396471793442
2,120.0,-100.0,48.38709677419354,-104.92923956700739,-104.84016459161153,-104.33026718536809,-105.28283,-104.37875031969097
2,120.0,-93.54838709677419,48.38709677419354,-104.44710160069626,-104.35220521047239,-104.24922695474734,-104.77754,-104.27987352416494
2,120.0,-87.09677419354838,48.38709677419354,-103.80798882127591,-103.72778077250389,-103.92040013552202,-104.18718,-103.81587844910041
2,120.0,-80.64516129032259,48.38709677419354,-103.13471450430563,-103.07702568921124,-103.40730652305845,-103.506996,-103.19079765716938
2,120.0,-74.19354838709677,48.38709677419354,-102.48128633449836,-102.44206415219529,-102.80856043192564,-102.73569,-102.52572667347141
2,120.0,-67.74193548387098,48.38709677419354,-101.82492991021465,-101.792756636646,-102.18478856385391,-101.87614,-101.84468448462239
2,120.0,-61.29032258064517,48.38709677419354,-101.09344601520506,-101.0553688157508,-101.53120095009396,-100.9355,-101.09943615861783
2,120.0,-54.83870967741936,48.38709677419354,-100.21520663014718,-100.16325045265553,-100.79563555128092,-99.92515,-100.21496025873864
2,120.0,-48.38709677419355,48.38709677419354,-99.17117955223239,-99.10602856486399,-99.92538179695316,-98.86067,-99.1878198369242
2,120.0,-41.935483870967744,48.38709677419354,-98.0099072263966,-97.93867529477482,-98.91488503744556,-97.76242,-98.1063788440038
2,120.0,-35.483870967741936,48.38709677419354,-96.81590518955096,-96.74690323328777,-97.81732012942683,-96.656006,-97.00850472107946
2,120.0,-29.032258064516128,48.38709677419354,-95.66850978314196,-95.60778103519793,-96.7151228600153,-95.57185,-95.82783679418532
2,120.0,-22.580645161290334,48.38709677419354,-94.62174504226107,-94.57238196318531,-95.68365960230118,-94.54321,-94.65389867720472
2,120.0,-16.129032258064527,48.38709677419354,-93.70408152771282,-93.66691236125604,-94.77376108536292,-93.512054,-93.51205830477723
2,120.0,-9.677419354838719,48.38709677419354,-92.92592928179062,-92.90039312207844,-94.01151543697534,-92.780235,-92.97500942063074
2,120.0,-3.225806451612911,48.38709677419354,-92.28741816467746,-92.27220548343034,-93.40475032391714,-92.59567,-92.59567632155506
2,120.0,3.225806451612897,48.38709677419354,-91.78430342873084,-91.77772671073353,-92.9498014938062,-91.8268,-91.82680164550521
2,120.0,9.677419354838705,48.38709677419354,-91.41201246896416,-91.41217444076192,-92.63678375315662,-91.2067,-91.46441432169456
2,120.0,16.129032258064512,48.38709677419354,-91.16825291914184,-91.17308119954353,-92.45353305638272,-91.008675,-91.17556501156722
2,120.0,22.58064516129032,48.38709677419354,-91.05449598828272,-91.0616954285691,-92.38871811406845,-90.97443,-91.04287384222604
2,120.0,29.032258064516128,48.38709677419354,-91.07654175705632,-91.08350006727066,-92.43438146842902,-91.1004,-91.07381154315047
2,120.0,35.48387096774192,48.38709677419354,-91.2443588601799,-91.24802816976272,-92.58787110363801,-91.383835,-91.22091796629691
2,120.0,41.935483870967744,48.38709677419354,-91.57140357234768,-91.5681695251748,-92.85298880963038,-91.39861,-91.398610337489
2,120.0,48.38709677419354,48.38709677419354,-92.07356798138579,-92.05911181462074,-93.2402754751706,-92.424835,-92.02271179083256
2,120.0,54.83870967741933,48.38709677419354,-92.76771232297835,-92.73687858522493,-93.76658593170951,-92.7018,-92.7017990093721
2,120.0,61.29032258064515,48.38709677419354,-93.66933570209486,-93.6160578833979,-94.45428196154795,-93.88095,-93.88094979825144
2,120.0,67.74193548387095,48.38709677419354,-94.78820664962869,-94.70566018671809,-95.3302998078288,-95.172745,-95.1390523852678
2,120.0,74.19354838709677,48.38709677419354,-96.11953451343598,-96.00097691812516,-96.42484528878214,-96.33841,-96.52758787678849
2,120.0,80.64516129032256,48.38709677419354,-97.62685395231678,-97.46817617595612,-97.7680674338388,-97.54819,-97.85930979795293
2,120.0,87.09677419354838,48.38709677419354,-99.21485708041803,-99.02025947365247,-99.37913946542946,-98.738144,-98.90623609839668
2,120.0,93.54838709677418,48.38709677419354,-100.70886275280424,-100.49838358795785,-101.23132279606098,-99.85628,-99.50606217456755
2,120.0,100.0,48.38709677419354,-101.8996077509152,-101.70761610361636,-103.15615493032925,-100.87286,-99.70202772476775
2,120.0,-100.0,54.83870967741933,-105.01678802764971,-104.94166728133021,-104.2295386383536,-105.332016,-104.21954407259452
2,120.0,-93.54838709677419,54.83870967741933,-104.67274650144293,-104.57651460588988,-104.25772099587013,-104.88832,-104.22659618584738
2,120.0,-87.09677419354838,54.83870967741933,-104.11197385648977,-104.01702895796944,-104.06540620234544,-104.36829,-103.90535552275225
2,120.0,-80.64516129032259,54.83870967741933,-103.45708917456392,-103.37752945514285,-103.67235745102819,-103.766594,-103.39503887504007
2,120.0,-74.19354838709677,54.83870967741933,-102.79306275932038,-102.73130754789756,-103.15868875687828,-102.79219,-102.79218443381482
2,120.0,-67.74193548387098,54.83870967741933,-102.13820450110285,-102.08802505064963,-102.59970698111385,-102.309845,-102.1988158576518
2,120.0,-61.29032258064517,54.83870967741933,-101.45724001243822,-101.40853714216442,-102.0223930157507,-101.617546,-101.61754273509442
2,120.0,-54.83870967741936,54.83870967741933,-100.69510291281924,-100.63902407799961,-101.40293401643586,-100.53665,-100.74896169682856
2,120.0,-48.38709677419355,54.83870967741933,-99.81708048797077,-99.75003417939047,-100.69459330616196,-99.55493,-99.88506268802874
2,120.0,-41.935483870967744,54.83870967741933,-98.83399480507366,-98.75829897324442,-99.86846925221904,-98.532295,-98.99183619198567
2,120.0,-35.483870967741936,54.83870967741933,-97.79609351461397,-97.71728206414727,-98.94094375133685,-98.38522,-98.38521803139066
2,120.0,-29.032258064516128,54.83870967741933,-96.7664181170106,-96.68999356555928,-97.96817659545883,-96.965195,-96.96519829269485
2,120.0,-22.580645161290334,54.83870967741933,-95.79783353170357,-95.72756883667077,-97.01837885957787,-95.48486,-95.6599962706517
2,120.0,-16.129032258064527,54.83870967741933,-94.92443369800449,-94.86219273018683,-96.14778646701171,-94.58161,-94.69046674286051
2,120.0,-9.677419354838719,54.83870967741933,-94.16339798493081,-94.10962081985613,-95.39173252810261,-93.78551,-94.00065372531981
2,120.0,-3.225806451612911,54.83870967741933,-93.52064464372064,-93.47489510128727,-94.76649950685601,-93.11965,-93.4667791279115
2,120.0,3.225806451612897,54.83870967741933,-92.9965184020111,-92.95786789634877,-94.27495733256154,-92.60004,-92.98585287770112
2,120.0,9.677419354838705,54.83870967741933,-92.59024841902671,-92.55746767469992,-93.91226131454522,-92.23566,-92.58243726596302
2,120.0,16.129032258064512,54.83870967741933,-92.30297073340759,-92.27456859934762,-93.6705636262299,-92.02961,-92.29153364986551
2,120.0,22.58064516129032,54.83870967741933,-92.13941210323155,-92.11357494825826,-93.54270267693846,-91.89884,-91.89884210192653
2,120.0,29.032258064516128,54.83870967741933,-92.1084386493594,-92.08291868863546,-93.52494670403745,-92.08586,-92.1782821112206
2,120.0,35.48387096774192,54.83870967741933,-92.22275653116071,-92.19474312369465,-93.61876615506787,-92.34237,-92.29904606845975
2,120.0,41.935483870967744,54.83870967741933,-92.4980778669031,-92.46406854899504,-93.831616150022,-92.749855,-92.51705517160197
2,120.0,48.38709677419354,54.83870967741933,-92.95196266733072,-92.9076393899149,-94.17686745352509,-92.90404,-92.90403106937478
2,120.0,54.83870967741933,54.83870967741933,-93.60227791082079,-93.54240127838014,-94.67320072248769,-93.73488,-93.7348722394713
2,120.0,61.29032258064515,54.83870967741933,-94.46473144812522,-94.38311418444832,-95.34380214303603,-94.67313,-94.67312430872221
2,120.0,67.74193548387095,54.83870967741933,-95.54810523907422,-95.43786720759113,-96.21543490250531,-95.89837,-95.8499993427054
2,120.0,74.19354838709677,54.83870967741933,-96.84443954450421,-96.69908688403282,-97.31670383962104,-96.999626,-97.16061586868773
2,120.0,80.64516129032256,54.83870967741933,-98.31002199913527,-98.12651536646061,-98.67286291737629,-98.142944,-98.39998692347991
2,120.0,87.09677419354838,54.83870967741933,-99.8363181623607,-99.62151177522674,-100.28908837322152,-99.26723,-99.36164640290397
2,120.0,93.54838709677418,54.83870967741933,-101.23314611920343,-101.01116725094984,-102.10068383140032,-100.322815,-99.90302830970447
2,120.0,100.0,54.83870967741933,-102.29079193622806,-102.09820145411827,-103.85635507287876,-101.2814,-100.0360713036066
2,120.0,-100.0,61.29032258064515,-105.03295416557604,-104.98123034062607,-104.0950472549768,-105.32317,-104.1451928206473
2,120.0,-93.54838709677419,61.29032258064515,-104.85327321583628,-104.76726494965227,-104.20748445746082,-104.94651,-104.241050429424
2,120.0,-87.09677419354838,61.29032258064515,-104.41406477286253,-104.31316138784423,-104.14462196814867,-104.50307,-104.03074766380841
2,120.0,-80.64516129032259,61.29032258064515,-103.8121966374189,-103.71489877276089,-103.8839722106708,-103.98694,-103.61732166149031
2,120.0,-74.19354838709677,61.29032258064515,-103.14961982848459,-103.06516847858143,-103.47203321944167,-103.393715,-103.09953121060428
2,120.0,-67.74193548387098,61.29032258064515,-102.48171018310934,-102.40998299636885,-102.9821779365688,-102.72127,-102.53303819253675
2,120.0,-61.29032258064517,61.29032258064515,-101.81208913910821,-101.74722777883383,-102.46537420184228,-101.9706,-101.91362724424283
2,120.0,-54.83870967741936,61.29032258064515,-101.11338208945753,-101.04795541921905,-101.92975736438274,-101.14665,-101.20824366770628
2,120.0,-48.38709677419355,61.29032258064515,-100.3557998970618,-100.28431960938642,-101.35000652374976,-100.25943,-100.43416126275514
2,120.0,-41.935483870967744,61.29032258064515,-99.53051463947716,-99.4512690610898,-100.69405356231236,-99.32492,-99.61752263755503
2,120.0,-35.483870967741936,61.29032258064515,-98.65688193476636,-98.57152603555281,-99.95125067768538,-98.36564,-98.70779843025076
2,120.0,-29.032258064516128,61.29032258064515,-97.77268550233359,-97.68444935965407,-99.14451504565935,-97.4099,-97.63499629726967
2,120.0,-22.580645161290334,61.29032258064515,-96.91825539812832,-96.83027002897502,-98.32049632607935,-96.356094,-96.3560966476055
2,120.0,-16.129032258064527,61.29032258064515,-96.12543814538697,-96.03993217041165,-97.52978148397374,-95.63671,-95.66442857640641
2,120.0,-9.677419354838719,61.29032258064515,-95.41441930520799,-95.33264761299273,-96.8122763153393,-94.88023,-95.01776081149575
2,120.0,-3.225806451612911,61.29032258064515,-94.7958352181074,-94.71832023754769,-96.1925439147966,-94.24333,-94.51875686034893
2,120.0,3.225806451612897,61.29032258064515,-94.27488330589334,-94.2016647873167,-95.68188670136979,-93.742386,-94.10563773901035
2,120.0,9.677419354838705,61.29032258064515,-93.85535920118394,-93.78612261595636,-95.28296280529916,-93.38708,-93.7764839999163
2,120.0,16.129032258064512,61.29032258064515,-93.54266373880967,-93.47673268540527,-94.99452421979856,-93.18117,-93.55763145520461
2,120.0,22.58064516129032,61.29032258064515,-93.34548043991943,-93.28171444966674,-94.81532768216536,-93.565765,-93.56576557664806
2,120.0,29.032258064516128,61.29032258064515,-93.27621803839415,-93.21287129531112,-94.74691761657682,-93.21321,-93.5058081828486
2,120.0,35.48387096774192,61.29032258064515,-93.3505477277388,-93.2851311236607,-94.79523168771244,-93.446,-93.58399582092211
2,120.0,41.935483870967744,61.29032258064515,-93.58641778876293,-93.51558332104004,-94.97115872724825,-93.82195,-93.71054486915406
2,120.0,48.38709677419354,61.29032258064515,-94.00277238372598,-93.92222417061774,-95.29034524489732,-94.34297,-94.05764662267379
2,120.0,54.83870967741933,61.29032258064515,-94.61784619759372,-94.52229542466226,-95.77261012459586,-95.0111,-94.68792640022721
2,120.0,61.29032258064515,61.29032258064515,-95.44632664096498,-95.32957616324971,-96.44118168886482,-95.40776,-95.40776042800452
2,120.0,67.74193548387095,61.29032258064515,-96.49372972125761,-96.34915755253036,-97.3214992935617,-96.76294,-96.7032505952613
2,120.0,74.19354838709677,61.29032258064515,-97.74490715754354,-97.56702316452723,-98.43817543162517,-97.79496,-97.93421749650076
2,120.0,80.64516129032256,61.29032258064515,-99.14277837901739,-98.9311300099771,-99.80575982675829,-98.86646,-99.09982919154447
2,120.0,87.09677419354838,61.29032258064515,-100.55984303638056,-100.3261098802294,-101.40139712719689,-99.91965,-99.99239021092839
2,120.0,93.54838709677418,61.29032258064515,-101.79478046369434,-101.56814335206967,-103.09416173654922,-100.90756,-100.44295923236785
2,120.0,100.0,61.29032258064515,-102.66158579566401,-102.47779367644368,-104.52779876278106,-101.8035,-100.46274880187569
2,120.0,-100.0,67.74193548387095,-104.9641107415407,-104.94212933120798,-103.93991606205253,-105.26895,-104.20064608662196
2,120.0,-93.54838709677419,67.74193548387095,-104.95615062788428,-104.89281758056934,-104.10430127593685,-104.96416,-104.37515295671321
2,120.0,-87.09677419354838,67.74193548387095,-104.68139543715125,-104.58746712091978,-104.15081161361974,-104.60282,-104.24507272080147
2,120.0,-80.64516129032259,67.74193548387095,-104.18419756249435,-104.07800973145426,-104.02641981598066,-104.17853,-103.90730414537717
2,120.0,-74.19354838709677,67.74193548387095,-103.55849094701065,-103.45494508214881,-103.73676931600983,-103.68538,-103.44657029203941
2,120.0,-67.74193548387098,67.74193548387095,-102.88538904333225,-102.79109626078828,-103.33431869045505,-102.868,-102.86799078976745
2,120.0,-61.29032258064517,67.74193548387095,-102.20494400599841,-102.11945555745744,-102.87833139681615,-102.4767,-102.32473449717472
2,120.0,-54.83870967741936,67.74193548387095,-101.52170678077717,-101.44080667721238,-102.40306048707467,-101.76077,-101.65380096954823
2,120.0,-48.38709677419355,67.74193548387095,-100.8239041030312,-100.74267526745615,-101.9106072882201,-100.978096,-100.90359213686797
2,120.0,-41.935483870967744,67.74193548387095,-100.10209183273494,-100.01695652550305,-101.38299171512705,-100.14238,-100.10326152564147
2,120.0,-35.483870967741936,67.74193548387095,-99.35970853559623,-99.26916317976195,-100.80225316228969,-99.27435,-99.25454650183957
2,120.0,-29.032258064516128,67.74193548387095,-98.6132853508495,-98.51753448085005,-100.16710923141076,-98.40097,-98.32877160496368
2,120.0,-22.580645161290334,67.74193548387095,-97.88578785390916,-97.78591506544211,-99.49742599057542,-97.55306,-97.40623201160956
2,120.0,-16.129032258064527,67.74193548387095,-97.19916010790514,-97.09643922021152,-98.82644548656478,-96.76193,-96.6318748581884
2,120.0,-9.677419354838719,67.74193548387095,-96.57012370341427,-96.46569288028431,-98.18884225418246,-96.055954,-96.03741891802726
2,120.0,-3.225806451612911,67.74193548387095,-96.00982881880236,-95.90463292548192,-97.61242193099196,-95.57303,-95.57302757846341
2,120.0,3.225806451612897,67.74193548387095,-95.52597425836598,-95.4207867250504,-97.115701594849,-94.98521,-95.22400106563242
2,120.0,9.677419354838705,67.74193548387095,-95.12570690086926,-95.02109492245346,-96.70961626883565,-94.647064,-94.96583091951932
2,120.0,16.129032258064512,67.74193548387095,-94.81806139425734,-94.71425149973291,-96.40088174453886,-94.448074,-94.82125716500633
2,120.0,22.58064516129032,67.74193548387095,-94.6153083008099,-94.51198299998595,-96.1953326076547,-94.38824,-94.79507231025778
2,120.0,29.032258064516128,67.74193548387095,-94.53312856436632,-94.42921488195776,-96.1004211379014,-94.46527,-94.85303337564596
2,120.0,35.48387096774192,67.74193548387095,-94.58990253301832,-94.4834023765972,-96.12664943441123,-95.222404,-95.22240868954447
2,120.0,41.935483870967744,67.74193548387095,-94.80549578457581,-94.6933796083363,-96.28806433419093,-94.72499,-94.72498432894277
2,120.0,48.38709677419354,67.74193548387095,-95.19972803037341,-95.07789774992563,-96.60211323038793,-95.50404,-95.25742403982905
2,120.0,54.83870967741933,67.74193548387095,-95.79027303519584,-95.653625769126,-97.0891161891369,-95.89977,-95.89977215122927
2,120.0,61.29032258064515,67.74193548387095,-96.58905421923495,-96.43177980525495,-97.77129621087339,-96.87646,-96.68633136964701
2,120.0,67.74193548387095,67.74193548387095,-97.59517417772318,-97.41165934730498,-98.67053897155935,-97.74909,-97.74570779735349
2,120.0,74.19354838709677,67.74193548387095,-98.78122254993072,-98.56837277331434,-99.80221357173798,-98.79701,-98.79701419327259
2,120.0,80.64516129032256,67.74193548387095,-100.07075459301653,-99.83285283557939,-101.15793511433262,-99.7027,-99.96833199223131
2,120.0,87.09677419354838,67.74193548387095,-101.3168033093463,-101.07215115146948,-102.66154789167831,-100.68008,-100.79345328184527
2,120.0,93.54838709677418,67.74193548387095,-102.32446333387733,-102.10558481179086,-104.08396116202263,-101.59585,-101.10126978750438
2,120.0,100.0,67.74193548387095,-102.96368115320745,-102.79971488397315,-105.0014809161041,-102.425064,-100.94468112373256
2,120.0,-100.0,74.19354838709677,-104.81171014548988,-104.82035063175339,-103.78110478936568,-105.18544,-104.3310796883139
2,120.0,-93.54838709677419,74.19354838709677,-104.95403699391169,-104.92299055041323,-103.96174437254359,-104.95404,-104.5811400113927
2,120.0,-87.09677419354838,74.19354838709677,-104.86773376218223,-104.79595374081049,-104.08439835645567,-104.67653,-104.52124556313983
2,120.0,-80.64516129032259,74.19354838709677,-104.53218605529231,-104.43130181856161,-104.08344138420445,-104.34607,-104.26243401783564
2,120.0,-74.19354838709677,74.19354838709677,-104.0016475793159,-103.88809404833566,-103.92931678554834,-103.95532,-103.87435164534402
2,120.0,-67.74193548387098,74.19354838709677,-103.35992905529416,-103.24634659610072,-103.64046501775933,-103.497375,-103.39301473774184
2,120.0,-61.29032258064517,74.19354838709677,-102.67468234829423,-102.56694146130923,-103.26472822916708,-102.967026,-102.82903096856492
2,120.0,-54.83870967741936,74.19354838709677,-101.98220172313576,-101.88078894763348,-102.84847840537708,-102.36284,-102.17020659472456
2,120.0,-48.38709677419355,74.19354838709677,-101.29493136808848,-101.19749502928423,-102.41733206742234,-101.689064,-101.42082106116973
2,120.0,-41.935483870967744,74.19354838709677,-100.61517955474574,-100.51859102610878,-101.97469547839017,-100.49676,-100.49675670620461
2,120.0,-35.483870967741936,74.19354838709677,-99.94554292000473,-99.84707609607953,-101.51175529600103,-100.18564,-99.85360916041063
2,120.0,-29.032258064516128,74.19354838709677,-99.29314054014922,-99.1908827836055,-101.02047335394519,-99.40047,-99.06718468259288
2,120.0,-22.580645161290334,74.19354838709677,-98.66876057590387,-98.56156404417625,-100.50277293933306,-98.63113,-98.2920167801823
2,120.0,-16.129032258064527,74.19354838709677,-98.08387300331788,-97.97116749580132,-99.97241692014393,-97.908005,-97.60812337749337
2,120.0,-9.677419354838719,74.19354838709677,-97.54822339961733,-97.42988133523471,-99.45077438452032,-97.25883,-97.0605347179619
2,120.0,-3.225806451612911,74.19354838709677,-97.06927555709164,-96.94555470872494,-98.9607604978991,-96.70633,-96.63085437520445
2,120.0,3.225806451612897,74.19354838709677,-96.65336754403236,-96.52485639306738,-98.52264421991941,-96.267044,-96.30184704625327
2,120.0,9.677419354838705,74.19354838709677,-96.30770125828539,-96.17518179739905,-98.15284751873091,-95.951294,-96.07831573159218
2,120.0,16.129032258064512,74.19354838709677,-96.04217086438481,-95.90636731899173,-97.86492180554175,-95.76377,-95.97124434069583
2,120.0,22.58064516129032,74.19354838709677,-95.87033088163773,-95.73158210273985,-97.67136832109529,-95.704956,-95.97498884947429
2,120.0,29.032258064516128,74.19354838709677,-95.80928070509343,-95.66721465259336,-97.58530409233833,-95.772964,-96.05058835959281
2,120.0,35.48387096774192,74.19354838709677,-95.87865086875439,-95.73193495759983,-97.62151116938595,-95.965744,-96.13060831634402
2,120.0,41.935483870967744,74.19354838709677,-96.09901166370949,-95.94522242680648,-97.79681332574371,-96.2828,-96.2198749643247
2,120.0,48.38709677419354,74.19354838709677,-96.48981858677821,-96.32545828578706,-98.12988345930864,-96.72557,-96.48653741788122
2,120.0,54.83870967741933,74.19354838709677,-97.06650565794197,-96.88723319449241,-98.64044646447562,-97.29568,-97.03536131677345
2,120.0,61.29032258064515,74.19354838709677,-97.83557909899221,-97.63685887208536,-99.34730271455543,-97.99022,-97.87953481370188
2,120.0,67.74193548387095,74.19354838709677,-98.78563945217401,-98.56428147998855,-100.26331282718822,-98.79492,-98.92005293598878
2,120.0,74.19354838709677,74.19354838709677,-99.87204954351435,-99.62940944238696,-101.38263334769798,-99.67883,-99.97926838387517
2,120.0,80.64516129032256,74.19354838709677,-100.99747143448826,-100.74453621676268,-102.65042830318224,-100.564,-100.56400646247148
2,120.0,87.09677419354838,74.19354838709677,-102.00811199719196,-101.76900264778375,-103.90530826737616,-102.13431,-102.13430067339681
2,120.0,93.54838709677418,74.19354838709677,-102.7475304396959,-102.55218517969621,-104.83375293038944,-102.33827,-101.72692411782972
2,120.0,100.0,74.19354838709677,-103.16462807276743,-103.02954447493109,-105.10851171398322,-103.0995,-101.37174793099999
2,120.0,-100.0,80.64516129032256,-104.59607340660719,-104.63020107784246,-103.63781978609985,-104.688034,-104.68803692211844
2,120.0,-93.54838709677419,80.64516129032256,-104.83964233988965,-104.84377202713064,-103.8010476334562,-104.926926,-104.71056483921642
2,120.0,-87.09677419354838,80.64516129032256,-104.92938161993253,-104.89248245369339,-103.95857641953255,-104.72881,-104.75898174386721
2,120.0,-80.64516129032259,80.64516129032256,-104.79401655035434,-104.71618927295432,-104.0489187829233,-104.48727,-104.62018081017035
2,120.0,-74.19354838709677,80.64516129032256,-104.4269860686761,-104.31917483073711,-104.02352104309087,-104.193665,-104.33926193150154
2,120.0,-67.74193548387098,80.64516129032256,-103.88147441240108,-103.7584482860948,-103.86728034089556,-103.83889,-103.93238588498862
2,120.0,-61.29032258064517,80.64516129032256,-103.23168779963265,-103.10518339575638,-103.6012156383366,-103.41498,-103.40612886506005
2,120.0,-54.83870967741936,80.64516129032256,-102.53916225211368,-102.41553706758103,-103.26522722785708,-102.91754,-102.76663050117844
2,120.0,-48.38709677419355,80.64516129032256,-101.84254791140128,-101.72372422440398,-102.89638242346635,-102.348145,-102.03360967643725
2,120.0,-41.935483870967744,80.64516129032256,-101.16283163919177,-101.04809158534871,-102.51695581159821,-101.71597,-101.26967913700975
2,120.0,-35.483870967741936,80.64516129032256,-100.51185896507108,-100.3992692370258,-102.13428700719909,-101.03822,-100.54500353734934
2,120.0,-29.032258064516128,80.64516129032256,-99.89815969384311,-99.78540798728226,-101.74734761718113,-99.88689,-99.88688222849363
2,120.0,-22.580645161290334,80.64516129032256,-99.32919526958487,-99.21400326030805,-101.35443693170055,-99.64679,-99.19909493450612
2,120.0,-16.129032258064527,80.64516129032256,-98.81139801548267,-98.69172745073229,-100.95838147433754,-98.51043,-98.51042523134734
2,120.0,-9.677419354838719,80.64516129032256,-98.34970822047133,-98.22390363434607,-100.56799978383089,-98.39865,-98.07543031689079
2,120.0,-3.225806451612911,80.64516129032256,-97.94771840357993,-97.81462974441114,-100.19671879152789,-97.89207,-97.64168541395294
2,120.0,3.225806451612897,80.64516129032256,-97.6087243855256,-97.46777624755688,-99.86024560062992,-97.487656,-97.29820698441392
2,120.0,9.677419354838705,80.64516129032256,-97.33735748340636,-97.18850390806948,-99.57483479127497,-97.19583,-97.06766995580786
2,120.0,16.129032258064512,80.64516129032256,-97.14116580398311,-96.9846947966821,-99.3566627863242,-97.02162,-96.96414575594743
2,120.0,22.58064516129032,80.64516129032256,-97.03153285544346,-96.86774382415123,-99.22201345963025,-96.965866,-96.98012405187245
2,120.0,29.032258064516128,80.64516129032256,-97.02359087445578,-96.85242457670064,-99.18772049448015,-97.02705,-97.08089717052246
2,120.0,35.48387096774192,80.64516129032256,-97.13512062263271,-96.95584447672375,-99.27142995772851,-97.203354,-97.21880289804471
2,120.0,41.935483870967744,80.64516129032256,-97.38459732168245,-97.19564053871387,-99.49143282453565,-97.49429,-97.38888010188597
2,120.0,48.38709677419354,80.64516129032256,-97.78839322006617,-97.58742144666087,-99.86583161173746,-97.90119,-97.67216740684756
2,120.0,54.83870967741933,80.64516129032256,-98.35667507510003,-98.14104141415098,-100.41047155026368,-98.01874,-98.01874540035675
2,120.0,61.29032258064515,80.64516129032256,-99.08687829655881,-98.85471929684525,-101.1341531829176,-99.0644,-99.0354744490163
2,120.0,67.74193548387095,80.64516129032256,-99.95331672623435,-99.70572160438074,-102.0277911393088,-99.8047,-100.05779445819776
2,120.0,74.19354838709677,80.64516129032256,-100.89336938926428,-100.63783280276479,-103.04165704488946,-101.311874,-101.31187254008697
2,120.0,80.64516129032256,80.64516129032256,-101.79908037385667,-101.55271195545815,-104.04738329016034,-101.460754,-101.78430249346945
2,120.0,87.09677419354838,80.64516129032256,-102.53812886662026,-102.32542157058273,-104.8124228472875,-102.287254,-102.21229037611704
2,120.0,93.54838709677418,80.64516129032256,-103.02135895709297,-102.86220952365039,-105.08427834090344,-103.05945,-102.12405264132711
2,120.0,100.0,80.64516129032256,-103.26813404782898,-103.16522376416623,-104.8078085850546,-103.756,-101.62406185203069
2,120.0,-100.0,87.09677419354838,-104.3527497985005,-104.40282510500006,-103.52890499842414,-104.9916,-104.10731475228032
2,120.0,-93.54838709677419,87.09677419354838,-104.63425141559014,-104.66831341669264,-103.64808841488967,-104.635124,-104.63512449116323
2,120.0,-87.09677419354838,87.09677419354838,-104.84873581242495,-104.85134311897907,-103.79961641050711,-104.76106,-104.84181981491594
2,120.0,-80.64516129032259,87.09677419354838,-104.90790962167398,-104.86861208446582,-103.93608550990848,-104.596855,-104.88434481928024
2,120.0,-74.19354838709677,87.09677419354838,-104.75304499957696,-104.6714773002434,-104.00767832968468,-104.387825,-104.74822318952776
2,120.0,-67.74193548387098,87.09677419354838,-104.3812484223019,-104.26686113606515,-103.97917845386172,-104.122955,-104.43399782453943
2,120.0,-61.29032258064517,87.09677419354838,-103.83968747658139,-103.70602447789915,-103.8426757628074,-103.79195,-103.94940836347484
2,120.0,-54.83870967741936,87.09677419354838,-103.19521851774317,-103.05404138975469,-103.61672808958204,-103.373474,-103.37347181011879
2,120.0,-48.38709677419355,87.09677419354838,-102.50759911776065,-102.36639994715364,-103.33333296969201,-102.910034,-102.62906559904442
2,120.0,-41.935483870967744,87.09677419354838,-101.81965684063593,-101.68192692808046,-103.02321230104795,-102.36571,-101.89518440063776
2,120.0,-35.483870967741936,87.09677419354838,-101.15914897952291,-101.02558278251612,-102.70771226495805,-101.77057,-101.21723771186214
2,120.0,-29.032258064516128,87.09677419354838,-100.54377677428673,-100.41337867492489,-102.3981808539084,-101.14749,-100.62315820927924
2,120.0,-22.580645161290334,87.09677419354838,-99.98508748388089,-99.85593521605205,-102.09952082451537,-100.52387,-100.08299629029997
2,120.0,-16.129032258064527,87.09677419354838,-99.49060606135973,-99.36034648818486,-101.8145299646961,-99.92822,-99.56039838331519
2,120.0,-9.677419354838719,87.09677419354838,-99.0649404302643,-98.93113790484713,-101.54708848901741,-99.38693,-99.04468105983676
2,120.0,-3.225806451612911,87.09677419354838,-98.71068747220299,-98.57109532056339,-101.30367118086943,-98.92185,-98.56238332066722
2,120.0,3.225806451612897,87.09677419354838,-98.42958329011616,-98.28234924427606,-101.09356788895968,-98.54923,-98.1656176774975
2,120.0,9.677419354838705,87.09677419354838,-98.2239186957341,-98.06769661320627,-100.92849577575078,-98.27954,-97.89694177902035
2,120.0,16.129032258064512,87.09677419354838,-98.09793676785944,-97.93187173088562,-100.82211547925304,-98.118,-97.77523970964754
2,120.0,22.58064516129032,87.09677419354838,-98.05879519477863,-97.882377740964,-100.78961587066738,-98.06578,-97.79585218486785
2,120.0,29.032258064516128,87.09677419354838,-98.11671564618675,-97.92955018679963,-100.84725945197187,-98.12166,-97.93365479433587
2,120.0,35.48387096774192,87.09677419354838,-98.28409042917997,-98.0856709679557,-101.01164369878576,-98.284035,-98.15108092496862
2,120.0,41.935483870967744,87.09677419354838,-98.57343400974615,-98.36305383458368,-101.29832289738614,-98.55246,-98.41284555818616
2,120.0,48.38709677419354,87.09677419354838,-98.99401261694443,-98.77096257769523,-101.71916498884241,-98.92813,-98.7383637757869
2,120.0,54.83870967741933,87.09677419354838,-99.54674266222086,-99.31099459732866,-102.27720659113933,-99.41231,-99.25594775900467
2,120.0,61.29032258064515,87.09677419354838,-100.21680900626919,-99.9704128538842,-102.95680340646676,-100.00243,-100.04055390553066
2,120.0,67.74193548387095,87.09677419354838,-100.9643864352281,-100.71363730995807,-103.70655954540304,-100.68613,-100.968786519618
2,120.0,74.19354838709677,87.09677419354838,-101.71783669984875,-101.47538788725907,-104.41768556967837,-101.43669,-101.79971370348409
2,120.0,80.64516129032256,87.09677419354838,-102.3814765332396,-102.16572069911018,-104.92137669752117,-102.24495,-102.244952552942
2,120.0,87.09677419354838,87.09677419354838,-102.87121230376027,-102.69983597104988,-105.05401931605064,-102.71692,-102.7169201252961
2,120.0,93.54838709677418,87.09677419354838,-103.164467113699,-103.04487748675962,-104.78020132948649,-103.68675,-102.24648468519337
2,120.0,100.0,87.09677419354838,-103.31544325958738,-103.24145107762236,-104.23005591351912,-104.32639,-101.65150703017443
2,120.0,-100.0,93.54838709677418,-104.12363607028068,-104.17838890277623,-103.46990390348324,-104.90071,-103.61607281255885
2,120.0,-93.54838709677419,93.54838709677418,-104.3829391895415,-104.43566988611339,-103.52857735965281,-104.847725,-104.24775458002426
2,120.0,-87.09677419354838,93.54838709677418,-104.64932549379628,-104.68555262480592,-103.64146903531486,-104.77403,-104.69551839077059
2,120.0,-80.64516129032259,93.54838709677418,-104.84731849227015,-104.85200891183645,-103.77787470149124,-104.671936,-104.94814534823091
2,120.0,-74.19354838709677,93.54838709677418,-104.89964282058665,-104.8619510417157,-103.89800447198999,-104.94461,-104.94461328436891
2,120.0,-67.74193548387098,93.54838709677418,-104.75414721532775,-104.67205946469052,-103.96313125745118,-104.33832,-104.7531703335168
2,120.0,-61.29032258064517,93.54838709677418,-104.4051750541796,-104.28604127459627,-103.9475701266818,-104.08212,-104.28980403955401
2,120.0,-54.83870967741936,93.54838709677418,-103.89134247920168,-103.7475832650079,-103.84637661242397,-103.75339,-103.68075485982324
2,120.0,-48.38709677419355,93.54838709677418,-103.2730342997549,-103.11681100384428,-103.67400686282895,-103.14931,-103.14930749040131
2,120.0,-41.935483870967744,93.54838709677418,-102.6094264103273,-102.44963159404256,-103.45558978539769,-102.87642,-102.32047069460327
2,120.0,-35.483870967741936,93.54838709677418,-101.94715528771853,-101.78891355813559,-103.21712275006692,-102.34837,-101.71020377927539
2,120.0,-29.032258064516128,93.54838709677418,-101.31899323114511,-101.1643789460469,-102.97949032655644,-101.78728,-101.22251463547074
2,120.0,-22.580645161290334,93.54838709677418,-100.74663252558962,-100.59561044302245,-102.75705333388082,-101.21963,-100.81720822712231
2,120.0,-16.129032258064527,93.54838709677418,-100.2438667453505,-100.09507528509067,-102.55905138874517,-100.67318,-100.3893478241751
2,120.0,-9.677419354838719,93.54838709677418,-99.81904466437045,-99.67037519755488,-102.39186970502692,-100.17371,-99.85749278186145
2,120.0,-3.225806451612911,93.54838709677418,-99.47687701793896,-99.32589930495195,-102.2610200929513,-99.74272,-99.30568807074309
2,120.0,3.225806451612897,93.54838709677418,-99.21991474672227,-99.06419495442775,-102.17245742309201,-99.39627,-98.84351999208933
2,120.0,9.677419354838705,93.54838709677418,-99.04988170640769,-98.88721277099712,-102.13327006108919,-99.14483,-98.52817098070705
2,120.0,16.129032258064512,93.54838709677418,-98.96884004713937,-98.79738581781622,-102.15187706744496,-98.9938,-98.37991694245444
2,120.0,22.58064516129032,93.54838709677418,-98.9800030465619,-98.79835912126711,-102.23777232810272,-98.944565,-98.39607140965168
2,120.0,29.032258064516128,93.54838709677418,-99.08792032427894,-98.89511767342229,-102.40069741693893,-98.99616,-98.55816828517933
2,120.0,35.48387096774192,93.54838709677418,-99.29773980601395,-99.09325651562249,-102.64894943670187,-99.147156,-98.83440922908831
2,120.0,41.935483870967744,93.54838709677418,-99.61326634265966,-99.39715743276389,-102.98631533883258,-99.36856,-99.36856350591901
2,120.0,48.38709677419354,93.54838709677418,-100.03356326190398,-99.80685417140486,-103.40687083219026,-99.74717,-99.52937185476739
2,120.0,54.83870967741933,93.54838709677418,-100.54797635290507,-100.31345961284103,-103.88688283786864,-100.19845,-100.03669221885433
2,120.0,61.29032258064515,93.54838709677418,-101.13011039931678,-100.8935406071949,-104.37449718906859,-100.748505,-100.7500936191843
2,120.0,67.74193548387095,93.54838709677418,-101.73325773209999,-101.50446326666929,-104.78331335191993,-101.38571,-101.56160886918289
2,120.0,74.19354838709677,93.54838709677418,-102.29328615436998,-102.08585195305672,-105.00552004307728,-102.08501,-102.23090838013533
2,120.0,80.64516129032256,93.54838709677418,-102.74628167645771,-102.57414144600924,-104.9584828034111,-102.809235,-102.54669618814378
2,120.0,87.09677419354838,93.54838709677418,-103.0583551077012,-102.9298946857231,-104.64056535704518,-103.51775,-102.49162574203402
2,120.0,93.54838709677418,93.54838709677418,-103.24585525625571,-103.16000006233843,-104.1376164490141,-104.177734,-102.09306398481917
2,120.0,100.0,93.54838709677418,-103.36427381600485,-103.31231575950041,-103.57212955431802,-104.77072,-101.46124522373358
2,120.0,-100.0,100.0,-103.94771743678862,-103.9964862398133,-103.4704927719651,-104.81803,-102.9777777386289
2,120.0,-93.54838709677419,100.0,-104.1400637966744,-104.19807146689068,-103.46324986959544,-104.80151,-103.6774613097881
2,120.0,-87.09677419354838,100.0,-104.38872013924497,-104.44509719496557,-103.51756704419918,-104.76955,-104.26368491701277
2,120.0,-80.64516129032259,100.0,-104.64285510556421,-104.68384534461327,-103.61758673323577,-104.89006,-104.89005766997016
2,120.0,-74.19354838709677,100.0,-104.83724226899847,-104.8481049238419,-103.73702159308783,-104.62442,-104.81924424004659
2,120.0,-67.74193548387098,100.0,-104.90454584390841,-104.87346570762091,-103.84429330927924,-105.01618,-105.01618304211506
2,120.0,-61.29032258064517,100.0,-104.79590017082856,-104.71839348338789,-103.91018615416175,-104.28694,-104.24610034419143
2,120.0,-54.83870967741936,100.0,-104.49950092518657,-104.38005970791501,-103.9158324979784,-104.015305,-103.65026108625113
2,120.0,-48.38709677419355,100.0,-104.04320943515788,-103.8926170729157,-103.85745509974291,-103.66768,-103.02182559338654
2,120.0,-41.935483870967744,100.0,-103.47954193578339,-103.3101168355816,-103.74551262889561,-103.24869,-102.41437692596168
2,120.0,-35.483870967741936,100.0,-102.865786106304,-102.6877834725024,-103.59932887110577,-102.77182,-101.90086532237174
2,120.0,-29.032258064516128,100.0,-102.25098404171266,-102.07124552547866,-103.44067690699141,-102.25806,-101.5176209760338
2,120.0,-22.580645161290334,100.0,-101.67170931523057,-101.49384999296538,-103.28921500981201,-101.73321,-101.22436167612469
2,120.0,-16.129032258064527,100.0,-101.1530078700274,-100.97817971547207,-103.16056257908537,-101.23733,-101.23732377549574
2,120.0,-9.677419354838719,100.0,-100.71101302613337,-100.53870254377237,-103.06629237501087,-100.75695,-100.35047961158097
2,120.0,-3.225806451612911,100.0,-100.35553583671921,-100.18421592111885,-103.01477765135063,-100.352005,-99.76688941158369
2,120.0,3.225806451612897,100.0,-100.09215552985643,-99.91977884581011,-103.01213522558993,-100.0255,-99.27330952596778
2,120.0,9.677419354838705,100.0,-99.92380323072815,-99.74817174224168,-103.06287862156827,-99.7879,-98.93129885563994
2,120.0,16.129032258064512,100.0,-99.85189637687922,-99.67094380516185,-103.17010221455418,-99.64471,-98.76179453165992
2,120.0,22.58064516129032,100.0,-99.87700258275127,-99.68902209501545,-103.33505191363982,-99.59749,-98.76298613602486
2,120.0,29.032258064516128,100.0,-99.99891103056063,-99.80276449557309,-103.55587879079827,-99.64547,-98.91769169390344
2,120.0,35.48387096774192,100.0,-100.215917735801,-100.01127759825965,-103.82532443709907,-99.78735,-99.19297334283928
2,120.0,41.935483870967744,100.0,-100.52312664323719,-100.31081761353606,-104.12721841363756,-100.02272,-99.53672858602854
2,120.0,48.38709677419354,100.0,-100.90970777256865,-100.69220654836352,-104.43231122157064,-100.352585,-99.9237421811158
2,120.0,54.83870967741933,100.0,-101.35551064982266,-101.1375733585221,-104.69560565828785,-100.77804,-100.41968070288758
2,120.0,61.29032258064515,100.0,-101.82846702356868,-101.61761169677322,-104.85985295780179,-101.2967,-101.05752599139537
2,120.0,67.74193548387095,100.0,-102.28578196079454,-102.09197209281572,-104.87036023663714,-101.89754,-101.74992104034216
2,120.0,74.19354838709677,100.0,-102.68253157446311,-102.51627057432408,-104.69898156427298,-102.62451,-102.62451240329803
2,120.0,80.64516129032256,100.0,-102.98762665024283,-102.85655622324268,-104.36199256102469,-103.239136,-102.39533965524924
2,120.0,87.09677419354838,100.0,-103.19861385459772,-103.1045158941154,-103.91591323183123,-103.90616,-102.17567388334155
2,120.0,93.54838709677418,100.0,-103.34264789031842,-103.28125930176938,-103.43507276184305,-104.52669,-101.71270433309832
2,120.0,100.0,100.0,-103.46054935078924,-103.42438321134568,-102.98917816320008,-105.08332,-101.09512245245149
3,180.0,-100.0,-100.0,-96.90324998796405,-96.88316424926563,-96.13715232898983,-95.77602,-96.25133008041422
3,180.0,-93.54838709677419,-100.0,-96.74785573766924,-96.72862681682832,-95.98452088000161,-95.83427,-96.26388711279188
3,180.0,-87.09677419354838,-100.0,-96.60774835985194,-96.589099805703,-95.84581948325052,-95.88454,-96.24213293057085
3,180.0,-80.64516129032259,-100.0,-96.4841442348601,-96.46576270403109,-95.72233371515463,-95.926476,-96.16930482752579
3,180.0,-74.19354838709677,-100.0,-96.37805071365446,-96.35960190287001,-95.61522007400677,-95.96068,-96.05696511265472
3,180.0,-67.74193548387098,-100.0,-96.29024254881878,-96.27138655921188,-95.52547064373195,-95.9884,-95.9628056247227
3,180.0,-61.29032258064517,-100.0,-96.22126325725056,-96.20166775407675,-95.45390078289051,-96.01099,-95.93754619646793
3,180.0,-54.83870967741936,-100.0,-96.17145078350754,-96.15080061928779,-95.4011603571223,-96.02935,-95.95722595067298
3,180.0,-48.38709677419355,-100.0,-96.14098353452107,-96.11898600749925,-95.36776563591272,-96.04416,-95.97939994258002
3,180.0,-41.935483870967744,-100.0,-96.1299397308966,-96.1063253279778,-95.35414608661476,-95.91075,-95.91074632919928
3,180.0,-35.483870967741936,-100.0,-96.13836072314542,-96.11287996950435,-95.36069856787408,-96.152176,-96.15216913101592
3,180.0,-29.032258064516128,-100.0,-96.16630827386801,-96.1387260334337,-95.38784144866719,-96.087585,-95.88546303830415
3,180.0,-22.580645161290334,-100.0,-96.21390756213087,-96.18399659780542,-95.43606327229442,-96.117294,-95.79110224139637
3,180.0,-16.129032258064527,-100.0,-96.28137215046038,-96.2489077404956,-95.50596449610802,-95.76237,-95.76237144469405
3,180.0,-9.677419354838719,-100.0,-96.36901390059742,-96.33377066318026,-95.59829554983918,-96.24057,-95.91415380371652
3,180.0,-3.225806451612911,-100.0,-96.47724835741855,-96.43899915777482,-95.71399821066046,-96.34864,-96.10077206024084
3,180.0,3.225806451612897,-100.0,-96.60661204054462,-96.56512716487475,-95.85425795179395,-96.495544,-96.3136599055408
3,180.0,9.677419354838705,-100.0,-96.75780950209507,-96.7128526448709,-96.02057064551188,-96.683945,-96.50765899185447
3,180.0,16.129032258064512,-100.0,-96.93180234447377,-96.88311902524828,-96.2148171210439,-96.912605,-96.69453740671423
3,180.0,22.58064516129032,-100.0,-97.12993843787268,-97.07723293827287,-96.43932484420691,-97.176506,-96.92316396468743
3,180.0,29.032258064516128,-100.0,-97.35409861562381,-97.29699789950025,-96.69688079606146,-97.467995,-97.22273559401955
3,180.0,35.48387096774192,-100.0,-97.60681454319958,-97.54482189795424,-96.9906483763076,-97.68031,-97.68031197524749
3,180.0,41.935483870967744,-100.0,-97.89129209784322,-97.82373877183636,-97.32393877925799,-98.10133,-97.72152395012496
3,180.0,48.38709677419354,-100.0,-98.21126646748493,-98.13727525265479,-97.69979731323231,-98.43179,-97.87930846220738
3,180.0,54.83870967741933,-100.0,-98.57062242535976,-98.48910184518721,-98.12038953914923,-98.76964,-98.07207556845572
3,180.0,61.29032258064515,-100.0,-98.97273584883169,-98.88242678624529,-98.58621321158965,-99.11815,-98.35824892945126
3,180.0,67.74193548387095,-100.0,-99.419529353179,-99.31912736805234,-99.09522486111563,-99.48296,-98.77632755746696
3,180.0,74.19354838709677,-100.0,-99.91029088894885,-99.79866578653179,-99.64206009345227,-99.86914,-99.33409113166961
3,180.0,80.64516129032256,-100.0,-100.4403972870858,-100.31692154502424,-100.21763596048021,-100.27678,-99.9964112157062
3,180.0,87.09677419354838,-100.0,-101.00024092171805,-100.86520925442645,-100.80949869328741,-100.69673,-100.68528642004267
3,180.0,93.54838709677418,-100.0,-101.57487479084816,-101.42993524844647,-101.40319454782272,-101.11032,-101.28084949000939
3,180.0,100.0,-100.0,-102.1450589737239,-101.99348556487445,-101.98454105799398,-102.09001,-102.09001159412864
3,180.0,-100.0,-93.54838709677419,-96.73512315290296,-96.72089532881836,-95.99850053869736,-95.87017,-96.2691751805271
3,180.0,-93.54838709677419,-93.54838709677419,-96.56147586397299,-96.5481275209296,-95.82836154464343,-95.90343,-96.2955375412224
3,180.0,-87.09677419354838,-93.54838709677419,-96.40439248504556,-96.39158720332142,-95.67327118803718,-95.92591,-96.28525978222785
3,180.0,-80.64516129032259,-93.54838709677419,-96.26496301668375,-96.25234453708347,-95.53448630738293,-96.21962,-96.2196138181912
3,180.0,-74.19354838709677,-93.54838709677419,-96.14396587226207,-96.13117813411387,-95.41302650676626,-95.93829,-96.05083381831543
3,180.0,-67.74193548387098,-93.54838709677419,-96.0418669361245,-96.0285713871034,-95.30965409614612,-95.800766,-95.80076631407054
3,180.0,-61.29032258064517,-93.54838709677419,-95.95885355809611,-95.94474165509455,-95.22488789832747,-95.91585,-95.87097555379145
3,180.0,-54.83870967741936,-93.54838709677419,-95.89490061022335,-95.87969989777753,-95.15904849498736,-95.89583,-95.87898356144254
3,180.0,-48.38709677419355,-93.54838709677419,-95.84986069059242,-95.8333336407766,-95.11232740852698,-95.87187,-95.87447903654177
3,180.0,-41.935483870967744,-93.54838709677419,-95.82356547410568,-95.80550139907629,-95.084868329415,-95.84604,-95.84214289822054
3,180.0,-35.483870967741936,-93.54838709677419,-95.815921296315,-95.79612298668087,-95.07684597276297,-95.822075,-95.78427328700275
3,180.0,-29.032258064516128,-93.54838709677419,-95.82698090765254,-95.805248945225,-95.08852872684982,-95.80557,-95.67999991666906
3,180.0,-22.580645161290334,-93.54838709677419,-95.85697642543452,-95.83309498998376,-95.12031575918795,-95.49636,-95.49636074890444
3,180.0,-16.129032258064527,-93.54838709677419,-95.90630650767872,-95.88003454987822,-95.17274748332628,-95.823685,-95.6403814287664
3,180.0,-9.677419354838719,-93.54838709677419,-95.97548295390182,-95.94655356950788,-95.2464986661286,-95.873505,-95.78069879804414
3,180.0,-3.225806451612911,-93.54838709677419,-96.0650559985288,-96.03318468742047,-95.34237300365456,-95.8738,-95.87380552041402
3,180.0,3.225806451612897,-93.54838709677419,-96.17554990438973,-96.14044941865275,-95.4613229389978,-96.08898,-96.1793160985564
3,180.0,9.677419354838705,-93.54838709677419,-96.30744682505585,-96.26884310396511,-95.60451527278536,-96.26253,-96.31635701302946
3,180.0,16.129032258064512,-93.54838709677419,-96.46125316396171,-96.4188943017753,-95.7734496888856,-96.5059,-96.50589685781364
3,180.0,22.58064516129032,-93.54838709677419,-96.63766590438402,-96.59131526943088,-95.97011455160234,-96.54031,-96.54031655220058
3,180.0,29.032258064516128,-93.54838709677419,-96.83782651396288,-96.78723305498592,-96.19713693444939,-97.01759,-96.92999235111603
3,180.0,35.48387096774192,-93.54838709677419,-97.06361166240016,-97.00845560725634,-96.4578599830879,-97.32222,-97.24134277766223
3,180.0,41.935483870967744,-93.54838709677419,-97.31787333652407,-97.25769334521266,-96.75626959022543,-97.63992,-97.47720838446233
3,180.0,48.38709677419354,-93.54838709677419,-97.60451943741423,-97.53863598088728,-97.09670026191817,-97.966095,-97.65673059075424
3,180.0,54.83870967741933,-93.54838709677419,-97.92833008293809,-97.85578692052725,-97.48327751532797,-98.3,-97.8473250482734
3,180.0,61.29032258064515,-93.54838709677419,-98.29443542795056,-98.21398485321495,-97.91909733812075,-98.64467,-98.11950044765882
3,180.0,67.74193548387095,-93.54838709677419,-98.70742824686005,-98.61758642604804,-98.40520022145344,-99.00549,-98.5235997684143
3,180.0,74.19354838709677,-93.54838709677419,-99.17013808910355,-99.06933574030488,-98.93947448295057,-99.387405,-99.06989225573702
3,180.0,80.64516129032256,-93.54838709677419,-99.68215741841115,-99.56900798482192,-99.51573270916904,-99.793816,-99.79381558020117
3,180.0,87.09677419354838,-93.54838709677419,-100.23831297067463,-100.11200887680405,-100.12333834851773,-100.20563,-100.38355540011207
3,180.0,93.54838709677418,-93.54838709677419,-100.82746060196882,-100.68827258147815,-100.74783950606063,-100.61452,-100.94182708614932
3,180.0,100.0,-93.54838709677419,-101.4322482865913,-101.28202477348526,-101.37290894469125,-100.99465,-101.18266865902028
3,180.0,-100.0,-87.09677419354838,-96.5989370505659,-96.58994238706796,-95.88591884638944,-95.974,-96.25618598268346
3,180.0,-93.54838709677419,-87.09677419354838,-96.4089904341593,-96.40081888341106,-95.7004661265039,-95.97966,-96.2892845449978
3,180.0,-87.09677419354838,-87.09677419354838,-96.23681075524742,-96.22909035188343,-95.53133827924121,-95.971466,-96.29248852196753
3,180.0,-80.64516129032259,-87.09677419354838,-96.08318887902817,-96.07555484629285,-95.37960884222605,-95.94908,-96.21029554714451
3,180.0,-74.19354838709677,-87.09677419354838,-95.94849444378443,-95.94061276972185,-95.24599167055979,-95.91344,-96.02640375214428
3,180.0,-67.74193548387098,-87.09677419354838,-95.83271212866713,-95.824297441992,-95.13085236031635,-95.86651,-95.85595943093361
3,180.0,-61.29032258064517,-87.09677419354838,-95.73552645860993,-95.72635140758027,-95.03426761520265,-95.810684,-95.78282443004873
3,180.0,-54.83870967741936,-87.09677419354838,-95.6564494918421,-95.64634349756857,-94.9561261023724,-95.748276,-95.75279444088241
3,180.0,-48.38709677419355,-87.09677419354838,-95.59497756610996,-95.58381409911993,-94.89625635808318,-95.82448,-95.82447918158141
3,180.0,-41.935483870967744,-87.09677419354838,-95.55075470027776,-95.53842813150445,-94.85456005101526,-95.61347,-95.61107728532882
3,180.0,-35.483870967741936,-87.09677419354838,-95.52371365375095,-95.51010902126859,-94.8311246696718,-95.54881,-95.52741017790905
3,180.0,-29.032258064516128,-87.09677419354838,-95.51416403312473,-95.49912522545533,-94.82629096074288,-95.49412,-95.44214420533807
3,180.0,-22.580645161290334,-87.09677419354838,-95.52280265977275,-95.50610586280345,-94.84065883237568,-95.45714,-95.40279308257436
3,180.0,-16.129032258064527,-87.09677419354838,-95.55063530069606,-95.53197448348529,-94.87503061463576,-95.44589,-95.4647210201085
3,180.0,-9.677419354838719,-87.09677419354838,-95.59881892622289,-95.57780837119583,-94.93030974546724,-95.4682,-95.60418323911793
3,180.0,-3.225806451612911,-87.09677419354838,-95.66845588022073,-95.64465144363054,-95.00739129347666,-95.53112,-95.77014672210422
3,180.0,3.225806451612897,-87.09677419354838,-95.76039080180638,-95.73332721078692,-95.10709247500048,-96.20851,-96.208518457869
3,180.0,9.677419354838705,-87.09677419354838,-95.87507304719468,-95.84430977302345,-95.23017103246816,-95.79718,-95.95485219926158
3,180.0,16.129032258064512,-87.09677419354838,-96.01254731197892,-95.97771122297878,-95.37746311759156,-96.000656,-96.03265356200937
3,180.0,22.58064516129032,-87.09677419354838,-96.17261882585734,-96.13342902951379,-95.55013939435788,-96.24455,-96.21955206379153
3,180.0,29.032258064516128,-87.09677419354838,-96.35520350145143,-96.31146405667027,-95.75003300109839,-96.52019,-96.50783432227499
3,180.0,35.48387096774192,-87.09677419354838,-96.56081875042227,-96.51236984396819,-95.97994733101514,-96.818146,-96.82271357048053
3,180.0,41.935483870967744,-87.09677419354838,-96.79110768785392,-96.73773596511691,-96.24382213152417,-97.13034,-97.09112670154414
3,180.0,48.38709677419354,-87.09677419354838,-97.04923957236778,-96.99056179090361,-96.54663830514738,-97.45175,-97.29513474330064
3,180.0,54.83870967741933,-87.09677419354838,-97.34001760435777,-97.27536434389286,-96.89397906051164,-97.7813,-97.47568219733023
3,180.0,61.29032258064515,-87.09677419354838,-97.66956411615608,-97.597897218818,-97.29122693092319,-98.12169,-97.71931414375642
3,180.0,67.74193548387095,-87.09677419354838,-98.04452999524338,-97.9644269403704,-97.74244533029078,-98.4781,-98.08970744355747
3,180.0,74.19354838709677,-87.09677419354838,-98.47085803857972,-98.38059132341216,-98.24906260341339,-98.85528,-98.58405379829094
3,180.0,80.64516129032256,-87.09677419354838,-98.95219422541325,-98.84992877630474,-98.80856017501557,-99.25323,-99.16364696563049
3,180.0,87.09677419354838,-87.09677419354838,-99.48809781959987,-99.3722252493593,-99.41348897481,-99.663124,-99.76074089828626
3,180.0,93.54838709677418,-87.09677419354838,-100.07230548258165,-99.94192093610167,-100.0512888398294,-100.06682,-100.24650191720357
3,180.0,100.0,-87.09677419354838,-100.69152293983771,-100.54700587390387,-100.70544217913712,-100.44226,-100.46229411684152
3,180.0,-100.0,-80.64516129032259,-96.49785185481045,-96.49341338534359,-95.80287844461765,-96.08606,-96.20432432469863
3,180.0,-93.54838709677419,-80.64516129032259,-96.29325615102617,-96.28954479452855,-95.60429399559476,-96.06197,-96.21958607549473
3,180.0,-87.09677419354838,-80.64516129032259,-96.10730543882512,-96.10395146460384,-95.42322984321419,-96.02072,-96.21190965836689
3,180.0,-80.64516129032259,-80.64516129032259,-95.94027768541964,-95.93695674154691,-95.26036848606117,-96.35675,-96.35675283310985
3,180.0,-74.19354838709677,-80.64516129032259,-95.79191595504552,-95.78837554508867,-95.11590032886126,-95.88678,-95.90089263665848
3,180.0,-67.74193548387098,-80.64516129032259,-95.66152080367851,-95.65759691433362,-94.98958750344612,-95.79762,-95.71394245638415
3,180.0,-61.29032258064517,-80.64516129032259,-95.54811065905115,-95.54373055402587,-94.88089524255665,-95.697464,-95.62082003892348
3,180.0,-54.83870967741936,-80.64516129032259,-95.45064033261936,-95.44580859056262,-94.78917878705688,-95.73207,-95.73206606083149
3,180.0,-48.38709677419355,-80.64516129032259,-95.36825398814479,-95.36302107444695,-94.71390051248949,-95.19997,-95.19996506945367
3,180.0,-41.935483870967744,-80.64516129032259,-95.30053456885219,-95.2949505313864,-94.65483957412306,-95.36294,-95.32881837678363
3,180.0,-35.483870967741936,-80.64516129032259,-95.24770172261555,-95.24176138561731,-94.6122494708487,-95.25444,-95.249617752487
3,180.0,-29.032258064516128,-80.64516129032259,-95.2107100235992,-95.20429923405258,-94.58692217379712,-95.158585,-95.17777199888914
3,180.0,-22.580645161290334,-80.64516129032259,-95.19121199508811,-95.1840658758702,-94.58013320470486,-95.08389,-95.15177395172356
3,180.0,-16.129032258064527,-80.64516129032259,-95.19137495255818,-95.18305803947914,-94.59346849752676,-95.03887,-95.20265156051353
3,180.0,-9.677419354838719,-80.64516129032259,-95.21357145276377,-95.2034861883868,-94.62856523058086,-95.39799,-95.39798420540068
3,180.0,-3.225806451612911,-80.64516129032259,-95.25999275689875,-95.2474179420932,-94.68682738617207,-95.06889,-95.37653907332958
3,180.0,3.225806451612897,-80.64516129032259,-95.33225744414217,-95.31641290678263,-94.76919555515931,-95.15631,-95.41220362468292
3,180.0,9.677419354838705,-80.64516129032259,-95.43110069504144,-95.41122919996948,-94.87605410803651,-95.29579,-95.29579595744562
3,180.0,16.129032258064512,-80.64516129032259,-95.55623295160791,-95.53168534222608,-95.00734285040173,-95.464165,-95.46416614198361
3,180.0,22.58064516129032,-80.64516129032259,-95.7064465441521,-95.67675150426442,-95.16290074318104,-95.71755,-95.72067791091649
3,180.0,29.032258064516128,-80.64516129032259,-95.88001766972361,-95.8449146411185,-95.34300584868801,-95.98421,-96.00874918916747
3,180.0,35.48387096774192,-80.64516129032259,-96.07538969608632,-96.03480522189132,-95.54899828752141,-96.27496,-96.3220542111105
3,180.0,41.935483870967744,-80.64516129032259,-96.29203261221086,-96.24598992646561,-95.78380657460733,-96.58123,-96.60880073457413
3,180.0,48.38709677419354,-80.64516129032259,-96.53127558066458,-96.47974528818463,-96.05217565275458,-96.89752,-96.82730722692096
3,180.0,54.83870967741933,-80.64516129032259,-96.79685109001399,-96.73957248255824,-96.36043881724093,-97.22237,-96.98312800785865
3,180.0,61.29032258064515,-80.64516129032259,-97.09491480343604,-97.03123335863887,-96.71577493419397,-97.55815,-97.19697735051986
3,180.0,67.74193548387095,-80.64516129032259,-97.43341916445746,-97.36218822530368,-97.1250064944853,-97.90982,-97.55021445117893
3,180.0,74.19354838709677,-80.64516129032259,-97.82086959065715,-97.74045366439037,-97.59308363087496,-98.281906,-97.99817084718251
3,180.0,80.64516129032256,-80.64516129032259,-98.26460698958373,-98.17300971464304,-98.12146099749732,-98.3786,-98.3786037718281
3,180.0,87.09677419354838,-80.64516129032259,-98.76880744682862,-98.66393877216011,-98.70664816869584,-99.07859,-99.01883063226609
3,180.0,93.54838709677418,-80.64516129032259,-99.33241367127209,-99.21250781055181,-99.3393448068919,-99.47671,-99.44090259468625
3,180.0,100.0,-80.64516129032259,-99.94731483494853,-99.81149600158346,-100.00472741290923,-99.8471,-99.64522091074767
3,180.0,-100.0,-74.19354838709677,-96.43419382320693,-96.43364013783761,-95.7521436350766,-96.20441,-96.13434528352363
3,180.0,-93.54838709677419,-74.19354838709677,-96.21606389209049,-96.2161459372775,-95.5422679634971,-96.149025,-96.10492439593779
3,180.0,-87.09677419354838,-74.19354838709677,-96.01686848035314,-96.01726784188274,-95.35074065370756,-96.07298,-96.04450489422909
3,180.0,-80.64516129032259,-74.19354838709677,-95.8361219086399,-95.83661572920535,-95.17759206263788,-95.975914,-95.89110923409388
3,180.0,-74.19354838709677,-74.19354838709677,-95.67269109466525,-95.67318035932162,-95.02222197915046,-95.85919,-95.66067361890325
3,180.0,-67.74193548387098,-74.19354838709677,-95.52497049524796,-95.5254923995279,-94.88354386965165,-95.72562,-95.49470267453529
3,180.0,-61.29032258064517,-74.19354838709677,-95.39115276756874,-95.39187139191213,-94.76022514561721,-95.578804,-95.3985569946644
3,180.0,-54.83870967741936,-74.19354838709677,-95.26957709421413,-95.27074863587879,-94.65100248233483,-95.42265,-95.3032187493868
3,180.0,-48.38709677419355,-74.19354838709677,-95.15911346556324,-95.16102639486711,-94.55502834913746,-95.26129,-95.18637842536046
3,180.0,-41.935483870967744,-74.19354838709677,-95.0595186299172,-95.06241487635629,-94.4721843610518,-95.09985,-95.08600475998298
3,180.0,-35.483870967741936,-74.19354838709677,-94.97168762000149,-94.97567670336511,-94.40328804932335,-94.94524,-94.98617794068211
3,180.0,-29.032258064516128,-74.19354838709677,-94.89773235800469,-94.902714071817,-94.3501300194108,-94.80609,-94.88421074093161
3,180.0,-22.580645161290334,-74.19354838709677,-94.84084771594985,-94.84645882842698,-94.31530956810357,-94.69176,-94.82042624402015
3,180.0,-16.129032258064527,-74.19354838709677,-94.80496797135575,-94.81056428367596,-94.30188130033787,-94.61119,-94.81839022987913
3,180.0,-9.677419354838719,-74.19354838709677,-94.7942590826535,-94.79893768662771,-94.31287031042642,-94.5726,-94.84681232658406
3,180.0,-3.225806451612911,-74.19354838709677,-94.81252254267136,-94.81518262613194,-94.350747728555,-94.58313,-94.85341454946223
3,180.0,3.225806451612897,-74.19354838709677,-94.86260111904791,-94.86203682204709,-94.41697711807495,-94.7358,-94.73580673132766
3,180.0,9.677419354838705,-74.19354838709677,-94.9458809171947,-94.94089651788528,-94.51174614591562,-94.76879,-94.87768334257419
3,180.0,16.129032258064512,-74.19354838709677,-95.06198621256635,-95.05152081871111,-94.63398709612086,-94.97883,-94.97883301657828
3,180.0,22.58064516129032,-74.19354838709677,-95.20876567850591,-95.19200988325592,-94.78175704131415,-95.16366,-95.19753836610498
3,180.0,29.032258064516128,-74.19354838709677,-95.38266020128675,-95.35914068545516,-94.95298089423906,-95.42088,-95.46660670617455
3,180.0,35.48387096774192,-74.19354838709677,-95.57949969724719,-95.54910267427337,-95.14645261858114,-95.70409,-95.75652984717439
3,180.0,41.935483870967744,-74.19354838709677,-95.79567578154311,-95.7585830526868,-95.36286377113137,-96.00412,-96.02934757062044
3,180.0,48.38709677419354,-74.19354838709677,-96.0294832635808,-95.98601199719391,-95.60554197931711,-96.52031,-96.5203086651205
3,180.0,54.83870967741933,-74.19354838709677,-96.28227418666984,-96.23264283639152,-95.88060077576014,-96.63497,-96.39259678606376
3,180.0,61.29032258064515,-74.19354838709677,-96.55902150412302,-96.50309711303836,-96.19634471861106,-96.48645,-96.4864515096834
3,180.0,67.74193548387095,-74.19354838709677,-96.86801222106942,-96.80511002088785,-96.56197880001156,-97.31268,-96.99982793418582
3,180.0,74.19354838709677,-74.19354838709677,-97.21964004184615,-97.14843515945957,-96.9858378326251,-97.67946,-97.43392434464238
3,180.0,80.64516129032256,-74.19354838709677,-97.62450620549083,-97.54308912536163,-97.47342358347532,-98.06625,-97.87651080071115
3,180.0,87.09677419354838,-74.19354838709677,-98.09114205658861,-97.99722528188079,-98.02555101392835,-98.46452,-98.31719745279598
3,180.0,93.54838709677418,-74.19354838709677,-98.62363946423079,-98.51491579975374,-98.6369540924248,-98.85683,-98.67448514023926
3,180.0,100.0,-74.19354838709677,-99.2194407959326,-99.09409595084577,-99.29584279727577,-99.22197,-98.8645993636802
3,180.0,-100.0,-67.74193548387098,-96.40946342878316,-96.41217121037214,-95.73560755078637,-96.32718,-96.10052841315151
3,180.0,-93.54838709677419,-67.74193548387098,-96.17823628190548,-96.18153462583926,-95.51567315321799,-95.966644,-95.96664742730142
3,180.0,-87.09677419354838,-67.74193548387098,-95.9653981490703,-95.9690766775398,-95.31424668803824,-96.127716,-95.93754116149377
3,180.0,-80.64516129032259,-67.74193548387098,-95.76942381718143,-95.77342955359057,-95.13039756076049,-95.99126,-95.75297326694155
3,180.0,-74.19354838709677,-67.74193548387098,-95.58804158904339,-95.59250658333026,-94.96242715911686,-95.16034,-95.1603385848464
3,180.0,-67.74193548387098,-67.74193548387098,-95.4185290841767,-95.4237729878622,-94.80813312081006,-95.65242,-95.36243007716567
3,180.0,-61.29032258064517,-67.74193548387098,-95.25814189725537,-95.26464148130088,-94.66521029857248,-95.457596,-95.2461691978454
3,180.0,-54.83870967741936,-67.74193548387098,-95.10463928786307,-95.11296118597608,-94.53175033786593,-95.05292,-95.0529165632982
3,180.0,-48.38709677419355,-67.74193548387098,-94.95683179877727,-94.96753249563731,-94.40676259949727,-95.040695,-95.02236673575489
3,180.0,-41.935483870967744,-67.74193548387098,-94.81504422266921,-94.8285507567926,-94.29060809195502,-94.82999,-94.91083675456707
3,180.0,-35.483870967741936,-67.74193548387098,-94.6813815767063,-94.69787401618575,-94.18523288521014,-94.62793,-94.75893697070461
3,180.0,-29.032258064516128,-67.74193548387098,-94.55971621935426,-94.57903494173794,-94.09411873795493,-94.44424,-94.57549687560746
3,180.0,-22.580645161290334,-67.74193548387098,-94.45537433504848,-94.47697003688403,-94.02193021001776,-94.28908,-94.43032417342417
3,180.0,-16.129032258064527,-67.74193548387098,-94.37456670177733,-94.39750102241982,-93.97390719425661,-94.17192,-94.35887247153751
3,180.0,-9.677419354838719,-67.74193548387098,-94.32365579083061,-94.34665002163729,-93.95510452257082,-94.32677,-94.32676059194888
3,180.0,-3.225806451612911,-67.74193548387098,-94.30836574353313,-94.32988842192324,-93.96960385081024,-94.08409,-94.31912951236546
3,180.0,3.225806451612897,-67.74193548387098,-94.33303019620368,-94.35141281194018,-94.01982369154203,-94.12561,-94.3210330158445
3,180.0,9.677419354838705,-67.74193548387098,-94.39995499483396,-94.41352682721717,-94.10604776238928,-94.41678,-94.41678200843556
3,180.0,16.129032258064512,-67.74193548387098,-94.50896852170273,-94.51620318635293,-94.22629087708077,-94.38612,-94.49083690865501
3,180.0,22.58064516129032,-67.74193548387098,-94.65725034626948,-94.65691419313049,-94.37661763759117,-94.59451,-94.67316443969838
3,180.0,29.032258064516128,-67.74193548387098,-94.83955867504451,-94.83084255902293,-94.55199181091018,-94.84206,-94.90644504920613
3,180.0,35.48387096774192,-67.74193548387098,-95.04898437233813,-95.03158713460772,-94.74762483584655,-95.11751,-95.15524014302528
3,180.0,41.935483870967744,-67.74193548387098,-95.27829182665542,-95.25241383609297,-94.96060122254568,-95.41118,-95.37925497002004
3,180.0,48.38709677419354,-67.74193548387098,-95.5217249182772,-95.48793642668805,-95.19135132819267,-95.371864,-95.37186753413192
3,180.0,54.83870967741933,-67.74193548387098,-95.77689115141976,-95.73587325826742,-95.44445372308174,-96.03153,-95.76516149560605
3,180.0,61.29032258064515,-67.74193548387098,-96.04612999088121,-95.9983387057024,-95.72839204589924,-95.92225,-95.92225250044224
3,180.0,67.74193548387095,-67.74193548387098,-96.33680706508785,-96.28215435334025,-96.05422776066374,-96.67022,-96.67021554771709
3,180.0,74.19354838709677,-67.74193548387098,-96.66030736243593,-96.5979563187153,-96.43349015791621,-97.060745,-96.89694202659825
3,180.0,80.64516129032256,-67.74193548387098,-97.0299456577218,-96.9582780074772,-96.8757459766021,-97.44177,-97.29882153517212
3,180.0,87.09677419354838,-67.74193548387098,-97.45829069289513,-97.3750549168095,-97.3862796852776,-97.83403,-97.68069207594652
3,180.0,93.54838709677418,-67.74193548387098,-97.95438972356466,-97.8570117421497,-97.96423835709481,-98.220474,-97.98685294211975
3,180.0,100.0,-67.74193548387098,-98.52121169219456,-98.40725431591187,-98.60163154642434,-98.58031,-98.16248015341313
3,180.0,-100.0,-61.29032258064517,-96.42446297509827,-96.42988047052485,-95.75429906244207,-96.45328,-96.1466287458374
3,180.0,-93.54838709677419,-61.29032258064517,-96.17986788231148,-96.18590871265556,-95.52477579020197,-96.3331,-96.08116896522573
3,180.0,-87.09677419354838,-61.29032258064517,-95.9520870188989,-95.95870762321519,-95.31297909092295,-96.18498,-95.9951990588307
3,180.0,-80.64516129032259,-61.29032258064517,-95.73827825553074,-95.74566350018532,-95.11667866233567,-96.00861,-95.85706433694207
3,180.0,-74.19354838709677,-61.29032258064517,-95.53479166476629,-95.543376701674,-94.9327564017552,-95.805756,-95.65974918002186
3,180.0,-67.74193548387098,-61.29032258064517,-95.33764009233951,-95.34809370957967,-94.75764755328149,-95.58015,-95.43999765032314
3,180.0,-61.29032258064517,-61.29032258064517,-95.14314593380536,-95.15630557978368,-94.58797219487302,-95.33672,-95.23442756985102
3,180.0,-54.83870967741936,-61.29032258064517,-94.94869144997644,-94.9654490321764,-94.42128404527452,-95.08104,-95.06090739431701
3,180.0,-48.38709677419355,-61.29032258064517,-94.75343982701959,-94.77459104158092,-94.25679965215734,-94.819244,-94.92351016298056
3,180.0,-41.935483870967744,-61.29032258064517,-94.55886061227585,-94.58494419424852,-94.09593259825989,-94.55867,-94.7821234487626
3,180.0,-35.483870967741936,-61.29032258064517,-94.36891389248964,-94.40007392504278,-93.94247475493074,-94.30861,-94.56874987793805
3,180.0,-29.032258064516128,-61.29032258064517,-94.18982605964878,-94.2257257478586,-93.80234593672354,-94.196045,-94.19604071254169
3,180.0,-22.580645161290334,-61.29032258064517,-94.02949550345747,-94.06929615118555,-93.68294444880398,-93.88335,-94.01983529658321
3,180.0,-16.129032258064527,-61.29032258064517,-93.89665072227945,-93.93905224554727,-93.59222366991573,-93.729164,-93.8821446087077
3,180.0,-9.677419354838719,-61.29032258064517,-93.79991215937278,-93.84323934037866,-93.53765763050248,-93.625916,-93.8235595805787
3,180.0,-3.225806451612911,-61.29032258064517,-93.74688296445089,-93.78919872457381,-93.525241911054,-93.58079,-93.80052977237338
3,180.0,3.225806451612897,-61.29032258064517,-93.74334142686504,-93.78257330570163,-93.558636403087,-93.59874,-93.81003562661616
3,180.0,9.677419354838705,-61.29032258064517,-93.79256438773317,-93.82663865931919,-93.63853162099187,-93.681046,-93.86688032101745
3,180.0,16.129032258064512,-61.29032258064517,-93.89480162242211,-93.9217860980969,-93.76233270297618,-93.824234,-93.97586529926667
3,180.0,22.58064516129032,-61.29032258064517,-94.04695522928293,-94.06521259822046,-93.92429873986076,-94.02023,-94.1391115203644
3,180.0,29.032258064516128,-61.29032258064517,-94.24258745001607,-94.25093279897844,-94.11630784499826,-94.33036,-94.33036068093605
3,180.0,35.48387096774192,-61.29032258064517,-94.47245303111882,-94.47029094685251,-94.32936576557384,-94.5256,-94.5705571340242
3,180.0,41.935483870967744,-61.29032258064517,-94.72576182504434,-94.71315511077512,-94.55576515153382,-94.812836,-94.77703085468929
3,180.0,48.38709677419354,-61.29032258064517,-94.99223347064593,-94.96984225077892,-94.79144818647254,-95.11276,-94.97038453030447
3,180.0,54.83870967741933,-61.29032258064517,-95.26466303035286,-95.23351242090274,-95.03780910350591,-95.42266,-95.20885690127544
3,180.0,61.29032258064515,-61.29032258064517,-95.54128999488805,-95.50238709985868,-95.30217688540057,-95.74391,-95.5341694222638
3,180.0,67.74193548387095,-61.29032258064517,-95.82705813682279,-95.78095866847322,-95.59665938521198,-96.08057,-95.93654068920836
3,180.0,74.19354838709677,-61.29032258064517,-96.13314161760573,-96.07960669882391,-95.93566377441687,-96.43665,-96.33694098240035
3,180.0,80.64516129032256,-61.29032258064517,-96.47479484488558,-96.41264516180712,-96.33281569205914,-96.811966,-96.71918864786025
3,180.0,87.09677419354838,-61.29032258064517,-96.8681924367529,-96.79538811879759,-96.79799335518877,-97.1021,-97.10210042733813
3,180.0,93.54838709677418,-61.29032258064517,-97.3270722815308,-97.24098523389095,-97.33495525010093,-97.57892,-97.35046832532291
3,180.0,100.0,-61.29032258064517,-97.85972901685193,-97.75756435203311,-97.939885209002,-97.9335,-97.52274291685413
3,180.0,-100.0,-54.83870967741936,-96.47950907613298,-96.48716021390638,-95.80854205165848,-96.58291,-96.25584440769674
3,180.0,-93.54838709677419,-54.83870967741936,-96.22066143917894,-96.22906221731807,-95.5691282025454,-96.430115,-96.20346463032263
3,180.0,-87.09677419354838,-54.83870967741936,-95.97591975218356,-95.98524687992544,-95.34552663216115,-96.24573,-96.13882666729634
3,180.0,-80.64516129032259,-54.83870967741936,-95.7408816977304,-95.75161522063308,-95.13387340213698,-96.02942,-96.04815907506493
3,180.0,-74.19354838709677,-54.83870967741936,-95.51035165688148,-95.52328234448137,-94.92934670106513,-96.19255,-96.19255027872691
3,180.0,-67.74193548387098,-54.83870967741936,-95.27905485648688,-95.29523467751585,-94.7268625931186,-95.53343,-95.53343016535932
3,180.0,-61.29032258064517,-54.83870967741936,-95.04256576165942,-95.06319216563958,-94.52202117798912,-95.219154,-95.26380165947229
3,180.0,-54.83870967741936,-54.83870967741936,-94.79831000281017,-94.82455160993831,-94.3121621002472,-94.913376,-95.01283864235631
3,180.0,-48.38709677419355,-54.83870967741936,-94.54641990937483,-94.57921246887672,-94.09729465750857,-94.60101,-94.81471541768383
3,180.0,-41.935483870967744,-54.83870967741936,-94.29021093440396,-94.33006781774563,-93.88064086136062,-94.29056,-94.62503351965744
3,180.0,-35.483870967741936,-54.83870967741936,-94.03612980776059,-94.08301074264293,-93.6686096492516,-94.57508,-94.57508383402278
3,180.0,-29.032258064516128,-54.83870967741936,-93.79317828411843,-93.84644176673,-93.47018494267763,-93.71855,-93.97434079717189
3,180.0,-22.580645161290334,-54.83870967741936,-93.57196352394428,-93.630401646394,-93.29587783954818,-93.48675,-93.48674819927865
3,180.0,-16.129032258064527,-54.83870967741936,-93.3835960113758,-93.44552901546288,-93.15648012669415,-93.289444,-93.42538278456144
3,180.0,-9.677419354838719,-54.83870967741936,-93.23862977244048,-93.30203001113762,-93.06183649681273,-93.34001,-93.34001715157271
3,180.0,-3.225806451612911,-54.83870967741936,-93.14615367855907,-93.20877427923361,-93.01976594930241,-93.08038,-93.28617913265117
3,180.0,3.225806451612897,-54.83870967741936,-93.11305184320065,-93.17254795102711,-93.03517433039639,-93.074684,-93.28213641583571
3,180.0,9.677419354838705,-54.83870967741936,-93.14339542598819,-93.19743886299415,-93.10936003682627,-93.13752,-93.32798026654731
3,180.0,16.129032258064512,-54.83870967741936,-93.23792349738285,-93.28432076520505,-93.23954415066902,-93.26501,-93.42876362243769
3,180.0,22.58064516129032,-54.83870967741936,-93.3936183643093,-93.43044467808417,-93.41874845262522,-93.44853,-93.58478855237365
3,180.0,29.032258064516128,-54.83870967741936,-93.6034761969305,-93.62923211996345,-93.63626301199282,-93.67639,-93.78771213160204
3,180.0,35.48387096774192,-54.83870967741936,-93.85669950832289,-93.87047862320478,-93.87900367085878,-93.93615,-94.01563536711942
3,180.0,41.935483870967744,-54.83870967741936,-94.1396391175173,-94.14126461937256,-94.13392229301229,-94.21693,-94.23789091469507
3,180.0,48.38709677419354,-54.83870967741936,-94.43777380822434,-94.42782939894104,-94.39119536270096,-94.51132,-94.45193165851906
3,180.0,54.83870967741933,-54.83870967741936,-94.73869585439652,-94.71836964750636,-94.64729767950368,-94.8162,-94.7079737803173
3,180.0,61.29032258064515,-54.83870967741936,-95.03546531947643,-95.00617705212855,-94.90670985728158,-95.13259,-95.03551762173825
3,180.0,67.74193548387095,-54.83870967741936,-95.32912986256389,-95.2920180662406,-95.18137048224973,-95.464294,-95.40348478370063
3,180.0,74.19354838709677,-54.83870967741936,-95.62922562402605,-95.5846653568935,-95.48796789321017,-95.815094,-95.77052227620788
3,180.0,80.64516129032256,-54.83870967741936,-95.9518843940109,-95.89920609146282,-95.84405873391705,-96.18478,-96.13255017332816
3,180.0,87.09677419354838,-54.83870967741936,-96.31623659761249,-96.25371992071734,-96.26419940396688,-96.56526,-96.45831262621572
3,180.0,93.54838709677418,-54.83870967741936,-96.7403177107738,-96.66542602076444,-96.75688220106977,-96.940186,-96.71957892253889
3,180.0,100.0,-54.83870967741936,-97.23743180802654,-97.14721077235177,-97.32262258064813,-96.971054,-96.97105527952436
3,180.0,-100.0,-48.38709677419355,-96.57468443095394,-96.58415659012918,-95.89822051280828,-96.71777,-96.3912267464027
3,180.0,-93.54838709677419,-48.38709677419355,-96.30029873167545,-96.31073550039699,-95.64799195708339,-96.53264,-96.33213558075153
3,180.0,-87.09677419354838,-48.38709677419355,-96.03619584558899,-96.0480340494457,-95.4104697947311,-96.312256,-96.24915113522844
3,180.0,-80.64516129032259,-48.38709677419355,-95.77624531216298,-95.79029619912563,-95.17987736215846,-96.056305,-96.12694017721195
3,180.0,-74.19354838709677,-48.38709677419355,-95.5136595413808,-95.5310896604091,-94.94950659920701,-95.767044,-95.91186265353264
3,180.0,-67.74193548387098,-48.38709677419355,-95.24202622604275,-95.264259042318,-94.7127627390474,-95.44908,-95.57380836147074
3,180.0,-61.29032258064517,-48.38709677419355,-94.95656573286291,-94.9851004221984,-94.46450696121133,-95.10873,-95.20919501391586
3,180.0,-54.83870967741936,-48.38709677419355,-94.65536447963404,-94.69153633578102,-94.20243780370316,-94.753235,-94.89108822079632
3,180.0,-48.38709677419355,-48.38709677419355,-94.34025585713455,-94.3849903924638,-93.928138701074,-94.39072,-94.62137968725473
3,180.0,-41.935483870967744,-48.38709677419355,-94.01707273934963,-94.07069564693408,-93.6474503341795,-94.03078,-94.35639209685118
3,180.0,-35.483870967741936,-48.38709677419355,-93.69518490219475,-93.7573329675058,-93.3700276116711,-93.68499,-94.02967443131433
3,180.0,-29.032258064516128,-48.38709677419355,-93.3864682840442,-93.4561101397211,-93.1082156648358,-93.36631,-93.62297991132978
3,180.0,-22.580645161290334,-48.38709677419355,-93.10400357253135,-93.17954433919203,-92.87557165256344,-93.0874,-93.2475740992325
3,180.0,-16.129032258064527,-48.38709677419355,-92.86080455937481,-92.94023165091565,-92.6853785693493,-92.85927,-92.9988097096742
3,180.0,-9.677419354838719,-48.38709677419355,-92.66876566777324,-92.74979692278045,-92.54937484759496,-92.69098,-92.85520899749498
3,180.0,-3.225806451612911,-48.38709677419355,-92.53787645110002,-92.61808772023939,-92.47676041406594,-92.58978,-92.77132103259714
3,180.0,3.225806451612897,-48.38709677419355,-92.4756455155266,-92.55257261293096,-92.4734227619412,-92.56044,-92.73659292176043
3,180.0,9.677419354838705,-48.38709677419355,-92.48663125489452,-92.55785482713065,-92.54129181875317,-92.603775,-92.76064209913172
3,180.0,16.129032258064512,-48.38709677419355,-92.57198721145856,-92.63521715452413,-92.6777810192545,-92.71547,-92.84740283330206
3,180.0,22.58064516129032,-48.38709677419355,-92.7289866323272,-92.78216537983995,-92.87539553425354,-92.88641,-92.99959926981091
3,180.0,29.032258064516128,-48.38709677419355,-92.95059346868129,-92.9920335967285,-93.12177039284754,-93.10426,-93.2105170076795
3,180.0,35.48387096774192,-48.38709677419355,-93.2252975154118,-93.25385462162566,-93.40058094927345,-93.445244,-93.4452467599747
3,180.0,41.935483870967744,-48.38709677419355,-93.53760317348814,-93.55285491216685,-93.69378911111836,-93.77408,-93.77407640840562
3,180.0,48.38709677419354,-48.38709677419355,-93.86964979988663,-93.8720086904035,-93.98531655968641,-93.91887,-93.93055185297384
3,180.0,54.83870967741933,-48.38709677419355,-94.20424471288649,-94.19489931360016,-94.26538687096338,-94.21861,-94.20439280747695
3,180.0,61.29032258064515,-48.38709677419355,-94.52893865387131,-94.509541108219,-94.53388442874802,-94.530075,-94.55059963765592
3,180.0,67.74193548387095,-48.38709677419355,-94.83985863561193,-94.81198609367077,-94.80102113565738,-94.856766,-94.91577118268086
3,180.0,74.19354838709677,-48.38709677419355,-95.14355556252872,-95.10811711486849,-95.08479040381476,-95.10284,-95.1028305180133
3,180.0,80.64516129032256,-48.38709677419355,-95.45580467343775,-95.41262277332793,-95.40628591034506,-95.56634,-95.57935314293111
3,180.0,87.09677419354838,-48.38709677419355,-95.79779686218083,-95.74550181437613,-95.78468312329186,-95.94102,-95.85371787885528
3,180.0,93.54838709677418,-48.38709677419355,-96.19126690277406,-96.12748893082703,-96.23323512041713,-96.31027,-96.07498789806729
3,180.0,100.0,-48.38709677419355,-96.65405935641976,-96.5758140361317,-96.7568036384827,-96.6546,-96.25683945807475
3,180.0,-100.0,-41.935483870967744,-96.71007667407699,-96.72099800017608,-96.02308296712158,-96.551674,-96.55167149843643
3,180.0,-93.54838709677419,-41.935483870967744,-96.41877429908124,-96.43093729567775,-95.76078368349364,-96.64415,-96.44482536416275
3,180.0,-87.09677419354838,-41.935483870967744,-96.132975917273,-96.14709631768244,-95.50700830189326,-96.38846,-96.30545428744773
3,180.0,-80.64516129032259,-41.935483870967744,-95.84476455130905,-95.86199145922473,-95.25389660946388,-96.09364,-96.10622151197553
3,180.0,-74.19354838709677,-41.935483870967744,-95.5458632624372,-95.56772024030502,-94.9928294081535,-95.76216,-95.82002590427632
3,180.0,-67.74193548387098,-41.935483870967744,-95.22904890733733,-95.2572725966497,-94.7159165205799,-95.39908,-95.44681612821324
3,180.0,-61.29032258064517,-41.935483870967744,-94.88974592304574,-94.92603210120747,-94.41778644746819,-95.08009,-95.0800866139766
3,180.0,-54.83870967741936,-41.935483870967744,-94.52740561343344,-94.57311252178587,-94.09724223590243,-94.60715,-94.68207174860206
3,180.0,-48.38709677419355,-41.935483870967744,-94.146239814593,-94.2021266364214,-93.7582540052411,-94.195465,-94.34749991287921
3,180.0,-41.935483870967744,-41.935483870967744,-93.75505362940689,-93.82112609014249,-93.4099230957178,-93.787,-94.00451977277461
3,180.0,-35.483870967741936,-41.935483870967744,-93.36624192086241,-93.44173626327274,-93.06542823343926,-93.39446,-93.62003819962952
3,180.0,-29.032258064516128,-41.935483870967744,-92.99429329810638,-93.07777868766622,-92.7403276952158,-93.031815,-93.2087880643511
3,180.0,-22.580645161290334,-41.935483870967744,-92.65423177807007,-92.74377858080328,-92.45072975719388,-92.71255,-92.84088696994306
3,180.0,-16.129032258064527,-41.935483870967744,-92.36031612271,-92.45367472354225,-92.21172649436232,-92.44812,-92.56997382751344
3,180.0,-9.677419354838719,-41.935483870967744,-92.12512102676368,-92.21987396742756,-92.03624720871346,-92.24781,-92.38759464841641
3,180.0,-3.225806451612911,-41.935483870967744,-91.95895735610196,-92.0526309249542,-91.93427943881807,-92.11888,-92.26386573239347
3,180.0,3.225806451612897,-41.935483870967744,-91.8695004263443,-91.95964009549775,-91.91229904171254,-92.15578,-92.15577872646938
3,180.0,9.677419354838705,-41.935483870967744,-91.8614785562176,-91.94570333500778,-91.9727431818839,-92.08981,-92.18415000687207
3,180.0,16.129032258064512,-41.935483870967744,-91.93630308373658,-92.01235883322148,-92.11342634195327,-92.18558,-92.24434063892687
3,180.0,22.58064516129032,-41.935483870967744,-92.09158069621924,-92.1574139161645,-92.32693084334903,-92.34364,-92.38619798363572
3,180.0,29.032258064516128,-41.935483870967744,-92.32054458027778,-92.37441590191696,-92.60020865870814,-92.55115,-92.60821550487996
3,180.0,35.48387096774192,-41.935483870967744,-92.6115909342823,-92.65223741741161,-92.91489606591298,-92.79445,-92.86673548717879
3,180.0,41.935483870967744,-41.935483870967744,-92.948315192694,-92.97514514342583,-93.24904310605648,-93.061615,-93.11930934661277
3,180.0,48.38709677419354,-41.935483870967744,-93.31063686585566,-93.32389590477099,-93.58079022778817,-93.34428,-93.37179032452707
3,180.0,54.83870967741933,-41.935483870967744,-93.67757006882648,-93.67836700579255,-93.89364655166094,-93.62052,-93.6205156570445
3,180.0,61.29032258064515,-41.935483870967744,-94.03163589444691,-94.0217094515425,-94.18161852438458,-93.94476,-94.06242724953859
3,180.0,67.74193548387095,-41.935483870967744,-94.36378683685939,-94.34498619025673,-94.45163806656228,-94.59907,-94.59906999992145
3,180.0,74.19354838709677,-41.935483870967744,-94.67672222333516,-94.65034800573711,-94.72175228206913,-94.60614,-94.79902909882742
3,180.0,80.64516129032256,-41.935483870967744,-94.98475328708224,-94.95102506994257,-95.01586891634489,-95.177475,-95.177476566451
3,180.0,87.09677419354838,-41.935483870967744,-95.31011860275117,-95.2679741152118,-95.35746093900667,-95.33307,-95.27553801862123
3,180.0,93.54838709677418,-41.935483870967744,-95.67744810164174,-95.62469278796448,-95.76438202014025,-95.696495,-95.44413647949611
3,180.0,100.0,-41.935483870967744,-96.10846196688914,-96.04214726684334,-96.2456930854426,-96.03558,-95.63431191666749
3,180.0,-100.0,-35.483870967741936,-96.88595176010998,-96.89796601766949,-96.18301080180784,-97.01687,-96.69559786511208
3,180.0,-93.54838709677419,-35.483870967741936,-96.57661994660847,-96.59016942739434,-95.90743549545257,-96.76958,-96.56746110534398
3,180.0,-87.09677419354838,-35.483870967741936,-96.26735155563173,-96.28342397276191,-95.63542554209448,-96.48002,-96.3616708321891
3,180.0,-80.64516129032259,-35.483870967741936,-95.94850769843318,-95.96856473708273,-95.35701246167969,-96.108055,-96.10806002266072
3,180.0,-74.19354838709677,-35.483870967741936,-95.61056215991658,-95.63642981354374,-95.06181641207453,-95.775894,-95.72795933590595
3,180.0,-67.74193548387098,-35.483870967741936,-95.24592841753596,-95.27956514977586,-94.74104601973019,-95.36954,-95.30586456877498
3,180.0,-61.29032258064517,-35.483870967741936,-94.85084299557867,-94.89401731264861,-94.38972685117322,-94.75812,-94.75812175236555
3,180.0,-54.83870967741936,-35.483870967741936,-94.42674791196907,-94.48070561848724,-94.00850163487792,-94.48546,-94.45457848489261
3,180.0,-48.38709677419355,-35.483870967741936,-93.98068300209111,-94.04590295091833,-93.6043411790379,-94.02663,-94.0621016866688
3,180.0,-41.935483870967744,-35.483870967741936,-93.52454614320088,-93.6006518214002,-93.18988237633116,-93.57161,-93.64615892243336
3,180.0,-35.483870967741936,-35.483870967741936,-93.07351383386407,-93.15934386148415,-92.7816688877082,-93.13417,-93.20059986880784
3,180.0,-29.032258064516128,-35.483870967741936,-92.64416678433676,-92.73795150445194,-92.39794376976904,-92.729256,-92.76517495372363
3,180.0,-22.580645161290334,-35.483870967741936,-92.25282216793305,-92.35239448562203,-92.05663284799368,-92.37109,-92.39974825839715
3,180.0,-16.129032258064527,-35.483870967741936,-91.91433900816722,-92.0173230249585,-91.7738704560455,-92.07158,-92.12752546812234
3,180.0,-9.677419354838719,-35.483870967741936,-91.64141466893113,-91.74536488482954,-91.56309602661237,-91.84015,-91.92867368545802
3,180.0,-3.225806451612911,-35.483870967741936,-91.4442370503948,-91.54672615276965,-91.43454763811725,-91.68411,-91.77964975014586
3,180.0,3.225806451612897,-35.483870967741936,-91.33030827399337,-91.42897632895239,-91.39491623606149,-91.60804,-91.68067074777704
3,180.0,9.677419354838705,-35.483870967741936,-91.30427185885412,-91.39685585328968,-91.44695296498809,-91.61228,-91.63639976650404
3,180.0,16.129032258064512,-35.483870967741936,-91.36761901924778,-91.45198338581727,-91.58889935188525,-91.69182,-91.65624050620016
3,180.0,22.58064516129032,-35.483870967741936,-91.51820686697194,-91.59239579128561,-91.81373172178601,-91.83654,-91.77543048725396
3,180.0,29.032258064516128,-35.483870967741936,-91.74960350616699,-91.8119344601417,-92.10840779014887,-92.03304,-92.01211836684152
3,180.0,35.48387096774192,-35.483870967741936,-92.05041161980772,-92.09962275447835,-92.45360415487696,-92.26718,-92.2844225584185
3,180.0,41.935483870967744,-35.483870967741936,-92.4039385650076,-92.43938225040756,-92.82477423429151,-92.52655,-92.53258630607303
3,180.0,48.38709677419354,-35.483870967741936,-92.78884212699437,-92.81067492454852,-93.19543762703206,-92.80239,-92.80756921720263
3,180.0,54.83870967741933,-35.483870967741936,-93.1814965495349,-93.19075868106097,-93.54290237748418,-93.09043,-93.14985381100249
3,180.0,61.29032258064515,-35.483870967741936,-93.56041974559604,-93.55886728495109,-93.85491273481227,-93.52672,-93.52671777793876
3,180.0,67.74193548387095,-35.483870967741936,-93.91192456716054,-93.90154598641688,-94.13406960749016,-93.70616,-93.98521951631292
3,180.0,74.19354838709677,-35.483870967741936,-94.23473300331067,-94.21706379584623,-94.39728106666712,-94.34367,-94.34366805178766
3,180.0,80.64516129032256,-35.483870967741936,-94.54103939760793,-94.51655545073136,-94.67032747724647,-94.39185,-94.58730084653365
3,180.0,87.09677419354838,-35.483870967741936,-94.85323984732375,-94.82108678004847,-94.98035530334332,-94.75403,-94.74717419523691
3,180.0,93.54838709677418,-35.483870967741936,-95.1979548805518,-95.15606734490724,-95.3493831913594,-94.745026,-94.745029543425
3,180.0,100.0,-35.483870967741936,-95.59993264135403,-95.54541265565304,-95.79030080410548,-95.44449,-95.0979710805506
3,180.0,-100.0,-29.032258064516128,-97.10281774486448,-97.11556542803217,-96.37818183862925,-97.19085,-96.90679714668057
3,180.0,-93.54838709677419,-29.032258064516128,-96.77496209314643,-96.78949699849841,-96.08857365024534,-96.915405,-96.75130084305992
3,180.0,-87.09677419354838,-29.032258064516128,-96.44146556079478,-96.45901409819928,-95.79725656695729,-96.5945,-96.49393088905155
3,180.0,-80.64516129032259,-29.032258064516128,-96.09113963515291,-96.11342275080798,-95.49228114992233,-96.03828,-96.03827516607879
3,180.0,-74.19354838709677,-29.032258064516128,-95.71353271089853,-95.74260047363168,-95.16179574068266,-95.81841,-95.73764054165969
3,180.0,-67.74193548387098,-29.032258064516128,-95.30116008686036,-95.33909150435599,-94.79657779965024,-95.372055,-95.26620582042533
3,180.0,-61.29032258064517,-29.032258064516128,-94.85158370147846,-94.90011066493041,-94.39262915627063,-94.896996,-94.77282855369319
3,180.0,-54.83870967741936,-29.032258064516128,-94.36863543167911,-94.42880045754353,-93.95294575718577,-94.40283,-94.30705905645507
3,180.0,-48.38709677419355,-29.032258064516128,-93.86231106607542,-93.9342676900649,-93.48774059589147,-93.90039,-93.84820310409742
3,180.0,-41.935483870967744,-29.032258064516128,-93.34739503661218,-93.43039917087167,-93.01303603568135,-93.40233,-93.35769803164759
3,180.0,-35.483870967741936,-29.032258064516128,-92.84136758718917,-92.9339280651242,-92.54823463831747,-92.92331,-92.83696946545896
3,180.0,-29.032258064516128,-29.032258064516128,-92.3622930342716,-92.46240111319004,-92.11355647340915,-92.47916,-92.34913312539858
3,180.0,-22.580645161290334,-29.032258064516128,-91.92718349487211,-92.03254186713554,-91.72801102524048,-92.08473,-91.97256225089511
3,180.0,-16.129032258064527,-29.032258064516128,-91.55099776943806,-91.65920084959333,-91.4081348354222,-91.75231,-91.70363576882936
3,180.0,-9.677419354838719,-29.032258064516128,-91.24617798880229,-91.35482957762555,-91.16737543003127,-91.52933,-91.52933519836196
3,180.0,-3.225806451612911,-29.032258064516128,-91.02251508822776,-91.12929207784056,-91.01584746090879,-91.30945,-91.33451600907489
3,180.0,3.225806451612897,-29.032258064516128,-90.887130869327,-90.98981136023167,-90.96018133396962,-91.26329,-91.26329884482817
3,180.0,9.677419354838705,-29.032258064516128,-90.8444080714793,-90.94088420620429,-91.00324530377469,-91.195564,-91.1619984132511
3,180.0,16.129032258064512,-29.032258064516128,-90.89575154468542,-90.98404662370186,-91.14360251173673,-91.25851,-91.15366131086128
3,180.0,22.58064516129032,-29.032258064516128,-91.03911517254645,-91.11742391303366,-91.37466876397178,-91.054855,-91.05486101289543
3,180.0,29.032258064516128,-29.032258064516128,-91.2682977511505,-91.33506761976646,-91.68371032825254,-91.573555,-91.48388260477972
3,180.0,35.48387096774192,-29.032258064516128,-91.57213200394152,-91.6261985885373,-92.05112347146725,-91.90875,-91.90874823657859
3,180.0,41.935483870967744,-29.032258064516128,-91.93390263723857,-91.97467504601133,-92.45086179757178,-91.87128,-91.87128077436452
3,180.0,48.38709677419354,-29.032258064516128,-92.33162360365876,-92.35927742313704,-92.85317494033912,-92.31523,-92.28819602607011
3,180.0,54.83870967741933,-29.032258064516128,-92.7400220555933,-92.75559933443566,-93.23036857738366,-92.59576,-92.66342918288981
3,180.0,61.29032258064515,-29.032258064516128,-93.13482150309355,-93.14009657538058,-93.56451707230399,-92.888855,-93.09380484824082
3,180.0,67.74193548387095,-29.032258064516128,-93.49878083546024,-93.4958025899224,-93.85370813776083,-93.197205,-93.52845029083343
3,180.0,74.19354838709677,-29.032258064516128,-93.82725273738257,-93.81765439216905,-94.11298070400575,-93.5238,-93.89291007185606
3,180.0,80.64516129032256,-29.032258064516128,-94.1302914405415,-94.1146518881415,-94.36908067093492,-93.86817,-94.15092210229008
3,180.0,87.09677419354838,-29.032258064516128,-94.42990040187198,-94.40744422981943,-94.65197819864702,-94.22278,-94.32338962748605
3,180.0,93.54838709677418,-29.032258064516128,-94.75384126668172,-94.7225532196837,-94.9871197078725,-94.572556,-94.48196488403224
3,180.0,100.0,-29.032258064516128,-95.1289338351029,-95.08594817738657,-95.39058254734847,-94.89928,-94.6931608751542
3,180.0,-100.0,-22.580645161290334,-97.36135262310944,-97.37446596046337,-96.6090849466089,-97.389755,-97.1910557192355
3,180.0,-93.54838709677419,-22.580645161290334,-97.01538267738302,-97.03043265297005,-96.30545910386166,-97.0896,-97.02786326775838
3,180.0,-87.09677419354838,-22.580645161290334,-96.65825782313803,-96.6766531332342,-95.99509486835571,-96.74122,-96.75298156571569
3,180.0,-80.64516129032259,-22.580645161290334,-96.2774796798047,-96.30112771756963,-95.66431262186063,-96.34437,-96.37212622750818
3,180.0,-74.19354838709677,-22.580645161290334,-95.86199899925566,-95.89308781089201,-95.30013498564043,-95.902115,-95.90204468273043
3,180.0,-67.74193548387098,-22.580645161290334,-95.40480088604754,-95.44544181821021,-94.89331393869355,-95.42077,-95.36287021975191
3,180.0,-61.29032258064517,-22.580645161290334,-94.90507110451571,-94.95688915684443,-94.44118312799148,-94.909,-94.80580117440438
3,180.0,-54.83870967741936,-22.580645161290334,-94.3691283701339,-94.43293285099104,-93.9492412473665,-94.37705,-94.2803076149386
3,180.0,-48.38709677419355,-22.580645161290334,-93.80974313767985,-93.8853856900067,-93.43077272927366,-93.83648,-93.76241784196438
3,180.0,-41.935483870967744,-22.580645161290334,-93.24415776191948,-93.33059888658504,-92.90470324504015,-93.300674,-93.20813686511624
3,180.0,-35.483870967741936,-22.580645161290334,-92.6915996420185,-92.78711966238342,-92.39263007341765,-92.78512,-92.61436791967512
3,180.0,-29.032258064516128,-22.580645161290334,-92.17106942728986,-92.27352675618148,-91.91607237769713,-91.90108,-91.90107114293264
3,180.0,-22.580645161290334,-22.580645161290334,-91.69982921990956,-91.80688881605676,-91.49455369652955,-91.87965,-91.64565802382214
3,180.0,-16.129032258064527,-22.580645161290334,-91.2926243364514,-91.40192046858367,-91.14459462163225,-91.517654,-91.36556174705768
3,180.0,-9.677419354838719,-22.580645161290334,-90.96144114388848,-91.07067279517275,-90.87936444263745,-91.22997,-91.15367700867819
3,180.0,-3.225806451612911,-22.580645161290334,-90.71554406834508,-90.82251911315764,-90.70865092998928,-90.91757,-90.91757206754392
3,180.0,3.225806451612897,-22.580645161290334,-90.5615713972814,-90.66422065092277,-90.63885313209994,-90.80452,-90.80451646439943
3,180.0,9.677419354838705,-22.580645161290334,-90.50353157910729,-90.59991276769226,-90.67278451365368,-90.869,-90.81409581965707
3,180.0,16.129032258064512,-22.580645161290334,-90.54259595988142,-90.63090552755261,-90.809152120164,-90.914825,-90.80722806232015
3,180.0,22.58064516129032,-22.580645161290334,-90.67662935741885,-90.75523886893136,-91.04166482533684,-90.90027,-90.90027032835486
3,180.0,29.032258064516128,-22.580645161290334,-90.8994580729364,-90.96699107568858,-91.35787422954473,-91.20099,-91.07498767342628
3,180.0,35.48387096774192,-22.580645161290334,-91.19998425434106,-91.2554449927973,-91.73814270913294,-91.412476,-91.3156460189827
3,180.0,41.935483870967744,-22.580645161290334,-91.56146041066083,-91.60441004987662,-92.15559787940093,-91.65163,-91.55983984435093
3,180.0,48.38709677419354,-22.580645161290334,-91.96154515677493,-91.99228476953257,-92.57837728470024,-91.90915,-91.86789430733873
3,180.0,54.83870967741933,-22.580645161290334,-92.37403350024833,-92.39369672727972,-92.97524354739451,-92.180176,-92.26706007627709
3,180.0,61.29032258064515,-22.580645161290334,-92.77299594604608,-92.78341250492532,-93.32392925254055,-92.674515,-92.67450960713344
3,180.0,67.74193548387095,-22.580645161290334,-93.13898045917159,-93.14221934275054,-93.61875263652132,-92.76363,-93.16150356547725
3,180.0,74.19354838709677,-22.580645161290334,-93.46510874644203,-93.4627892709065,-93.87286597202662,-93.08122,-93.53486877603493
3,180.0,80.64516129032256,-22.580645161290334,-93.75985720526037,-93.75251560131514,-94.11335773038276,-93.41641,-93.80723877515135
3,180.0,87.09677419354838,-22.580645161290334,-94.04470287290894,-94.03150950572565,-94.37209024711338,-93.76178,-94.00250174552002
3,180.0,93.54838709677418,-22.580645161290334,-94.34786670080467,-94.32676836792271,-94.67694579977095,-94.102646,-94.17945045735236
3,180.0,100.0,-22.580645161290334,-94.69726791688883,-94.66540091146928,-95.04628041830216,-94.42125,-94.38977089671936
3,180.0,-100.0,-16.129032258064527,-97.66219477012248,-97.67531129147214,-96.87638051279188,-97.62191,-97.54381444501121
3,180.0,-93.54838709677419,-16.129032258064527,-97.29959138575374,-97.31463801747232,-96.55969426656462,-97.30159,-97.37644380905812
3,180.0,-87.09677419354838,-16.129032258064527,-96.92096711524101,-96.93946087376462,-96.23206743284493,-96.93082,-97.09295340017236
3,180.0,-80.64516129032259,-16.129032258064527,-96.51277068938847,-96.53672266831462,-95.87841633475209,-96.50937,-96.69318701977713
3,180.0,-74.19354838709677,-16.129032258064527,-96.06360801594388,-96.09526392430062,-95.48495103215839,-96.04048,-96.16847646831063
3,180.0,-67.74193548387098,-16.129032258064527,-95.56711586853176,-95.60855855483314,-95.04261973114085,-95.5307,-95.56938958453904
3,180.0,-61.29032258064517,-16.129032258064527,-95.02412636214538,-95.07685119796305,-94.5501150543331,-94.85155,-94.85154641361771
3,180.0,-54.83870967741936,-16.129032258064527,-94.44324568605721,-94.50785566903248,-94.01519350677121,-94.42653,-94.38345729951878
3,180.0,-48.38709677419355,-16.129032258064527,-93.83961138995373,-93.91572959228398,-93.45370417099105,-93.854965,-93.82566252246812
3,180.0,-41.935483870967744,-16.129032258064527,-93.23240235408541,-93.31879594971083,-92.88681945146962,-93.28841,-93.2335123928842
3,180.0,-35.483870967741936,-16.129032258064527,-92.64208274325314,-92.73691085131856,-92.33768147837256,-92.74291,-92.59817639113044
3,180.0,-29.032258064516128,-16.129032258064527,-92.0881840170778,-92.18926534782754,-91.82858630226917,-92.2355,-91.98097252399299
3,180.0,-22.580645161290334,-16.129032258064527,-91.58795179189457,-91.6929824725605,-91.37922132820756,-91.78185,-91.50119462451411
3,180.0,-16.129032258064527,-16.129032258064527,-91.15577390889099,-91.26247144269753,-91.00589066368067,-91.39466,-91.18932156348305
3,180.0,-9.677419354838719,-16.129032258064527,-90.80311703294856,-90.90929767367184,-90.72137831629705,-91.08351,-90.97401032450864
3,180.0,-3.225806451612911,-16.129032258064527,-90.53868818334159,-90.64229811072667,-90.53507034601175,-90.85547,-90.80734288918438
3,180.0,3.225806451612897,-16.129032258064527,-90.36860381071266,-90.46772599895982,-90.45304096285224,-90.71474,-90.69370572208307
3,180.0,9.677419354838705,-16.129032258064527,-90.29642181625329,-90.38927769783842,-90.47790255127323,-90.66116,-90.6301987238169
3,180.0,16.129032258064512,-16.129032258064527,-90.32294587428927,-90.40790813979591,-90.60829424693512,-90.68904,-90.6103996747176
3,180.0,22.58064516129032,-16.129032258064527,-90.4457522905838,-90.52138375388735,-90.83795908906245,-90.78755,-90.65656504170774
3,180.0,29.032258064516128,-16.129032258064527,-90.65844228083725,-90.72357448187857,-91.15449530892354,-90.94254,-90.792553145382
3,180.0,35.48387096774192,-16.129032258064527,-90.94972678086476,-91.00358686902217,-91.53814903580337,-91.139206,-91.00272390887625
3,180.0,41.935483870967744,-16.129032258064527,-91.30265278433689,-91.34503078371667,-91.96149887657623,-91.36451,-91.2597494865631
3,180.0,48.38709677419354,-16.129032258064527,-91.6945904645705,-91.72600281264027,-92.39140710391973,-91.49934,-91.49934008073218
3,180.0,54.83870967741933,-16.129032258064527,-92.09888745175094,-92.12063915411542,-92.79452616053804,-91.86786,-92.00831722394202
3,180.0,61.29032258064515,-16.129032258064527,-92.48896423038721,-92.50297701128738,-93.14598381789062,-92.14017,-92.4742786781795
3,180.0,67.74193548387095,-16.129032258064527,-92.8445602508166,-92.85289056216524,-93.43779691727227,-92.42812,-92.91766166432541
3,180.0,74.19354838709677,-16.129032258064527,-93.1579816795943,-93.16213506386488,-93.68191077860997,-92.73423,-93.28481091760635
3,180.0,80.64516129032256,-16.129032258064527,-93.43707342215285,-93.43741078076648,-93.90551649493305,-93.057785,-93.55697806071879
3,180.0,87.09677419354838,-16.129032258064527,-93.7029801764082,-93.69849796057352,-94.14147069752988,-93.391556,-93.75779530011513
3,180.0,93.54838709677418,-16.129032258064527,-93.98388007443097,-93.97241166828381,-94.41893097371624,-93.72123,-93.93717179861382
3,180.0,100.0,-16.129032258064527,-94.30786727606282,-94.28652867742312,-94.75741199068923,-94.02959,-94.14479900188084
3,180.0,-100.0,-9.677419354838719,-98.00562186211954,-98.01841672163977,-97.18064571113268,-97.89676,-97.94523002711543
3,180.0,-93.54838709677419,-9.677419354838719,-97.62895310270784,-97.64348009075252,-96.85276410389251,-97.56151,-97.7496828170289
3,180.0,-87.09677419354838,-9.677419354838719,-97.23246305647149,-97.25026189108274,-96.51109418998414,-97.17421,-97.41705245255974
3,180.0,-80.64516129032259,-9.677419354838719,-96.80178117816011,-96.82488089038162,-96.13950687513437,-97.288475,-97.28847756092759
3,180.0,-74.19354838709677,-9.677419354838719,-96.32529483720079,-96.35593052196198,-95.72362065925981,-96.24622,-96.42274086938615
3,180.0,-67.74193548387098,-9.677419354838719,-95.79724773141211,-95.83744223313674,-95.25456320628143,-95.915436,-95.91543179583968
3,180.0,-61.29032258064517,-9.677419354838719,-95.21986491729191,-95.27100226746595,-94.73207193382339,-95.1523,-95.20191995121431
3,180.0,-54.83870967741936,-9.677419354838719,-94.60360003023732,-94.66614421257988,-94.16557833622045,-94.567245,-94.60553768911987
3,180.0,-48.38709677419355,-9.677419354838719,-93.96541952391007,-94.03886558469993,-93.57276953905449,-93.97293,-94.02143282330132
3,180.0,-41.935483870967744,-9.677419354838719,-93.32592136264402,-93.40895329761514,-92.97636234719162,-93.38368,-93.41028660116906
3,180.0,-35.483870967741936,-9.677419354838719,-92.7064045898693,-92.79715881199733,-92.4004983628424,-92.826805,-92.82680132677046
3,180.0,-29.032258064516128,-9.677419354838719,-92.12668300604186,-92.22301309829653,-91.86791293110568,-92.28679,-92.0963383614364
3,180.0,-22.580645161290334,-9.677419354838719,-91.60387521004053,-91.70355639798521,-91.39830305042798,-91.40873,-91.40873175202744
3,180.0,-16.129032258064527,-9.677419354838719,-91.15199437176388,-91.2528523509428,-91.00772132165027,-91.40476,-91.21624004997182
3,180.0,-9.677419354838719,-9.677419354838719,-90.78201333606884,-90.88199003647254,-90.70858038926481,-91.0739,-90.99157770225861
3,180.0,-3.225806451612911,-9.677419354838719,-90.50210769458708,-90.59928618923281,-90.5098684192656,-90.79342,-90.79341943112966
3,180.0,3.225806451612897,-9.677419354838719,-90.31786585161089,-90.41047607310591,-90.41728494290024,-90.666565,-90.69054796409047
3,180.0,9.677419354838705,-9.677419354838719,-90.23233390933486,-90.31875725462086,-90.43310852658283,-90.59381,-90.59875958106538
3,180.0,16.129032258064512,-9.677419354838719,-90.24581658817752,-90.3246045056234,-90.55568039178675,-90.602554,-90.54410833100235
3,180.0,22.58064516129032,-9.677419354838719,-90.35539453781027,-90.42531448545498,-90.77845883343905,-90.68201,-90.5464845170199
3,180.0,29.032258064516128,-9.677419354838719,-90.55417090741736,-90.61429095673952,-91.0887312796762,-90.81828,-90.64217786371475
3,180.0,35.48387096774192,-9.677419354838719,-90.83036642826904,-90.88018293753964,-91.46635370702363,-90.996765,-90.84864302183479
3,180.0,41.935483870967744,-9.677419354838719,-91.16658674116168,-91.20618077439198,-91.88338089964617,-91.20465,-91.12842342256957
3,180.0,48.38709677419354,-9.677419354838719,-91.53989239395762,-91.57006328950573,-92.30599706744346,-91.43263,-91.4743948921957
3,180.0,54.83870967741933,-9.677419354838719,-91.92356738112821,-91.94584277178394,-92.70008702912938,-91.675674,-91.90126031410838
3,180.0,61.29032258064515,-9.677419354838719,-92.29130390782274,-92.30770488093188,-93.04009115301457,-91.93286,-92.36093286113928
3,180.0,67.74193548387095,-9.677419354838719,-92.62341612546481,-92.63593249866446,-93.31761368849733,-92.20604,-92.78601677870925
3,180.0,74.19354838709677,-9.677419354838719,-92.91287402974645,-92.92279207190332,-93.54452846961259,-92.49742,-93.13009070059387
3,180.0,80.64516129032256,-9.677419354838719,-93.16796075490252,-93.1753459977145,-93.74816980633192,-92.80618,-93.3845433330718
3,180.0,87.09677419354838,-9.677419354838719,-93.40981367829187,-93.41339468170175,-93.96154455958029,-93.12524,-93.57397935434813
3,180.0,93.54838709677418,-9.677419354838719,-93.66616615330047,-93.66361641689542,-94.21383911911491,-93.440735,-93.7423967861674
3,180.0,100.0,-9.677419354838719,-93.9644285597389,-93.95284423780936,-94.52449011942946,-93.73608,-93.94367885863885
3,180.0,-100.0,-3.225806451612911,-98.39116902737692,-98.40340091920645,-97.52208056933091,-98.44919,-98.44918847817425
3,180.0,-93.54838709677419,-3.225806451612911,-98.00394249722717,-98.01750803926052,-97.18552834448955,-97.8788,-98.13515808476359
3,180.0,-87.09677419354838,-3.225806451612911,-97.5945062437534,-97.61087549932044,-96.83410074045086,-97.48103,-97.71013989712807
3,180.0,-80.64516129032259,-3.225806451612911,-97.14786624027028,-97.16899982230508,-96.45099804125869,-96.874344,-96.8743428693312
3,180.0,-74.19354838709677,-3.225806451612911,-96.65218237403808,-96.68024622338024,-96.02137353211374,-96.597275,-96.59727289268434
3,180.0,-67.74193548387098,-3.225806451612911,-96.10204460174305,-96.13899032568027,-95.5363044438844,-95.98595,-96.07366328393204
3,180.0,-61.29032258064517,-3.225806451612911,-95.50058216177008,-95.54772577130842,-94.99598031120549,-95.409096,-95.48901013931632
3,180.0,-54.83870967741936,-3.225806451612911,-94.8594803315209,-94.9172346224868,-94.41067858908872,-94.8101,-94.90330887729976
3,180.0,-48.38709677419355,-3.225806451612911,-94.19693159530404,-94.26477308442612,-93.79906835517971,-94.20157,-94.3126576067772
3,180.0,-41.935483870967744,-3.225806451612911,-93.5344805676725,-93.61111654193053,-93.18471751067429,-93.59796,-93.68947305087603
3,180.0,-35.483870967741936,-3.225806451612911,-92.89397236999463,-92.97760286141214,-92.59233000730715,-93.01571,-93.02122071716008
3,180.0,-29.032258064516128,-3.225806451612911,-92.29538595012232,-92.38395910111774,-92.04488911362998,-92.47204,-92.35530531175598
3,180.0,-22.580645161290334,-3.225806451612911,-91.7557169531389,-91.84712191409531,-91.56208356535808,-91.98264,-91.8107879269673
3,180.0,-16.129032258064527,-3.225806451612911,-91.28867000047006,-91.38085658103262,-91.15978336371919,-91.55992,-91.44429917307059
3,180.0,-9.677419354838719,-3.225806451612911,-90.90480186370809,-90.99584160383543,-90.8501117878925,-91.21306,-91.19195315349522
3,180.0,-3.225806451612911,-3.225806451612911,-90.6118095455379,-90.69992060935549,-90.64170100459428,-90.94861,-90.99214657976398
3,180.0,3.225806451612897,-3.225806451612911,-90.41475684344093,-90.4983137583483,-90.53984173170929,-90.770355,-90.82788848239016
3,180.0,9.677419354838705,-3.225806451612911,-90.3161160687691,-90.39366155862673,-90.54634499794213,-90.67792,-90.69728383750054
3,180.0,16.129032258064512,-3.225806451612911,-90.31555607084151,-90.38582913419143,-90.65900895835918,-90.66571,-90.60956445503714
3,180.0,22.58064516129032,-3.225806451612911,-90.409448969801,-90.4714410875149,-90.87065853136994,-90.723305,-90.58540058180458
3,180.0,29.032258064516128,-3.225806451612911,-90.59012609452788,-90.64317383125378,-91.16786690023419,-90.51616,-90.51616047093208
3,180.0,35.48387096774192,-3.225806451612911,-90.84502901981422,-90.88894166588881,-91.5297645831302,-90.99346,-90.88357409834833
3,180.0,41.935483870967744,-3.225806451612911,-91.15611263255065,-91.19131136172055,-91.92784111138391,-91.17961,-91.17673934896588
3,180.0,48.38709677419354,-3.225806451612911,-91.50015028561444,-91.52775708457922,-92.32815323564623,-91.45745,-91.45745138152249
3,180.0,54.83870967741933,-3.225806451612911,-91.8507946885351,-91.87256841629917,-92.69716790133918,-91.60972,-91.91456853797095
3,180.0,61.29032258064515,-3.225806451612911,-92.18295489826362,-92.20097392009802,-93.01063130908125,-91.84767,-92.33757374225748
3,180.0,67.74193548387095,-3.225806451612911,-92.47886550556237,-92.49495919931005,-93.26173708948892,-92.10208,-92.72726250137137
3,180.0,74.19354838709677,-3.225806451612911,-92.7335336978649,-92.74864996858423,-93.46351329805654,-92.37485,-93.03624243389096
3,180.0,80.64516129032256,-3.225806451612911,-92.95661817714326,-92.97042403297499,-93.64350997899884,-92.664955,-93.26628026461357
3,180.0,87.09677419354838,-3.225806451612911,-93.1694809147134,-93.18037987825295,-93.8340270939226,-92.96548,-93.44429905574442
3,180.0,93.54838709677418,-3.225806451612911,-93.39899337755975,-93.40449280437277,-94.06301105285635,-93.26315,-93.60665097329041
3,180.0,100.0,-3.225806451612911,-93.67108073885346,-93.66828826600924,-94.34857942947686,-93.7103,-93.71029856139516
3,180.0,-100.0,3.225806451612897,-98.81725606905295,-98.82881595140255,-97.90027012173323,-98.6097,-98.82495325655893
3,180.0,-93.54838709677419,3.225806451612897,-98.42361601187352,-98.43593444371248,-97.55780394315069,-98.26041,-98.5679368998237
3,180.0,-87.09677419354838,3.225806451612897,-98.00704235368491,-98.02142478651625,-97.20136726754549,-97.8578,-98.10156008592688
3,180.0,-80.64516129032259,3.225806451612897,-97.55209487564181,-97.57034529124056,-96.81389670357845,-97.401764,-97.52862497108086
3,180.0,-74.19354838709677,3.225806451612897,-97.04659928481226,-97.07075686917172,-96.3801686614233,-96.89576,-96.95211553719435
3,180.0,-67.74193548387098,3.225806451612897,-96.48506906249345,-96.51700703524105,-95.89086260367203,-96.34667,-96.38781252496133
3,180.0,-61.29032258064517,3.225806451612897,-95.87087342656515,-95.91188789388342,-95.34586144046068,-95.76404,-95.82582120889296
3,180.0,-54.83870967741936,3.225806451612897,-95.21618630732797,-95.26672848241046,-94.75530603550006,-95.15906,-95.26408598759036
3,180.0,-48.38709677419355,3.225806451612897,-94.53977987590001,-94.59941389503763,-94.13790380638213,-94.54428,-94.6817809363805
3,180.0,-41.935483870967744,3.225806451612897,-93.863706764739,-93.93126214419085,-93.51737312203356,-93.93408,-94.05434760820543
3,180.0,-35.483870967741936,3.225806451612897,-93.21014678836426,-93.2839646921062,-92.9185930264284,-93.40132,-93.40131997374313
3,180.0,-29.032258064516128,3.225806451612897,-92.59921215986569,-92.67738775339626,-92.36467484234545,-92.792984,-92.70790328097236
3,180.0,-22.580645161290334,3.225806451612897,-92.0478501220007,-92.12841734811536,-91.87534706576878,-92.294395,-92.18296533667477
3,180.0,-16.129032258064527,3.225806451612897,-91.56957025637007,-91.65061870718509,-91.46641334354817,-91.86088,-91.81285065715257
3,180.0,-9.677419354838719,3.225806451612897,-91.17461625738882,-91.25435416953266,-91.14981616900161,-91.50117,-91.52853876069813
3,180.0,-3.225806451612911,3.225806451612897,-90.87026734696087,-90.94705216841234,-90.93388240582388,-91.22145,-91.28667983399836
3,180.0,3.225806451612897,3.225806451612897,-90.66106254613925,-90.73341928020083,-90.82345545732957,-91.02521,-91.07710706103873
3,180.0,9.677419354838705,3.225806451612897,-90.54882893109395,-90.61547285046503,-90.81973274534758,-90.91201,-90.90872462047152
3,180.0,16.129032258064512,3.225806451612897,-90.5324537358957,-90.59233073849718,-90.91971053660731,-90.876495,-90.80678969025786
3,180.0,22.58064516129032,3.225806451612897,-90.60738825144377,-90.65974282269184,-91.11522716041864,-90.90878,-90.79938004602195
3,180.0,29.032258064516128,3.225806451612897,-90.7649409720252,-90.80941578148557,-91.39175927899575,-90.99616,-90.90519816404834
3,180.0,35.48387096774192,3.225806451612897,-90.99154707639161,-91.0283049157777,-91.72744579124513,-91.12541,-91.12178427414668
3,180.0,41.935483870967744,3.225806451612897,-91.26841753778793,-91.29825050334162,-92.09330337696602,-91.284904,-91.3937629306852
3,180.0,48.38709677419354,3.225806451612897,-91.57223066859527,-91.59658471377443,-92.45599390296441,-91.46615,-91.68593672455165
3,180.0,54.83870967741933,3.225806451612897,-91.87762219038453,-91.89843917919333,-92.7840675841679,-91.6644,-92.003532275975
3,180.0,61.29032258064515,3.225806451612897,-92.16176607981507,-92.18107835323568,-93.05657253136553,-91.87847,-92.34619808589446
3,180.0,67.74193548387095,3.225806451612897,-92.41008782515117,-92.42942827800547,-93.27009455993085,-92.762825,-92.76281929679057
3,180.0,74.19354838709677,3.225806451612897,-92.62073481973309,-92.64058882695572,-93.43973345846359,-92.35928,-92.95529454824424
3,180.0,80.64516129032256,3.225806451612897,-92.80532495630537,-92.82488872724224,-93.59307747924974,-92.62633,-93.17237827428961
3,180.0,87.09677419354838,3.225806451612897,-92.98540301443153,-93.00274641338412,-93.76076588117658,-92.90399,-93.35722791262012
3,180.0,93.54838709677418,3.225806451612897,-93.1864599019454,-93.19896370632136,-93.96827608341982,-93.179665,-93.53905256353279
3,180.0,100.0,3.225806451612897,-93.4321900706321,-93.43703618985438,-94.2312787650101,-93.43831,-93.75840233613093
3,180.0,-100.0,9.677419354838705,-99.28090477425673,-99.29185141356251,-98.31409230880934,-99.05908,-99.3076117491161
3,180.0,-93.54838709677419,9.677419354838705,-98.88520294176713,-98.89621667155133,-97.96817013801004,-98.709496,-99.05726844644646
3,180.0,-87.09677419354838,9.677419354838705,-98.46764084475254,-98.47977010588835,-97.61118257349017,-98.306816,-98.58963685749046
3,180.0,-80.64516129032259,9.677419354838705,-98.0125402632581,-98.02734065650253,-97.22627655567919,-97.85098,-98.00628561281549
3,180.0,-74.19354838709677,9.677419354838705,-97.50726641350877,-97.52658287902578,-96.7979977023385,-97.345436,-97.38752482994477
3,180.0,-67.74193548387098,9.677419354838705,-96.94576067496827,-96.97136623825223,-96.31630711779367,-96.79703,-96.79993715778154
3,180.0,-61.29032258064517,9.677419354838705,-96.33086431891755,-96.3640666449305,-95.7800036738353,-96.203415,-96.20341570739353
3,180.0,-54.83870967741936,9.677419354838705,-95.67440009568614,-95.71576262980413,-95.19805050922258,-95.61097,-95.70946052987986
3,180.0,-48.38709677419355,9.677419354838705,-94.99501354792534,-95.0442814807887,-94.58817466627951,-94.996735,-95.1366461779955
3,180.0,-41.935483870967744,9.677419354838705,-94.31481068496362,-94.3710263812921,-93.97347801593943,-94.38652,-94.50659102141759
3,180.0,-35.483870967741936,9.677419354838705,-93.6561101905224,-93.71782994710969,-93.37858296211624,-93.94974,-93.94973911579623
3,180.0,-29.032258064516128,9.677419354838705,-93.0391542076439,-93.10467363300909,-92.82658554656999,-92.949715,-92.9497142602802
3,180.0,-22.580645161290334,9.677419354838705,-92.48094311957671,-92.5484764718766,-92.3372914132564,-92.73879,-92.64708861420884
3,180.0,-16.129032258064527,9.677419354838705,-91.99492288987375,-92.0627227156609,-91.92654751260861,-92.316086,-92.31607969316639
3,180.0,-9.677419354838719,9.677419354838705,-91.59113400566531,-91.65756197473394,-91.6062154842993,-91.92786,-91.95805464368868
3,180.0,-3.225806451612911,9.677419354838705,-91.27649588394505,-91.34006421656863,-91.38435418854172,-91.6339,-91.6726976226104
3,180.0,3.225806451612897,9.677419354838705,-91.05501341453257,-91.11441600020609,-91.26530399011702,-91.419365,-91.42285558657937
3,180.0,9.677419354838705,9.677419354838705,-90.92778692644778,-90.98193597783025,-91.24948717938786,-91.28374,-91.22568515982088
3,180.0,16.129032258064512,9.677419354838705,-90.89277423037205,-90.9408544878055,-91.33283845326717,-91.222015,-91.12339109680659
3,180.0,22.58064516129032,9.677419354838705,-90.94431374845122,-90.98586124391362,-91.5058937622563,-91.22508,-91.15570315215435
3,180.0,29.032258064516128,9.677419354838705,-91.07250385571044,-91.10750714060774,-91.75276269721714,-91.281265,-91.29755534414082
3,180.0,35.48387096774192,9.677419354838705,-91.26267861241718,-91.29168291801989,-92.05055118460633,-91.37844,-91.50246463734973
3,180.0,41.935483870967744,9.677419354838705,-91.49542993220578,-91.51959685746698,-92.37024036723982,-91.50603,-91.72367816598253
3,180.0,48.38709677419354,9.677419354838705,-91.7478172993995,-91.76886285376284,-92.68021080559191,-91.65619,-91.92882410969582
3,180.0,54.83870967741933,9.677419354838705,-91.99633702204761,-92.01626865316213,-92.9528115563783,-91.82451,-92.11922050829887
3,180.0,61.29032258064515,9.677419354838705,-92.22157117015024,-92.2422117074974,-93.17222303152583,-92.00975,-92.33906726026076
3,180.0,67.74193548387095,9.677419354838705,-92.41321343713217,-92.43563846914353,-93.33967699710337,-92.212746,-92.6014567365078
3,180.0,74.19354838709677,9.677419354838705,-92.57320346163937,-92.59733249607399,-93.47260658063712,-92.43457,-92.85548902120473
3,180.0,80.64516129032256,9.677419354838705,-92.71518869216989,-92.73972697064178,-93.59801998327718,-92.67378,-93.08094621855227
3,180.0,87.09677419354838,9.677419354838705,-92.86049610303893,-92.88322879697292,-93.74382971561205,-92.923874,-93.29068367367643
3,180.0,93.54838709677418,9.677419354838705,-93.03260302826429,-93.05086806252996,-93.93194149873281,-93.173004,-93.50745790935588
3,180.0,100.0,9.677419354838705,-93.2523126321759,-93.26345364674586,-94.17467814388452,-93.40715,-93.7558501553936
3,180.0,-100.0,16.129032258064512,-99.77762684683478,-99.78818962650959,-98.76182642958278,-99.95492,-99.954922849094
3,180.0,-93.54838709677419,16.129032258064512,-99.38392242098494,-99.39383973568383,-98.41409084547344,-99.22573,-99.54202412281762
3,180.0,-87.09677419354838,16.129032258064512,-98.97120025093608,-98.98118234289912,-98.05993737181295,-98.826706,-99.07948101845645
3,180.0,-80.64516129032259,16.129032258064512,-98.52384703030899,-98.53510848957538,-97.68328963357796,-98.6521,-98.65209396019142
3,180.0,-74.19354838709677,16.129032258064512,-98.02872681129816,-98.04283421281389,-97.26876285084303,-97.87471,-97.85470882235171
3,180.0,-67.74193548387098,16.129032258064512,-97.47876057918722,-97.497334277188,-96.80546692282527,-97.33191,-97.28572923586736
3,180.0,-61.29032258064517,16.129032258064512,-96.87548261455909,-96.89983605257324,-96.29049738877401,-96.75605,-96.77607854046298
3,180.0,-54.83870967741936,16.129032258064512,-96.22945963767538,-96.2603081799689,-95.73066430536288,-96.15794,-96.25590981747015
3,180.0,-48.38709677419355,16.129032258064512,-95.55841233998329,-95.59575178461057,-95.14164967906582,-95.54961,-95.69096670478224
3,180.0,-41.935483870967744,16.129032258064512,-94.8839577721565,-94.92712258848043,-94.54504694671976,-94.94455,-95.06459928085093
3,180.0,-35.483870967741936,16.129032258064512,-94.22829275601201,-94.27612790026001,-93.96464063415401,-94.28006,-94.28006415899681
3,180.0,-29.032258064516128,16.129032258064512,-93.61174660784549,-93.66280873408155,-93.42323580105867,-93.80563,-93.74505793934671
3,180.0,-22.580645161290334,16.129032258064512,-93.05145359782783,-93.10418458906172,-92.94065368609543,-93.30139,-93.22834173379377
3,180.0,-16.129032258064527,16.129032258064512,-92.56091634699115,-92.61376912305808,-92.53282619162707,-92.85596,-92.82005167985463
3,180.0,-9.677419354838719,16.129032258064512,-92.15007376886291,-92.20159562973456,-92.21158736201575,-92.47679,-92.46322068060596
3,180.0,-3.225806451612911,16.129032258064512,-91.82553518733387,-91.87442459203533,-91.98473192400355,-92.168945,-92.14280931621215
3,180.0,3.225806451612897,16.129032258064512,-91.59075510348963,-91.63590912286028,-91.85601966511263,-91.935165,-91.87201053239541
3,180.0,9.677419354838705,16.129032258064512,-91.44602655512199,-91.48659345503388,-91.8249344347275,-91.77496,-91.66968362442638
3,180.0,16.129032258064512,16.129032258064512,-91.38825207998076,-91.4236987699855,-91.88613019238139,-91.42584,-91.42583728942745
3,180.0,22.58064516129032,16.129032258064512,-91.41052934957044,-91.44072603405587,-92.02864637107174,-91.65338,-91.63858321789483
3,180.0,29.032258064516128,16.129032258064512,-91.5016938027066,-91.52700542229914,-92.23520768929062,-91.67348,-91.78844651120502
3,180.0,35.48387096774192,16.129032258064512,-91.64611408738672,-91.66746757463005,-92.4822624050764,-91.73334,-91.95660772773192
3,180.0,41.935483870967744,16.129032258064512,-91.82421332070038,-91.84308418188306,-92.74172654295637,-91.82359,-92.09982738807005
3,180.0,48.38709677419354,16.129032258064512,-92.01426463618637,-92.03251220220594,-92.98526664109477,-92.27975,-92.27974438749447
3,180.0,54.83870967741933,16.129032258064512,-92.19574364793417,-92.21525313317997,-93.19081301014883,-92.0705,-92.24935913008375
3,180.0,61.29032258064515,16.129032258064512,-92.35373608086114,-92.37591958478632,-93.34900098184497,-92.24949,-92.24949163066255
3,180.0,67.74193548387095,16.129032258064512,-92.48287889156086,-92.50820806064718,-93.46605890302074,-92.39169,-92.53382917935014
3,180.0,74.19354838709677,16.129032258064512,-92.58893873968745,-92.6167213341268,-93.56117030313449,-92.58073,-92.76509805191904
3,180.0,80.64516129032256,16.129032258064512,-92.68709597871617,-92.7155972940227,-93.65970406553957,-92.78717,-92.99712617458864
3,180.0,87.09677419354838,16.129032258064512,-92.79773968984483,-92.8245669752709,-93.785766988508,-93.00481,-93.23115764972053
3,180.0,93.54838709677418,16.129032258064512,-92.94165665193388,-92.96422235590491,-93.95683196073307,-93.22267,-93.48191926545148
3,180.0,100.0,16.129032258064512,-93.13624188834906,-93.15215066670099,-94.18129578093628,-93.42797,-93.76049736598951
3,180.0,-100.0,22.58064516129032,-100.30154237321764,-100.31207227332789,-99.24145110855412,-100.14679,-100.18525676659492
3,180.0,-93.54838709677419,22.58064516129032,-99.91312276181202,-99.92239440314515,-98.89237510914461,-99.80571,-99.98100356041563
3,180.0,-87.09677419354838,22.58064516129032,-99.51005264693268,-99.51838152868618,-98.54272356055581,-99.41319,-99.53408847660216
3,180.0,-80.64516129032259,22.58064516129032,-99.0772325709518,-99.08541001199092,-98.17784020575354,-98.96928,-98.94737861947114
3,180.0,-74.19354838709677,22.58064516129032,-98.60117768493951,-98.61039532789134,-97.78291317948509,-98.22768,-98.22767687847082
3,180.0,-67.74193548387098,22.58064516129032,-98.07353009929022,-98.08516625796999,-97.34638530655982,-97.943954,-97.83215242589327
3,180.0,-61.29032258064517,22.58064516129032,-97.49385642687285,-97.5091717968641,-96.86337352919185,-97.47604,-97.47604454107096
3,180.0,-54.83870967741936,22.58064516129032,-96.87056537691282,-96.89041351078899,-96.33780290204426,-96.7903,-96.88094997124719
3,180.0,-48.38709677419355,22.58064516129032,-96.21955166791483,-96.24420798299033,-95.78230157089965,-96.192,-96.33632070291168
3,180.0,-41.935483870967744,22.58064516129032,-95.56124376009551,-95.59039247711459,-95.21593779989153,-95.59619,-95.74540332617704
3,180.0,-35.483870967741936,22.58064516129032,-94.91729971204714,-94.95014395817338,-94.66085008926211,-95.01724,-95.10446509424747
3,180.0,-29.032258064516128,22.58064516129032,-94.30797091223661,-94.34339752583608,-94.13903530259657,-94.4699,-94.4623873992544
3,180.0,-22.580645161290334,22.58064516129032,-93.75052481808099,-93.78726641801845,-93.67006661177088,-93.96719,-93.90956255599176
3,180.0,-16.129032258064527,22.58064516129032,-93.25859284761944,-93.29535929590867,-93.2698561546795,-93.518875,-93.45361689901293
3,180.0,-9.677419354838719,22.58064516129032,-92.84208841698475,-92.87766489235678,-92.9501679912427,-93.13156,-93.05477594016929
3,180.0,-3.225806451612911,22.58064516129032,-92.50735056003366,-92.54067259632407,-92.71848278720888,-92.6942,-92.69419784597588
3,180.0,3.225806451612897,22.58064516129032,-92.25727295946376,-92.28749226282548,-92.5778894469845,-92.55531,-92.4363742099163
3,180.0,9.677419354838705,22.58064516129032,-92.09129110139592,-92.11784374568057,-92.52681273550093,-92.3681,-92.26761749600583
3,180.0,16.129032258064512,22.58064516129032,-92.00519938542826,-92.02788205978001,-92.55853804582763,-92.244,-92.207158604558
3,180.0,22.58064516129032,22.58064516129032,-91.99086906498786,-92.00991896356359,-92.66068245965755,-92.17595,-92.25354073627152
3,180.0,29.032258064516128,22.58064516129032,-92.03605834278905,-92.05221664680363,-92.81501380824531,-92.155136,-92.35260603421213
3,180.0,35.48387096774192,22.58064516129032,-92.12464802116341,-92.1391667676609,-92.99829798412316,-92.48588,-92.48587495857112
3,180.0,41.935483870967744,22.58064516129032,-92.23774025333007,-92.25227677530435,-93.18494633978085,-92.220116,-92.48208610558747
3,180.0,48.38709677419354,22.58064516129032,-92.35597661245188,-92.37232956459904,-93.35174027624872,-92.29216,-92.47046100412294
3,180.0,54.83870967741933,22.58064516129032,-92.46299091288111,-92.48268973236314,-93.4836099536314,-92.39145,-92.39145030951016
3,180.0,61.29032258064515,22.58064516129032,-92.54914217073826,-92.5729989579913,-93.57801138693695,-92.39666,-92.39665594155286
3,180.0,67.74193548387095,22.58064516129032,-92.61404858376633,-92.64185135500429,-93.6454106362393,-92.629364,-92.55161011925964
3,180.0,74.19354838709677,22.58064516129032,-92.66665278233403,-92.69714138444563,-93.70539870868554,-92.78075,-92.73322918181105
3,180.0,80.64516129032256,22.58064516129032,-92.72269897175218,-92.75382573042742,-93.78042138719277,-92.94954,-92.94558263463257
3,180.0,87.09677419354838,22.58064516129032,-92.80075481585165,-92.83010033101615,-93.88987805158172,-93.12988,-93.18466310333719
3,180.0,93.54838709677418,22.58064516129032,-92.91832092980229,-92.94350472461244,-94.04630392675992,-93.31181,-93.45857557317115
3,180.0,100.0,22.58064516129032,-93.08907732973864,-93.10806019344271,-94.25397409391297,-93.48392,-93.7653223418454
3,180.0,-100.0,29.032258064516128,-100.84573553297108,-100.85659314672225,-99.75102853090185,-100.77485,-100.60833471585063
3,180.0,-93.54838709677419,29.032258064516128,-100.46479189944323,-100.47400434922194,-99.39988138964465,-100.441376,-100.45037340858185
3,180.0,-87.09677419354838,29.032258064516128,-100.07457724377736,-100.08204947295573,-99.05438100155885,-100.05777,-100.04388679701933
3,180.0,-80.64516129032259,29.032258064516128,-99.66110728375622,-99.66715584522012,-98.70194225192925,-99.624115,-99.50946772990763
3,180.0,-74.19354838709677,29.032258064516128,-99.21096286875353,-99.21631530278131,-98.3289927674503,-98.75665,-98.75665774484106
3,180.0,-67.74193548387098,29.032258064516128,-98.71457405788499,-98.72025235770269,-97.92384376962458,-98.62301,-98.4919390881507
3,180.0,-61.29032258064517,29.032258064516128,-98.16916443738835,-98.17626387571401,-97.47983714000809,-98.07061,-98.04449353773325
3,180.0,-54.83870967741936,29.032258064516128,-97.58022292542384,-97.58965377508181,-96.99773297164526,-97.525635,-97.52563595140356
3,180.0,-48.38709677419355,29.032258064516128,-96.96087310381131,-96.97315785616767,-96.48635730967254,-96.91186,-97.0309529798516
3,180.0,-41.935483870967744,29.032258064516128,-96.32947198966266,-96.34466049947413,-95.96123531822677,-96.32869,-96.48116358523099
3,180.0,-35.483870967741936,29.032258064516128,-95.70648594835929,-95.72419046599036,-95.44184018723945,-96.06774,-96.06774506043695
3,180.0,-29.032258064516128,29.032258064516128,-95.11170743444472,-95.13121470401623,-94.9485368050126,-95.17421,-95.17420388112315
3,180.0,-22.580645161290334,29.032258064516128,-94.56237590234824,-94.5827853817368,-94.50008688045745,-94.722,-94.66194012144199
3,180.0,-16.129032258064527,29.032258064516128,-94.07222294168179,-94.09257722233527,-94.11204166255908,-94.2723,-94.18162897881672
3,180.0,-9.677419354838719,29.032258064516128,-93.6511622803653,-93.67055744373006,-93.7958979376665,-93.877525,-93.750702614017
3,180.0,-3.225806451612911,29.032258064516128,-93.30529405908791,-93.32297228272948,-93.55870151121329,-93.54123,-93.37490538375233
3,180.0,3.225806451612897,29.032258064516128,-93.03697376680175,-93.05240603786771,-93.4027998706612,-93.26516,-93.11088005575115
3,180.0,9.677419354838705,29.032258064516128,-92.84481417592424,-92.85777943746062,-93.32557014005671,-93.04877,-92.99195780633853
3,180.0,16.129032258064512,29.032258064516128,-92.72360608913618,-92.73426618852638,-93.31912190627149,-92.88866,-92.95773397062929
3,180.0,22.58064516129032,29.032258064516128,-92.66426078383688,-92.67321875181852,-93.37018460752704,-92.77911,-92.95853557899612
3,180.0,29.032258064516128,29.032258064516128,-92.65399777740592,-92.66231150915874,-93.46061592293901,-92.71302,-92.96429192046486
3,180.0,35.48387096774192,29.032258064516128,-92.6770996557706,-92.686209717629,-93.5691054013815,-92.68322,-92.94307684540314
3,180.0,41.935483870967744,29.032258064516128,-92.71654779497972,-92.72808028276589,-93.67446103485585,-92.68349,-92.88192113201148
3,180.0,48.38709677419354,29.032258064516128,-92.7566162273237,-92.77205647022004,-93.76012867477236,-92.81282,-92.81282865954847
3,180.0,54.83870967741933,29.032258064516128,-92.78599253447095,-92.80629495855794,-93.8184964989354,-92.75719,-92.70362403417096
3,180.0,61.29032258064515,29.032258064516128,-92.80043269891803,-92.82570015062673,-93.85295302211573,-92.826225,-92.65568072343174
3,180.0,67.74193548387095,29.032258064516128,-92.80381376517678,-92.8331833619753,-93.8764735347541,-92.91576,-92.68816018905328
3,180.0,74.19354838709677,29.032258064516128,-92.80703271261541,-92.83881921501042,-93.90733583567375,-93.0251,-92.79602731212299
3,180.0,80.64516129032256,29.032258064516128,-92.82519595192295,-92.857224424395,-93.96390302233876,-93.151886,-92.95656847201137
3,180.0,87.09677419354838,29.032258064516128,-92.87422124560356,-92.90421576855132,-94.06033739384021,-93.29054,-93.17257240921413
3,180.0,93.54838709677418,29.032258064516128,-92.96793631667732,-92.99384908442028,-94.20415696866426,-93.43232,-93.45456933120477
3,180.0,100.0,29.032258064516128,-93.1162540791596,-93.13647771108656,-94.39571159994048,-93.56734,-93.78471967467677
3,180.0,-100.0,35.48387096774192,-101.40276155699863,-101.41414917895914,-100.28897099419125,-101.43982,-101.10577203694733
3,180.0,-93.54838709677419,35.48387096774192,-101.0303788021285,-101.040060948978,-99.93422898321472,-101.11602,-101.01557402709965
3,180.0,-87.09677419354838,35.48387096774192,-100.65432749423965,-100.66183574572393,-99.59074310425922,-100.56206,-100.56206127303717
3,180.0,-80.64516129032259,35.48387096774192,-100.26243120522972,-100.26760975289221,-99.24855480453726,-100.32284,-100.24726091902889
3,180.0,-74.19354838709677,35.48387096774192,-99.84199944414742,-99.84506271028951,-98.89603251879097,-99.856865,-99.78283004657231
3,180.0,-67.74193548387098,35.48387096774192,-99.38271274584434,-99.38422174848785,-98.52213820473439,-99.35187,-99.29187287142406
3,180.0,-61.29032258064517,35.48387096774192,-98.87952300234802,-98.8802649434268,-98.11911543821915,-98.81615,-98.78654453555538
3,180.0,-54.83870967741936,35.48387096774192,-98.33458311694574,-98.33538054230465,-97.68487267094702,-98.25924,-98.26759904170466
3,180.0,-48.38709677419355,35.48387096774192,-97.75742690637928,-97.75894076268037,-97.22420199943522,-97.691505,-97.73801706159489
3,180.0,-41.935483870967744,35.48387096774192,-97.16335265677367,-97.16594692314828,-96.74833475312573,-97.24721,-97.24721279460226
3,180.0,-35.483870967741936,35.48387096774192,-96.57072995050343,-96.57443142380303,-96.27303166889463,-96.56999,-96.62631238610167
3,180.0,-29.032258064516128,35.48387096774192,-95.99822170354884,-96.0027652127679,-95.81596014085379,-95.92803,-95.92802866974645
3,180.0,-22.580645161290334,35.48387096774192,-95.46263127634575,-95.46755648189395,-95.3941831270223,-95.54809,-95.49266068573574
3,180.0,-16.129032258064527,35.48387096774192,-94.97759316146927,-94.98235948608323,-95.02225480482196,-95.098694,-95.01484412886144
3,180.0,-9.677419354838719,35.48387096774192,-94.5529625128379,-94.55706176929405,-94.71100767036718,-94.69748,-94.56605974580869
3,180.0,-3.225806451612911,35.48387096774192,-94.19462732037346,-94.19768644450991,-94.46686170450724,-94.347115,-94.16404204400044
3,180.0,3.225806451612897,35.48387096774192,-93.90450284800147,-93.90637566390615,-94.29143468579824,-93.702866,-93.70286521740702
3,180.0,9.677419354838705,35.48387096774192,-93.6805772592663,-93.68142350917165,-94.18132419056641,-93.801895,-93.81806563736575
3,180.0,16.129032258064512,35.48387096774192,-93.51700389078249,-93.51734702022229,-94.1280983802632,-93.60381,-93.7774280222315
3,180.0,22.58064516129032,35.48387096774192,-93.40435671784194,-93.4051013132924,-94.11872117999312,-93.45017,-93.71007979791523
3,180.0,29.032258064516128,35.48387096774192,-93.3302608266895,-93.3326408213698,-94.13677315146371,-93.335785,-93.6148062464096
3,180.0,35.48387096774192,35.48387096774192,-93.28063223767322,-93.28606111385741,-94.164776307764,-93.255554,-93.48754186170822
3,180.0,41.935483870967744,35.48387096774192,-93.24163663187252,-93.25145254909522,-94.18753727542615,-93.27559,-93.2755886449186
3,180.0,48.38709677419354,35.48387096774192,-93.20215996063645,-93.21730594509359,-94.19572085090007,-93.18097,-93.20744497415389
3,180.0,54.83870967741933,35.48387096774192,-93.15617112629536,-93.17690408183852,-94.18828445898893,-93.180885,-93.08807462211587
3,180.0,61.29032258064515,35.48387096774192,-93.10412699458142,-93.12986790622685,-94.17257125338483,-93.20337,-93.00320435397398
3,180.0,67.74193548387095,35.48387096774192,-93.05280056353698,-93.08219224745073,-94.16189932181625,-92.895584,-92.89558498514843
3,180.0,74.19354838709677,35.48387096774192,-93.01355713877747,-93.04470698961,-94.17166469626122,-93.3116,-92.98692916046585
3,180.0,80.64516129032256,35.48387096774192,-92.99973900299115,-93.03055339494556,-94.21542605415351,-93.39322,-93.06786016970864
3,180.0,87.09677419354838,35.48387096774192,-93.02403756156879,-93.05254279318166,-94.30205657575301,-93.48711,-93.23112262461011
3,180.0,93.54838709677418,35.48387096774192,-93.09650878595328,-93.12108875370677,-94.43439828858774,-93.585724,-93.5062874115492
3,180.0,100.0,35.48387096774192,-93.22350607974704,-93.24303043040928,-94.60942669868817,-93.68086,-93.85002542931144
3,180.0,-100.0,41.935483870967744,-101.96510274436866,-101.97687434238702,-100.85390980729328,-101.78087,-101.78087491902
3,180.0,-93.54838709677419,41.935483870967744,-101.60169779927907,-101.61207153733301,-100.4941544852707,-101.717186,-101.71718864703642
3,180.0,-87.09677419354838,41.935483870967744,-101.23945848563892,-101.24768304493625,-100.14962737362302,-101.44333,-101.36460972781789
3,180.0,-80.64516129032259,41.935483870967744,-100.86867980338252,-100.87419631159645,-99.81336976209043,-101.038086,-101.02417500881081
3,180.0,-74.19354838709677,41.935483870967744,-100.47819317127305,-100.48072517821029,-99.47626788757282,-100.90236,-100.90235404650852
3,180.0,-67.74193548387098,41.935483870967744,-100.0577297424368,-100.05732987388373,-99.12874990769814,-100.10334,-100.0988521465419
3,180.0,-61.29032258064517,41.935483870967744,-99.60055155857665,-99.59757841509293,-98.76292081935804,-99.58762,-99.54170942797302
3,180.0,-54.83870967741936,41.935483870967744,-99.10560240427087,-99.10062209553436,-98.37469014456053,-99.027725,-99.02773338951798
3,180.0,-48.38709677419355,41.935483870967744,-98.5783996076696,-98.5720394748126,-97.9652506668464,-98.504,-98.4542993143194
3,180.0,-41.935483870967744,41.935483870967744,-98.03032077591487,-98.02312633480065,-97.54136841729678,-97.838394,-97.83839353925858
3,180.0,-35.483870967741936,41.935483870967744,-97.47660644795145,-97.46894857382117,-97.11436643347832,-97.419044,-97.42036874799564
3,180.0,-29.032258064516128,41.935483870967744,-96.93384773580114,-96.92590036737981,-96.69818045485933,-96.9037,-96.91350219006122
3,180.0,-22.580645161290334,41.935483870967744,-96.41771091740284,-96.40949101922212,-96.30711920481897,-96.399155,-96.39915231381165
3,180.0,-16.129032258064527,41.935483870967744,-95.94130812956357,-95.93275507119053,-95.95387436008758,-95.97273,-95.9518734118777
3,180.0,-9.677419354838719,41.935483870967744,-95.51425540754863,-95.50532689942857,-95.64804811254146,-95.566925,-95.49506444311142
3,180.0,-3.225806451612911,41.935483870967744,-95.14225299578814,-95.13302105538499,-95.3952156121157,-95.203865,-95.07025227356083
3,180.0,3.225806451612897,41.935483870967744,-94.82699204179877,-94.8177274564635,-95.19643122321541,-94.88414,-94.77751829374084
3,180.0,9.677419354838705,41.935483870967744,-94.56626730029856,-94.55750128018863,-95.04811989060434,-94.968994,-94.9689959660684
3,180.0,16.129032258064512,41.935483870967744,-94.35428754374749,-94.34683518905474,-94.94240685015377,-94.371,-94.60863776008189
3,180.0,22.58064516129032,41.935483870967744,-94.18227511635342,-94.17720054371952,-94.86804753662742,-94.17281,-94.47286805543166
3,180.0,29.032258064516128,41.935483870967744,-94.0394910777103,-94.03799507243346,-94.81212444072395,-94.00941,-94.29534922223573
3,180.0,35.48387096774192,41.935483870967744,-93.91476596041393,-93.91799164742407,-94.76248138609884,-93.87782,-94.09078940270093
3,180.0,41.935483870967744,41.935483870967744,-93.7984294010856,-93.80721282216848,-94.71046228562186,-93.77557,-93.89095022725621
3,180.0,48.38709677419354,41.935483870967744,-93.68426039482046,-93.69889073586376,-94.65311120496239,-93.70067,-93.72585115670256
3,180.0,54.83870967741933,41.935483870967744,-93.57087973575099,-93.59095308866026,-94.59393440441794,-93.46773,-93.46773468993601
3,180.0,61.29032258064515,41.935483870967744,-93.4620676803525,-93.486495795443,-94.54182171217386,-93.62633,-93.48987747233349
3,180.0,67.74193548387095,41.935483870967744,-93.36585574553219,-93.39303242202047,-94.50851057027727,-93.62387,-93.39270772758891
3,180.0,74.19354838709677,41.935483870967744,-93.29271114407986,-93.32077943067824,-94.50551355356426,-93.64196,-93.33080996506624
3,180.0,80.64516129032256,41.935483870967744,-93.25341567776334,-93.28055403230934,-94.54143642191138,-93.67749,-93.3261305518036
3,180.0,87.09677419354838,41.935483870967744,-93.2572150754437,-93.28187468407494,-94.62026811846924,-93.26907,-93.26906993608225
3,180.0,93.54838709677418,41.935483870967744,-93.31059048225363,-93.33164719112871,-94.74086900310843,-93.78023,-93.6706473062248
3,180.0,100.0,41.935483870967744,-93.41676947293902,-93.43357930286538,-94.89767792147319,-93.83467,-94.00092483945544
3,180.0,-100.0,48.38709677419354,-102.52528456046379,-102.53679418005562,-101.44387407997257,-102.76313,-102.03172546107209
3,180.0,-93.54838709677419,48.38709677419354,-102.17152106270535,-102.18226579039352,-101.07910714822516,-102.46542,-102.12353387754987
3,180.0,-87.09677419354838,48.38709677419354,-101.82196575213067,-101.83103964010614,-100.73100590545974,-102.123,-101.96704866626018
3,180.0,-80.64516129032259,48.38709677419354,-101.46988377580057,-101.47645240111338,-100.39577789569711,-101.73619,-101.6720601746292
3,180.0,-74.19354838709677,48.38709677419354,-101.10636654802425,-101.10976443403908,-100.0671786426471,-101.308044,-101.27899403656615
3,180.0,-67.74193548387098,48.38709677419354,-100.7221379627019,-100.72195312096687,-99.73774233694343,-100.84413,-100.78239818707678
3,180.0,-61.29032258064517,48.38709677419354,-100.30974534143012,-100.30586775584212,-99.40038597206978,-100.35193,-100.24246415120052
3,180.0,-54.83870967741936,48.38709677419354,-99.8656442235295,-99.85825816472065,-99.05014029169851,-99.8398,-99.7124652082502
3,180.0,-48.38709677419355,48.38709677419354,-99.39153468672997,-99.38105231165898,-98.6855911197508,-99.31665,-99.20247111546539
3,180.0,-41.935483870967744,48.38709677419354,-98.89446911057976,-98.88142735841532,-98.30958590486672,-98.791916,-98.72556761922715
3,180.0,-35.483870967741936,48.38709677419354,-98.38570442298503,-98.37066273430857,-97.92895256062576,-98.275566,-98.29270971893726
3,180.0,-29.032258064516128,48.38709677419354,-97.87874260099346,-97.86221512396659,-97.55331538212863,-97.777336,-97.86810245899355
3,180.0,-22.580645161290334,48.38709677419354,-97.38720116590655,-97.3696386224698,-97.19338114534037,-97.30516,-97.40923320918455
3,180.0,-16.129032258064527,48.38709677419354,-96.92302642182624,-96.90484306183235,-96.85915593841176,-96.96454,-96.96454346872586
3,180.0,-9.677419354838719,48.38709677419354,-96.4952791986495,-96.47690852027682,-96.55844725486979,-96.456696,-96.48381083291466
3,180.0,-3.225806451612911,48.38709677419354,-96.10948654584604,-96.09144607128158,-96.29583027819768,-96.20209,-96.2020893141358
3,180.0,3.225806451612897,48.38709677419354,-95.7674513455563,-95.75039728903008,-96.07213097962152,-95.30797,-95.3079680360024
3,180.0,9.677419354838705,48.38709677419354,-95.46742513480923,-95.45217861568156,-95.88444230078791,-95.44057,-95.51467548049614
3,180.0,16.129032258064512,48.38709677419354,-95.204613915024,-95.192141188963,-95.72670858139577,-95.168686,-95.40100951191002
3,180.0,22.58064516129032,48.38709677419354,-94.97203907821967,-94.963372196032,-95.59091267100742,-94.92819,-95.22483507892386
3,180.0,29.032258064516128,48.38709677419354,-94.76176662532308,-94.75786252549156,-95.46880536397614,-94.717865,-94.98770527598161
3,180.0,35.48387096774192,48.38709677419354,-94.56642277348357,-94.56798001919951,-95.3539063702376,-94.536934,-94.72205082624552
3,180.0,41.935483870967744,48.38709677419354,-94.38075515437814,-94.38803266069948,-95.2432660893869,-94.48117,-94.48117507930532
3,180.0,48.38709677419354,48.38709677419354,-94.20286198694184,-94.21555874852089,-95.13839117045848,-94.260925,-94.29870770422201
3,180.0,54.83870967741933,48.38709677419354,-94.03471267717205,-94.05195705924484,-95.04494848931564,-94.301216,-94.30121071762811
3,180.0,61.29032258064515,48.38709677419354,-93.88177557221536,-93.90223669868752,-94.97130784105529,-94.1284,-94.12840243144021
3,180.0,67.74193548387095,48.38709677419354,-93.75187109801495,-93.77396189176841,-94.92640235550624,-94.04595,-93.90863519244148
3,180.0,74.19354838709677,48.38709677419354,-93.65361287429852,-93.67572819808147,-94.91754773092084,-94.01964,-93.79706782676315
3,180.0,80.64516129032256,48.38709677419354,-93.59486715427904,-93.61560083342627,-94.94875871985488,-94.01081,-93.74617949706563
3,180.0,87.09677419354838,48.38709677419354,-93.58156668071405,-93.5998689370193,-95.01989411272345,-94.01504,-93.79843524990858
3,180.0,93.54838709677418,48.38709677419354,-93.61706057094581,-93.63231705508517,-95.12678799624267,-94.02725,-93.98530347301138
3,180.0,100.0,48.38709677419354,-93.70205532639625,-93.71408162614583,-95.26238983066926,-94.04253,-94.25867695815013
3,180.0,-100.0,54.83870967741933,-103.07538578596409,-103.08544810058694,-102.0545692527798,-103.3558,-102.43353848607316
3,180.0,-93.54838709677419,54.83870967741933,-102.73341538358359,-102.7435410511597,-101.68775902224029,-103.07509,-102.59482983192937
3,180.0,-87.09677419354838,54.83870967741933,-102.39607847646107,-102.40534723179164,-101.33587071470261,-102.75199,-102.50486256190027
3,180.0,-80.64516129032259,54.83870967741933,-102.05984505828134,-102.06730322813374,-100.99827078486805,-102.38689,-102.2366025563623
3,180.0,-74.19354838709677,54.83870967741933,-101.71858074834084,-101.72333046677808,-100.67171316893749,-101.788704,-101.78870109710088
3,180.0,-67.74193548387098,54.83870967741933,-101.3648379104025,-101.36613102108213,-100.35121548336176,-101.54476,-101.40287622659143
3,180.0,-61.29032258064517,54.83870967741933,-100.99154292985253,-100.98886586479617,-100.03122892876904,-100.8879,-100.88789922068051
3,180.0,-54.83870967741936,54.83870967741933,-100.59379359715548,-100.58692385587874,-99.7069632724854,-100.596146,-100.43456615647067
3,180.0,-48.38709677419355,54.83870967741933,-100.1703176283491,-100.15933536326153,-99.3756189143781,-100.10129,-99.98114405187303
3,180.0,-41.935483870967744,54.83870967741933,-99.72414005583467,-99.70939190200512,-99.03721823918966,-99.603806,-99.5616427245856
3,180.0,-35.483870967741936,54.83870967741933,-99.26223453169433,-99.2442649053814,-98.69478813330008,-99.12204,-99.12203563895395
3,180.0,-29.032258064516128,54.83870967741933,-98.79429359074595,-98.77376997005945,-98.35382845094816,-98.9949,-98.99490402210202
3,180.0,-22.580645161290334,54.83870967741933,-98.33103584100292,-98.30869231793693,-98.02122385171899,-98.17934,-98.36007244307086
3,180.0,-16.129032258064527,54.83870967741933,-97.88252946962172,-97.85914010753348,-97.70390604967605,-97.74809,-97.90303129073308
3,180.0,-9.677419354838719,54.83870967741933,-97.45687741878226,-97.43325605237986,-97.40759468879354,-97.34307,-97.46201389053623
3,180.0,-3.225806451612911,54.83870967741933,-97.05941377061917,-97.03642626159225,-97.13586851312593,-96.96428,-97.02627523241577
3,180.0,3.225806451612897,54.83870967741933,-96.69241738746774,-96.670987682202,-96.88971476512387,-96.61125,-96.63904262040379
3,180.0,9.677419354838705,54.83870967741933,-96.35528999606629,-96.33638174851708,-96.66762102189625,-96.283424,-96.3888091748653
3,180.0,16.129032258064512,54.83870967741933,-96.04513998152682,-96.02970049983156,-96.4662081297522,-95.98039,-96.20037851858199
3,180.0,22.58064516129032,54.83870967741933,-95.75770863018869,-95.7465720769506,-96.28132278926708,-95.997734,-95.99772962698961
3,180.0,29.032258064516128,54.83870967741933,-95.48853549926918,-95.48229752094502,-96.1093912111909,-95.44972,-95.68368613081782
3,180.0,35.48387096774192,54.83870967741933,-95.23418239984075,-95.23307507979888,-95.94870728401185,-95.22409,-95.35410931801928
3,180.0,41.935483870967744,54.83870967741933,-94.99326152304963,-94.9970678255035,-95.80026881627464,-95.02664,-95.04949007980483
3,180.0,48.38709677419354,54.83870967741933,-94.76700616846102,-94.77504854204045,-95.66786238215616,-94.79903,-94.79902468963006
3,180.0,54.83870967741933,54.83870967741933,-94.5592225654166,-94.57043961304737,-95.55732913104414,-94.75151,-94.75150671245055
3,180.0,61.29032258064515,54.83870967741933,-94.37564205364141,-94.38873914031782,-95.47521431148456,-94.55583,-94.55583219568331
3,180.0,67.74193548387095,54.83870967741933,-94.2228694462851,-94.23650780294255,-95.42717924594753,-94.51725,-94.4311202425112
3,180.0,74.19354838709677,54.83870967741933,-94.10721433174542,-94.12019718094515,-95.4165816383125,-94.4506,-94.32773679543546
3,180.0,80.64516129032256,54.83870967741933,-94.03367725543214,-94.04509872379954,-95.44355454087227,-94.40152,-94.26731005430128
3,180.0,87.09677419354838,54.83870967741933,-94.00528305494191,-94.01461778150085,-95.50481115292122,-94.36591,-94.28627585904277
3,180.0,93.54838709677418,54.83870967741933,-94.022864339752,-94.02998586569467,-95.59429539852304,-94.33977,-94.40725995659992
3,180.0,100.0,54.83870967741933,-94.08532630205066,-94.09044953609646,-95.70464360696343,-94.319565,-94.60585680541672
3,180.0,-100.0,61.29032258064515,-103.60587784173093,-103.6129030868766,-102.67675553041482,-103.87102,-102.90835052852943
3,180.0,-93.54838709677419,61.29032258064515,-103.28055813150306,-103.2884729625748,-102.31531782614142,-103.61068,-103.12425588631638
3,180.0,-87.09677419354838,61.29032258064515,-102.95728229548403,-102.96527968667004,-101.96357659481112,-103.310585,-103.07207296626822
3,180.0,-80.64516129032259,61.29032258064515,-102.63564736302327,-102.642804571382,-101.62390163319073,-102.97118,-102.82591459476745
3,180.0,-74.19354838709677,61.29032258064515,-102.3124956285263,-102.31784952135932,-101.29601476907052,-102.59528,-102.4677944146429
3,180.0,-67.74193548387098,61.29032258064515,-101.98275950936187,-101.9853934068429,-100.97757778842782,-102.18784,-102.05276181753243
3,180.0,-61.29032258064517,61.29032258064515,-101.64067177448624,-101.63980814268487,-100.6650288229707,-101.755295,-101.60735397412992
3,180.0,-54.83870967741936,61.29032258064515,-101.28117795809565,-101.2762647154713,-100.35456836525371,-101.30469,-101.17448466823416
3,180.0,-48.38709677419355,61.29032258064515,-100.90127056792048,-100.89204429379855,-100.04314355124203,-100.843185,-100.77465565663391
3,180.0,-41.935483870967744,61.29032258064515,-100.50090391254118,-100.48741562649494,-99.72923574977963,-100.37808,-100.39781472627726
3,180.0,-35.483870967741936,61.29032258064515,-100.08322145460768,-100.06582090661857,-99.41326539282498,-99.91673,-100.02774984092386
3,180.0,-29.032258064516128,61.29032258064515,-99.6540358042144,-99.63332345379612,-99.09751209053553,-99.46602,-99.64042195843751
3,180.0,-22.580645161290334,61.29032258064515,-99.22074667758324,-99.19751092459333,-98.78558497153024,-99.17336,-99.17336210330927
3,180.0,-16.129032258064527,61.29032258064515,-98.7910363400442,-98.7661925741839,-98.48160931558738,-98.614746,-98.79453617661531
3,180.0,-9.677419354838719,61.29032258064515,-98.37168649780985,-98.3462260086465,-98.18936589973985,-98.21732,-98.40249979204847
3,180.0,-3.225806451612911,61.29032258064515,-97.96775465949906,-97.94270112428055,-97.91161206910196,-97.8381,-98.01155854740483
3,180.0,3.225806451612897,61.29032258064515,-97.58221376692781,-97.55857812834739,-97.64974887353092,-97.47616,-97.6234362932913
3,180.0,9.677419354838705,61.29032258064515,-97.2160534078578,-97.19477701871911,-97.40390754629692,-97.131004,-97.29362339281367
3,180.0,16.129032258064512,61.29032258064515,-96.86877350040567,-96.85065461557895,-97.17342984883514,-96.80296,-97.0164734145679
3,180.0,22.58064516129032,61.29032258064515,-96.53915346944879,-96.52476195309305,-96.9576177870241,-96.75249,-96.75248673656283
3,180.0,29.032258064516128,61.29032258064515,-96.22613622854209,-96.21573239244961,-96.75654209063948,-96.205124,-96.39206143038405
3,180.0,35.48387096774192,61.29032258064515,-95.92963295151199,-95.92311379939514,-96.57165546085609,-95.94113,-96.00270947278575
3,180.0,41.935483870967744,61.29032258064515,-95.65105633749451,-95.6479513848965,-96.40598954475884,-95.70451,-95.62292582271631
3,180.0,48.38709677419354,61.29032258064515,-95.39344800548571,-95.39297591296378,-96.26383036010567,-95.49727,-95.34578276530495
3,180.0,54.83870967741933,61.29032258064515,-95.16117307778256,-95.1623536019875,-96.1499264193422,-95.31976,-95.17013936067255
3,180.0,61.29032258064515,61.29032258064515,-94.95927334543302,-94.96107402007283,-96.06842257072836,-94.994965,-94.99496550448183
3,180.0,67.74193548387095,61.29032258064515,-94.79265293772934,-94.79414235624705,-96.02178510674483,-95.04736,-94.97222809350811
3,180.0,74.19354838709677,61.29032258064515,-94.66529337871599,-94.6657737648958,-96.00998889672533,-94.94587,-94.90314993658374
3,180.0,80.64516129032256,61.29032258064515,-94.57966789900863,-94.57876529872328,-96.03020080000704,-94.86212,-94.8398001380333
3,180.0,87.09677419354838,61.29032258064515,-94.53647460620324,-94.53417148388796,-96.07712749926485,-94.79225,-94.82362037740643
3,180.0,93.54838709677418,61.29032258064515,-94.53475410773918,-94.53135514436526,-96.14407704428203,-94.73313,-94.88581980999305
3,180.0,100.0,61.29032258064515,-94.57239984296429,-94.56842937488538,-96.22457898780523,-94.68242,-95.01296985760851
3,180.0,-100.0,67.74193548387095,-104.10411811788802,-104.10644410323368,-103.29314517172905,-104.29885,-103.46927372686415
3,180.0,-93.54838709677419,67.74193548387095,-103.80369561435855,-103.80751049069235,-102.94988891912284,-104.063225,-103.73445013480932
3,180.0,-87.09677419354838,67.74193548387095,-103.49993553019779,-103.5046430558553,-102.60782185215432,-103.79091,-103.69571782728508
3,180.0,-80.64516129032259,67.74193548387095,-103.19514036532325,-103.19996865019803,-102.27194147286173,-103.48242,-103.45406784653306
3,180.0,-74.19354838709677,67.74193548387095,-102.88899811108848,-102.89305942127513,-101.9447596079465,-103.1404,-103.10922114227313
3,180.0,-67.74193548387098,67.74193548387095,-102.57902842266296,-102.58139276502561,-101.62659627163661,-102.78896,-102.78896414440632
3,180.0,-61.29032258064517,67.74193548387095,-102.26137183587055,-102.2611520365004,-101.31613236188313,-102.3754,-102.29942884666782
3,180.0,-54.83870967741936,67.74193548387095,-101.9318146633225,-101.92825679780846,-101.01112404475593,-101.96451,-101.9067202559184
3,180.0,-48.38709677419355,67.74193548387095,-101.58687726702257,-101.57944493952604,-100.70916728811099,-101.543,-101.55654449867552
3,180.0,-41.935483870967744,67.74193548387095,-101.22473773298455,-101.21317540258264,-100.40838406041266,-101.11693,-101.21300188580972
3,180.0,-35.483870967741936,67.74193548387095,-100.84576650982314,-100.83012912390431,-100.1079030063701,-100.69225,-100.83243128658829
3,180.0,-29.032258064516128,67.74193548387095,-100.4525400828179,-100.4331840000046,-99.80804536456743,-100.27435,-100.4214737132581
3,180.0,-22.580645161290334,67.74193548387095,-100.04935906045837,-100.02689898018065,-99.51020130882279,-99.867035,-100.00677404748734
3,180.0,-16.129032258064527,67.74193548387095,-99.64144716067852,-99.61669034480454,-99.21646925313523,-99.47188,-99.62377642103442
3,180.0,-9.677419354838719,67.74193548387095,-99.23408371225901,-99.20795339257089,-98.92919651161495,-99.088394,-99.27858175608296
3,180.0,-3.225806451612911,67.74193548387095,-98.83190278958814,-98.80535865610295,-98.65057890827941,-99.055374,-99.05537953775783
3,180.0,3.225806451612897,67.74193548387095,-98.43850663675863,-98.41246558660367,-98.38244542784909,-98.350945,-98.53219187047128
3,180.0,9.677419354838705,67.74193548387095,-98.05643619742551,-98.03169458042825,-98.12628561195672,-97.99527,-98.15101051145886
3,180.0,16.129032258064512,67.74193548387095,-97.6874500332592,-97.66461063292863,-97.88349361855369,-97.649216,-97.81234337450644
3,180.0,22.58064516129032,67.74193548387095,-97.3329972700843,-97.31240879978247,-97.65572615816538,-97.31551,-97.48652977750035
3,180.0,29.032258064516128,67.74193548387095,-96.9947339269222,-96.97645479524158,-97.44522362836258,-96.99849,-97.13035757469457
3,180.0,35.48387096774192,67.74193548387095,-96.67492923031818,-96.65872751967004,-97.25494230992757,-96.80739,-96.80738208888455
3,180.0,41.935483870967744,67.74193548387095,-96.37664290457568,-96.36203941105558,-97.08839558001073,-96.10459,-96.1045927678293
3,180.0,48.38709677419354,67.74193548387095,-96.10362053744403,-96.08997264859944,-96.94918937902003,-96.194824,-95.96166345819086
3,180.0,54.83870967741933,67.74193548387095,-95.85993317661598,-95.84654779705674,-96.84033230305802,-95.715096,-95.71509452729128
3,180.0,61.29032258064515,67.74193548387095,-95.64945415505468,-95.63571129859037,-96.7634753778777,-95.80687,-95.6481439866497
3,180.0,67.74193548387095,67.74193548387095,-95.47530278822926,-95.46076925024934,-96.71827757867621,-95.65419,-95.59761761870418
3,180.0,74.19354838709677,67.74193548387095,-95.33938849795229,-95.32390227767011,-96.70210065826411,-95.59854,-95.59854931499302
3,180.0,80.64516129032256,67.74193548387095,-95.24216925788416,-95.22587840101264,-96.71020808778434,-95.41152,-95.45910106360745
3,180.0,87.09677419354838,67.74193548387095,-95.18270458320191,-95.1660483017899,-96.73655873250593,-95.31348,-95.39982159590292
3,180.0,93.54838709677418,67.74193548387095,-95.15903697277386,-95.14266363982243,-96.7751220949418,-95.22724,-95.40816087728419
3,180.0,100.0,67.74193548387095,-95.16887148462922,-95.15349951888655,-96.8214129469731,-95.15143,-95.4672850241617
3,180.0,-100.0,74.19354838709677,-104.55331975200181,-104.54969654668362,-103.8760048768709,-104.63553,-104.04077906903444
3,180.0,-93.54838709677419,74.19354838709677,-104.28899802188825,-104.28704007538359,-103.5687689375516,-104.43038,-104.35559833913082
3,180.0,-87.09677419354838,74.19354838709677,-104.01414779393136,-104.01352273808524,-103.25194482485664,-104.1922,-104.31691627976237
3,180.0,-80.64516129032259,74.19354838709677,-103.73297305105318,-103.73313757910948,-102.9323586654698,-103.921555,-104.06666092466558
3,180.0,-74.19354838709677,74.19354838709677,-103.4475239669956,-103.44776387722632,-102.61485514316142,-103.62091,-103.71872174205046
3,180.0,-67.74193548387098,74.19354838709677,-103.15776491633714,-103.15725197645135,-102.30223764560793,-103.29443,-103.33416496322278
3,180.0,-61.29032258064517,74.19354838709677,-102.8619816412376,-102.8598445027268,-101.99551726492999,-102.947266,-102.94325863345165
3,180.0,-54.83870967741936,74.19354838709677,-102.5574460433364,-102.5528514749726,-101.69437126653618,-102.58481,-102.5887302080043
3,180.0,-48.38709677419355,74.19354838709677,-102.24122312384105,-102.2334605281123,-101.39770839253843,-102.21214,-102.2838453310004
3,180.0,-41.935483870967744,74.19354838709677,-101.91097031361436,-101.89952846454418,-101.10423914936379,-102.09288,-102.09287262701466
3,180.0,-35.483870967741936,74.19354838709677,-101.56556602614152,-101.55018892178663,-100.8129567199922,-101.45471,-101.59363524678636
3,180.0,-29.032258064516128,74.19354838709677,-101.2054356630071,-101.18614648563798,-100.52345640516302,-101.07814,-101.18133016354656
3,180.0,-22.580645161290334,74.19354838709677,-100.83252409680645,-100.80961246514636,-100.23606199039122,-100.706635,-100.78180799747852
3,180.0,-16.129032258064527,74.19354838709677,-100.44996789427755,-100.42394334756821,-99.95177861818036,-100.34064,-100.41489720331015
3,180.0,-9.677419354838719,74.19354838709677,-100.0616042094382,-100.0331248922433,-99.6721367624121,-99.97886,-100.08125153730904
3,180.0,-3.225806451612911,74.19354838709677,-99.67148212767216,-99.64127017654214,-99.39901331289275,-99.619286,-99.72796150531036
3,180.0,3.225806451612897,74.19354838709677,-99.28351129398044,-99.2522660579591,-99.13450504735536,-99.2603,-99.3251434362954
3,180.0,9.677419354838705,74.19354838709677,-98.90131331944586,-98.8696321530229,-98.8808913310494,-98.90164,-98.92149937451808
3,180.0,16.129032258064512,74.19354838709677,-98.52826428544618,-98.49657963685186,-98.64067158845182,-98.54508,-98.55893706473668
3,180.0,22.58064516129032,74.19354838709677,-98.16765638931714,-98.13619724701374,-98.41661804482763,-98.194664,-98.23178247606589
3,180.0,29.032258064516128,74.19354838709677,-97.82287708327138,-97.79166143314775,-98.21176218121876,-97.8563,-97.90420035607674
3,180.0,35.48387096774192,74.19354838709677,-97.4975084386152,-97.46637015118739,-98.02924308719125,-97.53679,-97.53634211286362
3,180.0,41.935483870967744,74.19354838709677,-97.19528275508246,-97.16393121692988,-97.87198520024339,-97.24234,-97.13487048414822
3,180.0,48.38709677419354,74.19354838709677,-96.91988035448246,-96.88798531375429,-97.74222991990364,-96.977325,-96.77907490990982
3,180.0,54.83870967741933,74.19354838709677,-96.67460633943571,-96.64189543067279,-97.64100469831592,-96.74358,-96.5303412311408
3,180.0,61.29032258064515,74.19354838709677,-96.46202152814156,-96.4283748185676,-97.56766148329517,-96.54021,-96.4157316013291
3,180.0,67.74193548387095,74.19354838709677,-96.28362230520952,-96.24914707222257,-97.51964439144137,-96.36412,-96.35893437020303
3,180.0,74.19354838709677,74.19354838709677,-96.13966480122858,-96.1047343009294,-97.49264227118366,-96.21088,-96.27568420858168
3,180.0,80.64516129032256,74.19354838709677,-96.02921255021326,-95.99445501382121,-97.48122515370943,-96.176056,-96.1760542258279
3,180.0,87.09677419354838,74.19354838709677,-95.9504527230456,-95.91668254070264,-97.47993420246887,-95.96406,-95.96405874850895
3,180.0,93.54838709677418,74.19354838709677,-95.90127101862646,-95.86936470545223,-97.48460249980043,-95.84809,-95.99570797726432
3,180.0,100.0,74.19354838709677,-95.88000124048742,-95.85073625962028,-97.49350236776017,-95.75246,-95.97267984878279
3,180.0,-100.0,80.64516129032256,-104.93320225350098,-104.92329287793925,-104.38772842017252,-104.77391,-104.77390843692868
3,180.0,-93.54838709677419,80.64516129032256,-104.7171453151351,-104.70856327072539,-104.13666059022576,-104.711365,-104.815600835671
3,180.0,-87.09677419354838,80.64516129032256,-104.4833042811051,-104.47597038874864,-103.8651502363607,-104.51543,-104.81460994694788
3,180.0,-80.64516129032259,80.64516129032256,-104.23661563754538,-104.23023860583694,-103.58043559166103,-104.29152,-104.58705125713035
3,180.0,-74.19354838709677,80.64516129032256,-103.9806297652753,-103.97471859334561,-103.28871264973901,-104.041885,-104.2570515289857
3,180.0,-67.74193548387098,80.64516129032256,-103.71724136506754,-103.71113928888911,-102.9946971634422,-103.77015,-103.89342128532319
3,180.0,-61.29032258064517,80.64516129032256,-103.4467415961668,-103.43967766490789,-102.70151960677441,-103.48069,-103.5260047123133
3,180.0,-54.83870967741936,80.64516129032256,-103.16814295282165,-103.15929739760799,-102.41088713122656,-103.17784,-103.19530797076015
3,180.0,-48.38709677419355,80.64516129032256,-102.87969733926349,-102.86827564793113,-102.1234227469615,-102.86539,-102.91985444159434
3,180.0,-41.935483870967744,80.64516129032256,-102.57950463925556,-102.56481266463099,-101.83908894527684,-102.54646,-102.6335673865837
3,180.0,-35.483870967741936,80.64516129032256,-102.26609594090357,-102.24760573661653,-101.55761160646058,-102.22375,-102.29112728235222
3,180.0,-29.032258064516128,80.64516129032256,-101.9388824962421,-101.9162778041843,-101.27883735025038,-101.88645,-101.88645205568939
3,180.0,-22.580645161290334,80.64516129032256,-101.59839618926766,-101.57158894833019,-101.00298289186279,-101.57381,-101.57908689108103
3,180.0,-16.129032258064527,80.64516129032256,-101.24630490058004,-101.21541959981994,-100.73076545087461,-101.099915,-101.09991372836771
3,180.0,-9.677419354838719,80.64516129032256,-100.88524737956037,-100.85057676308662,-100.46343163983055,-100.91591,-100.87188097223947
3,180.0,-3.225806451612911,80.64516129032256,-100.51857290313991,-100.48051417771075,-100.20271965308262,-100.57883,-100.46794494659406
3,180.0,3.225806451612897,80.64516129032256,-100.15007629429205,-100.10906011910728,-99.95079018025731,-100.2336,-100.02338807492006
3,180.0,9.677419354838705,80.64516129032256,-99.78379113484988,-99.74021610186887,-99.71014620459943,-99.88017,-99.59517359881148
3,180.0,16.129032258064512,80.64516129032256,-99.42385944391594,-99.37804312812693,-99.48353849182388,-99.52107,-99.23070914717331
3,180.0,22.58064516129032,80.64516129032256,-99.0744548146267,-99.02660950594944,-99.27383344848181,-99.161606,-98.93834130365853
3,180.0,29.032258064516128,80.64516129032256,-98.73971286707638,-98.68995023229168,-99.08381320394518,-98.809296,-98.68948853627329
3,180.0,35.48387096774192,80.64516129032256,-98.42362323182215,-98.3719876996915,-98.91588923150874,-98.47266,-98.43287030044746
3,180.0,41.935483870967744,80.64516129032256,-98.12985748649186,-98.07638351407269,-98.77173920772364,-98.15938,-98.12546066245176
3,180.0,48.38709677419354,80.64516129032256,-97.86153837024582,-97.80632246992161,-98.6519158007579,-97.87506,-97.7829380564481
3,180.0,54.83870967741933,80.64516129032256,-97.6209869413613,-97.56426188899113,-98.55551669274598,-97.31635,-97.31635555001068
3,180.0,61.29032258064515,80.64516129032256,-97.40950815336133,-97.35170443476406,-98.48003623262804,-97.40045,-97.38117853911879
3,180.0,67.74193548387095,80.64516129032256,-97.22728677649337,-97.16906537257049,-98.42152521602213,-97.206566,-97.30389525243494
3,180.0,74.19354838709677,80.64516129032256,-97.07346138383306,-97.01570324040608,-98.37514552760956,-97.15443,-97.1544262910207
3,180.0,80.64516129032256,80.64516129032256,-96.94642054669863,-96.890163006563,-98.3361028652778,-96.884155,-96.97553272576928
3,180.0,87.09677419354838,80.64516129032256,-96.84431926563735,-96.7906398569796,-98.30078166370319,-96.74736,-96.81500520827515
3,180.0,93.54838709677418,80.64516129032256,-96.76574789061917,-96.71561093970507,-98.26775064212869,-96.62395,-96.66825901382654
3,180.0,100.0,80.64516129032256,-96.71041657225513,-96.66451428564076,-98.23825550246596,-96.51352,-96.52415275266986
3,180.0,-100.0,87.09677419354838,-105.22335071061376,-105.20802145224616,-104.78713837072085,-105.02875,-104.38067402119376
3,180.0,-93.54838709677419,87.09677419354838,-105.06520658565762,-105.0504444431205,-104.60904098039633,-105.07119,-105.07119367014441
3,180.0,-87.09677419354838,87.09677419354838,-104.88412241349167,-104.87001259541498,-104.40280883821006,-104.76277,-105.0602670180107
3,180.0,-80.64516129032259,87.09677419354838,-104.68445362339492,-104.67090910234533,-104.17425382630506,-104.59555,-104.94076022304361
3,180.0,-74.19354838709677,87.09677419354838,-104.47009056388276,-104.45683279263598,-103.92933619757116,-104.4077,-104.68526644567524
3,180.0,-67.74193548387098,87.09677419354838,-104.24397469662978,-104.23053782861953,-103.67349435121423,-104.202255,-104.38231998973095
3,180.0,-61.29032258064517,87.09677419354838,-104.00786273807739,-103.99361909776756,-103.41121998162045,-103.98263,-104.04267203007498
3,180.0,-54.83870967741936,87.09677419354838,-103.7623425740895,-103.74654597692893,-103.14589541557933,-103.58296,-103.58296596959883
3,180.0,-48.38709677419355,87.09677419354838,-103.50706352294048,-103.48890618580094,-102.87985376051313,-103.51238,-103.46022067338451
3,180.0,-41.935483870967744,87.09677419354838,-103.24111595870585,-103.21979336245786,-102.61459373298223,-103.265396,-103.18680513299951
3,180.0,-35.483870967741936,87.09677419354838,-102.96347930261501,-102.9382555118105,-102.35107421797974,-103.01164,-102.8997465236481
3,180.0,-29.032258064516128,87.09677419354838,-102.67345363011262,-102.64371814126987,-102.09002112221064,-102.751144,-102.6403344589332
3,180.0,-22.580645161290334,87.09677419354838,-102.37100134655677,-102.33630875876312,-101.83219503229378,-102.48308,-102.39641918819405
3,180.0,-16.129032258064527,87.09677419354838,-102.05695182269622,-102.01703826145595,-101.57858809628111,-102.20557,-102.09214824708258
3,180.0,-9.677419354838719,87.09677419354838,-101.73305755942657,-101.68783252141762,-101.33053804364722,-101.915726,-101.67375225228675
3,180.0,-3.225806451612911,87.09677419354838,-101.40192388470176,-101.35144165484895,-101.08976196534297,-101.610535,-101.15929928064088
3,180.0,3.225806451612897,87.09677419354838,-101.0668539436832,-101.01127324910907,-100.8583193854119,-101.28795,-100.62551555776503
3,180.0,9.677419354838705,87.09677419354838,-100.73165181732166,-100.67119466014267,-100.63851329466415,-100.94817,-100.15140515046394
3,180.0,16.129032258064512,87.09677419354838,-100.40041286953513,-100.33533313549954,-100.43273270223455,-100.59451,-99.78662942303768
3,180.0,22.58064516129032,87.09677419354838,-100.07731176620986,-100.00788162434425,-100.24323661065536,-100.23355,-99.54397729212658
3,180.0,29.032258064516128,87.09677419354838,-99.76638527604295,-99.69290333670669,-100.07188268449133,-99.87448,-99.40037727165793
3,180.0,35.48387096774192,87.09677419354838,-99.47130492386995,-99.39412540865061,-99.91981744021669,-99.52742,-99.29583445039734
3,180.0,41.935483870967744,87.09677419354838,-99.195144040088,-99.11472147379757,-99.78716810815209,-99.20163,-99.13161644579642
3,180.0,48.38709677419354,87.09677419354838,-98.9401605543249,-98.85710016220108,-99.67280486783932,-98.9039,-98.85829187660275
3,180.0,54.83870967741933,87.09677419354838,-98.70763482637928,-98.62273528657992,-99.57426660633035,-98.6376,-98.6099209375081
3,180.0,61.29032258064515,87.09677419354838,-98.49781436089033,-98.41208741030124,-99.48794862653148,-98.40267,-98.49293616677251
3,180.0,67.74193548387095,87.09677419354838,-98.31001793073648,-98.22466965789971,-99.40961743828963,-98.19619,-98.41747363104196
3,180.0,74.19354838709677,87.09677419354838,-98.14293417410755,-98.05929729293182,-99.33523115044515,-98.013565,-98.23538961981998
3,180.0,80.64516129032256,87.09677419354838,-97.99511011101636,-97.91452650474267,-99.26191277966383,-97.62345,-97.62344957035369
3,180.0,87.09677419354838,87.09677419354838,-97.8655664698818,-97.7892343684941,-99.18879765810468,-97.823944,-97.82394585652045
3,180.0,93.54838709677418,87.09677419354838,-97.75441517825124,-97.6832314911944,-99.11743542025171,-97.56767,-97.3763883443907
3,180.0,100.0,87.09677419354838,-97.66331777204113,-97.59775606482489,-99.05153026304038,-97.44708,-97.07877614213291
3,180.0,-100.0,93.54838709677418,-105.40907611731753,-105.390251199238,-105.04207287569685,-105.09861,-103.96218600502905
3,180.0,-93.54838709677419,93.54838709677418,-105.31212293229373,-105.29297587070877,-104.94336631373943,-105.02987,-104.62711719834016
3,180.0,-87.09677419354838,93.54838709677418,-105.19091546913033,-105.17155249570575,-104.8148918192124,-104.94391,-104.98793747354162
3,180.0,-80.64516129032259,93.54838709677418,-105.0482376530386,-105.02865996372792,-104.6596333470545,-104.84142,-105.07335460150489
3,180.0,-74.19354838709677,93.54838709677418,-104.88718946138675,-104.86725133285196,-104.48164077448698,-104.73008,-104.73008304764096
3,180.0,-67.74193548387098,93.54838709677418,-104.71068883663739,-104.69007359531645,-104.28544544905085,-104.594284,-104.74174119058085
3,180.0,-61.29032258064517,93.54838709677418,-104.52109392242028,-104.49931002884102,-104.0755320402583,-104.45433,-104.42142181938965
3,180.0,-54.83870967741936,93.54838709677418,-104.31999846914445,-104.29639535214594,-103.85595574862145,-104.30591,-104.08808732400551
3,180.0,-48.38709677419355,93.54838709677418,-104.10821209653086,-104.08201355853942,-103.63014026683501,-104.02672,-104.02671881877308
3,180.0,-41.935483870967744,93.54838709677418,-103.88590307754197,-103.85625466569813,-103.40084500676443,-103.98489,-103.53775733278098
3,180.0,-35.483870967741936,93.54838709677418,-103.65285770351875,-103.61888301794889,-103.1702601255475,-103.810165,-103.31098080093727
3,180.0,-29.032258064516128,93.54838709677418,-103.40879737018284,-103.36965692170624,-102.94017555698437,-103.62337,-103.17523504047512
3,180.0,-22.580645161290334,93.54838709677418,-103.15369212913981,-103.10863761036322,-102.71217146641497,-103.42192,-103.07723621680441
3,180.0,-16.129032258064527,93.54838709677418,-102.88801731421877,-102.83643471571716,-102.48778701874954,-103.20266,-102.85079656667975
3,180.0,-9.677419354838719,93.54838709677418,-102.61291629305515,-102.55435354730308,-102.26863734541945,-102.96197,-102.35376335707039
3,180.0,-3.225806451612911,93.54838709677418,-102.3302533112283,-102.26443175130426,-102.05646146085172,-102.69638,-101.70305941194782
3,180.0,3.225806451612897,93.54838709677418,-102.04256009220617,-101.96937297334836,-101.8530943668229,-102.40373,-101.06599491204216
3,180.0,9.677419354838705,93.54838709677418,-101.7528934883843,-101.67239788925586,-101.66036423006183,-102.08453,-100.53971373378255
3,180.0,16.129032258064512,93.54838709677418,-101.46462741666147,-101.37703704337332,-101.47992171560846,-101.74289,-100.17004866954127
3,180.0,22.58064516129032,93.54838709677418,-101.18120267000477,-101.08688806646703,-101.31301597038275,-101.38672,-99.96683550642518
3,180.0,29.032258064516128,93.54838709677418,-100.90585723436261,-100.80535689604922,-101.16024308944552,-101.02677,-99.90815147666555
3,180.0,35.48387096774192,93.54838709677418,-100.6413613337201,-100.53540283865759,-101.02130932422091,-100.67488,-99.93342991575796
3,180.0,41.935483870967744,93.54838709677418,-100.38978710104584,-100.27931236294259,-100.89487070071799,-100.25977,-100.25977042170348
3,180.0,48.38709677419354,93.54838709677418,-100.15235096852751,-100.03853492250826,-100.7785260837339,-100.035545,-99.74054793777776
3,180.0,54.83870967741933,93.54838709677418,-99.92937314791966,-99.81362168873817,-100.66903936306447,-99.76033,-99.57423132451531
3,180.0,61.29032258064515,93.54838709677418,-99.72039635119782,-99.60430870417767,-100.56283250884147,-99.51663,-99.52733618046358
3,180.0,67.74193548387095,93.54838709677418,-99.52448802998858,-99.40977283522702,-100.45671478296936,-99.301796,-99.52757426260322
3,180.0,74.19354838709677,93.54838709677418,-99.34071253111412,-99.22905712069705,-100.3487055638526,-99.11129,-99.37931157324863
3,180.0,80.64516129032256,93.54838709677418,-99.16870542592542,-99.0616132432427,-100.23871221867029,-98.94028,-98.97925332148691
3,180.0,87.09677419354838,93.54838709677418,-99.00922812382001,-98.90785548988733,-100.12880299243635,-98.78514,-98.49568209059899
3,180.0,93.54838709677418,93.54838709677418,-98.8645529865863,-98.76958593821539,-100.02290828690364,-98.64419,-98.01145849014661
3,180.0,100.0,93.54838709677418,-98.73855056835966,-98.65015853521776,-99.925968063147,-98.51718,-97.56443227723398
3,180.0,-100.0,100.0,-105.48750679232198,-105.46755253777596,-105.14309319176908,-105.120155,-103.30087443288647
3,180.0,-93.54838709677419,100.0,-105.4464233841635,-105.42550752504523,-105.11570373257656,-105.105896,-104.03493746600772
3,180.0,-87.09677419354838,100.0,-105.38394488177103,-105.36207201475455,-105.06337023362698,-105.08065,-104.57466861569172
3,180.0,-80.64516129032259,100.0,-105.3010458276617,-105.2781765835455,-104.98621162102316,-105.18928,-105.18927995035135
3,180.0,-74.19354838709677,100.0,-105.19941425073122,-105.17541979177122,-104.88562585339791,-105.000885,-104.91138072902751
3,180.0,-67.74193548387098,100.0,-105.08110546861964,-105.05572895088497,-104.76402001639109,-105.161835,-105.16183798814299
3,180.0,-61.29032258064517,100.0,-104.9481975859668,-104.92102815510812,-104.624452899667,-104.89177,-104.45770449731705
3,180.0,-54.83870967741936,100.0,-104.80251339554127,-104.77297616159134,-104.47027104047251,-104.82854,-104.09444305610543
3,180.0,-48.38709677419355,100.0,-104.64545110663074,-104.61281444190573,-104.30480557354434,-104.75847,-103.79054451536716
3,180.0,-41.935483870967744,100.0,-104.47793915065212,-104.44133885203789,-104.1311684563557,-104.67895,-103.54056687243246
3,180.0,-35.483870967741936,100.0,-104.30050531984803,-104.25898363349562,-103.95215508119927,-104.58623,-103.38498907029017
3,180.0,-29.032258064516128,100.0,-104.11343162456782,-104.06598774390781,-103.77023521639094,-104.47608,-103.34794124159185
3,180.0,-22.580645161290334,100.0,-103.91695494882107,-103.8626024322077,-103.58759967082192,-104.34415,-103.36140064199641
3,180.0,-16.129032258064527,100.0,-103.71146996491312,-103.6492958699497,-103.40622577481594,-103.75565,-103.75565458682148
3,180.0,-9.677419354838719,100.0,-103.49769427153758,-103.4269150352257,-103.22792820459414,-103.99741,-102.66612929931946
3,180.0,-3.225806451612911,100.0,-103.27676508279049,-103.19677546079846,-103.05436988700853,-103.7744,-101.94152125845616
3,180.0,3.225806451612897,100.0,-103.05024997136671,-102.96066344739971,-102.88701838051152,-103.514725,-101.25377085138402
3,180.0,9.677419354838705,100.0,-102.82006868613831,-102.72075001156679,-102.72704502493298,-103.21923,-100.70409202443942
3,180.0,16.129032258064512,100.0,-102.58833680879997,-102.47942885626054,-102.57517716568059,-102.89282,-100.33412521059361
3,180.0,22.58064516129032,100.0,-102.35715391851105,-102.23910105917122,-102.4315283224157,-102.54469,-100.14885100992234
3,180.0,29.032258064516128,100.0,-102.12836901436246,-102.001937369309,-102.29544717714867,-102.18715,-100.12211062370679
3,180.0,35.48387096774192,100.0,-101.90336454212681,-101.76965587405434,-102.16544146204907,-101.83361,-100.18919730859989
3,180.0,41.935483870967744,100.0,-101.68290690149345,-101.54335839750186,-102.03924126461996,-101.496315,-100.23777824615067
3,180.0,48.38709677419354,100.0,-101.46711313773298,-101.32347138470293,-101.91405785999926,-101.18442,-100.19440947667404
3,180.0,54.83870967741933,100.0,-101.25557568520719,-101.10983193271421,-101.7870577387217,-100.90303,-100.15641354219645
3,180.0,61.29032258064515,100.0,-101.04766371898631,-100.9019414982602,-101.6560029271423,-100.65318,-100.20959502706188
3,180.0,67.74193548387095,100.0,-100.84297814463426,-100.6993749838284,-101.51992226474063,-100.43251,-100.30198670490797
3,180.0,74.19354838709677,100.0,-100.64188338733166,-100.50228450667348,-101.37961142733474,-100.79792,-100.79792448021803
3,180.0,80.64516129032256,100.0,-100.44599077810857,-100.3118890076945,-101.23775856243357,-100.060646,-99.73554275348442
3,180.0,87.09677419354838,100.0,-100.25845075952918,-100.13081540822581,-101.09858038130275,-99.90091,-99.09175605422391
3,180.0,93.54838709677418,100.0,-100.08394276906047,-99.96317426528377,-100.96700439779893,-99.75559,-98.46591789196995
3,180.0,100.0,100.0,-99.9283283122783,-99.81431523992372,-100.84758288376845,-99.62433,-97.91342375124407
